"Ukazatel","IndicatorType","Počet obyvatel obce","VELSKUPOBC","Území-Stát","Uz023h22.STAT","Území-Kraj","Uz023h22.KRAJ","Území-Okres","Uz023h22.OKRES","Druh nemovitosti","REPRCENNEM","Roční a 3-letá období","CAS1R3R1","Hodnota"
"Průměrná jednotková kupní cena nemovitosti","7432","Celkem","0","Česko","CZ","","","","","Rodinné domy [Kč/m2]","10302","2019","2019","34513"
"Průměrná jednotková kupní cena nemovitosti","7432","Celkem","0","Česko","CZ","","","","","Rodinné domy [Kč/m2]","10302","2020","2020","37244"
"Průměrná jednotková kupní cena nemovitosti","7432","Celkem","0","Česko","CZ","","","","","Rodinné domy [Kč/m2]","10302","2021","2021","43044"
"Průměrná jednotková kupní cena nemovitosti","7432","Celkem","0","Česko","CZ","","","","","Rodinné domy [Kč/m2]","10302","2019-2021","2019-2021","38345"
"Průměrná jednotková kupní cena nemovitosti","7432","Celkem","0","Česko","CZ","","","","","Rodinné domy [Kč/m2]","10302","2022","2022","49782"
"Průměrná jednotková kupní cena nemovitosti","7432","Celkem","0","Česko","CZ","","","","","Rodinné domy [Kč/m2]","10302","2020-2022","2020-2022","42763"
"Průměrná jednotková kupní cena nemovitosti","7432","Celkem","0","Česko","CZ","","","","","Rodinné domy [Kč/m2]","10302","2023","2023","48320"
"Průměrná jednotková kupní cena nemovitosti","7432","Celkem","0","Česko","CZ","","","","","Rodinné domy [Kč/m2]","10302","2021-2023","2021-2023","46541"
"Průměrná jednotková kupní cena nemovitosti","7432","Celkem","0","Česko","CZ","","","","","Rodinné domy [Kč/m2]","10302","2024","2024","51867"
"Průměrná jednotková kupní cena nemovitosti","7432","Celkem","0","Česko","CZ","","","","","Rodinné domy [Kč/m2]","10302","2022-2024","2022-2024","50185"
"Průměrná jednotková kupní cena nemovitosti","7432","Celkem","0","Česko","CZ","","","","","Rodinné domy [Kč/m2]","10302","2025","2025","56066"
"Průměrná jednotková kupní cena nemovitosti","7432","Celkem","0","Česko","CZ","","","","","Byty [Kč/m2]","10602","2019","2019","39306"
"Průměrná jednotková kupní cena nemovitosti","7432","Celkem","0","Česko","CZ","","","","","Byty [Kč/m2]","10602","2020","2020","44082"
"Průměrná jednotková kupní cena nemovitosti","7432","Celkem","0","Česko","CZ","","","","","Byty [Kč/m2]","10602","2021","2021","54461"
"Průměrná jednotková kupní cena nemovitosti","7432","Celkem","0","Česko","CZ","","","","","Byty [Kč/m2]","10602","2019-2021","2019-2021","46408"
"Průměrná jednotková kupní cena nemovitosti","7432","Celkem","0","Česko","CZ","","","","","Byty [Kč/m2]","10602","2022","2022","61742"
"Průměrná jednotková kupní cena nemovitosti","7432","Celkem","0","Česko","CZ","","","","","Byty [Kč/m2]","10602","2020-2022","2020-2022","53222"
"Průměrná jednotková kupní cena nemovitosti","7432","Celkem","0","Česko","CZ","","","","","Byty [Kč/m2]","10602","2023","2023","58641"
"Průměrná jednotková kupní cena nemovitosti","7432","Celkem","0","Česko","CZ","","","","","Byty [Kč/m2]","10602","2021-2023","2021-2023","57899"
"Průměrná jednotková kupní cena nemovitosti","7432","Celkem","0","Česko","CZ","","","","","Byty [Kč/m2]","10602","2024","2024","63521"
"Průměrná jednotková kupní cena nemovitosti","7432","Celkem","0","Česko","CZ","","","","","Byty [Kč/m2]","10602","2022-2024","2022-2024","61483"
"Průměrná jednotková kupní cena nemovitosti","7432","Celkem","0","Česko","CZ","","","","","Byty [Kč/m2]","10602","2025","2025","72410"
"Průměrná jednotková kupní cena nemovitosti","7432","Celkem","0","Česko","CZ","Hlavní město Praha","CZ010","","","Rodinné domy [Kč/m2]","10302","2019","2019","65815"
"Průměrná jednotková kupní cena nemovitosti","7432","Celkem","0","Česko","CZ","Hlavní město Praha","CZ010","","","Rodinné domy [Kč/m2]","10302","2020","2020","79703"
"Průměrná jednotková kupní cena nemovitosti","7432","Celkem","0","Česko","CZ","Hlavní město Praha","CZ010","","","Rodinné domy [Kč/m2]","10302","2021","2021","95870"
"Průměrná jednotková kupní cena nemovitosti","7432","Celkem","0","Česko","CZ","Hlavní město Praha","CZ010","","","Rodinné domy [Kč/m2]","10302","2019-2021","2019-2021","79275"
"Průměrná jednotková kupní cena nemovitosti","7432","Celkem","0","Česko","CZ","Hlavní město Praha","CZ010","","","Rodinné domy [Kč/m2]","10302","2022","2022","105434"
"Průměrná jednotková kupní cena nemovitosti","7432","Celkem","0","Česko","CZ","Hlavní město Praha","CZ010","","","Rodinné domy [Kč/m2]","10302","2020-2022","2020-2022","91986"
"Průměrná jednotková kupní cena nemovitosti","7432","Celkem","0","Česko","CZ","Hlavní město Praha","CZ010","","","Rodinné domy [Kč/m2]","10302","2023","2023","111087"
"Průměrná jednotková kupní cena nemovitosti","7432","Celkem","0","Česko","CZ","Hlavní město Praha","CZ010","","","Rodinné domy [Kč/m2]","10302","2021-2023","2021-2023","102456"
"Průměrná jednotková kupní cena nemovitosti","7432","Celkem","0","Česko","CZ","Hlavní město Praha","CZ010","","","Rodinné domy [Kč/m2]","10302","2024","2024","106753"
"Průměrná jednotková kupní cena nemovitosti","7432","Celkem","0","Česko","CZ","Hlavní město Praha","CZ010","","","Rodinné domy [Kč/m2]","10302","2022-2024","2022-2024","107339"
"Průměrná jednotková kupní cena nemovitosti","7432","Celkem","0","Česko","CZ","Hlavní město Praha","CZ010","","","Rodinné domy [Kč/m2]","10302","2025","2025","119239"
"Průměrná jednotková kupní cena nemovitosti","7432","Celkem","0","Česko","CZ","Hlavní město Praha","CZ010","","","Byty [Kč/m2]","10602","2019","2019","76391"
"Průměrná jednotková kupní cena nemovitosti","7432","Celkem","0","Česko","CZ","Hlavní město Praha","CZ010","","","Byty [Kč/m2]","10602","2020","2020","85784"
"Průměrná jednotková kupní cena nemovitosti","7432","Celkem","0","Česko","CZ","Hlavní město Praha","CZ010","","","Byty [Kč/m2]","10602","2021","2021","100809"
"Průměrná jednotková kupní cena nemovitosti","7432","Celkem","0","Česko","CZ","Hlavní město Praha","CZ010","","","Byty [Kč/m2]","10602","2019-2021","2019-2021","88629"
"Průměrná jednotková kupní cena nemovitosti","7432","Celkem","0","Česko","CZ","Hlavní město Praha","CZ010","","","Byty [Kč/m2]","10602","2022","2022","112676"
"Průměrná jednotková kupní cena nemovitosti","7432","Celkem","0","Česko","CZ","Hlavní město Praha","CZ010","","","Byty [Kč/m2]","10602","2020-2022","2020-2022","99503"
"Průměrná jednotková kupní cena nemovitosti","7432","Celkem","0","Česko","CZ","Hlavní město Praha","CZ010","","","Byty [Kč/m2]","10602","2023","2023","103693"
"Průměrná jednotková kupní cena nemovitosti","7432","Celkem","0","Česko","CZ","Hlavní město Praha","CZ010","","","Byty [Kč/m2]","10602","2021-2023","2021-2023","105082"
"Průměrná jednotková kupní cena nemovitosti","7432","Celkem","0","Česko","CZ","Hlavní město Praha","CZ010","","","Byty [Kč/m2]","10602","2024","2024","115889"
"Průměrná jednotková kupní cena nemovitosti","7432","Celkem","0","Česko","CZ","Hlavní město Praha","CZ010","","","Byty [Kč/m2]","10602","2022-2024","2022-2024","111088"
"Průměrná jednotková kupní cena nemovitosti","7432","Celkem","0","Česko","CZ","Hlavní město Praha","CZ010","","","Byty [Kč/m2]","10602","2025","2025","131520"
"Průměrná jednotková kupní cena nemovitosti","7432","Celkem","0","Česko","CZ","Středočeský kraj","CZ020","","","Rodinné domy [Kč/m2]","10302","2019","2019","42935"
"Průměrná jednotková kupní cena nemovitosti","7432","Celkem","0","Česko","CZ","Středočeský kraj","CZ020","","","Rodinné domy [Kč/m2]","10302","2020","2020","47670"
"Průměrná jednotková kupní cena nemovitosti","7432","Celkem","0","Česko","CZ","Středočeský kraj","CZ020","","","Rodinné domy [Kč/m2]","10302","2021","2021","58253"
"Průměrná jednotková kupní cena nemovitosti","7432","Celkem","0","Česko","CZ","Středočeský kraj","CZ020","","","Rodinné domy [Kč/m2]","10302","2019-2021","2019-2021","49122"
"Průměrná jednotková kupní cena nemovitosti","7432","Celkem","0","Česko","CZ","Středočeský kraj","CZ020","","","Rodinné domy [Kč/m2]","10302","2022","2022","66053"
"Průměrná jednotková kupní cena nemovitosti","7432","Celkem","0","Česko","CZ","Středočeský kraj","CZ020","","","Rodinné domy [Kč/m2]","10302","2020-2022","2020-2022","55868"
"Průměrná jednotková kupní cena nemovitosti","7432","Celkem","0","Česko","CZ","Středočeský kraj","CZ020","","","Rodinné domy [Kč/m2]","10302","2023","2023","63843"
"Průměrná jednotková kupní cena nemovitosti","7432","Celkem","0","Česko","CZ","Středočeský kraj","CZ020","","","Rodinné domy [Kč/m2]","10302","2021-2023","2021-2023","62004"
"Průměrná jednotková kupní cena nemovitosti","7432","Celkem","0","Česko","CZ","Středočeský kraj","CZ020","","","Rodinné domy [Kč/m2]","10302","2024","2024","68704"
"Průměrná jednotková kupní cena nemovitosti","7432","Celkem","0","Česko","CZ","Středočeský kraj","CZ020","","","Rodinné domy [Kč/m2]","10302","2022-2024","2022-2024","66493"
"Průměrná jednotková kupní cena nemovitosti","7432","Celkem","0","Česko","CZ","Středočeský kraj","CZ020","","","Rodinné domy [Kč/m2]","10302","2025","2025","73814"
"Průměrná jednotková kupní cena nemovitosti","7432","Celkem","0","Česko","CZ","Středočeský kraj","CZ020","","","Byty [Kč/m2]","10602","2019","2019","31208"
"Průměrná jednotková kupní cena nemovitosti","7432","Celkem","0","Česko","CZ","Středočeský kraj","CZ020","","","Byty [Kč/m2]","10602","2020","2020","37326"
"Průměrná jednotková kupní cena nemovitosti","7432","Celkem","0","Česko","CZ","Středočeský kraj","CZ020","","","Byty [Kč/m2]","10602","2021","2021","46983"
"Průměrná jednotková kupní cena nemovitosti","7432","Celkem","0","Česko","CZ","Středočeský kraj","CZ020","","","Byty [Kč/m2]","10602","2019-2021","2019-2021","38494"
"Průměrná jednotková kupní cena nemovitosti","7432","Celkem","0","Česko","CZ","Středočeský kraj","CZ020","","","Byty [Kč/m2]","10602","2022","2022","56001"
"Průměrná jednotková kupní cena nemovitosti","7432","Celkem","0","Česko","CZ","Středočeský kraj","CZ020","","","Byty [Kč/m2]","10602","2020-2022","2020-2022","45938"
"Průměrná jednotková kupní cena nemovitosti","7432","Celkem","0","Česko","CZ","Středočeský kraj","CZ020","","","Byty [Kč/m2]","10602","2023","2023","52768"
"Průměrná jednotková kupní cena nemovitosti","7432","Celkem","0","Česko","CZ","Středočeský kraj","CZ020","","","Byty [Kč/m2]","10602","2021-2023","2021-2023","51514"
"Průměrná jednotková kupní cena nemovitosti","7432","Celkem","0","Česko","CZ","Středočeský kraj","CZ020","","","Byty [Kč/m2]","10602","2024","2024","57450"
"Průměrná jednotková kupní cena nemovitosti","7432","Celkem","0","Česko","CZ","Středočeský kraj","CZ020","","","Byty [Kč/m2]","10602","2022-2024","2022-2024","55582"
"Průměrná jednotková kupní cena nemovitosti","7432","Celkem","0","Česko","CZ","Středočeský kraj","CZ020","","","Byty [Kč/m2]","10602","2025","2025","64911"
"Průměrná jednotková kupní cena nemovitosti","7432","Celkem","0","Česko","CZ","Jihočeský kraj","CZ031","","","Rodinné domy [Kč/m2]","10302","2019","2019","30287"
"Průměrná jednotková kupní cena nemovitosti","7432","Celkem","0","Česko","CZ","Jihočeský kraj","CZ031","","","Rodinné domy [Kč/m2]","10302","2020","2020","33414"
"Průměrná jednotková kupní cena nemovitosti","7432","Celkem","0","Česko","CZ","Jihočeský kraj","CZ031","","","Rodinné domy [Kč/m2]","10302","2021","2021","39495"
"Průměrná jednotková kupní cena nemovitosti","7432","Celkem","0","Česko","CZ","Jihočeský kraj","CZ031","","","Rodinné domy [Kč/m2]","10302","2019-2021","2019-2021","34286"
"Průměrná jednotková kupní cena nemovitosti","7432","Celkem","0","Česko","CZ","Jihočeský kraj","CZ031","","","Rodinné domy [Kč/m2]","10302","2022","2022","47320"
"Průměrná jednotková kupní cena nemovitosti","7432","Celkem","0","Česko","CZ","Jihočeský kraj","CZ031","","","Rodinné domy [Kč/m2]","10302","2020-2022","2020-2022","38734"
"Průměrná jednotková kupní cena nemovitosti","7432","Celkem","0","Česko","CZ","Jihočeský kraj","CZ031","","","Rodinné domy [Kč/m2]","10302","2023","2023","45168"
"Průměrná jednotková kupní cena nemovitosti","7432","Celkem","0","Česko","CZ","Jihočeský kraj","CZ031","","","Rodinné domy [Kč/m2]","10302","2021-2023","2021-2023","43274"
"Průměrná jednotková kupní cena nemovitosti","7432","Celkem","0","Česko","CZ","Jihočeský kraj","CZ031","","","Rodinné domy [Kč/m2]","10302","2024","2024","48006"
"Průměrná jednotková kupní cena nemovitosti","7432","Celkem","0","Česko","CZ","Jihočeský kraj","CZ031","","","Rodinné domy [Kč/m2]","10302","2022-2024","2022-2024","46932"
"Průměrná jednotková kupní cena nemovitosti","7432","Celkem","0","Česko","CZ","Jihočeský kraj","CZ031","","","Rodinné domy [Kč/m2]","10302","2025","2025","51771"
"Průměrná jednotková kupní cena nemovitosti","7432","Celkem","0","Česko","CZ","Jihočeský kraj","CZ031","","","Byty [Kč/m2]","10602","2019","2019","27412"
"Průměrná jednotková kupní cena nemovitosti","7432","Celkem","0","Česko","CZ","Jihočeský kraj","CZ031","","","Byty [Kč/m2]","10602","2020","2020","32986"
"Průměrná jednotková kupní cena nemovitosti","7432","Celkem","0","Česko","CZ","Jihočeský kraj","CZ031","","","Byty [Kč/m2]","10602","2021","2021","42169"
"Průměrná jednotková kupní cena nemovitosti","7432","Celkem","0","Česko","CZ","Jihočeský kraj","CZ031","","","Byty [Kč/m2]","10602","2019-2021","2019-2021","34491"
"Průměrná jednotková kupní cena nemovitosti","7432","Celkem","0","Česko","CZ","Jihočeský kraj","CZ031","","","Byty [Kč/m2]","10602","2022","2022","50440"
"Průměrná jednotková kupní cena nemovitosti","7432","Celkem","0","Česko","CZ","Jihočeský kraj","CZ031","","","Byty [Kč/m2]","10602","2020-2022","2020-2022","41082"
"Průměrná jednotková kupní cena nemovitosti","7432","Celkem","0","Česko","CZ","Jihočeský kraj","CZ031","","","Byty [Kč/m2]","10602","2023","2023","46010"
"Průměrná jednotková kupní cena nemovitosti","7432","Celkem","0","Česko","CZ","Jihočeský kraj","CZ031","","","Byty [Kč/m2]","10602","2021-2023","2021-2023","45749"
"Průměrná jednotková kupní cena nemovitosti","7432","Celkem","0","Česko","CZ","Jihočeský kraj","CZ031","","","Byty [Kč/m2]","10602","2024","2024","49904"
"Průměrná jednotková kupní cena nemovitosti","7432","Celkem","0","Česko","CZ","Jihočeský kraj","CZ031","","","Byty [Kč/m2]","10602","2022-2024","2022-2024","48960"
"Průměrná jednotková kupní cena nemovitosti","7432","Celkem","0","Česko","CZ","Jihočeský kraj","CZ031","","","Byty [Kč/m2]","10602","2025","2025","57739"
"Průměrná jednotková kupní cena nemovitosti","7432","Celkem","0","Česko","CZ","Plzeňský kraj","CZ032","","","Rodinné domy [Kč/m2]","10302","2019","2019","30845"
"Průměrná jednotková kupní cena nemovitosti","7432","Celkem","0","Česko","CZ","Plzeňský kraj","CZ032","","","Rodinné domy [Kč/m2]","10302","2020","2020","32923"
"Průměrná jednotková kupní cena nemovitosti","7432","Celkem","0","Česko","CZ","Plzeňský kraj","CZ032","","","Rodinné domy [Kč/m2]","10302","2021","2021","39338"
"Průměrná jednotková kupní cena nemovitosti","7432","Celkem","0","Česko","CZ","Plzeňský kraj","CZ032","","","Rodinné domy [Kč/m2]","10302","2019-2021","2019-2021","34428"
"Průměrná jednotková kupní cena nemovitosti","7432","Celkem","0","Česko","CZ","Plzeňský kraj","CZ032","","","Rodinné domy [Kč/m2]","10302","2022","2022","43989"
"Průměrná jednotková kupní cena nemovitosti","7432","Celkem","0","Česko","CZ","Plzeňský kraj","CZ032","","","Rodinné domy [Kč/m2]","10302","2020-2022","2020-2022","38120"
"Průměrná jednotková kupní cena nemovitosti","7432","Celkem","0","Česko","CZ","Plzeňský kraj","CZ032","","","Rodinné domy [Kč/m2]","10302","2023","2023","43998"
"Průměrná jednotková kupní cena nemovitosti","7432","Celkem","0","Česko","CZ","Plzeňský kraj","CZ032","","","Rodinné domy [Kč/m2]","10302","2021-2023","2021-2023","42055"
"Průměrná jednotková kupní cena nemovitosti","7432","Celkem","0","Česko","CZ","Plzeňský kraj","CZ032","","","Rodinné domy [Kč/m2]","10302","2024","2024","45745"
"Průměrná jednotková kupní cena nemovitosti","7432","Celkem","0","Česko","CZ","Plzeňský kraj","CZ032","","","Rodinné domy [Kč/m2]","10302","2022-2024","2022-2024","44719"
"Průměrná jednotková kupní cena nemovitosti","7432","Celkem","0","Česko","CZ","Plzeňský kraj","CZ032","","","Rodinné domy [Kč/m2]","10302","2025","2025","51449"
"Průměrná jednotková kupní cena nemovitosti","7432","Celkem","0","Česko","CZ","Plzeňský kraj","CZ032","","","Byty [Kč/m2]","10602","2019","2019","31302"
"Průměrná jednotková kupní cena nemovitosti","7432","Celkem","0","Česko","CZ","Plzeňský kraj","CZ032","","","Byty [Kč/m2]","10602","2020","2020","34071"
"Průměrná jednotková kupní cena nemovitosti","7432","Celkem","0","Česko","CZ","Plzeňský kraj","CZ032","","","Byty [Kč/m2]","10602","2021","2021","42838"
"Průměrná jednotková kupní cena nemovitosti","7432","Celkem","0","Česko","CZ","Plzeňský kraj","CZ032","","","Byty [Kč/m2]","10602","2019-2021","2019-2021","36112"
"Průměrná jednotková kupní cena nemovitosti","7432","Celkem","0","Česko","CZ","Plzeňský kraj","CZ032","","","Byty [Kč/m2]","10602","2022","2022","52264"
"Průměrná jednotková kupní cena nemovitosti","7432","Celkem","0","Česko","CZ","Plzeňský kraj","CZ032","","","Byty [Kč/m2]","10602","2020-2022","2020-2022","42675"
"Průměrná jednotková kupní cena nemovitosti","7432","Celkem","0","Česko","CZ","Plzeňský kraj","CZ032","","","Byty [Kč/m2]","10602","2023","2023","47729"
"Průměrná jednotková kupní cena nemovitosti","7432","Celkem","0","Česko","CZ","Plzeňský kraj","CZ032","","","Byty [Kč/m2]","10602","2021-2023","2021-2023","47262"
"Průměrná jednotková kupní cena nemovitosti","7432","Celkem","0","Česko","CZ","Plzeňský kraj","CZ032","","","Byty [Kč/m2]","10602","2024","2024","52777"
"Průměrná jednotková kupní cena nemovitosti","7432","Celkem","0","Česko","CZ","Plzeňský kraj","CZ032","","","Byty [Kč/m2]","10602","2022-2024","2022-2024","51134"
"Průměrná jednotková kupní cena nemovitosti","7432","Celkem","0","Česko","CZ","Plzeňský kraj","CZ032","","","Byty [Kč/m2]","10602","2025","2025","60281"
"Průměrná jednotková kupní cena nemovitosti","7432","Celkem","0","Česko","CZ","Karlovarský kraj","CZ041","","","Rodinné domy [Kč/m2]","10302","2019","2019","25415"
"Průměrná jednotková kupní cena nemovitosti","7432","Celkem","0","Česko","CZ","Karlovarský kraj","CZ041","","","Rodinné domy [Kč/m2]","10302","2020","2020","28661"
"Průměrná jednotková kupní cena nemovitosti","7432","Celkem","0","Česko","CZ","Karlovarský kraj","CZ041","","","Rodinné domy [Kč/m2]","10302","2021","2021","32743"
"Průměrná jednotková kupní cena nemovitosti","7432","Celkem","0","Česko","CZ","Karlovarský kraj","CZ041","","","Rodinné domy [Kč/m2]","10302","2019-2021","2019-2021","29064"
"Průměrná jednotková kupní cena nemovitosti","7432","Celkem","0","Česko","CZ","Karlovarský kraj","CZ041","","","Rodinné domy [Kč/m2]","10302","2022","2022","38860"
"Průměrná jednotková kupní cena nemovitosti","7432","Celkem","0","Česko","CZ","Karlovarský kraj","CZ041","","","Rodinné domy [Kč/m2]","10302","2020-2022","2020-2022","33052"
"Průměrná jednotková kupní cena nemovitosti","7432","Celkem","0","Česko","CZ","Karlovarský kraj","CZ041","","","Rodinné domy [Kč/m2]","10302","2023","2023","36780"
"Průměrná jednotková kupní cena nemovitosti","7432","Celkem","0","Česko","CZ","Karlovarský kraj","CZ041","","","Rodinné domy [Kč/m2]","10302","2021-2023","2021-2023","35862"
"Průměrná jednotková kupní cena nemovitosti","7432","Celkem","0","Česko","CZ","Karlovarský kraj","CZ041","","","Rodinné domy [Kč/m2]","10302","2024","2024","39724"
"Průměrná jednotková kupní cena nemovitosti","7432","Celkem","0","Česko","CZ","Karlovarský kraj","CZ041","","","Rodinné domy [Kč/m2]","10302","2022-2024","2022-2024","38642"
"Průměrná jednotková kupní cena nemovitosti","7432","Celkem","0","Česko","CZ","Karlovarský kraj","CZ041","","","Rodinné domy [Kč/m2]","10302","2025","2025","43071"
"Průměrná jednotková kupní cena nemovitosti","7432","Celkem","0","Česko","CZ","Karlovarský kraj","CZ041","","","Byty [Kč/m2]","10602","2019","2019","21256"
"Průměrná jednotková kupní cena nemovitosti","7432","Celkem","0","Česko","CZ","Karlovarský kraj","CZ041","","","Byty [Kč/m2]","10602","2020","2020","23707"
"Průměrná jednotková kupní cena nemovitosti","7432","Celkem","0","Česko","CZ","Karlovarský kraj","CZ041","","","Byty [Kč/m2]","10602","2021","2021","30042"
"Průměrná jednotková kupní cena nemovitosti","7432","Celkem","0","Česko","CZ","Karlovarský kraj","CZ041","","","Byty [Kč/m2]","10602","2019-2021","2019-2021","25478"
"Průměrná jednotková kupní cena nemovitosti","7432","Celkem","0","Česko","CZ","Karlovarský kraj","CZ041","","","Byty [Kč/m2]","10602","2022","2022","36270"
"Průměrná jednotková kupní cena nemovitosti","7432","Celkem","0","Česko","CZ","Karlovarský kraj","CZ041","","","Byty [Kč/m2]","10602","2020-2022","2020-2022","30222"
"Průměrná jednotková kupní cena nemovitosti","7432","Celkem","0","Česko","CZ","Karlovarský kraj","CZ041","","","Byty [Kč/m2]","10602","2023","2023","33664"
"Průměrná jednotková kupní cena nemovitosti","7432","Celkem","0","Česko","CZ","Karlovarský kraj","CZ041","","","Byty [Kč/m2]","10602","2021-2023","2021-2023","33094"
"Průměrná jednotková kupní cena nemovitosti","7432","Celkem","0","Česko","CZ","Karlovarský kraj","CZ041","","","Byty [Kč/m2]","10602","2024","2024","36309"
"Průměrná jednotková kupní cena nemovitosti","7432","Celkem","0","Česko","CZ","Karlovarský kraj","CZ041","","","Byty [Kč/m2]","10602","2022-2024","2022-2024","35543"
"Průměrná jednotková kupní cena nemovitosti","7432","Celkem","0","Česko","CZ","Karlovarský kraj","CZ041","","","Byty [Kč/m2]","10602","2025","2025","41915"
"Průměrná jednotková kupní cena nemovitosti","7432","Celkem","0","Česko","CZ","Ústecký kraj","CZ042","","","Rodinné domy [Kč/m2]","10302","2019","2019","25357"
"Průměrná jednotková kupní cena nemovitosti","7432","Celkem","0","Česko","CZ","Ústecký kraj","CZ042","","","Rodinné domy [Kč/m2]","10302","2020","2020","28258"
"Průměrná jednotková kupní cena nemovitosti","7432","Celkem","0","Česko","CZ","Ústecký kraj","CZ042","","","Rodinné domy [Kč/m2]","10302","2021","2021","32157"
"Průměrná jednotková kupní cena nemovitosti","7432","Celkem","0","Česko","CZ","Ústecký kraj","CZ042","","","Rodinné domy [Kč/m2]","10302","2019-2021","2019-2021","28891"
"Průměrná jednotková kupní cena nemovitosti","7432","Celkem","0","Česko","CZ","Ústecký kraj","CZ042","","","Rodinné domy [Kč/m2]","10302","2022","2022","39170"
"Průměrná jednotková kupní cena nemovitosti","7432","Celkem","0","Česko","CZ","Ústecký kraj","CZ042","","","Rodinné domy [Kč/m2]","10302","2020-2022","2020-2022","32690"
"Průměrná jednotková kupní cena nemovitosti","7432","Celkem","0","Česko","CZ","Ústecký kraj","CZ042","","","Rodinné domy [Kč/m2]","10302","2023","2023","37968"
"Průměrná jednotková kupní cena nemovitosti","7432","Celkem","0","Česko","CZ","Ústecký kraj","CZ042","","","Rodinné domy [Kč/m2]","10302","2021-2023","2021-2023","35857"
"Průměrná jednotková kupní cena nemovitosti","7432","Celkem","0","Česko","CZ","Ústecký kraj","CZ042","","","Rodinné domy [Kč/m2]","10302","2024","2024","41870"
"Průměrná jednotková kupní cena nemovitosti","7432","Celkem","0","Česko","CZ","Ústecký kraj","CZ042","","","Rodinné domy [Kč/m2]","10302","2022-2024","2022-2024","39885"
"Průměrná jednotková kupní cena nemovitosti","7432","Celkem","0","Česko","CZ","Ústecký kraj","CZ042","","","Rodinné domy [Kč/m2]","10302","2025","2025","45623"
"Průměrná jednotková kupní cena nemovitosti","7432","Celkem","0","Česko","CZ","Ústecký kraj","CZ042","","","Byty [Kč/m2]","10602","2019","2019","19954"
"Průměrná jednotková kupní cena nemovitosti","7432","Celkem","0","Česko","CZ","Ústecký kraj","CZ042","","","Byty [Kč/m2]","10602","2020","2020","23343"
"Průměrná jednotková kupní cena nemovitosti","7432","Celkem","0","Česko","CZ","Ústecký kraj","CZ042","","","Byty [Kč/m2]","10602","2021","2021","30832"
"Průměrná jednotková kupní cena nemovitosti","7432","Celkem","0","Česko","CZ","Ústecký kraj","CZ042","","","Byty [Kč/m2]","10602","2019-2021","2019-2021","25469"
"Průměrná jednotková kupní cena nemovitosti","7432","Celkem","0","Česko","CZ","Ústecký kraj","CZ042","","","Byty [Kč/m2]","10602","2022","2022","36318"
"Průměrná jednotková kupní cena nemovitosti","7432","Celkem","0","Česko","CZ","Ústecký kraj","CZ042","","","Byty [Kč/m2]","10602","2020-2022","2020-2022","30299"
"Průměrná jednotková kupní cena nemovitosti","7432","Celkem","0","Česko","CZ","Ústecký kraj","CZ042","","","Byty [Kč/m2]","10602","2023","2023","33679"
"Průměrná jednotková kupní cena nemovitosti","7432","Celkem","0","Česko","CZ","Ústecký kraj","CZ042","","","Byty [Kč/m2]","10602","2021-2023","2021-2023","33451"
"Průměrná jednotková kupní cena nemovitosti","7432","Celkem","0","Česko","CZ","Ústecký kraj","CZ042","","","Byty [Kč/m2]","10602","2024","2024","36296"
"Průměrná jednotková kupní cena nemovitosti","7432","Celkem","0","Česko","CZ","Ústecký kraj","CZ042","","","Byty [Kč/m2]","10602","2022-2024","2022-2024","35567"
"Průměrná jednotková kupní cena nemovitosti","7432","Celkem","0","Česko","CZ","Ústecký kraj","CZ042","","","Byty [Kč/m2]","10602","2025","2025","42375"
"Průměrná jednotková kupní cena nemovitosti","7432","Celkem","0","Česko","CZ","Liberecký kraj","CZ051","","","Rodinné domy [Kč/m2]","10302","2019","2019","30149"
"Průměrná jednotková kupní cena nemovitosti","7432","Celkem","0","Česko","CZ","Liberecký kraj","CZ051","","","Rodinné domy [Kč/m2]","10302","2020","2020","34316"
"Průměrná jednotková kupní cena nemovitosti","7432","Celkem","0","Česko","CZ","Liberecký kraj","CZ051","","","Rodinné domy [Kč/m2]","10302","2021","2021","39535"
"Průměrná jednotková kupní cena nemovitosti","7432","Celkem","0","Česko","CZ","Liberecký kraj","CZ051","","","Rodinné domy [Kč/m2]","10302","2019-2021","2019-2021","34746"
"Průměrná jednotková kupní cena nemovitosti","7432","Celkem","0","Česko","CZ","Liberecký kraj","CZ051","","","Rodinné domy [Kč/m2]","10302","2022","2022","47752"
"Průměrná jednotková kupní cena nemovitosti","7432","Celkem","0","Česko","CZ","Liberecký kraj","CZ051","","","Rodinné domy [Kč/m2]","10302","2020-2022","2020-2022","39801"
"Průměrná jednotková kupní cena nemovitosti","7432","Celkem","0","Česko","CZ","Liberecký kraj","CZ051","","","Rodinné domy [Kč/m2]","10302","2023","2023","46440"
"Průměrná jednotková kupní cena nemovitosti","7432","Celkem","0","Česko","CZ","Liberecký kraj","CZ051","","","Rodinné domy [Kč/m2]","10302","2021-2023","2021-2023","43938"
"Průměrná jednotková kupní cena nemovitosti","7432","Celkem","0","Česko","CZ","Liberecký kraj","CZ051","","","Rodinné domy [Kč/m2]","10302","2024","2024","49514"
"Průměrná jednotková kupní cena nemovitosti","7432","Celkem","0","Česko","CZ","Liberecký kraj","CZ051","","","Rodinné domy [Kč/m2]","10302","2022-2024","2022-2024","48037"
"Průměrná jednotková kupní cena nemovitosti","7432","Celkem","0","Česko","CZ","Liberecký kraj","CZ051","","","Rodinné domy [Kč/m2]","10302","2025","2025","54328"
"Průměrná jednotková kupní cena nemovitosti","7432","Celkem","0","Česko","CZ","Liberecký kraj","CZ051","","","Byty [Kč/m2]","10602","2019","2019","27554"
"Průměrná jednotková kupní cena nemovitosti","7432","Celkem","0","Česko","CZ","Liberecký kraj","CZ051","","","Byty [Kč/m2]","10602","2020","2020","31559"
"Průměrná jednotková kupní cena nemovitosti","7432","Celkem","0","Česko","CZ","Liberecký kraj","CZ051","","","Byty [Kč/m2]","10602","2021","2021","39514"
"Průměrná jednotková kupní cena nemovitosti","7432","Celkem","0","Česko","CZ","Liberecký kraj","CZ051","","","Byty [Kč/m2]","10602","2019-2021","2019-2021","33253"
"Průměrná jednotková kupní cena nemovitosti","7432","Celkem","0","Česko","CZ","Liberecký kraj","CZ051","","","Byty [Kč/m2]","10602","2022","2022","49414"
"Průměrná jednotková kupní cena nemovitosti","7432","Celkem","0","Česko","CZ","Liberecký kraj","CZ051","","","Byty [Kč/m2]","10602","2020-2022","2020-2022","39505"
"Průměrná jednotková kupní cena nemovitosti","7432","Celkem","0","Česko","CZ","Liberecký kraj","CZ051","","","Byty [Kč/m2]","10602","2023","2023","45561"
"Průměrná jednotková kupní cena nemovitosti","7432","Celkem","0","Česko","CZ","Liberecký kraj","CZ051","","","Byty [Kč/m2]","10602","2021-2023","2021-2023","44210"
"Průměrná jednotková kupní cena nemovitosti","7432","Celkem","0","Česko","CZ","Liberecký kraj","CZ051","","","Byty [Kč/m2]","10602","2024","2024","48930"
"Průměrná jednotková kupní cena nemovitosti","7432","Celkem","0","Česko","CZ","Liberecký kraj","CZ051","","","Byty [Kč/m2]","10602","2022-2024","2022-2024","48147"
"Průměrná jednotková kupní cena nemovitosti","7432","Celkem","0","Česko","CZ","Liberecký kraj","CZ051","","","Byty [Kč/m2]","10602","2025","2025","55695"
"Průměrná jednotková kupní cena nemovitosti","7432","Celkem","0","Česko","CZ","Královéhradecký kraj","CZ052","","","Rodinné domy [Kč/m2]","10302","2019","2019","30327"
"Průměrná jednotková kupní cena nemovitosti","7432","Celkem","0","Česko","CZ","Královéhradecký kraj","CZ052","","","Rodinné domy [Kč/m2]","10302","2020","2020","32374"
"Průměrná jednotková kupní cena nemovitosti","7432","Celkem","0","Česko","CZ","Královéhradecký kraj","CZ052","","","Rodinné domy [Kč/m2]","10302","2021","2021","37787"
"Průměrná jednotková kupní cena nemovitosti","7432","Celkem","0","Česko","CZ","Královéhradecký kraj","CZ052","","","Rodinné domy [Kč/m2]","10302","2019-2021","2019-2021","33636"
"Průměrná jednotková kupní cena nemovitosti","7432","Celkem","0","Česko","CZ","Královéhradecký kraj","CZ052","","","Rodinné domy [Kč/m2]","10302","2022","2022","45583"
"Průměrná jednotková kupní cena nemovitosti","7432","Celkem","0","Česko","CZ","Královéhradecký kraj","CZ052","","","Rodinné domy [Kč/m2]","10302","2020-2022","2020-2022","37913"
"Průměrná jednotková kupní cena nemovitosti","7432","Celkem","0","Česko","CZ","Královéhradecký kraj","CZ052","","","Rodinné domy [Kč/m2]","10302","2023","2023","46338"
"Průměrná jednotková kupní cena nemovitosti","7432","Celkem","0","Česko","CZ","Královéhradecký kraj","CZ052","","","Rodinné domy [Kč/m2]","10302","2021-2023","2021-2023","42407"
"Průměrná jednotková kupní cena nemovitosti","7432","Celkem","0","Česko","CZ","Královéhradecký kraj","CZ052","","","Rodinné domy [Kč/m2]","10302","2024","2024","48242"
"Průměrná jednotková kupní cena nemovitosti","7432","Celkem","0","Česko","CZ","Královéhradecký kraj","CZ052","","","Rodinné domy [Kč/m2]","10302","2022-2024","2022-2024","46881"
"Průměrná jednotková kupní cena nemovitosti","7432","Celkem","0","Česko","CZ","Královéhradecký kraj","CZ052","","","Rodinné domy [Kč/m2]","10302","2025","2025","53122"
"Průměrná jednotková kupní cena nemovitosti","7432","Celkem","0","Česko","CZ","Královéhradecký kraj","CZ052","","","Byty [Kč/m2]","10602","2019","2019","28075"
"Průměrná jednotková kupní cena nemovitosti","7432","Celkem","0","Česko","CZ","Královéhradecký kraj","CZ052","","","Byty [Kč/m2]","10602","2020","2020","32113"
"Průměrná jednotková kupní cena nemovitosti","7432","Celkem","0","Česko","CZ","Královéhradecký kraj","CZ052","","","Byty [Kč/m2]","10602","2021","2021","41308"
"Průměrná jednotková kupní cena nemovitosti","7432","Celkem","0","Česko","CZ","Královéhradecký kraj","CZ052","","","Byty [Kč/m2]","10602","2019-2021","2019-2021","33969"
"Průměrná jednotková kupní cena nemovitosti","7432","Celkem","0","Česko","CZ","Královéhradecký kraj","CZ052","","","Byty [Kč/m2]","10602","2022","2022","48040"
"Průměrná jednotková kupní cena nemovitosti","7432","Celkem","0","Česko","CZ","Královéhradecký kraj","CZ052","","","Byty [Kč/m2]","10602","2020-2022","2020-2022","40137"
"Průměrná jednotková kupní cena nemovitosti","7432","Celkem","0","Česko","CZ","Královéhradecký kraj","CZ052","","","Byty [Kč/m2]","10602","2023","2023","46442"
"Průměrná jednotková kupní cena nemovitosti","7432","Celkem","0","Česko","CZ","Královéhradecký kraj","CZ052","","","Byty [Kč/m2]","10602","2021-2023","2021-2023","44915"
"Průměrná jednotková kupní cena nemovitosti","7432","Celkem","0","Česko","CZ","Královéhradecký kraj","CZ052","","","Byty [Kč/m2]","10602","2024","2024","49485"
"Průměrná jednotková kupní cena nemovitosti","7432","Celkem","0","Česko","CZ","Královéhradecký kraj","CZ052","","","Byty [Kč/m2]","10602","2022-2024","2022-2024","48097"
"Průměrná jednotková kupní cena nemovitosti","7432","Celkem","0","Česko","CZ","Královéhradecký kraj","CZ052","","","Byty [Kč/m2]","10602","2025","2025","56705"
"Průměrná jednotková kupní cena nemovitosti","7432","Celkem","0","Česko","CZ","Pardubický kraj","CZ053","","","Rodinné domy [Kč/m2]","10302","2019","2019","29817"
"Průměrná jednotková kupní cena nemovitosti","7432","Celkem","0","Česko","CZ","Pardubický kraj","CZ053","","","Rodinné domy [Kč/m2]","10302","2020","2020","30526"
"Průměrná jednotková kupní cena nemovitosti","7432","Celkem","0","Česko","CZ","Pardubický kraj","CZ053","","","Rodinné domy [Kč/m2]","10302","2021","2021","36512"
"Průměrná jednotková kupní cena nemovitosti","7432","Celkem","0","Česko","CZ","Pardubický kraj","CZ053","","","Rodinné domy [Kč/m2]","10302","2019-2021","2019-2021","32015"
"Průměrná jednotková kupní cena nemovitosti","7432","Celkem","0","Česko","CZ","Pardubický kraj","CZ053","","","Rodinné domy [Kč/m2]","10302","2022","2022","42356"
"Průměrná jednotková kupní cena nemovitosti","7432","Celkem","0","Česko","CZ","Pardubický kraj","CZ053","","","Rodinné domy [Kč/m2]","10302","2020-2022","2020-2022","35595"
"Průměrná jednotková kupní cena nemovitosti","7432","Celkem","0","Česko","CZ","Pardubický kraj","CZ053","","","Rodinné domy [Kč/m2]","10302","2023","2023","40380"
"Průměrná jednotková kupní cena nemovitosti","7432","Celkem","0","Česko","CZ","Pardubický kraj","CZ053","","","Rodinné domy [Kč/m2]","10302","2021-2023","2021-2023","39420"
"Průměrná jednotková kupní cena nemovitosti","7432","Celkem","0","Česko","CZ","Pardubický kraj","CZ053","","","Rodinné domy [Kč/m2]","10302","2024","2024","43453"
"Průměrná jednotková kupní cena nemovitosti","7432","Celkem","0","Česko","CZ","Pardubický kraj","CZ053","","","Rodinné domy [Kč/m2]","10302","2022-2024","2022-2024","42144"
"Průměrná jednotková kupní cena nemovitosti","7432","Celkem","0","Česko","CZ","Pardubický kraj","CZ053","","","Rodinné domy [Kč/m2]","10302","2025","2025","48854"
"Průměrná jednotková kupní cena nemovitosti","7432","Celkem","0","Česko","CZ","Pardubický kraj","CZ053","","","Byty [Kč/m2]","10602","2019","2019","28985"
"Průměrná jednotková kupní cena nemovitosti","7432","Celkem","0","Česko","CZ","Pardubický kraj","CZ053","","","Byty [Kč/m2]","10602","2020","2020","35067"
"Průměrná jednotková kupní cena nemovitosti","7432","Celkem","0","Česko","CZ","Pardubický kraj","CZ053","","","Byty [Kč/m2]","10602","2021","2021","42994"
"Průměrná jednotková kupní cena nemovitosti","7432","Celkem","0","Česko","CZ","Pardubický kraj","CZ053","","","Byty [Kč/m2]","10602","2019-2021","2019-2021","35831"
"Průměrná jednotková kupní cena nemovitosti","7432","Celkem","0","Česko","CZ","Pardubický kraj","CZ053","","","Byty [Kč/m2]","10602","2022","2022","51039"
"Průměrná jednotková kupní cena nemovitosti","7432","Celkem","0","Česko","CZ","Pardubický kraj","CZ053","","","Byty [Kč/m2]","10602","2020-2022","2020-2022","42244"
"Průměrná jednotková kupní cena nemovitosti","7432","Celkem","0","Česko","CZ","Pardubický kraj","CZ053","","","Byty [Kč/m2]","10602","2023","2023","49255"
"Průměrná jednotková kupní cena nemovitosti","7432","Celkem","0","Česko","CZ","Pardubický kraj","CZ053","","","Byty [Kč/m2]","10602","2021-2023","2021-2023","47195"
"Průměrná jednotková kupní cena nemovitosti","7432","Celkem","0","Česko","CZ","Pardubický kraj","CZ053","","","Byty [Kč/m2]","10602","2024","2024","52191"
"Průměrná jednotková kupní cena nemovitosti","7432","Celkem","0","Česko","CZ","Pardubický kraj","CZ053","","","Byty [Kč/m2]","10602","2022-2024","2022-2024","50910"
"Průměrná jednotková kupní cena nemovitosti","7432","Celkem","0","Česko","CZ","Pardubický kraj","CZ053","","","Byty [Kč/m2]","10602","2025","2025","58557"
"Průměrná jednotková kupní cena nemovitosti","7432","Celkem","0","Česko","CZ","Kraj Vysočina","CZ063","","","Rodinné domy [Kč/m2]","10302","2019","2019","28721"
"Průměrná jednotková kupní cena nemovitosti","7432","Celkem","0","Česko","CZ","Kraj Vysočina","CZ063","","","Rodinné domy [Kč/m2]","10302","2020","2020","30393"
"Průměrná jednotková kupní cena nemovitosti","7432","Celkem","0","Česko","CZ","Kraj Vysočina","CZ063","","","Rodinné domy [Kč/m2]","10302","2021","2021","35732"
"Průměrná jednotková kupní cena nemovitosti","7432","Celkem","0","Česko","CZ","Kraj Vysočina","CZ063","","","Rodinné domy [Kč/m2]","10302","2019-2021","2019-2021","31856"
"Průměrná jednotková kupní cena nemovitosti","7432","Celkem","0","Česko","CZ","Kraj Vysočina","CZ063","","","Rodinné domy [Kč/m2]","10302","2022","2022","41874"
"Průměrná jednotková kupní cena nemovitosti","7432","Celkem","0","Česko","CZ","Kraj Vysočina","CZ063","","","Rodinné domy [Kč/m2]","10302","2020-2022","2020-2022","35459"
"Průměrná jednotková kupní cena nemovitosti","7432","Celkem","0","Česko","CZ","Kraj Vysočina","CZ063","","","Rodinné domy [Kč/m2]","10302","2023","2023","40623"
"Průměrná jednotková kupní cena nemovitosti","7432","Celkem","0","Česko","CZ","Kraj Vysočina","CZ063","","","Rodinné domy [Kč/m2]","10302","2021-2023","2021-2023","39036"
"Průměrná jednotková kupní cena nemovitosti","7432","Celkem","0","Česko","CZ","Kraj Vysočina","CZ063","","","Rodinné domy [Kč/m2]","10302","2024","2024","46400"
"Průměrná jednotková kupní cena nemovitosti","7432","Celkem","0","Česko","CZ","Kraj Vysočina","CZ063","","","Rodinné domy [Kč/m2]","10302","2022-2024","2022-2024","43216"
"Průměrná jednotková kupní cena nemovitosti","7432","Celkem","0","Česko","CZ","Kraj Vysočina","CZ063","","","Rodinné domy [Kč/m2]","10302","2025","2025","47125"
"Průměrná jednotková kupní cena nemovitosti","7432","Celkem","0","Česko","CZ","Kraj Vysočina","CZ063","","","Byty [Kč/m2]","10602","2019","2019","28385"
"Průměrná jednotková kupní cena nemovitosti","7432","Celkem","0","Česko","CZ","Kraj Vysočina","CZ063","","","Byty [Kč/m2]","10602","2020","2020","32865"
"Průměrná jednotková kupní cena nemovitosti","7432","Celkem","0","Česko","CZ","Kraj Vysočina","CZ063","","","Byty [Kč/m2]","10602","2021","2021","39919"
"Průměrná jednotková kupní cena nemovitosti","7432","Celkem","0","Česko","CZ","Kraj Vysočina","CZ063","","","Byty [Kč/m2]","10602","2019-2021","2019-2021","33910"
"Průměrná jednotková kupní cena nemovitosti","7432","Celkem","0","Česko","CZ","Kraj Vysočina","CZ063","","","Byty [Kč/m2]","10602","2022","2022","48960"
"Průměrná jednotková kupní cena nemovitosti","7432","Celkem","0","Česko","CZ","Kraj Vysočina","CZ063","","","Byty [Kč/m2]","10602","2020-2022","2020-2022","39903"
"Průměrná jednotková kupní cena nemovitosti","7432","Celkem","0","Česko","CZ","Kraj Vysočina","CZ063","","","Byty [Kč/m2]","10602","2023","2023","46665"
"Průměrná jednotková kupní cena nemovitosti","7432","Celkem","0","Česko","CZ","Kraj Vysočina","CZ063","","","Byty [Kč/m2]","10602","2021-2023","2021-2023","44518"
"Průměrná jednotková kupní cena nemovitosti","7432","Celkem","0","Česko","CZ","Kraj Vysočina","CZ063","","","Byty [Kč/m2]","10602","2024","2024","50560"
"Průměrná jednotková kupní cena nemovitosti","7432","Celkem","0","Česko","CZ","Kraj Vysočina","CZ063","","","Byty [Kč/m2]","10602","2022-2024","2022-2024","48951"
"Průměrná jednotková kupní cena nemovitosti","7432","Celkem","0","Česko","CZ","Kraj Vysočina","CZ063","","","Byty [Kč/m2]","10602","2025","2025","56720"
"Průměrná jednotková kupní cena nemovitosti","7432","Celkem","0","Česko","CZ","Jihomoravský kraj","CZ064","","","Rodinné domy [Kč/m2]","10302","2019","2019","33430"
"Průměrná jednotková kupní cena nemovitosti","7432","Celkem","0","Česko","CZ","Jihomoravský kraj","CZ064","","","Rodinné domy [Kč/m2]","10302","2020","2020","35685"
"Průměrná jednotková kupní cena nemovitosti","7432","Celkem","0","Česko","CZ","Jihomoravský kraj","CZ064","","","Rodinné domy [Kč/m2]","10302","2021","2021","42844"
"Průměrná jednotková kupní cena nemovitosti","7432","Celkem","0","Česko","CZ","Jihomoravský kraj","CZ064","","","Rodinné domy [Kč/m2]","10302","2019-2021","2019-2021","37365"
"Průměrná jednotková kupní cena nemovitosti","7432","Celkem","0","Česko","CZ","Jihomoravský kraj","CZ064","","","Rodinné domy [Kč/m2]","10302","2022","2022","47816"
"Průměrná jednotková kupní cena nemovitosti","7432","Celkem","0","Česko","CZ","Jihomoravský kraj","CZ064","","","Rodinné domy [Kč/m2]","10302","2020-2022","2020-2022","41629"
"Průměrná jednotková kupní cena nemovitosti","7432","Celkem","0","Česko","CZ","Jihomoravský kraj","CZ064","","","Rodinné domy [Kč/m2]","10302","2023","2023","49393"
"Průměrná jednotková kupní cena nemovitosti","7432","Celkem","0","Česko","CZ","Jihomoravský kraj","CZ064","","","Rodinné domy [Kč/m2]","10302","2021-2023","2021-2023","46276"
"Průměrná jednotková kupní cena nemovitosti","7432","Celkem","0","Česko","CZ","Jihomoravský kraj","CZ064","","","Rodinné domy [Kč/m2]","10302","2024","2024","52671"
"Průměrná jednotková kupní cena nemovitosti","7432","Celkem","0","Česko","CZ","Jihomoravský kraj","CZ064","","","Rodinné domy [Kč/m2]","10302","2022-2024","2022-2024","50219"
"Průměrná jednotková kupní cena nemovitosti","7432","Celkem","0","Česko","CZ","Jihomoravský kraj","CZ064","","","Rodinné domy [Kč/m2]","10302","2025","2025","56400"
"Průměrná jednotková kupní cena nemovitosti","7432","Celkem","0","Česko","CZ","Jihomoravský kraj","CZ064","","","Byty [Kč/m2]","10602","2019","2019","41092"
"Průměrná jednotková kupní cena nemovitosti","7432","Celkem","0","Česko","CZ","Jihomoravský kraj","CZ064","","","Byty [Kč/m2]","10602","2020","2020","46551"
"Průměrná jednotková kupní cena nemovitosti","7432","Celkem","0","Česko","CZ","Jihomoravský kraj","CZ064","","","Byty [Kč/m2]","10602","2021","2021","56961"
"Průměrná jednotková kupní cena nemovitosti","7432","Celkem","0","Česko","CZ","Jihomoravský kraj","CZ064","","","Byty [Kč/m2]","10602","2019-2021","2019-2021","48273"
"Průměrná jednotková kupní cena nemovitosti","7432","Celkem","0","Česko","CZ","Jihomoravský kraj","CZ064","","","Byty [Kč/m2]","10602","2022","2022","67358"
"Průměrná jednotková kupní cena nemovitosti","7432","Celkem","0","Česko","CZ","Jihomoravský kraj","CZ064","","","Byty [Kč/m2]","10602","2020-2022","2020-2022","55888"
"Průměrná jednotková kupní cena nemovitosti","7432","Celkem","0","Česko","CZ","Jihomoravský kraj","CZ064","","","Byty [Kč/m2]","10602","2023","2023","65525"
"Průměrná jednotková kupní cena nemovitosti","7432","Celkem","0","Česko","CZ","Jihomoravský kraj","CZ064","","","Byty [Kč/m2]","10602","2021-2023","2021-2023","62580"
"Průměrná jednotková kupní cena nemovitosti","7432","Celkem","0","Česko","CZ","Jihomoravský kraj","CZ064","","","Byty [Kč/m2]","10602","2024","2024","72096"
"Průměrná jednotková kupní cena nemovitosti","7432","Celkem","0","Česko","CZ","Jihomoravský kraj","CZ064","","","Byty [Kč/m2]","10602","2022-2024","2022-2024","68583"
"Průměrná jednotková kupní cena nemovitosti","7432","Celkem","0","Česko","CZ","Jihomoravský kraj","CZ064","","","Byty [Kč/m2]","10602","2025","2025","81652"
"Průměrná jednotková kupní cena nemovitosti","7432","Celkem","0","Česko","CZ","Olomoucký kraj","CZ071","","","Rodinné domy [Kč/m2]","10302","2019","2019","25538"
"Průměrná jednotková kupní cena nemovitosti","7432","Celkem","0","Česko","CZ","Olomoucký kraj","CZ071","","","Rodinné domy [Kč/m2]","10302","2020","2020","27107"
"Průměrná jednotková kupní cena nemovitosti","7432","Celkem","0","Česko","CZ","Olomoucký kraj","CZ071","","","Rodinné domy [Kč/m2]","10302","2021","2021","32519"
"Průměrná jednotková kupní cena nemovitosti","7432","Celkem","0","Česko","CZ","Olomoucký kraj","CZ071","","","Rodinné domy [Kč/m2]","10302","2019-2021","2019-2021","28777"
"Průměrná jednotková kupní cena nemovitosti","7432","Celkem","0","Česko","CZ","Olomoucký kraj","CZ071","","","Rodinné domy [Kč/m2]","10302","2022","2022","38838"
"Průměrná jednotková kupní cena nemovitosti","7432","Celkem","0","Česko","CZ","Olomoucký kraj","CZ071","","","Rodinné domy [Kč/m2]","10302","2020-2022","2020-2022","32572"
"Průměrná jednotková kupní cena nemovitosti","7432","Celkem","0","Česko","CZ","Olomoucký kraj","CZ071","","","Rodinné domy [Kč/m2]","10302","2023","2023","38247"
"Průměrná jednotková kupní cena nemovitosti","7432","Celkem","0","Česko","CZ","Olomoucký kraj","CZ071","","","Rodinné domy [Kč/m2]","10302","2021-2023","2021-2023","36044"
"Průměrná jednotková kupní cena nemovitosti","7432","Celkem","0","Česko","CZ","Olomoucký kraj","CZ071","","","Rodinné domy [Kč/m2]","10302","2024","2024","39838"
"Průměrná jednotková kupní cena nemovitosti","7432","Celkem","0","Česko","CZ","Olomoucký kraj","CZ071","","","Rodinné domy [Kč/m2]","10302","2022-2024","2022-2024","39031"
"Průměrná jednotková kupní cena nemovitosti","7432","Celkem","0","Česko","CZ","Olomoucký kraj","CZ071","","","Rodinné domy [Kč/m2]","10302","2025","2025","43630"
"Průměrná jednotková kupní cena nemovitosti","7432","Celkem","0","Česko","CZ","Olomoucký kraj","CZ071","","","Byty [Kč/m2]","10602","2019","2019","27973"
"Průměrná jednotková kupní cena nemovitosti","7432","Celkem","0","Česko","CZ","Olomoucký kraj","CZ071","","","Byty [Kč/m2]","10602","2020","2020","32158"
"Průměrná jednotková kupní cena nemovitosti","7432","Celkem","0","Česko","CZ","Olomoucký kraj","CZ071","","","Byty [Kč/m2]","10602","2021","2021","39802"
"Průměrná jednotková kupní cena nemovitosti","7432","Celkem","0","Česko","CZ","Olomoucký kraj","CZ071","","","Byty [Kč/m2]","10602","2019-2021","2019-2021","33677"
"Průměrná jednotková kupní cena nemovitosti","7432","Celkem","0","Česko","CZ","Olomoucký kraj","CZ071","","","Byty [Kč/m2]","10602","2022","2022","48746"
"Průměrná jednotková kupní cena nemovitosti","7432","Celkem","0","Česko","CZ","Olomoucký kraj","CZ071","","","Byty [Kč/m2]","10602","2020-2022","2020-2022","39858"
"Průměrná jednotková kupní cena nemovitosti","7432","Celkem","0","Česko","CZ","Olomoucký kraj","CZ071","","","Byty [Kč/m2]","10602","2023","2023","45595"
"Průměrná jednotková kupní cena nemovitosti","7432","Celkem","0","Česko","CZ","Olomoucký kraj","CZ071","","","Byty [Kč/m2]","10602","2021-2023","2021-2023","44264"
"Průměrná jednotková kupní cena nemovitosti","7432","Celkem","0","Česko","CZ","Olomoucký kraj","CZ071","","","Byty [Kč/m2]","10602","2024","2024","48559"
"Průměrná jednotková kupní cena nemovitosti","7432","Celkem","0","Česko","CZ","Olomoucký kraj","CZ071","","","Byty [Kč/m2]","10602","2022-2024","2022-2024","47729"
"Průměrná jednotková kupní cena nemovitosti","7432","Celkem","0","Česko","CZ","Olomoucký kraj","CZ071","","","Byty [Kč/m2]","10602","2025","2025","56042"
"Průměrná jednotková kupní cena nemovitosti","7432","Celkem","0","Česko","CZ","Zlínský kraj","CZ072","","","Rodinné domy [Kč/m2]","10302","2019","2019","24666"
"Průměrná jednotková kupní cena nemovitosti","7432","Celkem","0","Česko","CZ","Zlínský kraj","CZ072","","","Rodinné domy [Kč/m2]","10302","2020","2020","28130"
"Průměrná jednotková kupní cena nemovitosti","7432","Celkem","0","Česko","CZ","Zlínský kraj","CZ072","","","Rodinné domy [Kč/m2]","10302","2021","2021","31795"
"Průměrná jednotková kupní cena nemovitosti","7432","Celkem","0","Česko","CZ","Zlínský kraj","CZ072","","","Rodinné domy [Kč/m2]","10302","2019-2021","2019-2021","28428"
"Průměrná jednotková kupní cena nemovitosti","7432","Celkem","0","Česko","CZ","Zlínský kraj","CZ072","","","Rodinné domy [Kč/m2]","10302","2022","2022","39362"
"Průměrná jednotková kupní cena nemovitosti","7432","Celkem","0","Česko","CZ","Zlínský kraj","CZ072","","","Rodinné domy [Kč/m2]","10302","2020-2022","2020-2022","32356"
"Průměrná jednotková kupní cena nemovitosti","7432","Celkem","0","Česko","CZ","Zlínský kraj","CZ072","","","Rodinné domy [Kč/m2]","10302","2023","2023","37117"
"Průměrná jednotková kupní cena nemovitosti","7432","Celkem","0","Česko","CZ","Zlínský kraj","CZ072","","","Rodinné domy [Kč/m2]","10302","2021-2023","2021-2023","35544"
"Průměrná jednotková kupní cena nemovitosti","7432","Celkem","0","Česko","CZ","Zlínský kraj","CZ072","","","Rodinné domy [Kč/m2]","10302","2024","2024","41927"
"Průměrná jednotková kupní cena nemovitosti","7432","Celkem","0","Česko","CZ","Zlínský kraj","CZ072","","","Rodinné domy [Kč/m2]","10302","2022-2024","2022-2024","39784"
"Průměrná jednotková kupní cena nemovitosti","7432","Celkem","0","Česko","CZ","Zlínský kraj","CZ072","","","Rodinné domy [Kč/m2]","10302","2025","2025","44717"
"Průměrná jednotková kupní cena nemovitosti","7432","Celkem","0","Česko","CZ","Zlínský kraj","CZ072","","","Byty [Kč/m2]","10602","2019","2019","28421"
"Průměrná jednotková kupní cena nemovitosti","7432","Celkem","0","Česko","CZ","Zlínský kraj","CZ072","","","Byty [Kč/m2]","10602","2020","2020","30878"
"Průměrná jednotková kupní cena nemovitosti","7432","Celkem","0","Česko","CZ","Zlínský kraj","CZ072","","","Byty [Kč/m2]","10602","2021","2021","39264"
"Průměrná jednotková kupní cena nemovitosti","7432","Celkem","0","Česko","CZ","Zlínský kraj","CZ072","","","Byty [Kč/m2]","10602","2019-2021","2019-2021","33185"
"Průměrná jednotková kupní cena nemovitosti","7432","Celkem","0","Česko","CZ","Zlínský kraj","CZ072","","","Byty [Kč/m2]","10602","2022","2022","47931"
"Průměrná jednotková kupní cena nemovitosti","7432","Celkem","0","Česko","CZ","Zlínský kraj","CZ072","","","Byty [Kč/m2]","10602","2020-2022","2020-2022","38849"
"Průměrná jednotková kupní cena nemovitosti","7432","Celkem","0","Česko","CZ","Zlínský kraj","CZ072","","","Byty [Kč/m2]","10602","2023","2023","45163"
"Průměrná jednotková kupní cena nemovitosti","7432","Celkem","0","Česko","CZ","Zlínský kraj","CZ072","","","Byty [Kč/m2]","10602","2021-2023","2021-2023","43627"
"Průměrná jednotková kupní cena nemovitosti","7432","Celkem","0","Česko","CZ","Zlínský kraj","CZ072","","","Byty [Kč/m2]","10602","2024","2024","48904"
"Průměrná jednotková kupní cena nemovitosti","7432","Celkem","0","Česko","CZ","Zlínský kraj","CZ072","","","Byty [Kč/m2]","10602","2022-2024","2022-2024","47413"
"Průměrná jednotková kupní cena nemovitosti","7432","Celkem","0","Česko","CZ","Zlínský kraj","CZ072","","","Byty [Kč/m2]","10602","2025","2025","56354"
"Průměrná jednotková kupní cena nemovitosti","7432","Celkem","0","Česko","CZ","Moravskoslezský kraj","CZ080","","","Rodinné domy [Kč/m2]","10302","2019","2019","28521"
"Průměrná jednotková kupní cena nemovitosti","7432","Celkem","0","Česko","CZ","Moravskoslezský kraj","CZ080","","","Rodinné domy [Kč/m2]","10302","2020","2020","30126"
"Průměrná jednotková kupní cena nemovitosti","7432","Celkem","0","Česko","CZ","Moravskoslezský kraj","CZ080","","","Rodinné domy [Kč/m2]","10302","2021","2021","34984"
"Průměrná jednotková kupní cena nemovitosti","7432","Celkem","0","Česko","CZ","Moravskoslezský kraj","CZ080","","","Rodinné domy [Kč/m2]","10302","2019-2021","2019-2021","31296"
"Průměrná jednotková kupní cena nemovitosti","7432","Celkem","0","Česko","CZ","Moravskoslezský kraj","CZ080","","","Rodinné domy [Kč/m2]","10302","2022","2022","41647"
"Průměrná jednotková kupní cena nemovitosti","7432","Celkem","0","Česko","CZ","Moravskoslezský kraj","CZ080","","","Rodinné domy [Kč/m2]","10302","2020-2022","2020-2022","34922"
"Průměrná jednotková kupní cena nemovitosti","7432","Celkem","0","Česko","CZ","Moravskoslezský kraj","CZ080","","","Rodinné domy [Kč/m2]","10302","2023","2023","41197"
"Průměrná jednotková kupní cena nemovitosti","7432","Celkem","0","Česko","CZ","Moravskoslezský kraj","CZ080","","","Rodinné domy [Kč/m2]","10302","2021-2023","2021-2023","38753"
"Průměrná jednotková kupní cena nemovitosti","7432","Celkem","0","Česko","CZ","Moravskoslezský kraj","CZ080","","","Rodinné domy [Kč/m2]","10302","2024","2024","43041"
"Průměrná jednotková kupní cena nemovitosti","7432","Celkem","0","Česko","CZ","Moravskoslezský kraj","CZ080","","","Rodinné domy [Kč/m2]","10302","2022-2024","2022-2024","42070"
"Průměrná jednotková kupní cena nemovitosti","7432","Celkem","0","Česko","CZ","Moravskoslezský kraj","CZ080","","","Rodinné domy [Kč/m2]","10302","2025","2025","46496"
"Průměrná jednotková kupní cena nemovitosti","7432","Celkem","0","Česko","CZ","Moravskoslezský kraj","CZ080","","","Byty [Kč/m2]","10602","2019","2019","23372"
"Průměrná jednotková kupní cena nemovitosti","7432","Celkem","0","Česko","CZ","Moravskoslezský kraj","CZ080","","","Byty [Kč/m2]","10602","2020","2020","27131"
"Průměrná jednotková kupní cena nemovitosti","7432","Celkem","0","Česko","CZ","Moravskoslezský kraj","CZ080","","","Byty [Kč/m2]","10602","2021","2021","35298"
"Průměrná jednotková kupní cena nemovitosti","7432","Celkem","0","Česko","CZ","Moravskoslezský kraj","CZ080","","","Byty [Kč/m2]","10602","2019-2021","2019-2021","29224"
"Průměrná jednotková kupní cena nemovitosti","7432","Celkem","0","Česko","CZ","Moravskoslezský kraj","CZ080","","","Byty [Kč/m2]","10602","2022","2022","42389"
"Průměrná jednotková kupní cena nemovitosti","7432","Celkem","0","Česko","CZ","Moravskoslezský kraj","CZ080","","","Byty [Kč/m2]","10602","2020-2022","2020-2022","34852"
"Průměrná jednotková kupní cena nemovitosti","7432","Celkem","0","Česko","CZ","Moravskoslezský kraj","CZ080","","","Byty [Kč/m2]","10602","2023","2023","38362"
"Průměrná jednotková kupní cena nemovitosti","7432","Celkem","0","Česko","CZ","Moravskoslezský kraj","CZ080","","","Byty [Kč/m2]","10602","2021-2023","2021-2023","38484"
"Průměrná jednotková kupní cena nemovitosti","7432","Celkem","0","Česko","CZ","Moravskoslezský kraj","CZ080","","","Byty [Kč/m2]","10602","2024","2024","43083"
"Průměrná jednotková kupní cena nemovitosti","7432","Celkem","0","Česko","CZ","Moravskoslezský kraj","CZ080","","","Byty [Kč/m2]","10602","2022-2024","2022-2024","41463"
"Průměrná jednotková kupní cena nemovitosti","7432","Celkem","0","Česko","CZ","Moravskoslezský kraj","CZ080","","","Byty [Kč/m2]","10602","2025","2025","51694"
"Průměrná jednotková kupní cena nemovitosti","7432","Celkem","0","Česko","CZ","Středočeský kraj","CZ020","Benešov","CZ0201","Rodinné domy [Kč/m2]","10302","2019","2019","33086"
"Průměrná jednotková kupní cena nemovitosti","7432","Celkem","0","Česko","CZ","Středočeský kraj","CZ020","Benešov","CZ0201","Rodinné domy [Kč/m2]","10302","2020","2020","35006"
"Průměrná jednotková kupní cena nemovitosti","7432","Celkem","0","Česko","CZ","Středočeský kraj","CZ020","Benešov","CZ0201","Rodinné domy [Kč/m2]","10302","2021","2021","42116"
"Průměrná jednotková kupní cena nemovitosti","7432","Celkem","0","Česko","CZ","Středočeský kraj","CZ020","Benešov","CZ0201","Rodinné domy [Kč/m2]","10302","2019-2021","2019-2021","36560"
"Průměrná jednotková kupní cena nemovitosti","7432","Celkem","0","Česko","CZ","Středočeský kraj","CZ020","Benešov","CZ0201","Rodinné domy [Kč/m2]","10302","2022","2022","50121"
"Průměrná jednotková kupní cena nemovitosti","7432","Celkem","0","Česko","CZ","Středočeský kraj","CZ020","Benešov","CZ0201","Rodinné domy [Kč/m2]","10302","2020-2022","2020-2022","40685"
"Průměrná jednotková kupní cena nemovitosti","7432","Celkem","0","Česko","CZ","Středočeský kraj","CZ020","Benešov","CZ0201","Rodinné domy [Kč/m2]","10302","2023","2023","43268"
"Průměrná jednotková kupní cena nemovitosti","7432","Celkem","0","Česko","CZ","Středočeský kraj","CZ020","Benešov","CZ0201","Rodinné domy [Kč/m2]","10302","2021-2023","2021-2023","44623"
"Průměrná jednotková kupní cena nemovitosti","7432","Celkem","0","Česko","CZ","Středočeský kraj","CZ020","Benešov","CZ0201","Rodinné domy [Kč/m2]","10302","2024","2024","52144"
"Průměrná jednotková kupní cena nemovitosti","7432","Celkem","0","Česko","CZ","Středočeský kraj","CZ020","Benešov","CZ0201","Rodinné domy [Kč/m2]","10302","2022-2024","2022-2024","49688"
"Průměrná jednotková kupní cena nemovitosti","7432","Celkem","0","Česko","CZ","Středočeský kraj","CZ020","Benešov","CZ0201","Rodinné domy [Kč/m2]","10302","2025","2025","56708"
"Průměrná jednotková kupní cena nemovitosti","7432","Celkem","0","Česko","CZ","Středočeský kraj","CZ020","Benešov","CZ0201","Byty [Kč/m2]","10602","2019","2019","28649"
"Průměrná jednotková kupní cena nemovitosti","7432","Celkem","0","Česko","CZ","Středočeský kraj","CZ020","Benešov","CZ0201","Byty [Kč/m2]","10602","2020","2020","35967"
"Průměrná jednotková kupní cena nemovitosti","7432","Celkem","0","Česko","CZ","Středočeský kraj","CZ020","Benešov","CZ0201","Byty [Kč/m2]","10602","2021","2021","44861"
"Průměrná jednotková kupní cena nemovitosti","7432","Celkem","0","Česko","CZ","Středočeský kraj","CZ020","Benešov","CZ0201","Byty [Kč/m2]","10602","2019-2021","2019-2021","36467"
"Průměrná jednotková kupní cena nemovitosti","7432","Celkem","0","Česko","CZ","Středočeský kraj","CZ020","Benešov","CZ0201","Byty [Kč/m2]","10602","2022","2022","50362"
"Průměrná jednotková kupní cena nemovitosti","7432","Celkem","0","Česko","CZ","Středočeský kraj","CZ020","Benešov","CZ0201","Byty [Kč/m2]","10602","2020-2022","2020-2022","43011"
"Průměrná jednotková kupní cena nemovitosti","7432","Celkem","0","Česko","CZ","Středočeský kraj","CZ020","Benešov","CZ0201","Byty [Kč/m2]","10602","2023","2023","49499"
"Průměrná jednotková kupní cena nemovitosti","7432","Celkem","0","Česko","CZ","Středočeský kraj","CZ020","Benešov","CZ0201","Byty [Kč/m2]","10602","2021-2023","2021-2023","47791"
"Průměrná jednotková kupní cena nemovitosti","7432","Celkem","0","Česko","CZ","Středočeský kraj","CZ020","Benešov","CZ0201","Byty [Kč/m2]","10602","2024","2024","55392"
"Průměrná jednotková kupní cena nemovitosti","7432","Celkem","0","Česko","CZ","Středočeský kraj","CZ020","Benešov","CZ0201","Byty [Kč/m2]","10602","2022-2024","2022-2024","52241"
"Průměrná jednotková kupní cena nemovitosti","7432","Celkem","0","Česko","CZ","Středočeský kraj","CZ020","Benešov","CZ0201","Byty [Kč/m2]","10602","2025","2025","61395"
"Průměrná jednotková kupní cena nemovitosti","7432","Celkem","0","Česko","CZ","Středočeský kraj","CZ020","Beroun","CZ0202","Rodinné domy [Kč/m2]","10302","2019","2019","36014"
"Průměrná jednotková kupní cena nemovitosti","7432","Celkem","0","Česko","CZ","Středočeský kraj","CZ020","Beroun","CZ0202","Rodinné domy [Kč/m2]","10302","2020","2020","43155"
"Průměrná jednotková kupní cena nemovitosti","7432","Celkem","0","Česko","CZ","Středočeský kraj","CZ020","Beroun","CZ0202","Rodinné domy [Kč/m2]","10302","2021","2021","39834"
"Průměrná jednotková kupní cena nemovitosti","7432","Celkem","0","Česko","CZ","Středočeský kraj","CZ020","Beroun","CZ0202","Rodinné domy [Kč/m2]","10302","2019-2021","2019-2021","40166"
"Průměrná jednotková kupní cena nemovitosti","7432","Celkem","0","Česko","CZ","Středočeský kraj","CZ020","Beroun","CZ0202","Rodinné domy [Kč/m2]","10302","2022","2022","46145"
"Průměrná jednotková kupní cena nemovitosti","7432","Celkem","0","Česko","CZ","Středočeský kraj","CZ020","Beroun","CZ0202","Rodinné domy [Kč/m2]","10302","2020-2022","2020-2022","43143"
"Průměrná jednotková kupní cena nemovitosti","7432","Celkem","0","Česko","CZ","Středočeský kraj","CZ020","Beroun","CZ0202","Rodinné domy [Kč/m2]","10302","2023","2023","52179"
"Průměrná jednotková kupní cena nemovitosti","7432","Celkem","0","Česko","CZ","Středočeský kraj","CZ020","Beroun","CZ0202","Rodinné domy [Kč/m2]","10302","2021-2023","2021-2023","45022"
"Průměrná jednotková kupní cena nemovitosti","7432","Celkem","0","Česko","CZ","Středočeský kraj","CZ020","Beroun","CZ0202","Rodinné domy [Kč/m2]","10302","2024","2024","51324"
"Průměrná jednotková kupní cena nemovitosti","7432","Celkem","0","Česko","CZ","Středočeský kraj","CZ020","Beroun","CZ0202","Rodinné domy [Kč/m2]","10302","2022-2024","2022-2024","49459"
"Průměrná jednotková kupní cena nemovitosti","7432","Celkem","0","Česko","CZ","Středočeský kraj","CZ020","Beroun","CZ0202","Rodinné domy [Kč/m2]","10302","2025","2025","60634"
"Průměrná jednotková kupní cena nemovitosti","7432","Celkem","0","Česko","CZ","Středočeský kraj","CZ020","Beroun","CZ0202","Byty [Kč/m2]","10602","2019","2019","32338"
"Průměrná jednotková kupní cena nemovitosti","7432","Celkem","0","Česko","CZ","Středočeský kraj","CZ020","Beroun","CZ0202","Byty [Kč/m2]","10602","2020","2020","38181"
"Průměrná jednotková kupní cena nemovitosti","7432","Celkem","0","Česko","CZ","Středočeský kraj","CZ020","Beroun","CZ0202","Byty [Kč/m2]","10602","2021","2021","44837"
"Průměrná jednotková kupní cena nemovitosti","7432","Celkem","0","Česko","CZ","Středočeský kraj","CZ020","Beroun","CZ0202","Byty [Kč/m2]","10602","2019-2021","2019-2021","38618"
"Průměrná jednotková kupní cena nemovitosti","7432","Celkem","0","Česko","CZ","Středočeský kraj","CZ020","Beroun","CZ0202","Byty [Kč/m2]","10602","2022","2022","54374"
"Průměrná jednotková kupní cena nemovitosti","7432","Celkem","0","Česko","CZ","Středočeský kraj","CZ020","Beroun","CZ0202","Byty [Kč/m2]","10602","2020-2022","2020-2022","44371"
"Průměrná jednotková kupní cena nemovitosti","7432","Celkem","0","Česko","CZ","Středočeský kraj","CZ020","Beroun","CZ0202","Byty [Kč/m2]","10602","2023","2023","53412"
"Průměrná jednotková kupní cena nemovitosti","7432","Celkem","0","Česko","CZ","Středočeský kraj","CZ020","Beroun","CZ0202","Byty [Kč/m2]","10602","2021-2023","2021-2023","50239"
"Průměrná jednotková kupní cena nemovitosti","7432","Celkem","0","Česko","CZ","Středočeský kraj","CZ020","Beroun","CZ0202","Byty [Kč/m2]","10602","2024","2024","59939"
"Průměrná jednotková kupní cena nemovitosti","7432","Celkem","0","Česko","CZ","Středočeský kraj","CZ020","Beroun","CZ0202","Byty [Kč/m2]","10602","2022-2024","2022-2024","56356"
"Průměrná jednotková kupní cena nemovitosti","7432","Celkem","0","Česko","CZ","Středočeský kraj","CZ020","Beroun","CZ0202","Byty [Kč/m2]","10602","2025","2025","66033"
"Průměrná jednotková kupní cena nemovitosti","7432","Celkem","0","Česko","CZ","Středočeský kraj","CZ020","Kladno","CZ0203","Rodinné domy [Kč/m2]","10302","2019","2019","34993"
"Průměrná jednotková kupní cena nemovitosti","7432","Celkem","0","Česko","CZ","Středočeský kraj","CZ020","Kladno","CZ0203","Rodinné domy [Kč/m2]","10302","2020","2020","41004"
"Průměrná jednotková kupní cena nemovitosti","7432","Celkem","0","Česko","CZ","Středočeský kraj","CZ020","Kladno","CZ0203","Rodinné domy [Kč/m2]","10302","2021","2021","45682"
"Průměrná jednotková kupní cena nemovitosti","7432","Celkem","0","Česko","CZ","Středočeský kraj","CZ020","Kladno","CZ0203","Rodinné domy [Kč/m2]","10302","2019-2021","2019-2021","40004"
"Průměrná jednotková kupní cena nemovitosti","7432","Celkem","0","Česko","CZ","Středočeský kraj","CZ020","Kladno","CZ0203","Rodinné domy [Kč/m2]","10302","2022","2022","53076"
"Průměrná jednotková kupní cena nemovitosti","7432","Celkem","0","Česko","CZ","Středočeský kraj","CZ020","Kladno","CZ0203","Rodinné domy [Kč/m2]","10302","2020-2022","2020-2022","45687"
"Průměrná jednotková kupní cena nemovitosti","7432","Celkem","0","Česko","CZ","Středočeský kraj","CZ020","Kladno","CZ0203","Rodinné domy [Kč/m2]","10302","2023","2023","52323"
"Průměrná jednotková kupní cena nemovitosti","7432","Celkem","0","Česko","CZ","Středočeský kraj","CZ020","Kladno","CZ0203","Rodinné domy [Kč/m2]","10302","2021-2023","2021-2023","49761"
"Průměrná jednotková kupní cena nemovitosti","7432","Celkem","0","Česko","CZ","Středočeský kraj","CZ020","Kladno","CZ0203","Rodinné domy [Kč/m2]","10302","2024","2024","59795"
"Průměrná jednotková kupní cena nemovitosti","7432","Celkem","0","Česko","CZ","Středočeský kraj","CZ020","Kladno","CZ0203","Rodinné domy [Kč/m2]","10302","2022-2024","2022-2024","55557"
"Průměrná jednotková kupní cena nemovitosti","7432","Celkem","0","Česko","CZ","Středočeský kraj","CZ020","Kladno","CZ0203","Rodinné domy [Kč/m2]","10302","2025","2025","62209"
"Průměrná jednotková kupní cena nemovitosti","7432","Celkem","0","Česko","CZ","Středočeský kraj","CZ020","Kladno","CZ0203","Byty [Kč/m2]","10602","2019","2019","37796"
"Průměrná jednotková kupní cena nemovitosti","7432","Celkem","0","Česko","CZ","Středočeský kraj","CZ020","Kladno","CZ0203","Byty [Kč/m2]","10602","2020","2020","44436"
"Průměrná jednotková kupní cena nemovitosti","7432","Celkem","0","Česko","CZ","Středočeský kraj","CZ020","Kladno","CZ0203","Byty [Kč/m2]","10602","2021","2021","55945"
"Průměrná jednotková kupní cena nemovitosti","7432","Celkem","0","Česko","CZ","Středočeský kraj","CZ020","Kladno","CZ0203","Byty [Kč/m2]","10602","2019-2021","2019-2021","46388"
"Průměrná jednotková kupní cena nemovitosti","7432","Celkem","0","Česko","CZ","Středočeský kraj","CZ020","Kladno","CZ0203","Byty [Kč/m2]","10602","2022","2022","68067"
"Průměrná jednotková kupní cena nemovitosti","7432","Celkem","0","Česko","CZ","Středočeský kraj","CZ020","Kladno","CZ0203","Byty [Kč/m2]","10602","2020-2022","2020-2022","54817"
"Průměrná jednotková kupní cena nemovitosti","7432","Celkem","0","Česko","CZ","Středočeský kraj","CZ020","Kladno","CZ0203","Byty [Kč/m2]","10602","2023","2023","59469"
"Průměrná jednotková kupní cena nemovitosti","7432","Celkem","0","Česko","CZ","Středočeský kraj","CZ020","Kladno","CZ0203","Byty [Kč/m2]","10602","2021-2023","2021-2023","60556"
"Průměrná jednotková kupní cena nemovitosti","7432","Celkem","0","Česko","CZ","Středočeský kraj","CZ020","Kladno","CZ0203","Byty [Kč/m2]","10602","2024","2024","64707"
"Průměrná jednotková kupní cena nemovitosti","7432","Celkem","0","Česko","CZ","Středočeský kraj","CZ020","Kladno","CZ0203","Byty [Kč/m2]","10602","2022-2024","2022-2024","64010"
"Průměrná jednotková kupní cena nemovitosti","7432","Celkem","0","Česko","CZ","Středočeský kraj","CZ020","Kladno","CZ0203","Byty [Kč/m2]","10602","2025","2025","71999"
"Průměrná jednotková kupní cena nemovitosti","7432","Celkem","0","Česko","CZ","Středočeský kraj","CZ020","Kolín","CZ0204","Rodinné domy [Kč/m2]","10302","2019","2019","30355"
"Průměrná jednotková kupní cena nemovitosti","7432","Celkem","0","Česko","CZ","Středočeský kraj","CZ020","Kolín","CZ0204","Rodinné domy [Kč/m2]","10302","2020","2020","35025"
"Průměrná jednotková kupní cena nemovitosti","7432","Celkem","0","Česko","CZ","Středočeský kraj","CZ020","Kolín","CZ0204","Rodinné domy [Kč/m2]","10302","2021","2021","40185"
"Průměrná jednotková kupní cena nemovitosti","7432","Celkem","0","Česko","CZ","Středočeský kraj","CZ020","Kolín","CZ0204","Rodinné domy [Kč/m2]","10302","2019-2021","2019-2021","34387"
"Průměrná jednotková kupní cena nemovitosti","7432","Celkem","0","Česko","CZ","Středočeský kraj","CZ020","Kolín","CZ0204","Rodinné domy [Kč/m2]","10302","2022","2022","45220"
"Průměrná jednotková kupní cena nemovitosti","7432","Celkem","0","Česko","CZ","Středočeský kraj","CZ020","Kolín","CZ0204","Rodinné domy [Kč/m2]","10302","2020-2022","2020-2022","39273"
"Průměrná jednotková kupní cena nemovitosti","7432","Celkem","0","Česko","CZ","Středočeský kraj","CZ020","Kolín","CZ0204","Rodinné domy [Kč/m2]","10302","2023","2023","44894"
"Průměrná jednotková kupní cena nemovitosti","7432","Celkem","0","Česko","CZ","Středočeský kraj","CZ020","Kolín","CZ0204","Rodinné domy [Kč/m2]","10302","2021-2023","2021-2023","43293"
"Průměrná jednotková kupní cena nemovitosti","7432","Celkem","0","Česko","CZ","Středočeský kraj","CZ020","Kolín","CZ0204","Rodinné domy [Kč/m2]","10302","2024","2024","47750"
"Průměrná jednotková kupní cena nemovitosti","7432","Celkem","0","Česko","CZ","Středočeský kraj","CZ020","Kolín","CZ0204","Rodinné domy [Kč/m2]","10302","2022-2024","2022-2024","46238"
"Průměrná jednotková kupní cena nemovitosti","7432","Celkem","0","Česko","CZ","Středočeský kraj","CZ020","Kolín","CZ0204","Rodinné domy [Kč/m2]","10302","2025","2025","50361"
"Průměrná jednotková kupní cena nemovitosti","7432","Celkem","0","Česko","CZ","Středočeský kraj","CZ020","Kolín","CZ0204","Byty [Kč/m2]","10602","2019","2019","27940"
"Průměrná jednotková kupní cena nemovitosti","7432","Celkem","0","Česko","CZ","Středočeský kraj","CZ020","Kolín","CZ0204","Byty [Kč/m2]","10602","2020","2020","34670"
"Průměrná jednotková kupní cena nemovitosti","7432","Celkem","0","Česko","CZ","Středočeský kraj","CZ020","Kolín","CZ0204","Byty [Kč/m2]","10602","2021","2021","42874"
"Průměrná jednotková kupní cena nemovitosti","7432","Celkem","0","Česko","CZ","Středočeský kraj","CZ020","Kolín","CZ0204","Byty [Kč/m2]","10602","2019-2021","2019-2021","34628"
"Průměrná jednotková kupní cena nemovitosti","7432","Celkem","0","Česko","CZ","Středočeský kraj","CZ020","Kolín","CZ0204","Byty [Kč/m2]","10602","2022","2022","52636"
"Průměrná jednotková kupní cena nemovitosti","7432","Celkem","0","Česko","CZ","Středočeský kraj","CZ020","Kolín","CZ0204","Byty [Kč/m2]","10602","2020-2022","2020-2022","42902"
"Průměrná jednotková kupní cena nemovitosti","7432","Celkem","0","Česko","CZ","Středočeský kraj","CZ020","Kolín","CZ0204","Byty [Kč/m2]","10602","2023","2023","52811"
"Průměrná jednotková kupní cena nemovitosti","7432","Celkem","0","Česko","CZ","Středočeský kraj","CZ020","Kolín","CZ0204","Byty [Kč/m2]","10602","2021-2023","2021-2023","49364"
"Průměrná jednotková kupní cena nemovitosti","7432","Celkem","0","Česko","CZ","Středočeský kraj","CZ020","Kolín","CZ0204","Byty [Kč/m2]","10602","2024","2024","54926"
"Průměrná jednotková kupní cena nemovitosti","7432","Celkem","0","Česko","CZ","Středočeský kraj","CZ020","Kolín","CZ0204","Byty [Kč/m2]","10602","2022-2024","2022-2024","53499"
"Průměrná jednotková kupní cena nemovitosti","7432","Celkem","0","Česko","CZ","Středočeský kraj","CZ020","Kolín","CZ0204","Byty [Kč/m2]","10602","2025","2025","62102"
"Průměrná jednotková kupní cena nemovitosti","7432","Celkem","0","Česko","CZ","Středočeský kraj","CZ020","Kutná Hora","CZ0205","Rodinné domy [Kč/m2]","10302","2019","2019","29307"
"Průměrná jednotková kupní cena nemovitosti","7432","Celkem","0","Česko","CZ","Středočeský kraj","CZ020","Kutná Hora","CZ0205","Rodinné domy [Kč/m2]","10302","2020","2020","33010"
"Průměrná jednotková kupní cena nemovitosti","7432","Celkem","0","Česko","CZ","Středočeský kraj","CZ020","Kutná Hora","CZ0205","Rodinné domy [Kč/m2]","10302","2021","2021","39348"
"Průměrná jednotková kupní cena nemovitosti","7432","Celkem","0","Česko","CZ","Středočeský kraj","CZ020","Kutná Hora","CZ0205","Rodinné domy [Kč/m2]","10302","2019-2021","2019-2021","33425"
"Průměrná jednotková kupní cena nemovitosti","7432","Celkem","0","Česko","CZ","Středočeský kraj","CZ020","Kutná Hora","CZ0205","Rodinné domy [Kč/m2]","10302","2022","2022","38291"
"Průměrná jednotková kupní cena nemovitosti","7432","Celkem","0","Česko","CZ","Středočeský kraj","CZ020","Kutná Hora","CZ0205","Rodinné domy [Kč/m2]","10302","2020-2022","2020-2022","36384"
"Průměrná jednotková kupní cena nemovitosti","7432","Celkem","0","Česko","CZ","Středočeský kraj","CZ020","Kutná Hora","CZ0205","Rodinné domy [Kč/m2]","10302","2023","2023","51510"
"Průměrná jednotková kupní cena nemovitosti","7432","Celkem","0","Česko","CZ","Středočeský kraj","CZ020","Kutná Hora","CZ0205","Rodinné domy [Kč/m2]","10302","2021-2023","2021-2023","43135"
"Průměrná jednotková kupní cena nemovitosti","7432","Celkem","0","Česko","CZ","Středočeský kraj","CZ020","Kutná Hora","CZ0205","Rodinné domy [Kč/m2]","10302","2024","2024","51760"
"Průměrná jednotková kupní cena nemovitosti","7432","Celkem","0","Česko","CZ","Středočeský kraj","CZ020","Kutná Hora","CZ0205","Rodinné domy [Kč/m2]","10302","2022-2024","2022-2024","49309"
"Průměrná jednotková kupní cena nemovitosti","7432","Celkem","0","Česko","CZ","Středočeský kraj","CZ020","Kutná Hora","CZ0205","Rodinné domy [Kč/m2]","10302","2025","2025","54270"
"Průměrná jednotková kupní cena nemovitosti","7432","Celkem","0","Česko","CZ","Středočeský kraj","CZ020","Kutná Hora","CZ0205","Byty [Kč/m2]","10602","2019","2019","25929"
"Průměrná jednotková kupní cena nemovitosti","7432","Celkem","0","Česko","CZ","Středočeský kraj","CZ020","Kutná Hora","CZ0205","Byty [Kč/m2]","10602","2020","2020","30215"
"Průměrná jednotková kupní cena nemovitosti","7432","Celkem","0","Česko","CZ","Středočeský kraj","CZ020","Kutná Hora","CZ0205","Byty [Kč/m2]","10602","2021","2021","39822"
"Průměrná jednotková kupní cena nemovitosti","7432","Celkem","0","Česko","CZ","Středočeský kraj","CZ020","Kutná Hora","CZ0205","Byty [Kč/m2]","10602","2019-2021","2019-2021","31793"
"Průměrná jednotková kupní cena nemovitosti","7432","Celkem","0","Česko","CZ","Středočeský kraj","CZ020","Kutná Hora","CZ0205","Byty [Kč/m2]","10602","2022","2022","48900"
"Průměrná jednotková kupní cena nemovitosti","7432","Celkem","0","Česko","CZ","Středočeský kraj","CZ020","Kutná Hora","CZ0205","Byty [Kč/m2]","10602","2020-2022","2020-2022","38861"
"Průměrná jednotková kupní cena nemovitosti","7432","Celkem","0","Česko","CZ","Středočeský kraj","CZ020","Kutná Hora","CZ0205","Byty [Kč/m2]","10602","2023","2023","45050"
"Průměrná jednotková kupní cena nemovitosti","7432","Celkem","0","Česko","CZ","Středočeský kraj","CZ020","Kutná Hora","CZ0205","Byty [Kč/m2]","10602","2021-2023","2021-2023","44123"
"Průměrná jednotková kupní cena nemovitosti","7432","Celkem","0","Česko","CZ","Středočeský kraj","CZ020","Kutná Hora","CZ0205","Byty [Kč/m2]","10602","2024","2024","49168"
"Průměrná jednotková kupní cena nemovitosti","7432","Celkem","0","Česko","CZ","Středočeský kraj","CZ020","Kutná Hora","CZ0205","Byty [Kč/m2]","10602","2022-2024","2022-2024","47784"
"Průměrná jednotková kupní cena nemovitosti","7432","Celkem","0","Česko","CZ","Středočeský kraj","CZ020","Kutná Hora","CZ0205","Byty [Kč/m2]","10602","2025","2025","55420"
"Průměrná jednotková kupní cena nemovitosti","7432","Celkem","0","Česko","CZ","Středočeský kraj","CZ020","Mělník","CZ0206","Rodinné domy [Kč/m2]","10302","2019","2019","34023"
"Průměrná jednotková kupní cena nemovitosti","7432","Celkem","0","Česko","CZ","Středočeský kraj","CZ020","Mělník","CZ0206","Rodinné domy [Kč/m2]","10302","2020","2020","36815"
"Průměrná jednotková kupní cena nemovitosti","7432","Celkem","0","Česko","CZ","Středočeský kraj","CZ020","Mělník","CZ0206","Rodinné domy [Kč/m2]","10302","2021","2021","42162"
"Průměrná jednotková kupní cena nemovitosti","7432","Celkem","0","Česko","CZ","Středočeský kraj","CZ020","Mělník","CZ0206","Rodinné domy [Kč/m2]","10302","2019-2021","2019-2021","37712"
"Průměrná jednotková kupní cena nemovitosti","7432","Celkem","0","Česko","CZ","Středočeský kraj","CZ020","Mělník","CZ0206","Rodinné domy [Kč/m2]","10302","2022","2022","48595"
"Průměrná jednotková kupní cena nemovitosti","7432","Celkem","0","Česko","CZ","Středočeský kraj","CZ020","Mělník","CZ0206","Rodinné domy [Kč/m2]","10302","2020-2022","2020-2022","41318"
"Průměrná jednotková kupní cena nemovitosti","7432","Celkem","0","Česko","CZ","Středočeský kraj","CZ020","Mělník","CZ0206","Rodinné domy [Kč/m2]","10302","2023","2023","48921"
"Průměrná jednotková kupní cena nemovitosti","7432","Celkem","0","Česko","CZ","Středočeský kraj","CZ020","Mělník","CZ0206","Rodinné domy [Kč/m2]","10302","2021-2023","2021-2023","45723"
"Průměrná jednotková kupní cena nemovitosti","7432","Celkem","0","Česko","CZ","Středočeský kraj","CZ020","Mělník","CZ0206","Rodinné domy [Kč/m2]","10302","2024","2024","55146"
"Průměrná jednotková kupní cena nemovitosti","7432","Celkem","0","Česko","CZ","Středočeský kraj","CZ020","Mělník","CZ0206","Rodinné domy [Kč/m2]","10302","2022-2024","2022-2024","51462"
"Průměrná jednotková kupní cena nemovitosti","7432","Celkem","0","Česko","CZ","Středočeský kraj","CZ020","Mělník","CZ0206","Rodinné domy [Kč/m2]","10302","2025","2025","60198"
"Průměrná jednotková kupní cena nemovitosti","7432","Celkem","0","Česko","CZ","Středočeský kraj","CZ020","Mělník","CZ0206","Byty [Kč/m2]","10602","2019","2019","32149"
"Průměrná jednotková kupní cena nemovitosti","7432","Celkem","0","Česko","CZ","Středočeský kraj","CZ020","Mělník","CZ0206","Byty [Kč/m2]","10602","2020","2020","38299"
"Průměrná jednotková kupní cena nemovitosti","7432","Celkem","0","Česko","CZ","Středočeský kraj","CZ020","Mělník","CZ0206","Byty [Kč/m2]","10602","2021","2021","45177"
"Průměrná jednotková kupní cena nemovitosti","7432","Celkem","0","Česko","CZ","Středočeský kraj","CZ020","Mělník","CZ0206","Byty [Kč/m2]","10602","2019-2021","2019-2021","37967"
"Průměrná jednotková kupní cena nemovitosti","7432","Celkem","0","Česko","CZ","Středočeský kraj","CZ020","Mělník","CZ0206","Byty [Kč/m2]","10602","2022","2022","56151"
"Průměrná jednotková kupní cena nemovitosti","7432","Celkem","0","Česko","CZ","Středočeský kraj","CZ020","Mělník","CZ0206","Byty [Kč/m2]","10602","2020-2022","2020-2022","46384"
"Průměrná jednotková kupní cena nemovitosti","7432","Celkem","0","Česko","CZ","Středočeský kraj","CZ020","Mělník","CZ0206","Byty [Kč/m2]","10602","2023","2023","53867"
"Průměrná jednotková kupní cena nemovitosti","7432","Celkem","0","Česko","CZ","Středočeský kraj","CZ020","Mělník","CZ0206","Byty [Kč/m2]","10602","2021-2023","2021-2023","51812"
"Průměrná jednotková kupní cena nemovitosti","7432","Celkem","0","Česko","CZ","Středočeský kraj","CZ020","Mělník","CZ0206","Byty [Kč/m2]","10602","2024","2024","60562"
"Průměrná jednotková kupní cena nemovitosti","7432","Celkem","0","Česko","CZ","Středočeský kraj","CZ020","Mělník","CZ0206","Byty [Kč/m2]","10602","2022-2024","2022-2024","57114"
"Průměrná jednotková kupní cena nemovitosti","7432","Celkem","0","Česko","CZ","Středočeský kraj","CZ020","Mělník","CZ0206","Byty [Kč/m2]","10602","2025","2025","67568"
"Průměrná jednotková kupní cena nemovitosti","7432","Celkem","0","Česko","CZ","Středočeský kraj","CZ020","Mladá Boleslav","CZ0207","Rodinné domy [Kč/m2]","10302","2019","2019","34668"
"Průměrná jednotková kupní cena nemovitosti","7432","Celkem","0","Česko","CZ","Středočeský kraj","CZ020","Mladá Boleslav","CZ0207","Rodinné domy [Kč/m2]","10302","2020","2020","38659"
"Průměrná jednotková kupní cena nemovitosti","7432","Celkem","0","Česko","CZ","Středočeský kraj","CZ020","Mladá Boleslav","CZ0207","Rodinné domy [Kč/m2]","10302","2021","2021","40576"
"Průměrná jednotková kupní cena nemovitosti","7432","Celkem","0","Česko","CZ","Středočeský kraj","CZ020","Mladá Boleslav","CZ0207","Rodinné domy [Kč/m2]","10302","2019-2021","2019-2021","37245"
"Průměrná jednotková kupní cena nemovitosti","7432","Celkem","0","Česko","CZ","Středočeský kraj","CZ020","Mladá Boleslav","CZ0207","Rodinné domy [Kč/m2]","10302","2022","2022","46381"
"Průměrná jednotková kupní cena nemovitosti","7432","Celkem","0","Česko","CZ","Středočeský kraj","CZ020","Mladá Boleslav","CZ0207","Rodinné domy [Kč/m2]","10302","2020-2022","2020-2022","40794"
"Průměrná jednotková kupní cena nemovitosti","7432","Celkem","0","Česko","CZ","Středočeský kraj","CZ020","Mladá Boleslav","CZ0207","Rodinné domy [Kč/m2]","10302","2023","2023","47913"
"Průměrná jednotková kupní cena nemovitosti","7432","Celkem","0","Česko","CZ","Středočeský kraj","CZ020","Mladá Boleslav","CZ0207","Rodinné domy [Kč/m2]","10302","2021-2023","2021-2023","44801"
"Průměrná jednotková kupní cena nemovitosti","7432","Celkem","0","Česko","CZ","Středočeský kraj","CZ020","Mladá Boleslav","CZ0207","Rodinné domy [Kč/m2]","10302","2024","2024","51840"
"Průměrná jednotková kupní cena nemovitosti","7432","Celkem","0","Česko","CZ","Středočeský kraj","CZ020","Mladá Boleslav","CZ0207","Rodinné domy [Kč/m2]","10302","2022-2024","2022-2024","48689"
"Průměrná jednotková kupní cena nemovitosti","7432","Celkem","0","Česko","CZ","Středočeský kraj","CZ020","Mladá Boleslav","CZ0207","Rodinné domy [Kč/m2]","10302","2025","2025","61786"
"Průměrná jednotková kupní cena nemovitosti","7432","Celkem","0","Česko","CZ","Středočeský kraj","CZ020","Mladá Boleslav","CZ0207","Byty [Kč/m2]","10602","2019","2019","28871"
"Průměrná jednotková kupní cena nemovitosti","7432","Celkem","0","Česko","CZ","Středočeský kraj","CZ020","Mladá Boleslav","CZ0207","Byty [Kč/m2]","10602","2020","2020","36022"
"Průměrná jednotková kupní cena nemovitosti","7432","Celkem","0","Česko","CZ","Středočeský kraj","CZ020","Mladá Boleslav","CZ0207","Byty [Kč/m2]","10602","2021","2021","47902"
"Průměrná jednotková kupní cena nemovitosti","7432","Celkem","0","Česko","CZ","Středočeský kraj","CZ020","Mladá Boleslav","CZ0207","Byty [Kč/m2]","10602","2019-2021","2019-2021","37562"
"Průměrná jednotková kupní cena nemovitosti","7432","Celkem","0","Česko","CZ","Středočeský kraj","CZ020","Mladá Boleslav","CZ0207","Byty [Kč/m2]","10602","2022","2022","56572"
"Průměrná jednotková kupní cena nemovitosti","7432","Celkem","0","Česko","CZ","Středočeský kraj","CZ020","Mladá Boleslav","CZ0207","Byty [Kč/m2]","10602","2020-2022","2020-2022","45614"
"Průměrná jednotková kupní cena nemovitosti","7432","Celkem","0","Česko","CZ","Středočeský kraj","CZ020","Mladá Boleslav","CZ0207","Byty [Kč/m2]","10602","2023","2023","51949"
"Průměrná jednotková kupní cena nemovitosti","7432","Celkem","0","Česko","CZ","Středočeský kraj","CZ020","Mladá Boleslav","CZ0207","Byty [Kč/m2]","10602","2021-2023","2021-2023","51964"
"Průměrná jednotková kupní cena nemovitosti","7432","Celkem","0","Česko","CZ","Středočeský kraj","CZ020","Mladá Boleslav","CZ0207","Byty [Kč/m2]","10602","2024","2024","55528"
"Průměrná jednotková kupní cena nemovitosti","7432","Celkem","0","Česko","CZ","Středočeský kraj","CZ020","Mladá Boleslav","CZ0207","Byty [Kč/m2]","10602","2022-2024","2022-2024","55008"
"Průměrná jednotková kupní cena nemovitosti","7432","Celkem","0","Česko","CZ","Středočeský kraj","CZ020","Mladá Boleslav","CZ0207","Byty [Kč/m2]","10602","2025","2025","63967"
"Průměrná jednotková kupní cena nemovitosti","7432","Celkem","0","Česko","CZ","Středočeský kraj","CZ020","Nymburk","CZ0208","Rodinné domy [Kč/m2]","10302","2019","2019","28524"
"Průměrná jednotková kupní cena nemovitosti","7432","Celkem","0","Česko","CZ","Středočeský kraj","CZ020","Nymburk","CZ0208","Rodinné domy [Kč/m2]","10302","2020","2020","30407"
"Průměrná jednotková kupní cena nemovitosti","7432","Celkem","0","Česko","CZ","Středočeský kraj","CZ020","Nymburk","CZ0208","Rodinné domy [Kč/m2]","10302","2021","2021","39148"
"Průměrná jednotková kupní cena nemovitosti","7432","Celkem","0","Česko","CZ","Středočeský kraj","CZ020","Nymburk","CZ0208","Rodinné domy [Kč/m2]","10302","2019-2021","2019-2021","32809"
"Průměrná jednotková kupní cena nemovitosti","7432","Celkem","0","Česko","CZ","Středočeský kraj","CZ020","Nymburk","CZ0208","Rodinné domy [Kč/m2]","10302","2022","2022","44666"
"Průměrná jednotková kupní cena nemovitosti","7432","Celkem","0","Česko","CZ","Středočeský kraj","CZ020","Nymburk","CZ0208","Rodinné domy [Kč/m2]","10302","2020-2022","2020-2022","37713"
"Průměrná jednotková kupní cena nemovitosti","7432","Celkem","0","Česko","CZ","Středočeský kraj","CZ020","Nymburk","CZ0208","Rodinné domy [Kč/m2]","10302","2023","2023","44583"
"Průměrná jednotková kupní cena nemovitosti","7432","Celkem","0","Česko","CZ","Středočeský kraj","CZ020","Nymburk","CZ0208","Rodinné domy [Kč/m2]","10302","2021-2023","2021-2023","42486"
"Průměrná jednotková kupní cena nemovitosti","7432","Celkem","0","Česko","CZ","Středočeský kraj","CZ020","Nymburk","CZ0208","Rodinné domy [Kč/m2]","10302","2024","2024","48765"
"Průměrná jednotková kupní cena nemovitosti","7432","Celkem","0","Česko","CZ","Středočeský kraj","CZ020","Nymburk","CZ0208","Rodinné domy [Kč/m2]","10302","2022-2024","2022-2024","46131"
"Průměrná jednotková kupní cena nemovitosti","7432","Celkem","0","Česko","CZ","Středočeský kraj","CZ020","Nymburk","CZ0208","Rodinné domy [Kč/m2]","10302","2025","2025","52299"
"Průměrná jednotková kupní cena nemovitosti","7432","Celkem","0","Česko","CZ","Středočeský kraj","CZ020","Nymburk","CZ0208","Byty [Kč/m2]","10602","2019","2019","31373"
"Průměrná jednotková kupní cena nemovitosti","7432","Celkem","0","Česko","CZ","Středočeský kraj","CZ020","Nymburk","CZ0208","Byty [Kč/m2]","10602","2020","2020","35228"
"Průměrná jednotková kupní cena nemovitosti","7432","Celkem","0","Česko","CZ","Středočeský kraj","CZ020","Nymburk","CZ0208","Byty [Kč/m2]","10602","2021","2021","43119"
"Průměrná jednotková kupní cena nemovitosti","7432","Celkem","0","Česko","CZ","Středočeský kraj","CZ020","Nymburk","CZ0208","Byty [Kč/m2]","10602","2019-2021","2019-2021","36783"
"Průměrná jednotková kupní cena nemovitosti","7432","Celkem","0","Česko","CZ","Středočeský kraj","CZ020","Nymburk","CZ0208","Byty [Kč/m2]","10602","2022","2022","51306"
"Průměrná jednotková kupní cena nemovitosti","7432","Celkem","0","Česko","CZ","Středočeský kraj","CZ020","Nymburk","CZ0208","Byty [Kč/m2]","10602","2020-2022","2020-2022","43106"
"Průměrná jednotková kupní cena nemovitosti","7432","Celkem","0","Česko","CZ","Středočeský kraj","CZ020","Nymburk","CZ0208","Byty [Kč/m2]","10602","2023","2023","48794"
"Průměrná jednotková kupní cena nemovitosti","7432","Celkem","0","Česko","CZ","Středočeský kraj","CZ020","Nymburk","CZ0208","Byty [Kč/m2]","10602","2021-2023","2021-2023","47413"
"Průměrná jednotková kupní cena nemovitosti","7432","Celkem","0","Česko","CZ","Středočeský kraj","CZ020","Nymburk","CZ0208","Byty [Kč/m2]","10602","2024","2024","58552"
"Průměrná jednotková kupní cena nemovitosti","7432","Celkem","0","Česko","CZ","Středočeský kraj","CZ020","Nymburk","CZ0208","Byty [Kč/m2]","10602","2022-2024","2022-2024","53290"
"Průměrná jednotková kupní cena nemovitosti","7432","Celkem","0","Česko","CZ","Středočeský kraj","CZ020","Nymburk","CZ0208","Byty [Kč/m2]","10602","2025","2025","63560"
"Průměrná jednotková kupní cena nemovitosti","7432","Celkem","0","Česko","CZ","Středočeský kraj","CZ020","Praha-východ","CZ0209","Rodinné domy [Kč/m2]","10302","2019","2019","55763"
"Průměrná jednotková kupní cena nemovitosti","7432","Celkem","0","Česko","CZ","Středočeský kraj","CZ020","Praha-východ","CZ0209","Rodinné domy [Kč/m2]","10302","2020","2020","64587"
"Průměrná jednotková kupní cena nemovitosti","7432","Celkem","0","Česko","CZ","Středočeský kraj","CZ020","Praha-východ","CZ0209","Rodinné domy [Kč/m2]","10302","2021","2021","82717"
"Průměrná jednotková kupní cena nemovitosti","7432","Celkem","0","Česko","CZ","Středočeský kraj","CZ020","Praha-východ","CZ0209","Rodinné domy [Kč/m2]","10302","2019-2021","2019-2021","66825"
"Průměrná jednotková kupní cena nemovitosti","7432","Celkem","0","Česko","CZ","Středočeský kraj","CZ020","Praha-východ","CZ0209","Rodinné domy [Kč/m2]","10302","2022","2022","96276"
"Průměrná jednotková kupní cena nemovitosti","7432","Celkem","0","Česko","CZ","Středočeský kraj","CZ020","Praha-východ","CZ0209","Rodinné domy [Kč/m2]","10302","2020-2022","2020-2022","78744"
"Průměrná jednotková kupní cena nemovitosti","7432","Celkem","0","Česko","CZ","Středočeský kraj","CZ020","Praha-východ","CZ0209","Rodinné domy [Kč/m2]","10302","2023","2023","88141"
"Průměrná jednotková kupní cena nemovitosti","7432","Celkem","0","Česko","CZ","Středočeský kraj","CZ020","Praha-východ","CZ0209","Rodinné domy [Kč/m2]","10302","2021-2023","2021-2023","87665"
"Průměrná jednotková kupní cena nemovitosti","7432","Celkem","0","Česko","CZ","Středočeský kraj","CZ020","Praha-východ","CZ0209","Rodinné domy [Kč/m2]","10302","2024","2024","91903"
"Průměrná jednotková kupní cena nemovitosti","7432","Celkem","0","Česko","CZ","Středočeský kraj","CZ020","Praha-východ","CZ0209","Rodinné domy [Kč/m2]","10302","2022-2024","2022-2024","92215"
"Průměrná jednotková kupní cena nemovitosti","7432","Celkem","0","Česko","CZ","Středočeský kraj","CZ020","Praha-východ","CZ0209","Rodinné domy [Kč/m2]","10302","2025","2025","99613"
"Průměrná jednotková kupní cena nemovitosti","7432","Celkem","0","Česko","CZ","Středočeský kraj","CZ020","Praha-východ","CZ0209","Byty [Kč/m2]","10602","2019","2019","31395"
"Průměrná jednotková kupní cena nemovitosti","7432","Celkem","0","Česko","CZ","Středočeský kraj","CZ020","Praha-východ","CZ0209","Byty [Kč/m2]","10602","2020","2020","38838"
"Průměrná jednotková kupní cena nemovitosti","7432","Celkem","0","Česko","CZ","Středočeský kraj","CZ020","Praha-východ","CZ0209","Byty [Kč/m2]","10602","2021","2021","51399"
"Průměrná jednotková kupní cena nemovitosti","7432","Celkem","0","Česko","CZ","Středočeský kraj","CZ020","Praha-východ","CZ0209","Byty [Kč/m2]","10602","2019-2021","2019-2021","40851"
"Průměrná jednotková kupní cena nemovitosti","7432","Celkem","0","Česko","CZ","Středočeský kraj","CZ020","Praha-východ","CZ0209","Byty [Kč/m2]","10602","2022","2022","54602"
"Průměrná jednotková kupní cena nemovitosti","7432","Celkem","0","Česko","CZ","Středočeský kraj","CZ020","Praha-východ","CZ0209","Byty [Kč/m2]","10602","2020-2022","2020-2022","48614"
"Průměrná jednotková kupní cena nemovitosti","7432","Celkem","0","Česko","CZ","Středočeský kraj","CZ020","Praha-východ","CZ0209","Byty [Kč/m2]","10602","2023","2023","55416"
"Průměrná jednotková kupní cena nemovitosti","7432","Celkem","0","Česko","CZ","Středočeský kraj","CZ020","Praha-východ","CZ0209","Byty [Kč/m2]","10602","2021-2023","2021-2023","53641"
"Průměrná jednotková kupní cena nemovitosti","7432","Celkem","0","Česko","CZ","Středočeský kraj","CZ020","Praha-východ","CZ0209","Byty [Kč/m2]","10602","2024","2024","59386"
"Průměrná jednotková kupní cena nemovitosti","7432","Celkem","0","Česko","CZ","Středočeský kraj","CZ020","Praha-východ","CZ0209","Byty [Kč/m2]","10602","2022-2024","2022-2024","56657"
"Průměrná jednotková kupní cena nemovitosti","7432","Celkem","0","Česko","CZ","Středočeský kraj","CZ020","Praha-východ","CZ0209","Byty [Kč/m2]","10602","2025","2025","69757"
"Průměrná jednotková kupní cena nemovitosti","7432","Celkem","0","Česko","CZ","Středočeský kraj","CZ020","Praha-západ","CZ020A","Rodinné domy [Kč/m2]","10302","2019","2019","56992"
"Průměrná jednotková kupní cena nemovitosti","7432","Celkem","0","Česko","CZ","Středočeský kraj","CZ020","Praha-západ","CZ020A","Rodinné domy [Kč/m2]","10302","2020","2020","63822"
"Průměrná jednotková kupní cena nemovitosti","7432","Celkem","0","Česko","CZ","Středočeský kraj","CZ020","Praha-západ","CZ020A","Rodinné domy [Kč/m2]","10302","2021","2021","76225"
"Průměrná jednotková kupní cena nemovitosti","7432","Celkem","0","Česko","CZ","Středočeský kraj","CZ020","Praha-západ","CZ020A","Rodinné domy [Kč/m2]","10302","2019-2021","2019-2021","65009"
"Průměrná jednotková kupní cena nemovitosti","7432","Celkem","0","Česko","CZ","Středočeský kraj","CZ020","Praha-západ","CZ020A","Rodinné domy [Kč/m2]","10302","2022","2022","95020"
"Průměrná jednotková kupní cena nemovitosti","7432","Celkem","0","Česko","CZ","Středočeský kraj","CZ020","Praha-západ","CZ020A","Rodinné domy [Kč/m2]","10302","2020-2022","2020-2022","75499"
"Průměrná jednotková kupní cena nemovitosti","7432","Celkem","0","Česko","CZ","Středočeský kraj","CZ020","Praha-západ","CZ020A","Rodinné domy [Kč/m2]","10302","2023","2023","88980"
"Průměrná jednotková kupní cena nemovitosti","7432","Celkem","0","Česko","CZ","Středočeský kraj","CZ020","Praha-západ","CZ020A","Rodinné domy [Kč/m2]","10302","2021-2023","2021-2023","85231"
"Průměrná jednotková kupní cena nemovitosti","7432","Celkem","0","Česko","CZ","Středočeský kraj","CZ020","Praha-západ","CZ020A","Rodinné domy [Kč/m2]","10302","2024","2024","90540"
"Průměrná jednotková kupní cena nemovitosti","7432","Celkem","0","Česko","CZ","Středočeský kraj","CZ020","Praha-západ","CZ020A","Rodinné domy [Kč/m2]","10302","2022-2024","2022-2024","91402"
"Průměrná jednotková kupní cena nemovitosti","7432","Celkem","0","Česko","CZ","Středočeský kraj","CZ020","Praha-západ","CZ020A","Rodinné domy [Kč/m2]","10302","2025","2025","97500"
"Průměrná jednotková kupní cena nemovitosti","7432","Celkem","0","Česko","CZ","Středočeský kraj","CZ020","Praha-západ","CZ020A","Byty [Kč/m2]","10602","2019","2019","31630"
"Průměrná jednotková kupní cena nemovitosti","7432","Celkem","0","Česko","CZ","Středočeský kraj","CZ020","Praha-západ","CZ020A","Byty [Kč/m2]","10602","2020","2020","39639"
"Průměrná jednotková kupní cena nemovitosti","7432","Celkem","0","Česko","CZ","Středočeský kraj","CZ020","Praha-západ","CZ020A","Byty [Kč/m2]","10602","2021","2021","46419"
"Průměrná jednotková kupní cena nemovitosti","7432","Celkem","0","Česko","CZ","Středočeský kraj","CZ020","Praha-západ","CZ020A","Byty [Kč/m2]","10602","2019-2021","2019-2021","40484"
"Průměrná jednotková kupní cena nemovitosti","7432","Celkem","0","Česko","CZ","Středočeský kraj","CZ020","Praha-západ","CZ020A","Byty [Kč/m2]","10602","2022","2022","53379"
"Průměrná jednotková kupní cena nemovitosti","7432","Celkem","0","Česko","CZ","Středočeský kraj","CZ020","Praha-západ","CZ020A","Byty [Kč/m2]","10602","2020-2022","2020-2022","46503"
"Průměrná jednotková kupní cena nemovitosti","7432","Celkem","0","Česko","CZ","Středočeský kraj","CZ020","Praha-západ","CZ020A","Byty [Kč/m2]","10602","2023","2023","51949"
"Průměrná jednotková kupní cena nemovitosti","7432","Celkem","0","Česko","CZ","Středočeský kraj","CZ020","Praha-západ","CZ020A","Byty [Kč/m2]","10602","2021-2023","2021-2023","49774"
"Průměrná jednotková kupní cena nemovitosti","7432","Celkem","0","Česko","CZ","Středočeský kraj","CZ020","Praha-západ","CZ020A","Byty [Kč/m2]","10602","2024","2024","58160"
"Průměrná jednotková kupní cena nemovitosti","7432","Celkem","0","Česko","CZ","Středočeský kraj","CZ020","Praha-západ","CZ020A","Byty [Kč/m2]","10602","2022-2024","2022-2024","55162"
"Průměrná jednotková kupní cena nemovitosti","7432","Celkem","0","Česko","CZ","Středočeský kraj","CZ020","Praha-západ","CZ020A","Byty [Kč/m2]","10602","2025","2025","70621"
"Průměrná jednotková kupní cena nemovitosti","7432","Celkem","0","Česko","CZ","Středočeský kraj","CZ020","Příbram","CZ020B","Rodinné domy [Kč/m2]","10302","2019","2019","29090"
"Průměrná jednotková kupní cena nemovitosti","7432","Celkem","0","Česko","CZ","Středočeský kraj","CZ020","Příbram","CZ020B","Rodinné domy [Kč/m2]","10302","2020","2020","32368"
"Průměrná jednotková kupní cena nemovitosti","7432","Celkem","0","Česko","CZ","Středočeský kraj","CZ020","Příbram","CZ020B","Rodinné domy [Kč/m2]","10302","2021","2021","41104"
"Průměrná jednotková kupní cena nemovitosti","7432","Celkem","0","Česko","CZ","Středočeský kraj","CZ020","Příbram","CZ020B","Rodinné domy [Kč/m2]","10302","2019-2021","2019-2021","34790"
"Průměrná jednotková kupní cena nemovitosti","7432","Celkem","0","Česko","CZ","Středočeský kraj","CZ020","Příbram","CZ020B","Rodinné domy [Kč/m2]","10302","2022","2022","43076"
"Průměrná jednotková kupní cena nemovitosti","7432","Celkem","0","Česko","CZ","Středočeský kraj","CZ020","Příbram","CZ020B","Rodinné domy [Kč/m2]","10302","2020-2022","2020-2022","38983"
"Průměrná jednotková kupní cena nemovitosti","7432","Celkem","0","Česko","CZ","Středočeský kraj","CZ020","Příbram","CZ020B","Rodinné domy [Kč/m2]","10302","2023","2023","43805"
"Průměrná jednotková kupní cena nemovitosti","7432","Celkem","0","Česko","CZ","Středočeský kraj","CZ020","Příbram","CZ020B","Rodinné domy [Kč/m2]","10302","2021-2023","2021-2023","42466"
"Průměrná jednotková kupní cena nemovitosti","7432","Celkem","0","Česko","CZ","Středočeský kraj","CZ020","Příbram","CZ020B","Rodinné domy [Kč/m2]","10302","2024","2024","46002"
"Průměrná jednotková kupní cena nemovitosti","7432","Celkem","0","Česko","CZ","Středočeský kraj","CZ020","Příbram","CZ020B","Rodinné domy [Kč/m2]","10302","2022-2024","2022-2024","44396"
"Průměrná jednotková kupní cena nemovitosti","7432","Celkem","0","Česko","CZ","Středočeský kraj","CZ020","Příbram","CZ020B","Rodinné domy [Kč/m2]","10302","2025","2025","50119"
"Průměrná jednotková kupní cena nemovitosti","7432","Celkem","0","Česko","CZ","Středočeský kraj","CZ020","Příbram","CZ020B","Byty [Kč/m2]","10602","2019","2019","28186"
"Průměrná jednotková kupní cena nemovitosti","7432","Celkem","0","Česko","CZ","Středočeský kraj","CZ020","Příbram","CZ020B","Byty [Kč/m2]","10602","2020","2020","32921"
"Průměrná jednotková kupní cena nemovitosti","7432","Celkem","0","Česko","CZ","Středočeský kraj","CZ020","Příbram","CZ020B","Byty [Kč/m2]","10602","2021","2021","42092"
"Průměrná jednotková kupní cena nemovitosti","7432","Celkem","0","Česko","CZ","Středočeský kraj","CZ020","Příbram","CZ020B","Byty [Kč/m2]","10602","2019-2021","2019-2021","34241"
"Průměrná jednotková kupní cena nemovitosti","7432","Celkem","0","Česko","CZ","Středočeský kraj","CZ020","Příbram","CZ020B","Byty [Kč/m2]","10602","2022","2022","51795"
"Průměrná jednotková kupní cena nemovitosti","7432","Celkem","0","Česko","CZ","Středočeský kraj","CZ020","Příbram","CZ020B","Byty [Kč/m2]","10602","2020-2022","2020-2022","41085"
"Průměrná jednotková kupní cena nemovitosti","7432","Celkem","0","Česko","CZ","Středočeský kraj","CZ020","Příbram","CZ020B","Byty [Kč/m2]","10602","2023","2023","47766"
"Průměrná jednotková kupní cena nemovitosti","7432","Celkem","0","Česko","CZ","Středočeský kraj","CZ020","Příbram","CZ020B","Byty [Kč/m2]","10602","2021-2023","2021-2023","46812"
"Průměrná jednotková kupní cena nemovitosti","7432","Celkem","0","Česko","CZ","Středočeský kraj","CZ020","Příbram","CZ020B","Byty [Kč/m2]","10602","2024","2024","51719"
"Průměrná jednotková kupní cena nemovitosti","7432","Celkem","0","Česko","CZ","Středočeský kraj","CZ020","Příbram","CZ020B","Byty [Kč/m2]","10602","2022-2024","2022-2024","50494"
"Průměrná jednotková kupní cena nemovitosti","7432","Celkem","0","Česko","CZ","Středočeský kraj","CZ020","Příbram","CZ020B","Byty [Kč/m2]","10602","2025","2025","58945"
"Průměrná jednotková kupní cena nemovitosti","7432","Celkem","0","Česko","CZ","Středočeský kraj","CZ020","Rakovník","CZ020C","Rodinné domy [Kč/m2]","10302","2019","2019","26638"
"Průměrná jednotková kupní cena nemovitosti","7432","Celkem","0","Česko","CZ","Středočeský kraj","CZ020","Rakovník","CZ020C","Rodinné domy [Kč/m2]","10302","2020","2020","31163"
"Průměrná jednotková kupní cena nemovitosti","7432","Celkem","0","Česko","CZ","Středočeský kraj","CZ020","Rakovník","CZ020C","Rodinné domy [Kč/m2]","10302","2021","2021","38461"
"Průměrná jednotková kupní cena nemovitosti","7432","Celkem","0","Česko","CZ","Středočeský kraj","CZ020","Rakovník","CZ020C","Rodinné domy [Kč/m2]","10302","2019-2021","2019-2021","31580"
"Průměrná jednotková kupní cena nemovitosti","7432","Celkem","0","Česko","CZ","Středočeský kraj","CZ020","Rakovník","CZ020C","Rodinné domy [Kč/m2]","10302","2022","2022","41744"
"Průměrná jednotková kupní cena nemovitosti","7432","Celkem","0","Česko","CZ","Středočeský kraj","CZ020","Rakovník","CZ020C","Rodinné domy [Kč/m2]","10302","2020-2022","2020-2022","35839"
"Průměrná jednotková kupní cena nemovitosti","7432","Celkem","0","Česko","CZ","Středočeský kraj","CZ020","Rakovník","CZ020C","Rodinné domy [Kč/m2]","10302","2023","2023","41213"
"Průměrná jednotková kupní cena nemovitosti","7432","Celkem","0","Česko","CZ","Středočeský kraj","CZ020","Rakovník","CZ020C","Rodinné domy [Kč/m2]","10302","2021-2023","2021-2023","40315"
"Průměrná jednotková kupní cena nemovitosti","7432","Celkem","0","Česko","CZ","Středočeský kraj","CZ020","Rakovník","CZ020C","Rodinné domy [Kč/m2]","10302","2024","2024","47385"
"Průměrná jednotková kupní cena nemovitosti","7432","Celkem","0","Česko","CZ","Středočeský kraj","CZ020","Rakovník","CZ020C","Rodinné domy [Kč/m2]","10302","2022-2024","2022-2024","43588"
"Průměrná jednotková kupní cena nemovitosti","7432","Celkem","0","Česko","CZ","Středočeský kraj","CZ020","Rakovník","CZ020C","Rodinné domy [Kč/m2]","10302","2025","2025","43358"
"Průměrná jednotková kupní cena nemovitosti","7432","Celkem","0","Česko","CZ","Středočeský kraj","CZ020","Rakovník","CZ020C","Byty [Kč/m2]","10602","2019","2019","28820"
"Průměrná jednotková kupní cena nemovitosti","7432","Celkem","0","Česko","CZ","Středočeský kraj","CZ020","Rakovník","CZ020C","Byty [Kč/m2]","10602","2020","2020","29322"
"Průměrná jednotková kupní cena nemovitosti","7432","Celkem","0","Česko","CZ","Středočeský kraj","CZ020","Rakovník","CZ020C","Byty [Kč/m2]","10602","2021","2021","39278"
"Průměrná jednotková kupní cena nemovitosti","7432","Celkem","0","Česko","CZ","Středočeský kraj","CZ020","Rakovník","CZ020C","Byty [Kč/m2]","10602","2019-2021","2019-2021","32342"
"Průměrná jednotková kupní cena nemovitosti","7432","Celkem","0","Česko","CZ","Středočeský kraj","CZ020","Rakovník","CZ020C","Byty [Kč/m2]","10602","2022","2022","43105"
"Průměrná jednotková kupní cena nemovitosti","7432","Celkem","0","Česko","CZ","Středočeský kraj","CZ020","Rakovník","CZ020C","Byty [Kč/m2]","10602","2020-2022","2020-2022","36347"
"Průměrná jednotková kupní cena nemovitosti","7432","Celkem","0","Česko","CZ","Středočeský kraj","CZ020","Rakovník","CZ020C","Byty [Kč/m2]","10602","2023","2023","47241"
"Průměrná jednotková kupní cena nemovitosti","7432","Celkem","0","Česko","CZ","Středočeský kraj","CZ020","Rakovník","CZ020C","Byty [Kč/m2]","10602","2021-2023","2021-2023","42512"
"Průměrná jednotková kupní cena nemovitosti","7432","Celkem","0","Česko","CZ","Středočeský kraj","CZ020","Rakovník","CZ020C","Byty [Kč/m2]","10602","2024","2024","46063"
"Průměrná jednotková kupní cena nemovitosti","7432","Celkem","0","Česko","CZ","Středočeský kraj","CZ020","Rakovník","CZ020C","Byty [Kč/m2]","10602","2022-2024","2022-2024","45505"
"Průměrná jednotková kupní cena nemovitosti","7432","Celkem","0","Česko","CZ","Středočeský kraj","CZ020","Rakovník","CZ020C","Byty [Kč/m2]","10602","2025","2025","50246"
"Průměrná jednotková kupní cena nemovitosti","7432","Celkem","0","Česko","CZ","Jihočeský kraj","CZ031","České Budějovice","CZ0311","Rodinné domy [Kč/m2]","10302","2019","2019","35898"
"Průměrná jednotková kupní cena nemovitosti","7432","Celkem","0","Česko","CZ","Jihočeský kraj","CZ031","České Budějovice","CZ0311","Rodinné domy [Kč/m2]","10302","2020","2020","38666"
"Průměrná jednotková kupní cena nemovitosti","7432","Celkem","0","Česko","CZ","Jihočeský kraj","CZ031","České Budějovice","CZ0311","Rodinné domy [Kč/m2]","10302","2021","2021","46406"
"Průměrná jednotková kupní cena nemovitosti","7432","Celkem","0","Česko","CZ","Jihočeský kraj","CZ031","České Budějovice","CZ0311","Rodinné domy [Kč/m2]","10302","2019-2021","2019-2021","39909"
"Průměrná jednotková kupní cena nemovitosti","7432","Celkem","0","Česko","CZ","Jihočeský kraj","CZ031","České Budějovice","CZ0311","Rodinné domy [Kč/m2]","10302","2022","2022","57436"
"Průměrná jednotková kupní cena nemovitosti","7432","Celkem","0","Česko","CZ","Jihočeský kraj","CZ031","České Budějovice","CZ0311","Rodinné domy [Kč/m2]","10302","2020-2022","2020-2022","45061"
"Průměrná jednotková kupní cena nemovitosti","7432","Celkem","0","Česko","CZ","Jihočeský kraj","CZ031","České Budějovice","CZ0311","Rodinné domy [Kč/m2]","10302","2023","2023","53362"
"Průměrná jednotková kupní cena nemovitosti","7432","Celkem","0","Česko","CZ","Jihočeský kraj","CZ031","České Budějovice","CZ0311","Rodinné domy [Kč/m2]","10302","2021-2023","2021-2023","51072"
"Průměrná jednotková kupní cena nemovitosti","7432","Celkem","0","Česko","CZ","Jihočeský kraj","CZ031","České Budějovice","CZ0311","Rodinné domy [Kč/m2]","10302","2024","2024","55336"
"Průměrná jednotková kupní cena nemovitosti","7432","Celkem","0","Česko","CZ","Jihočeský kraj","CZ031","České Budějovice","CZ0311","Rodinné domy [Kč/m2]","10302","2022-2024","2022-2024","55217"
"Průměrná jednotková kupní cena nemovitosti","7432","Celkem","0","Česko","CZ","Jihočeský kraj","CZ031","České Budějovice","CZ0311","Rodinné domy [Kč/m2]","10302","2025","2025","57903"
"Průměrná jednotková kupní cena nemovitosti","7432","Celkem","0","Česko","CZ","Jihočeský kraj","CZ031","České Budějovice","CZ0311","Byty [Kč/m2]","10602","2019","2019","34592"
"Průměrná jednotková kupní cena nemovitosti","7432","Celkem","0","Česko","CZ","Jihočeský kraj","CZ031","České Budějovice","CZ0311","Byty [Kč/m2]","10602","2020","2020","40866"
"Průměrná jednotková kupní cena nemovitosti","7432","Celkem","0","Česko","CZ","Jihočeský kraj","CZ031","České Budějovice","CZ0311","Byty [Kč/m2]","10602","2021","2021","50672"
"Průměrná jednotková kupní cena nemovitosti","7432","Celkem","0","Česko","CZ","Jihočeský kraj","CZ031","České Budějovice","CZ0311","Byty [Kč/m2]","10602","2019-2021","2019-2021","42683"
"Průměrná jednotková kupní cena nemovitosti","7432","Celkem","0","Česko","CZ","Jihočeský kraj","CZ031","České Budějovice","CZ0311","Byty [Kč/m2]","10602","2022","2022","58867"
"Průměrná jednotková kupní cena nemovitosti","7432","Celkem","0","Česko","CZ","Jihočeský kraj","CZ031","České Budějovice","CZ0311","Byty [Kč/m2]","10602","2020-2022","2020-2022","49473"
"Průměrná jednotková kupní cena nemovitosti","7432","Celkem","0","Česko","CZ","Jihočeský kraj","CZ031","České Budějovice","CZ0311","Byty [Kč/m2]","10602","2023","2023","53879"
"Průměrná jednotková kupní cena nemovitosti","7432","Celkem","0","Česko","CZ","Jihočeský kraj","CZ031","České Budějovice","CZ0311","Byty [Kč/m2]","10602","2021-2023","2021-2023","53925"
"Průměrná jednotková kupní cena nemovitosti","7432","Celkem","0","Česko","CZ","Jihočeský kraj","CZ031","České Budějovice","CZ0311","Byty [Kč/m2]","10602","2024","2024","59499"
"Průměrná jednotková kupní cena nemovitosti","7432","Celkem","0","Česko","CZ","Jihočeský kraj","CZ031","České Budějovice","CZ0311","Byty [Kč/m2]","10602","2022-2024","2022-2024","57699"
"Průměrná jednotková kupní cena nemovitosti","7432","Celkem","0","Česko","CZ","Jihočeský kraj","CZ031","České Budějovice","CZ0311","Byty [Kč/m2]","10602","2025","2025","69348"
"Průměrná jednotková kupní cena nemovitosti","7432","Celkem","0","Česko","CZ","Jihočeský kraj","CZ031","Český Krumlov","CZ0312","Rodinné domy [Kč/m2]","10302","2019","2019","28417"
"Průměrná jednotková kupní cena nemovitosti","7432","Celkem","0","Česko","CZ","Jihočeský kraj","CZ031","Český Krumlov","CZ0312","Rodinné domy [Kč/m2]","10302","2020","2020","30159"
"Průměrná jednotková kupní cena nemovitosti","7432","Celkem","0","Česko","CZ","Jihočeský kraj","CZ031","Český Krumlov","CZ0312","Rodinné domy [Kč/m2]","10302","2021","2021","41795"
"Průměrná jednotková kupní cena nemovitosti","7432","Celkem","0","Česko","CZ","Jihočeský kraj","CZ031","Český Krumlov","CZ0312","Rodinné domy [Kč/m2]","10302","2019-2021","2019-2021","32964"
"Průměrná jednotková kupní cena nemovitosti","7432","Celkem","0","Česko","CZ","Jihočeský kraj","CZ031","Český Krumlov","CZ0312","Rodinné domy [Kč/m2]","10302","2022","2022","41085"
"Průměrná jednotková kupní cena nemovitosti","7432","Celkem","0","Česko","CZ","Jihočeský kraj","CZ031","Český Krumlov","CZ0312","Rodinné domy [Kč/m2]","10302","2020-2022","2020-2022","36262"
"Průměrná jednotková kupní cena nemovitosti","7432","Celkem","0","Česko","CZ","Jihočeský kraj","CZ031","Český Krumlov","CZ0312","Rodinné domy [Kč/m2]","10302","2023","2023","47101"
"Průměrná jednotková kupní cena nemovitosti","7432","Celkem","0","Česko","CZ","Jihočeský kraj","CZ031","Český Krumlov","CZ0312","Rodinné domy [Kč/m2]","10302","2021-2023","2021-2023","42653"
"Průměrná jednotková kupní cena nemovitosti","7432","Celkem","0","Česko","CZ","Jihočeský kraj","CZ031","Český Krumlov","CZ0312","Rodinné domy [Kč/m2]","10302","2024","2024","48000"
"Průměrná jednotková kupní cena nemovitosti","7432","Celkem","0","Česko","CZ","Jihočeský kraj","CZ031","Český Krumlov","CZ0312","Rodinné domy [Kč/m2]","10302","2022-2024","2022-2024","45751"
"Průměrná jednotková kupní cena nemovitosti","7432","Celkem","0","Česko","CZ","Jihočeský kraj","CZ031","Český Krumlov","CZ0312","Rodinné domy [Kč/m2]","10302","2025","2025","52267"
"Průměrná jednotková kupní cena nemovitosti","7432","Celkem","0","Česko","CZ","Jihočeský kraj","CZ031","Český Krumlov","CZ0312","Byty [Kč/m2]","10602","2019","2019","23614"
"Průměrná jednotková kupní cena nemovitosti","7432","Celkem","0","Česko","CZ","Jihočeský kraj","CZ031","Český Krumlov","CZ0312","Byty [Kč/m2]","10602","2020","2020","27177"
"Průměrná jednotková kupní cena nemovitosti","7432","Celkem","0","Česko","CZ","Jihočeský kraj","CZ031","Český Krumlov","CZ0312","Byty [Kč/m2]","10602","2021","2021","35539"
"Průměrná jednotková kupní cena nemovitosti","7432","Celkem","0","Česko","CZ","Jihočeský kraj","CZ031","Český Krumlov","CZ0312","Byty [Kč/m2]","10602","2019-2021","2019-2021","28973"
"Průměrná jednotková kupní cena nemovitosti","7432","Celkem","0","Česko","CZ","Jihočeský kraj","CZ031","Český Krumlov","CZ0312","Byty [Kč/m2]","10602","2022","2022","45859"
"Průměrná jednotková kupní cena nemovitosti","7432","Celkem","0","Česko","CZ","Jihočeský kraj","CZ031","Český Krumlov","CZ0312","Byty [Kč/m2]","10602","2020-2022","2020-2022","34586"
"Průměrná jednotková kupní cena nemovitosti","7432","Celkem","0","Česko","CZ","Jihočeský kraj","CZ031","Český Krumlov","CZ0312","Byty [Kč/m2]","10602","2023","2023","41396"
"Průměrná jednotková kupní cena nemovitosti","7432","Celkem","0","Česko","CZ","Jihočeský kraj","CZ031","Český Krumlov","CZ0312","Byty [Kč/m2]","10602","2021-2023","2021-2023","39985"
"Průměrná jednotková kupní cena nemovitosti","7432","Celkem","0","Česko","CZ","Jihočeský kraj","CZ031","Český Krumlov","CZ0312","Byty [Kč/m2]","10602","2024","2024","42566"
"Průměrná jednotková kupní cena nemovitosti","7432","Celkem","0","Česko","CZ","Jihočeský kraj","CZ031","Český Krumlov","CZ0312","Byty [Kč/m2]","10602","2022-2024","2022-2024","43211"
"Průměrná jednotková kupní cena nemovitosti","7432","Celkem","0","Česko","CZ","Jihočeský kraj","CZ031","Český Krumlov","CZ0312","Byty [Kč/m2]","10602","2025","2025","51133"
"Průměrná jednotková kupní cena nemovitosti","7432","Celkem","0","Česko","CZ","Jihočeský kraj","CZ031","Jindřichův Hradec","CZ0313","Rodinné domy [Kč/m2]","10302","2019","2019","25147"
"Průměrná jednotková kupní cena nemovitosti","7432","Celkem","0","Česko","CZ","Jihočeský kraj","CZ031","Jindřichův Hradec","CZ0313","Rodinné domy [Kč/m2]","10302","2020","2020","29854"
"Průměrná jednotková kupní cena nemovitosti","7432","Celkem","0","Česko","CZ","Jihočeský kraj","CZ031","Jindřichův Hradec","CZ0313","Rodinné domy [Kč/m2]","10302","2021","2021","36801"
"Průměrná jednotková kupní cena nemovitosti","7432","Celkem","0","Česko","CZ","Jihočeský kraj","CZ031","Jindřichův Hradec","CZ0313","Rodinné domy [Kč/m2]","10302","2019-2021","2019-2021","30353"
"Průměrná jednotková kupní cena nemovitosti","7432","Celkem","0","Česko","CZ","Jihočeský kraj","CZ031","Jindřichův Hradec","CZ0313","Rodinné domy [Kč/m2]","10302","2022","2022","44521"
"Průměrná jednotková kupní cena nemovitosti","7432","Celkem","0","Česko","CZ","Jihočeský kraj","CZ031","Jindřichův Hradec","CZ0313","Rodinné domy [Kč/m2]","10302","2020-2022","2020-2022","36067"
"Průměrná jednotková kupní cena nemovitosti","7432","Celkem","0","Česko","CZ","Jihočeský kraj","CZ031","Jindřichův Hradec","CZ0313","Rodinné domy [Kč/m2]","10302","2023","2023","38302"
"Průměrná jednotková kupní cena nemovitosti","7432","Celkem","0","Česko","CZ","Jihočeský kraj","CZ031","Jindřichův Hradec","CZ0313","Rodinné domy [Kč/m2]","10302","2021-2023","2021-2023","39643"
"Průměrná jednotková kupní cena nemovitosti","7432","Celkem","0","Česko","CZ","Jihočeský kraj","CZ031","Jindřichův Hradec","CZ0313","Rodinné domy [Kč/m2]","10302","2024","2024","42813"
"Průměrná jednotková kupní cena nemovitosti","7432","Celkem","0","Česko","CZ","Jihočeský kraj","CZ031","Jindřichův Hradec","CZ0313","Rodinné domy [Kč/m2]","10302","2022-2024","2022-2024","42076"
"Průměrná jednotková kupní cena nemovitosti","7432","Celkem","0","Česko","CZ","Jihočeský kraj","CZ031","Jindřichův Hradec","CZ0313","Rodinné domy [Kč/m2]","10302","2025","2025","43921"
"Průměrná jednotková kupní cena nemovitosti","7432","Celkem","0","Česko","CZ","Jihočeský kraj","CZ031","Jindřichův Hradec","CZ0313","Byty [Kč/m2]","10602","2019","2019","21557"
"Průměrná jednotková kupní cena nemovitosti","7432","Celkem","0","Česko","CZ","Jihočeský kraj","CZ031","Jindřichův Hradec","CZ0313","Byty [Kč/m2]","10602","2020","2020","27073"
"Průměrná jednotková kupní cena nemovitosti","7432","Celkem","0","Česko","CZ","Jihočeský kraj","CZ031","Jindřichův Hradec","CZ0313","Byty [Kč/m2]","10602","2021","2021","35215"
"Průměrná jednotková kupní cena nemovitosti","7432","Celkem","0","Česko","CZ","Jihočeský kraj","CZ031","Jindřichův Hradec","CZ0313","Byty [Kč/m2]","10602","2019-2021","2019-2021","27598"
"Průměrná jednotková kupní cena nemovitosti","7432","Celkem","0","Česko","CZ","Jihočeský kraj","CZ031","Jindřichův Hradec","CZ0313","Byty [Kč/m2]","10602","2022","2022","44268"
"Průměrná jednotková kupní cena nemovitosti","7432","Celkem","0","Česko","CZ","Jihočeský kraj","CZ031","Jindřichův Hradec","CZ0313","Byty [Kč/m2]","10602","2020-2022","2020-2022","34825"
"Průměrná jednotková kupní cena nemovitosti","7432","Celkem","0","Česko","CZ","Jihočeský kraj","CZ031","Jindřichův Hradec","CZ0313","Byty [Kč/m2]","10602","2023","2023","39401"
"Průměrná jednotková kupní cena nemovitosti","7432","Celkem","0","Česko","CZ","Jihočeský kraj","CZ031","Jindřichův Hradec","CZ0313","Byty [Kč/m2]","10602","2021-2023","2021-2023","39510"
"Průměrná jednotková kupní cena nemovitosti","7432","Celkem","0","Česko","CZ","Jihočeský kraj","CZ031","Jindřichův Hradec","CZ0313","Byty [Kč/m2]","10602","2024","2024","43076"
"Průměrná jednotková kupní cena nemovitosti","7432","Celkem","0","Česko","CZ","Jihočeský kraj","CZ031","Jindřichův Hradec","CZ0313","Byty [Kč/m2]","10602","2022-2024","2022-2024","42508"
"Průměrná jednotková kupní cena nemovitosti","7432","Celkem","0","Česko","CZ","Jihočeský kraj","CZ031","Jindřichův Hradec","CZ0313","Byty [Kč/m2]","10602","2025","2025","45876"
"Průměrná jednotková kupní cena nemovitosti","7432","Celkem","0","Česko","CZ","Jihočeský kraj","CZ031","Písek","CZ0314","Rodinné domy [Kč/m2]","10302","2019","2019","29225"
"Průměrná jednotková kupní cena nemovitosti","7432","Celkem","0","Česko","CZ","Jihočeský kraj","CZ031","Písek","CZ0314","Rodinné domy [Kč/m2]","10302","2020","2020","27815"
"Průměrná jednotková kupní cena nemovitosti","7432","Celkem","0","Česko","CZ","Jihočeský kraj","CZ031","Písek","CZ0314","Rodinné domy [Kč/m2]","10302","2021","2021","29531"
"Průměrná jednotková kupní cena nemovitosti","7432","Celkem","0","Česko","CZ","Jihočeský kraj","CZ031","Písek","CZ0314","Rodinné domy [Kč/m2]","10302","2019-2021","2019-2021","28880"
"Průměrná jednotková kupní cena nemovitosti","7432","Celkem","0","Česko","CZ","Jihočeský kraj","CZ031","Písek","CZ0314","Rodinné domy [Kč/m2]","10302","2022","2022","40710"
"Průměrná jednotková kupní cena nemovitosti","7432","Celkem","0","Česko","CZ","Jihočeský kraj","CZ031","Písek","CZ0314","Rodinné domy [Kč/m2]","10302","2020-2022","2020-2022","32153"
"Průměrná jednotková kupní cena nemovitosti","7432","Celkem","0","Česko","CZ","Jihočeský kraj","CZ031","Písek","CZ0314","Rodinné domy [Kč/m2]","10302","2023","2023","40988"
"Průměrná jednotková kupní cena nemovitosti","7432","Celkem","0","Česko","CZ","Jihočeský kraj","CZ031","Písek","CZ0314","Rodinné domy [Kč/m2]","10302","2021-2023","2021-2023","36648"
"Průměrná jednotková kupní cena nemovitosti","7432","Celkem","0","Česko","CZ","Jihočeský kraj","CZ031","Písek","CZ0314","Rodinné domy [Kč/m2]","10302","2024","2024","49126"
"Průměrná jednotková kupní cena nemovitosti","7432","Celkem","0","Česko","CZ","Jihočeský kraj","CZ031","Písek","CZ0314","Rodinné domy [Kč/m2]","10302","2022-2024","2022-2024","44277"
"Průměrná jednotková kupní cena nemovitosti","7432","Celkem","0","Česko","CZ","Jihočeský kraj","CZ031","Písek","CZ0314","Rodinné domy [Kč/m2]","10302","2025","2025","43222"
"Průměrná jednotková kupní cena nemovitosti","7432","Celkem","0","Česko","CZ","Jihočeský kraj","CZ031","Písek","CZ0314","Byty [Kč/m2]","10602","2019","2019","22930"
"Průměrná jednotková kupní cena nemovitosti","7432","Celkem","0","Česko","CZ","Jihočeský kraj","CZ031","Písek","CZ0314","Byty [Kč/m2]","10602","2020","2020","29591"
"Průměrná jednotková kupní cena nemovitosti","7432","Celkem","0","Česko","CZ","Jihočeský kraj","CZ031","Písek","CZ0314","Byty [Kč/m2]","10602","2021","2021","36682"
"Průměrná jednotková kupní cena nemovitosti","7432","Celkem","0","Česko","CZ","Jihočeský kraj","CZ031","Písek","CZ0314","Byty [Kč/m2]","10602","2019-2021","2019-2021","29770"
"Průměrná jednotková kupní cena nemovitosti","7432","Celkem","0","Česko","CZ","Jihočeský kraj","CZ031","Písek","CZ0314","Byty [Kč/m2]","10602","2022","2022","49989"
"Průměrná jednotková kupní cena nemovitosti","7432","Celkem","0","Česko","CZ","Jihočeský kraj","CZ031","Písek","CZ0314","Byty [Kč/m2]","10602","2020-2022","2020-2022","37693"
"Průměrná jednotková kupní cena nemovitosti","7432","Celkem","0","Česko","CZ","Jihočeský kraj","CZ031","Písek","CZ0314","Byty [Kč/m2]","10602","2023","2023","42975"
"Průměrná jednotková kupní cena nemovitosti","7432","Celkem","0","Česko","CZ","Jihočeský kraj","CZ031","Písek","CZ0314","Byty [Kč/m2]","10602","2021-2023","2021-2023","42332"
"Průměrná jednotková kupní cena nemovitosti","7432","Celkem","0","Česko","CZ","Jihočeský kraj","CZ031","Písek","CZ0314","Byty [Kč/m2]","10602","2024","2024","48047"
"Průměrná jednotková kupní cena nemovitosti","7432","Celkem","0","Česko","CZ","Jihočeský kraj","CZ031","Písek","CZ0314","Byty [Kč/m2]","10602","2022-2024","2022-2024","47113"
"Průměrná jednotková kupní cena nemovitosti","7432","Celkem","0","Česko","CZ","Jihočeský kraj","CZ031","Písek","CZ0314","Byty [Kč/m2]","10602","2025","2025","52887"
"Průměrná jednotková kupní cena nemovitosti","7432","Celkem","0","Česko","CZ","Jihočeský kraj","CZ031","Prachatice","CZ0315","Rodinné domy [Kč/m2]","10302","2019","2019","23403"
"Průměrná jednotková kupní cena nemovitosti","7432","Celkem","0","Česko","CZ","Jihočeský kraj","CZ031","Prachatice","CZ0315","Rodinné domy [Kč/m2]","10302","2020","2020","29571"
"Průměrná jednotková kupní cena nemovitosti","7432","Celkem","0","Česko","CZ","Jihočeský kraj","CZ031","Prachatice","CZ0315","Rodinné domy [Kč/m2]","10302","2021","2021","33644"
"Průměrná jednotková kupní cena nemovitosti","7432","Celkem","0","Česko","CZ","Jihočeský kraj","CZ031","Prachatice","CZ0315","Rodinné domy [Kč/m2]","10302","2019-2021","2019-2021","29999"
"Průměrná jednotková kupní cena nemovitosti","7432","Celkem","0","Česko","CZ","Jihočeský kraj","CZ031","Prachatice","CZ0315","Rodinné domy [Kč/m2]","10302","2022","2022","47947"
"Průměrná jednotková kupní cena nemovitosti","7432","Celkem","0","Česko","CZ","Jihočeský kraj","CZ031","Prachatice","CZ0315","Rodinné domy [Kč/m2]","10302","2020-2022","2020-2022","34448"
"Průměrná jednotková kupní cena nemovitosti","7432","Celkem","0","Česko","CZ","Jihočeský kraj","CZ031","Prachatice","CZ0315","Rodinné domy [Kč/m2]","10302","2023","2023","34261"
"Průměrná jednotková kupní cena nemovitosti","7432","Celkem","0","Česko","CZ","Jihočeský kraj","CZ031","Prachatice","CZ0315","Rodinné domy [Kč/m2]","10302","2021-2023","2021-2023","36280"
"Průměrná jednotková kupní cena nemovitosti","7432","Celkem","0","Česko","CZ","Jihočeský kraj","CZ031","Prachatice","CZ0315","Rodinné domy [Kč/m2]","10302","2024","2024","46696"
"Průměrná jednotková kupní cena nemovitosti","7432","Celkem","0","Česko","CZ","Jihočeský kraj","CZ031","Prachatice","CZ0315","Rodinné domy [Kč/m2]","10302","2022-2024","2022-2024","42458"
"Průměrná jednotková kupní cena nemovitosti","7432","Celkem","0","Česko","CZ","Jihočeský kraj","CZ031","Prachatice","CZ0315","Rodinné domy [Kč/m2]","10302","2025","2025","50374"
"Průměrná jednotková kupní cena nemovitosti","7432","Celkem","0","Česko","CZ","Jihočeský kraj","CZ031","Prachatice","CZ0315","Byty [Kč/m2]","10602","2019","2019","17905"
"Průměrná jednotková kupní cena nemovitosti","7432","Celkem","0","Česko","CZ","Jihočeský kraj","CZ031","Prachatice","CZ0315","Byty [Kč/m2]","10602","2020","2020","22537"
"Průměrná jednotková kupní cena nemovitosti","7432","Celkem","0","Česko","CZ","Jihočeský kraj","CZ031","Prachatice","CZ0315","Byty [Kč/m2]","10602","2021","2021","32179"
"Průměrná jednotková kupní cena nemovitosti","7432","Celkem","0","Česko","CZ","Jihočeský kraj","CZ031","Prachatice","CZ0315","Byty [Kč/m2]","10602","2019-2021","2019-2021","25790"
"Průměrná jednotková kupní cena nemovitosti","7432","Celkem","0","Česko","CZ","Jihočeský kraj","CZ031","Prachatice","CZ0315","Byty [Kč/m2]","10602","2022","2022","35163"
"Průměrná jednotková kupní cena nemovitosti","7432","Celkem","0","Česko","CZ","Jihočeský kraj","CZ031","Prachatice","CZ0315","Byty [Kč/m2]","10602","2020-2022","2020-2022","29742"
"Průměrná jednotková kupní cena nemovitosti","7432","Celkem","0","Česko","CZ","Jihočeský kraj","CZ031","Prachatice","CZ0315","Byty [Kč/m2]","10602","2023","2023","37115"
"Průměrná jednotková kupní cena nemovitosti","7432","Celkem","0","Česko","CZ","Jihočeský kraj","CZ031","Prachatice","CZ0315","Byty [Kč/m2]","10602","2021-2023","2021-2023","34565"
"Průměrná jednotková kupní cena nemovitosti","7432","Celkem","0","Česko","CZ","Jihočeský kraj","CZ031","Prachatice","CZ0315","Byty [Kč/m2]","10602","2024","2024","37746"
"Průměrná jednotková kupní cena nemovitosti","7432","Celkem","0","Česko","CZ","Jihočeský kraj","CZ031","Prachatice","CZ0315","Byty [Kč/m2]","10602","2022-2024","2022-2024","36761"
"Průměrná jednotková kupní cena nemovitosti","7432","Celkem","0","Česko","CZ","Jihočeský kraj","CZ031","Prachatice","CZ0315","Byty [Kč/m2]","10602","2025","2025","44053"
"Průměrná jednotková kupní cena nemovitosti","7432","Celkem","0","Česko","CZ","Jihočeský kraj","CZ031","Strakonice","CZ0316","Rodinné domy [Kč/m2]","10302","2019","2019","28293"
"Průměrná jednotková kupní cena nemovitosti","7432","Celkem","0","Česko","CZ","Jihočeský kraj","CZ031","Strakonice","CZ0316","Rodinné domy [Kč/m2]","10302","2020","2020","30078"
"Průměrná jednotková kupní cena nemovitosti","7432","Celkem","0","Česko","CZ","Jihočeský kraj","CZ031","Strakonice","CZ0316","Rodinné domy [Kč/m2]","10302","2021","2021","35142"
"Průměrná jednotková kupní cena nemovitosti","7432","Celkem","0","Česko","CZ","Jihočeský kraj","CZ031","Strakonice","CZ0316","Rodinné domy [Kč/m2]","10302","2019-2021","2019-2021","31575"
"Průměrná jednotková kupní cena nemovitosti","7432","Celkem","0","Česko","CZ","Jihočeský kraj","CZ031","Strakonice","CZ0316","Rodinné domy [Kč/m2]","10302","2022","2022","41572"
"Průměrná jednotková kupní cena nemovitosti","7432","Celkem","0","Česko","CZ","Jihočeský kraj","CZ031","Strakonice","CZ0316","Rodinné domy [Kč/m2]","10302","2020-2022","2020-2022","34169"
"Průměrná jednotková kupní cena nemovitosti","7432","Celkem","0","Česko","CZ","Jihočeský kraj","CZ031","Strakonice","CZ0316","Rodinné domy [Kč/m2]","10302","2023","2023","36961"
"Průměrná jednotková kupní cena nemovitosti","7432","Celkem","0","Česko","CZ","Jihočeský kraj","CZ031","Strakonice","CZ0316","Rodinné domy [Kč/m2]","10302","2021-2023","2021-2023","36817"
"Průměrná jednotková kupní cena nemovitosti","7432","Celkem","0","Česko","CZ","Jihočeský kraj","CZ031","Strakonice","CZ0316","Rodinné domy [Kč/m2]","10302","2024","2024","49685"
"Průměrná jednotková kupní cena nemovitosti","7432","Celkem","0","Česko","CZ","Jihočeský kraj","CZ031","Strakonice","CZ0316","Rodinné domy [Kč/m2]","10302","2022-2024","2022-2024","43112"
"Průměrná jednotková kupní cena nemovitosti","7432","Celkem","0","Česko","CZ","Jihočeský kraj","CZ031","Strakonice","CZ0316","Rodinné domy [Kč/m2]","10302","2025","2025","48670"
"Průměrná jednotková kupní cena nemovitosti","7432","Celkem","0","Česko","CZ","Jihočeský kraj","CZ031","Strakonice","CZ0316","Byty [Kč/m2]","10602","2019","2019","22643"
"Průměrná jednotková kupní cena nemovitosti","7432","Celkem","0","Česko","CZ","Jihočeský kraj","CZ031","Strakonice","CZ0316","Byty [Kč/m2]","10602","2020","2020","27750"
"Průměrná jednotková kupní cena nemovitosti","7432","Celkem","0","Česko","CZ","Jihočeský kraj","CZ031","Strakonice","CZ0316","Byty [Kč/m2]","10602","2021","2021","36280"
"Průměrná jednotková kupní cena nemovitosti","7432","Celkem","0","Česko","CZ","Jihočeský kraj","CZ031","Strakonice","CZ0316","Byty [Kč/m2]","10602","2019-2021","2019-2021","28957"
"Průměrná jednotková kupní cena nemovitosti","7432","Celkem","0","Česko","CZ","Jihočeský kraj","CZ031","Strakonice","CZ0316","Byty [Kč/m2]","10602","2022","2022","41972"
"Průměrná jednotková kupní cena nemovitosti","7432","Celkem","0","Česko","CZ","Jihočeský kraj","CZ031","Strakonice","CZ0316","Byty [Kč/m2]","10602","2020-2022","2020-2022","35258"
"Průměrná jednotková kupní cena nemovitosti","7432","Celkem","0","Česko","CZ","Jihočeský kraj","CZ031","Strakonice","CZ0316","Byty [Kč/m2]","10602","2023","2023","40722"
"Průměrná jednotková kupní cena nemovitosti","7432","Celkem","0","Česko","CZ","Jihočeský kraj","CZ031","Strakonice","CZ0316","Byty [Kč/m2]","10602","2021-2023","2021-2023","39420"
"Průměrná jednotková kupní cena nemovitosti","7432","Celkem","0","Česko","CZ","Jihočeský kraj","CZ031","Strakonice","CZ0316","Byty [Kč/m2]","10602","2024","2024","43493"
"Průměrná jednotková kupní cena nemovitosti","7432","Celkem","0","Česko","CZ","Jihočeský kraj","CZ031","Strakonice","CZ0316","Byty [Kč/m2]","10602","2022-2024","2022-2024","42184"
"Průměrná jednotková kupní cena nemovitosti","7432","Celkem","0","Česko","CZ","Jihočeský kraj","CZ031","Strakonice","CZ0316","Byty [Kč/m2]","10602","2025","2025","48845"
"Průměrná jednotková kupní cena nemovitosti","7432","Celkem","0","Česko","CZ","Jihočeský kraj","CZ031","Tábor","CZ0317","Rodinné domy [Kč/m2]","10302","2019","2019","25615"
"Průměrná jednotková kupní cena nemovitosti","7432","Celkem","0","Česko","CZ","Jihočeský kraj","CZ031","Tábor","CZ0317","Rodinné domy [Kč/m2]","10302","2020","2020","32778"
"Průměrná jednotková kupní cena nemovitosti","7432","Celkem","0","Česko","CZ","Jihočeský kraj","CZ031","Tábor","CZ0317","Rodinné domy [Kč/m2]","10302","2021","2021","35522"
"Průměrná jednotková kupní cena nemovitosti","7432","Celkem","0","Česko","CZ","Jihočeský kraj","CZ031","Tábor","CZ0317","Rodinné domy [Kč/m2]","10302","2019-2021","2019-2021","31469"
"Průměrná jednotková kupní cena nemovitosti","7432","Celkem","0","Česko","CZ","Jihočeský kraj","CZ031","Tábor","CZ0317","Rodinné domy [Kč/m2]","10302","2022","2022","43611"
"Průměrná jednotková kupní cena nemovitosti","7432","Celkem","0","Česko","CZ","Jihočeský kraj","CZ031","Tábor","CZ0317","Rodinné domy [Kč/m2]","10302","2020-2022","2020-2022","36431"
"Průměrná jednotková kupní cena nemovitosti","7432","Celkem","0","Česko","CZ","Jihočeský kraj","CZ031","Tábor","CZ0317","Rodinné domy [Kč/m2]","10302","2023","2023","45426"
"Průměrná jednotková kupní cena nemovitosti","7432","Celkem","0","Česko","CZ","Jihočeský kraj","CZ031","Tábor","CZ0317","Rodinné domy [Kč/m2]","10302","2021-2023","2021-2023","41606"
"Průměrná jednotková kupní cena nemovitosti","7432","Celkem","0","Česko","CZ","Jihočeský kraj","CZ031","Tábor","CZ0317","Rodinné domy [Kč/m2]","10302","2024","2024","43721"
"Průměrná jednotková kupní cena nemovitosti","7432","Celkem","0","Česko","CZ","Jihočeský kraj","CZ031","Tábor","CZ0317","Rodinné domy [Kč/m2]","10302","2022-2024","2022-2024","44268"
"Průměrná jednotková kupní cena nemovitosti","7432","Celkem","0","Česko","CZ","Jihočeský kraj","CZ031","Tábor","CZ0317","Rodinné domy [Kč/m2]","10302","2025","2025","52303"
"Průměrná jednotková kupní cena nemovitosti","7432","Celkem","0","Česko","CZ","Jihočeský kraj","CZ031","Tábor","CZ0317","Byty [Kč/m2]","10602","2019","2019","24477"
"Průměrná jednotková kupní cena nemovitosti","7432","Celkem","0","Česko","CZ","Jihočeský kraj","CZ031","Tábor","CZ0317","Byty [Kč/m2]","10602","2020","2020","29906"
"Průměrná jednotková kupní cena nemovitosti","7432","Celkem","0","Česko","CZ","Jihočeský kraj","CZ031","Tábor","CZ0317","Byty [Kč/m2]","10602","2021","2021","36884"
"Průměrná jednotková kupní cena nemovitosti","7432","Celkem","0","Česko","CZ","Jihočeský kraj","CZ031","Tábor","CZ0317","Byty [Kč/m2]","10602","2019-2021","2019-2021","30509"
"Průměrná jednotková kupní cena nemovitosti","7432","Celkem","0","Česko","CZ","Jihočeský kraj","CZ031","Tábor","CZ0317","Byty [Kč/m2]","10602","2022","2022","46981"
"Průměrná jednotková kupní cena nemovitosti","7432","Celkem","0","Česko","CZ","Jihočeský kraj","CZ031","Tábor","CZ0317","Byty [Kč/m2]","10602","2020-2022","2020-2022","36988"
"Průměrná jednotková kupní cena nemovitosti","7432","Celkem","0","Česko","CZ","Jihočeský kraj","CZ031","Tábor","CZ0317","Byty [Kč/m2]","10602","2023","2023","41145"
"Průměrná jednotková kupní cena nemovitosti","7432","Celkem","0","Česko","CZ","Jihočeský kraj","CZ031","Tábor","CZ0317","Byty [Kč/m2]","10602","2021-2023","2021-2023","41383"
"Průměrná jednotková kupní cena nemovitosti","7432","Celkem","0","Česko","CZ","Jihočeský kraj","CZ031","Tábor","CZ0317","Byty [Kč/m2]","10602","2024","2024","41573"
"Průměrná jednotková kupní cena nemovitosti","7432","Celkem","0","Česko","CZ","Jihočeský kraj","CZ031","Tábor","CZ0317","Byty [Kč/m2]","10602","2022-2024","2022-2024","43337"
"Průměrná jednotková kupní cena nemovitosti","7432","Celkem","0","Česko","CZ","Jihočeský kraj","CZ031","Tábor","CZ0317","Byty [Kč/m2]","10602","2025","2025","53411"
"Průměrná jednotková kupní cena nemovitosti","7432","Celkem","0","Česko","CZ","Plzeňský kraj","CZ032","Domažlice","CZ0321","Rodinné domy [Kč/m2]","10302","2019","2019","26860"
"Průměrná jednotková kupní cena nemovitosti","7432","Celkem","0","Česko","CZ","Plzeňský kraj","CZ032","Domažlice","CZ0321","Rodinné domy [Kč/m2]","10302","2020","2020","24906"
"Průměrná jednotková kupní cena nemovitosti","7432","Celkem","0","Česko","CZ","Plzeňský kraj","CZ032","Domažlice","CZ0321","Rodinné domy [Kč/m2]","10302","2021","2021","34020"
"Průměrná jednotková kupní cena nemovitosti","7432","Celkem","0","Česko","CZ","Plzeňský kraj","CZ032","Domažlice","CZ0321","Rodinné domy [Kč/m2]","10302","2019-2021","2019-2021","29233"
"Průměrná jednotková kupní cena nemovitosti","7432","Celkem","0","Česko","CZ","Plzeňský kraj","CZ032","Domažlice","CZ0321","Rodinné domy [Kč/m2]","10302","2022","2022","38815"
"Průměrná jednotková kupní cena nemovitosti","7432","Celkem","0","Česko","CZ","Plzeňský kraj","CZ032","Domažlice","CZ0321","Rodinné domy [Kč/m2]","10302","2020-2022","2020-2022","32080"
"Průměrná jednotková kupní cena nemovitosti","7432","Celkem","0","Česko","CZ","Plzeňský kraj","CZ032","Domažlice","CZ0321","Rodinné domy [Kč/m2]","10302","2023","2023","39139"
"Průměrná jednotková kupní cena nemovitosti","7432","Celkem","0","Česko","CZ","Plzeňský kraj","CZ032","Domažlice","CZ0321","Rodinné domy [Kč/m2]","10302","2021-2023","2021-2023","36713"
"Průměrná jednotková kupní cena nemovitosti","7432","Celkem","0","Česko","CZ","Plzeňský kraj","CZ032","Domažlice","CZ0321","Rodinné domy [Kč/m2]","10302","2024","2024","38862"
"Průměrná jednotková kupní cena nemovitosti","7432","Celkem","0","Česko","CZ","Plzeňský kraj","CZ032","Domažlice","CZ0321","Rodinné domy [Kč/m2]","10302","2022-2024","2022-2024","38931"
"Průměrná jednotková kupní cena nemovitosti","7432","Celkem","0","Česko","CZ","Plzeňský kraj","CZ032","Domažlice","CZ0321","Rodinné domy [Kč/m2]","10302","2025","2025","40760"
"Průměrná jednotková kupní cena nemovitosti","7432","Celkem","0","Česko","CZ","Plzeňský kraj","CZ032","Domažlice","CZ0321","Byty [Kč/m2]","10602","2019","2019","24174"
"Průměrná jednotková kupní cena nemovitosti","7432","Celkem","0","Česko","CZ","Plzeňský kraj","CZ032","Domažlice","CZ0321","Byty [Kč/m2]","10602","2020","2020","28721"
"Průměrná jednotková kupní cena nemovitosti","7432","Celkem","0","Česko","CZ","Plzeňský kraj","CZ032","Domažlice","CZ0321","Byty [Kč/m2]","10602","2021","2021","30573"
"Průměrná jednotková kupní cena nemovitosti","7432","Celkem","0","Česko","CZ","Plzeňský kraj","CZ032","Domažlice","CZ0321","Byty [Kč/m2]","10602","2019-2021","2019-2021","27552"
"Průměrná jednotková kupní cena nemovitosti","7432","Celkem","0","Česko","CZ","Plzeňský kraj","CZ032","Domažlice","CZ0321","Byty [Kč/m2]","10602","2022","2022","39267"
"Průměrná jednotková kupní cena nemovitosti","7432","Celkem","0","Česko","CZ","Plzeňský kraj","CZ032","Domažlice","CZ0321","Byty [Kč/m2]","10602","2020-2022","2020-2022","32726"
"Průměrná jednotková kupní cena nemovitosti","7432","Celkem","0","Česko","CZ","Plzeňský kraj","CZ032","Domažlice","CZ0321","Byty [Kč/m2]","10602","2023","2023","36223"
"Průměrná jednotková kupní cena nemovitosti","7432","Celkem","0","Česko","CZ","Plzeňský kraj","CZ032","Domažlice","CZ0321","Byty [Kč/m2]","10602","2021-2023","2021-2023","35358"
"Průměrná jednotková kupní cena nemovitosti","7432","Celkem","0","Česko","CZ","Plzeňský kraj","CZ032","Domažlice","CZ0321","Byty [Kč/m2]","10602","2024","2024","40261"
"Průměrná jednotková kupní cena nemovitosti","7432","Celkem","0","Česko","CZ","Plzeňský kraj","CZ032","Domažlice","CZ0321","Byty [Kč/m2]","10602","2022-2024","2022-2024","38745"
"Průměrná jednotková kupní cena nemovitosti","7432","Celkem","0","Česko","CZ","Plzeňský kraj","CZ032","Domažlice","CZ0321","Byty [Kč/m2]","10602","2025","2025","39584"
"Průměrná jednotková kupní cena nemovitosti","7432","Celkem","0","Česko","CZ","Plzeňský kraj","CZ032","Klatovy","CZ0322","Rodinné domy [Kč/m2]","10302","2019","2019","24009"
"Průměrná jednotková kupní cena nemovitosti","7432","Celkem","0","Česko","CZ","Plzeňský kraj","CZ032","Klatovy","CZ0322","Rodinné domy [Kč/m2]","10302","2020","2020","29315"
"Průměrná jednotková kupní cena nemovitosti","7432","Celkem","0","Česko","CZ","Plzeňský kraj","CZ032","Klatovy","CZ0322","Rodinné domy [Kč/m2]","10302","2021","2021","36723"
"Průměrná jednotková kupní cena nemovitosti","7432","Celkem","0","Česko","CZ","Plzeňský kraj","CZ032","Klatovy","CZ0322","Rodinné domy [Kč/m2]","10302","2019-2021","2019-2021","30542"
"Průměrná jednotková kupní cena nemovitosti","7432","Celkem","0","Česko","CZ","Plzeňský kraj","CZ032","Klatovy","CZ0322","Rodinné domy [Kč/m2]","10302","2022","2022","39782"
"Průměrná jednotková kupní cena nemovitosti","7432","Celkem","0","Česko","CZ","Plzeňský kraj","CZ032","Klatovy","CZ0322","Rodinné domy [Kč/m2]","10302","2020-2022","2020-2022","34206"
"Průměrná jednotková kupní cena nemovitosti","7432","Celkem","0","Česko","CZ","Plzeňský kraj","CZ032","Klatovy","CZ0322","Rodinné domy [Kč/m2]","10302","2023","2023","42230"
"Průměrná jednotková kupní cena nemovitosti","7432","Celkem","0","Česko","CZ","Plzeňský kraj","CZ032","Klatovy","CZ0322","Rodinné domy [Kč/m2]","10302","2021-2023","2021-2023","39190"
"Průměrná jednotková kupní cena nemovitosti","7432","Celkem","0","Česko","CZ","Plzeňský kraj","CZ032","Klatovy","CZ0322","Rodinné domy [Kč/m2]","10302","2024","2024","38727"
"Průměrná jednotková kupní cena nemovitosti","7432","Celkem","0","Česko","CZ","Plzeňský kraj","CZ032","Klatovy","CZ0322","Rodinné domy [Kč/m2]","10302","2022-2024","2022-2024","40279"
"Průměrná jednotková kupní cena nemovitosti","7432","Celkem","0","Česko","CZ","Plzeňský kraj","CZ032","Klatovy","CZ0322","Rodinné domy [Kč/m2]","10302","2025","2025","40876"
"Průměrná jednotková kupní cena nemovitosti","7432","Celkem","0","Česko","CZ","Plzeňský kraj","CZ032","Klatovy","CZ0322","Byty [Kč/m2]","10602","2019","2019","22418"
"Průměrná jednotková kupní cena nemovitosti","7432","Celkem","0","Česko","CZ","Plzeňský kraj","CZ032","Klatovy","CZ0322","Byty [Kč/m2]","10602","2020","2020","26019"
"Průměrná jednotková kupní cena nemovitosti","7432","Celkem","0","Česko","CZ","Plzeňský kraj","CZ032","Klatovy","CZ0322","Byty [Kč/m2]","10602","2021","2021","36296"
"Průměrná jednotková kupní cena nemovitosti","7432","Celkem","0","Česko","CZ","Plzeňský kraj","CZ032","Klatovy","CZ0322","Byty [Kč/m2]","10602","2019-2021","2019-2021","27633"
"Průměrná jednotková kupní cena nemovitosti","7432","Celkem","0","Česko","CZ","Plzeňský kraj","CZ032","Klatovy","CZ0322","Byty [Kč/m2]","10602","2022","2022","45012"
"Průměrná jednotková kupní cena nemovitosti","7432","Celkem","0","Česko","CZ","Plzeňský kraj","CZ032","Klatovy","CZ0322","Byty [Kč/m2]","10602","2020-2022","2020-2022","34897"
"Průměrná jednotková kupní cena nemovitosti","7432","Celkem","0","Česko","CZ","Plzeňský kraj","CZ032","Klatovy","CZ0322","Byty [Kč/m2]","10602","2023","2023","42291"
"Průměrná jednotková kupní cena nemovitosti","7432","Celkem","0","Česko","CZ","Plzeňský kraj","CZ032","Klatovy","CZ0322","Byty [Kč/m2]","10602","2021-2023","2021-2023","41067"
"Průměrná jednotková kupní cena nemovitosti","7432","Celkem","0","Česko","CZ","Plzeňský kraj","CZ032","Klatovy","CZ0322","Byty [Kč/m2]","10602","2024","2024","43739"
"Průměrná jednotková kupní cena nemovitosti","7432","Celkem","0","Česko","CZ","Plzeňský kraj","CZ032","Klatovy","CZ0322","Byty [Kč/m2]","10602","2022-2024","2022-2024","43764"
"Průměrná jednotková kupní cena nemovitosti","7432","Celkem","0","Česko","CZ","Plzeňský kraj","CZ032","Klatovy","CZ0322","Byty [Kč/m2]","10602","2025","2025","50313"
"Průměrná jednotková kupní cena nemovitosti","7432","Celkem","0","Česko","CZ","Plzeňský kraj","CZ032","Plzeň-město","CZ0323","Rodinné domy [Kč/m2]","10302","2019","2019","42972"
"Průměrná jednotková kupní cena nemovitosti","7432","Celkem","0","Česko","CZ","Plzeňský kraj","CZ032","Plzeň-město","CZ0323","Rodinné domy [Kč/m2]","10302","2020","2020","46606"
"Průměrná jednotková kupní cena nemovitosti","7432","Celkem","0","Česko","CZ","Plzeňský kraj","CZ032","Plzeň-město","CZ0323","Rodinné domy [Kč/m2]","10302","2021","2021","59169"
"Průměrná jednotková kupní cena nemovitosti","7432","Celkem","0","Česko","CZ","Plzeňský kraj","CZ032","Plzeň-město","CZ0323","Rodinné domy [Kč/m2]","10302","2019-2021","2019-2021","48805"
"Průměrná jednotková kupní cena nemovitosti","7432","Celkem","0","Česko","CZ","Plzeňský kraj","CZ032","Plzeň-město","CZ0323","Rodinné domy [Kč/m2]","10302","2022","2022","69874"
"Průměrná jednotková kupní cena nemovitosti","7432","Celkem","0","Česko","CZ","Plzeňský kraj","CZ032","Plzeň-město","CZ0323","Rodinné domy [Kč/m2]","10302","2020-2022","2020-2022","55657"
"Průměrná jednotková kupní cena nemovitosti","7432","Celkem","0","Česko","CZ","Plzeňský kraj","CZ032","Plzeň-město","CZ0323","Rodinné domy [Kč/m2]","10302","2023","2023","63422"
"Průměrná jednotková kupní cena nemovitosti","7432","Celkem","0","Česko","CZ","Plzeňský kraj","CZ032","Plzeň-město","CZ0323","Rodinné domy [Kč/m2]","10302","2021-2023","2021-2023","63066"
"Průměrná jednotková kupní cena nemovitosti","7432","Celkem","0","Česko","CZ","Plzeňský kraj","CZ032","Plzeň-město","CZ0323","Rodinné domy [Kč/m2]","10302","2024","2024","62443"
"Průměrná jednotková kupní cena nemovitosti","7432","Celkem","0","Česko","CZ","Plzeňský kraj","CZ032","Plzeň-město","CZ0323","Rodinné domy [Kč/m2]","10302","2022-2024","2022-2024","64627"
"Průměrná jednotková kupní cena nemovitosti","7432","Celkem","0","Česko","CZ","Plzeňský kraj","CZ032","Plzeň-město","CZ0323","Rodinné domy [Kč/m2]","10302","2025","2025","73018"
"Průměrná jednotková kupní cena nemovitosti","7432","Celkem","0","Česko","CZ","Plzeňský kraj","CZ032","Plzeň-město","CZ0323","Byty [Kč/m2]","10602","2019","2019","38769"
"Průměrná jednotková kupní cena nemovitosti","7432","Celkem","0","Česko","CZ","Plzeňský kraj","CZ032","Plzeň-město","CZ0323","Byty [Kč/m2]","10602","2020","2020","42676"
"Průměrná jednotková kupní cena nemovitosti","7432","Celkem","0","Česko","CZ","Plzeňský kraj","CZ032","Plzeň-město","CZ0323","Byty [Kč/m2]","10602","2021","2021","52909"
"Průměrná jednotková kupní cena nemovitosti","7432","Celkem","0","Česko","CZ","Plzeňský kraj","CZ032","Plzeň-město","CZ0323","Byty [Kč/m2]","10602","2019-2021","2019-2021","44638"
"Průměrná jednotková kupní cena nemovitosti","7432","Celkem","0","Česko","CZ","Plzeňský kraj","CZ032","Plzeň-město","CZ0323","Byty [Kč/m2]","10602","2022","2022","63216"
"Průměrná jednotková kupní cena nemovitosti","7432","Celkem","0","Česko","CZ","Plzeňský kraj","CZ032","Plzeň-město","CZ0323","Byty [Kč/m2]","10602","2020-2022","2020-2022","52727"
"Průměrná jednotková kupní cena nemovitosti","7432","Celkem","0","Česko","CZ","Plzeňský kraj","CZ032","Plzeň-město","CZ0323","Byty [Kč/m2]","10602","2023","2023","56617"
"Průměrná jednotková kupní cena nemovitosti","7432","Celkem","0","Česko","CZ","Plzeňský kraj","CZ032","Plzeň-město","CZ0323","Byty [Kč/m2]","10602","2021-2023","2021-2023","57391"
"Průměrná jednotková kupní cena nemovitosti","7432","Celkem","0","Česko","CZ","Plzeňský kraj","CZ032","Plzeň-město","CZ0323","Byty [Kč/m2]","10602","2024","2024","63756"
"Průměrná jednotková kupní cena nemovitosti","7432","Celkem","0","Česko","CZ","Plzeňský kraj","CZ032","Plzeň-město","CZ0323","Byty [Kč/m2]","10602","2022-2024","2022-2024","61515"
"Průměrná jednotková kupní cena nemovitosti","7432","Celkem","0","Česko","CZ","Plzeňský kraj","CZ032","Plzeň-město","CZ0323","Byty [Kč/m2]","10602","2025","2025","73399"
"Průměrná jednotková kupní cena nemovitosti","7432","Celkem","0","Česko","CZ","Plzeňský kraj","CZ032","Plzeň-jih","CZ0324","Rodinné domy [Kč/m2]","10302","2019","2019","25284"
"Průměrná jednotková kupní cena nemovitosti","7432","Celkem","0","Česko","CZ","Plzeňský kraj","CZ032","Plzeň-jih","CZ0324","Rodinné domy [Kč/m2]","10302","2020","2020","28978"
"Průměrná jednotková kupní cena nemovitosti","7432","Celkem","0","Česko","CZ","Plzeňský kraj","CZ032","Plzeň-jih","CZ0324","Rodinné domy [Kč/m2]","10302","2021","2021","33410"
"Průměrná jednotková kupní cena nemovitosti","7432","Celkem","0","Česko","CZ","Plzeňský kraj","CZ032","Plzeň-jih","CZ0324","Rodinné domy [Kč/m2]","10302","2019-2021","2019-2021","29135"
"Průměrná jednotková kupní cena nemovitosti","7432","Celkem","0","Česko","CZ","Plzeňský kraj","CZ032","Plzeň-jih","CZ0324","Rodinné domy [Kč/m2]","10302","2022","2022","39518"
"Průměrná jednotková kupní cena nemovitosti","7432","Celkem","0","Česko","CZ","Plzeňský kraj","CZ032","Plzeň-jih","CZ0324","Rodinné domy [Kč/m2]","10302","2020-2022","2020-2022","33518"
"Průměrná jednotková kupní cena nemovitosti","7432","Celkem","0","Česko","CZ","Plzeňský kraj","CZ032","Plzeň-jih","CZ0324","Rodinné domy [Kč/m2]","10302","2023","2023","41220"
"Průměrná jednotková kupní cena nemovitosti","7432","Celkem","0","Česko","CZ","Plzeňský kraj","CZ032","Plzeň-jih","CZ0324","Rodinné domy [Kč/m2]","10302","2021-2023","2021-2023","37505"
"Průměrná jednotková kupní cena nemovitosti","7432","Celkem","0","Česko","CZ","Plzeňský kraj","CZ032","Plzeň-jih","CZ0324","Rodinné domy [Kč/m2]","10302","2024","2024","42160"
"Průměrná jednotková kupní cena nemovitosti","7432","Celkem","0","Česko","CZ","Plzeňský kraj","CZ032","Plzeň-jih","CZ0324","Rodinné domy [Kč/m2]","10302","2022-2024","2022-2024","41056"
"Průměrná jednotková kupní cena nemovitosti","7432","Celkem","0","Česko","CZ","Plzeňský kraj","CZ032","Plzeň-jih","CZ0324","Rodinné domy [Kč/m2]","10302","2025","2025","45411"
"Průměrná jednotková kupní cena nemovitosti","7432","Celkem","0","Česko","CZ","Plzeňský kraj","CZ032","Plzeň-jih","CZ0324","Byty [Kč/m2]","10602","2019","2019","23444"
"Průměrná jednotková kupní cena nemovitosti","7432","Celkem","0","Česko","CZ","Plzeňský kraj","CZ032","Plzeň-jih","CZ0324","Byty [Kč/m2]","10602","2020","2020","24553"
"Průměrná jednotková kupní cena nemovitosti","7432","Celkem","0","Česko","CZ","Plzeňský kraj","CZ032","Plzeň-jih","CZ0324","Byty [Kč/m2]","10602","2021","2021","34621"
"Průměrná jednotková kupní cena nemovitosti","7432","Celkem","0","Česko","CZ","Plzeňský kraj","CZ032","Plzeň-jih","CZ0324","Byty [Kč/m2]","10602","2019-2021","2019-2021","28162"
"Průměrná jednotková kupní cena nemovitosti","7432","Celkem","0","Česko","CZ","Plzeňský kraj","CZ032","Plzeň-jih","CZ0324","Byty [Kč/m2]","10602","2022","2022","42619"
"Průměrná jednotková kupní cena nemovitosti","7432","Celkem","0","Česko","CZ","Plzeňský kraj","CZ032","Plzeň-jih","CZ0324","Byty [Kč/m2]","10602","2020-2022","2020-2022","33184"
"Průměrná jednotková kupní cena nemovitosti","7432","Celkem","0","Česko","CZ","Plzeňský kraj","CZ032","Plzeň-jih","CZ0324","Byty [Kč/m2]","10602","2023","2023","39608"
"Průměrná jednotková kupní cena nemovitosti","7432","Celkem","0","Česko","CZ","Plzeňský kraj","CZ032","Plzeň-jih","CZ0324","Byty [Kč/m2]","10602","2021-2023","2021-2023","38258"
"Průměrná jednotková kupní cena nemovitosti","7432","Celkem","0","Česko","CZ","Plzeňský kraj","CZ032","Plzeň-jih","CZ0324","Byty [Kč/m2]","10602","2024","2024","44621"
"Průměrná jednotková kupní cena nemovitosti","7432","Celkem","0","Česko","CZ","Plzeňský kraj","CZ032","Plzeň-jih","CZ0324","Byty [Kč/m2]","10602","2022-2024","2022-2024","42564"
"Průměrná jednotková kupní cena nemovitosti","7432","Celkem","0","Česko","CZ","Plzeňský kraj","CZ032","Plzeň-jih","CZ0324","Byty [Kč/m2]","10602","2025","2025","51213"
"Průměrná jednotková kupní cena nemovitosti","7432","Celkem","0","Česko","CZ","Plzeňský kraj","CZ032","Plzeň-sever","CZ0325","Rodinné domy [Kč/m2]","10302","2019","2019","29345"
"Průměrná jednotková kupní cena nemovitosti","7432","Celkem","0","Česko","CZ","Plzeňský kraj","CZ032","Plzeň-sever","CZ0325","Rodinné domy [Kč/m2]","10302","2020","2020","31522"
"Průměrná jednotková kupní cena nemovitosti","7432","Celkem","0","Česko","CZ","Plzeňský kraj","CZ032","Plzeň-sever","CZ0325","Rodinné domy [Kč/m2]","10302","2021","2021","39441"
"Průměrná jednotková kupní cena nemovitosti","7432","Celkem","0","Česko","CZ","Plzeňský kraj","CZ032","Plzeň-sever","CZ0325","Rodinné domy [Kč/m2]","10302","2019-2021","2019-2021","33541"
"Průměrná jednotková kupní cena nemovitosti","7432","Celkem","0","Česko","CZ","Plzeňský kraj","CZ032","Plzeň-sever","CZ0325","Rodinné domy [Kč/m2]","10302","2022","2022","43797"
"Průměrná jednotková kupní cena nemovitosti","7432","Celkem","0","Česko","CZ","Plzeňský kraj","CZ032","Plzeň-sever","CZ0325","Rodinné domy [Kč/m2]","10302","2020-2022","2020-2022","37501"
"Průměrná jednotková kupní cena nemovitosti","7432","Celkem","0","Česko","CZ","Plzeňský kraj","CZ032","Plzeň-sever","CZ0325","Rodinné domy [Kč/m2]","10302","2023","2023","41434"
"Průměrná jednotková kupní cena nemovitosti","7432","Celkem","0","Česko","CZ","Plzeňský kraj","CZ032","Plzeň-sever","CZ0325","Rodinné domy [Kč/m2]","10302","2021-2023","2021-2023","41504"
"Průměrná jednotková kupní cena nemovitosti","7432","Celkem","0","Česko","CZ","Plzeňský kraj","CZ032","Plzeň-sever","CZ0325","Rodinné domy [Kč/m2]","10302","2024","2024","44582"
"Průměrná jednotková kupní cena nemovitosti","7432","Celkem","0","Česko","CZ","Plzeňský kraj","CZ032","Plzeň-sever","CZ0325","Rodinné domy [Kč/m2]","10302","2022-2024","2022-2024","43562"
"Průměrná jednotková kupní cena nemovitosti","7432","Celkem","0","Česko","CZ","Plzeňský kraj","CZ032","Plzeň-sever","CZ0325","Rodinné domy [Kč/m2]","10302","2025","2025","53583"
"Průměrná jednotková kupní cena nemovitosti","7432","Celkem","0","Česko","CZ","Plzeňský kraj","CZ032","Plzeň-sever","CZ0325","Byty [Kč/m2]","10602","2019","2019","25587"
"Průměrná jednotková kupní cena nemovitosti","7432","Celkem","0","Česko","CZ","Plzeňský kraj","CZ032","Plzeň-sever","CZ0325","Byty [Kč/m2]","10602","2020","2020","30292"
"Průměrná jednotková kupní cena nemovitosti","7432","Celkem","0","Česko","CZ","Plzeňský kraj","CZ032","Plzeň-sever","CZ0325","Byty [Kč/m2]","10602","2021","2021","38003"
"Průměrná jednotková kupní cena nemovitosti","7432","Celkem","0","Česko","CZ","Plzeňský kraj","CZ032","Plzeň-sever","CZ0325","Byty [Kč/m2]","10602","2019-2021","2019-2021","31608"
"Průměrná jednotková kupní cena nemovitosti","7432","Celkem","0","Česko","CZ","Plzeňský kraj","CZ032","Plzeň-sever","CZ0325","Byty [Kč/m2]","10602","2022","2022","44007"
"Průměrná jednotková kupní cena nemovitosti","7432","Celkem","0","Česko","CZ","Plzeňský kraj","CZ032","Plzeň-sever","CZ0325","Byty [Kč/m2]","10602","2020-2022","2020-2022","37545"
"Průměrná jednotková kupní cena nemovitosti","7432","Celkem","0","Česko","CZ","Plzeňský kraj","CZ032","Plzeň-sever","CZ0325","Byty [Kč/m2]","10602","2023","2023","41823"
"Průměrná jednotková kupní cena nemovitosti","7432","Celkem","0","Česko","CZ","Plzeňský kraj","CZ032","Plzeň-sever","CZ0325","Byty [Kč/m2]","10602","2021-2023","2021-2023","41012"
"Průměrná jednotková kupní cena nemovitosti","7432","Celkem","0","Česko","CZ","Plzeňský kraj","CZ032","Plzeň-sever","CZ0325","Byty [Kč/m2]","10602","2024","2024","46265"
"Průměrná jednotková kupní cena nemovitosti","7432","Celkem","0","Česko","CZ","Plzeňský kraj","CZ032","Plzeň-sever","CZ0325","Byty [Kč/m2]","10602","2022-2024","2022-2024","44194"
"Průměrná jednotková kupní cena nemovitosti","7432","Celkem","0","Česko","CZ","Plzeňský kraj","CZ032","Plzeň-sever","CZ0325","Byty [Kč/m2]","10602","2025","2025","52138"
"Průměrná jednotková kupní cena nemovitosti","7432","Celkem","0","Česko","CZ","Plzeňský kraj","CZ032","Rokycany","CZ0326","Rodinné domy [Kč/m2]","10302","2019","2019","26963"
"Průměrná jednotková kupní cena nemovitosti","7432","Celkem","0","Česko","CZ","Plzeňský kraj","CZ032","Rokycany","CZ0326","Rodinné domy [Kč/m2]","10302","2020","2020","30071"
"Průměrná jednotková kupní cena nemovitosti","7432","Celkem","0","Česko","CZ","Plzeňský kraj","CZ032","Rokycany","CZ0326","Rodinné domy [Kč/m2]","10302","2021","2021","34141"
"Průměrná jednotková kupní cena nemovitosti","7432","Celkem","0","Česko","CZ","Plzeňský kraj","CZ032","Rokycany","CZ0326","Rodinné domy [Kč/m2]","10302","2019-2021","2019-2021","30103"
"Průměrná jednotková kupní cena nemovitosti","7432","Celkem","0","Česko","CZ","Plzeňský kraj","CZ032","Rokycany","CZ0326","Rodinné domy [Kč/m2]","10302","2022","2022","37307"
"Průměrná jednotková kupní cena nemovitosti","7432","Celkem","0","Česko","CZ","Plzeňský kraj","CZ032","Rokycany","CZ0326","Rodinné domy [Kč/m2]","10302","2020-2022","2020-2022","33478"
"Průměrná jednotková kupní cena nemovitosti","7432","Celkem","0","Česko","CZ","Plzeňský kraj","CZ032","Rokycany","CZ0326","Rodinné domy [Kč/m2]","10302","2023","2023","42198"
"Průměrná jednotková kupní cena nemovitosti","7432","Celkem","0","Česko","CZ","Plzeňský kraj","CZ032","Rokycany","CZ0326","Rodinné domy [Kč/m2]","10302","2021-2023","2021-2023","38137"
"Průměrná jednotková kupní cena nemovitosti","7432","Celkem","0","Česko","CZ","Plzeňský kraj","CZ032","Rokycany","CZ0326","Rodinné domy [Kč/m2]","10302","2024","2024","42943"
"Průměrná jednotková kupní cena nemovitosti","7432","Celkem","0","Česko","CZ","Plzeňský kraj","CZ032","Rokycany","CZ0326","Rodinné domy [Kč/m2]","10302","2022-2024","2022-2024","40979"
"Průměrná jednotková kupní cena nemovitosti","7432","Celkem","0","Česko","CZ","Plzeňský kraj","CZ032","Rokycany","CZ0326","Rodinné domy [Kč/m2]","10302","2025","2025","44264"
"Průměrná jednotková kupní cena nemovitosti","7432","Celkem","0","Česko","CZ","Plzeňský kraj","CZ032","Rokycany","CZ0326","Byty [Kč/m2]","10602","2019","2019","27231"
"Průměrná jednotková kupní cena nemovitosti","7432","Celkem","0","Česko","CZ","Plzeňský kraj","CZ032","Rokycany","CZ0326","Byty [Kč/m2]","10602","2020","2020","30574"
"Průměrná jednotková kupní cena nemovitosti","7432","Celkem","0","Česko","CZ","Plzeňský kraj","CZ032","Rokycany","CZ0326","Byty [Kč/m2]","10602","2021","2021","38424"
"Průměrná jednotková kupní cena nemovitosti","7432","Celkem","0","Česko","CZ","Plzeňský kraj","CZ032","Rokycany","CZ0326","Byty [Kč/m2]","10602","2019-2021","2019-2021","32534"
"Průměrná jednotková kupní cena nemovitosti","7432","Celkem","0","Česko","CZ","Plzeňský kraj","CZ032","Rokycany","CZ0326","Byty [Kč/m2]","10602","2022","2022","47083"
"Průměrná jednotková kupní cena nemovitosti","7432","Celkem","0","Česko","CZ","Plzeňský kraj","CZ032","Rokycany","CZ0326","Byty [Kč/m2]","10602","2020-2022","2020-2022","37755"
"Průměrná jednotková kupní cena nemovitosti","7432","Celkem","0","Česko","CZ","Plzeňský kraj","CZ032","Rokycany","CZ0326","Byty [Kč/m2]","10602","2023","2023","44182"
"Průměrná jednotková kupní cena nemovitosti","7432","Celkem","0","Česko","CZ","Plzeňský kraj","CZ032","Rokycany","CZ0326","Byty [Kč/m2]","10602","2021-2023","2021-2023","42559"
"Průměrná jednotková kupní cena nemovitosti","7432","Celkem","0","Česko","CZ","Plzeňský kraj","CZ032","Rokycany","CZ0326","Byty [Kč/m2]","10602","2024","2024","47617"
"Průměrná jednotková kupní cena nemovitosti","7432","Celkem","0","Česko","CZ","Plzeňský kraj","CZ032","Rokycany","CZ0326","Byty [Kč/m2]","10602","2022-2024","2022-2024","46507"
"Průměrná jednotková kupní cena nemovitosti","7432","Celkem","0","Česko","CZ","Plzeňský kraj","CZ032","Rokycany","CZ0326","Byty [Kč/m2]","10602","2025","2025","53664"
"Průměrná jednotková kupní cena nemovitosti","7432","Celkem","0","Česko","CZ","Plzeňský kraj","CZ032","Tachov","CZ0327","Rodinné domy [Kč/m2]","10302","2019","2019","28145"
"Průměrná jednotková kupní cena nemovitosti","7432","Celkem","0","Česko","CZ","Plzeňský kraj","CZ032","Tachov","CZ0327","Rodinné domy [Kč/m2]","10302","2020","2020","26723"
"Průměrná jednotková kupní cena nemovitosti","7432","Celkem","0","Česko","CZ","Plzeňský kraj","CZ032","Tachov","CZ0327","Rodinné domy [Kč/m2]","10302","2021","2021","34264"
"Průměrná jednotková kupní cena nemovitosti","7432","Celkem","0","Česko","CZ","Plzeňský kraj","CZ032","Tachov","CZ0327","Rodinné domy [Kč/m2]","10302","2019-2021","2019-2021","30403"
"Průměrná jednotková kupní cena nemovitosti","7432","Celkem","0","Česko","CZ","Plzeňský kraj","CZ032","Tachov","CZ0327","Rodinné domy [Kč/m2]","10302","2022","2022","40015"
"Průměrná jednotková kupní cena nemovitosti","7432","Celkem","0","Česko","CZ","Plzeňský kraj","CZ032","Tachov","CZ0327","Rodinné domy [Kč/m2]","10302","2020-2022","2020-2022","33814"
"Průměrná jednotková kupní cena nemovitosti","7432","Celkem","0","Česko","CZ","Plzeňský kraj","CZ032","Tachov","CZ0327","Rodinné domy [Kč/m2]","10302","2023","2023","38242"
"Průměrná jednotková kupní cena nemovitosti","7432","Celkem","0","Česko","CZ","Plzeňský kraj","CZ032","Tachov","CZ0327","Rodinné domy [Kč/m2]","10302","2021-2023","2021-2023","36910"
"Průměrná jednotková kupní cena nemovitosti","7432","Celkem","0","Česko","CZ","Plzeňský kraj","CZ032","Tachov","CZ0327","Rodinné domy [Kč/m2]","10302","2024","2024","42131"
"Průměrná jednotková kupní cena nemovitosti","7432","Celkem","0","Česko","CZ","Plzeňský kraj","CZ032","Tachov","CZ0327","Rodinné domy [Kč/m2]","10302","2022-2024","2022-2024","40388"
"Průměrná jednotková kupní cena nemovitosti","7432","Celkem","0","Česko","CZ","Plzeňský kraj","CZ032","Tachov","CZ0327","Rodinné domy [Kč/m2]","10302","2025","2025","45828"
"Průměrná jednotková kupní cena nemovitosti","7432","Celkem","0","Česko","CZ","Plzeňský kraj","CZ032","Tachov","CZ0327","Byty [Kč/m2]","10602","2019","2019","22370"
"Průměrná jednotková kupní cena nemovitosti","7432","Celkem","0","Česko","CZ","Plzeňský kraj","CZ032","Tachov","CZ0327","Byty [Kč/m2]","10602","2020","2020","25113"
"Průměrná jednotková kupní cena nemovitosti","7432","Celkem","0","Česko","CZ","Plzeňský kraj","CZ032","Tachov","CZ0327","Byty [Kč/m2]","10602","2021","2021","30340"
"Průměrná jednotková kupní cena nemovitosti","7432","Celkem","0","Česko","CZ","Plzeňský kraj","CZ032","Tachov","CZ0327","Byty [Kč/m2]","10602","2019-2021","2019-2021","26122"
"Průměrná jednotková kupní cena nemovitosti","7432","Celkem","0","Česko","CZ","Plzeňský kraj","CZ032","Tachov","CZ0327","Byty [Kč/m2]","10602","2022","2022","37714"
"Průměrná jednotková kupní cena nemovitosti","7432","Celkem","0","Česko","CZ","Plzeňský kraj","CZ032","Tachov","CZ0327","Byty [Kč/m2]","10602","2020-2022","2020-2022","30548"
"Průměrná jednotková kupní cena nemovitosti","7432","Celkem","0","Česko","CZ","Plzeňský kraj","CZ032","Tachov","CZ0327","Byty [Kč/m2]","10602","2023","2023","37576"
"Průměrná jednotková kupní cena nemovitosti","7432","Celkem","0","Česko","CZ","Plzeňský kraj","CZ032","Tachov","CZ0327","Byty [Kč/m2]","10602","2021-2023","2021-2023","34579"
"Průměrná jednotková kupní cena nemovitosti","7432","Celkem","0","Česko","CZ","Plzeňský kraj","CZ032","Tachov","CZ0327","Byty [Kč/m2]","10602","2024","2024","38641"
"Průměrná jednotková kupní cena nemovitosti","7432","Celkem","0","Česko","CZ","Plzeňský kraj","CZ032","Tachov","CZ0327","Byty [Kč/m2]","10602","2022-2024","2022-2024","38002"
"Průměrná jednotková kupní cena nemovitosti","7432","Celkem","0","Česko","CZ","Plzeňský kraj","CZ032","Tachov","CZ0327","Byty [Kč/m2]","10602","2025","2025","45366"
"Průměrná jednotková kupní cena nemovitosti","7432","Celkem","0","Česko","CZ","Karlovarský kraj","CZ041","Cheb","CZ0411","Rodinné domy [Kč/m2]","10302","2019","2019","26666"
"Průměrná jednotková kupní cena nemovitosti","7432","Celkem","0","Česko","CZ","Karlovarský kraj","CZ041","Cheb","CZ0411","Rodinné domy [Kč/m2]","10302","2020","2020","28201"
"Průměrná jednotková kupní cena nemovitosti","7432","Celkem","0","Česko","CZ","Karlovarský kraj","CZ041","Cheb","CZ0411","Rodinné domy [Kč/m2]","10302","2021","2021","28452"
"Průměrná jednotková kupní cena nemovitosti","7432","Celkem","0","Česko","CZ","Karlovarský kraj","CZ041","Cheb","CZ0411","Rodinné domy [Kč/m2]","10302","2019-2021","2019-2021","27810"
"Průměrná jednotková kupní cena nemovitosti","7432","Celkem","0","Česko","CZ","Karlovarský kraj","CZ041","Cheb","CZ0411","Rodinné domy [Kč/m2]","10302","2022","2022","36655"
"Průměrná jednotková kupní cena nemovitosti","7432","Celkem","0","Česko","CZ","Karlovarský kraj","CZ041","Cheb","CZ0411","Rodinné domy [Kč/m2]","10302","2020-2022","2020-2022","30952"
"Průměrná jednotková kupní cena nemovitosti","7432","Celkem","0","Česko","CZ","Karlovarský kraj","CZ041","Cheb","CZ0411","Rodinné domy [Kč/m2]","10302","2023","2023","34997"
"Průměrná jednotková kupní cena nemovitosti","7432","Celkem","0","Česko","CZ","Karlovarský kraj","CZ041","Cheb","CZ0411","Rodinné domy [Kč/m2]","10302","2021-2023","2021-2023","32977"
"Průměrná jednotková kupní cena nemovitosti","7432","Celkem","0","Česko","CZ","Karlovarský kraj","CZ041","Cheb","CZ0411","Rodinné domy [Kč/m2]","10302","2024","2024","36985"
"Průměrná jednotková kupní cena nemovitosti","7432","Celkem","0","Česko","CZ","Karlovarský kraj","CZ041","Cheb","CZ0411","Rodinné domy [Kč/m2]","10302","2022-2024","2022-2024","36482"
"Průměrná jednotková kupní cena nemovitosti","7432","Celkem","0","Česko","CZ","Karlovarský kraj","CZ041","Cheb","CZ0411","Rodinné domy [Kč/m2]","10302","2025","2025","41416"
"Průměrná jednotková kupní cena nemovitosti","7432","Celkem","0","Česko","CZ","Karlovarský kraj","CZ041","Cheb","CZ0411","Byty [Kč/m2]","10602","2019","2019","21792"
"Průměrná jednotková kupní cena nemovitosti","7432","Celkem","0","Česko","CZ","Karlovarský kraj","CZ041","Cheb","CZ0411","Byty [Kč/m2]","10602","2020","2020","23895"
"Průměrná jednotková kupní cena nemovitosti","7432","Celkem","0","Česko","CZ","Karlovarský kraj","CZ041","Cheb","CZ0411","Byty [Kč/m2]","10602","2021","2021","29612"
"Průměrná jednotková kupní cena nemovitosti","7432","Celkem","0","Česko","CZ","Karlovarský kraj","CZ041","Cheb","CZ0411","Byty [Kč/m2]","10602","2019-2021","2019-2021","25597"
"Průměrná jednotková kupní cena nemovitosti","7432","Celkem","0","Česko","CZ","Karlovarský kraj","CZ041","Cheb","CZ0411","Byty [Kč/m2]","10602","2022","2022","35668"
"Průměrná jednotková kupní cena nemovitosti","7432","Celkem","0","Česko","CZ","Karlovarský kraj","CZ041","Cheb","CZ0411","Byty [Kč/m2]","10602","2020-2022","2020-2022","29606"
"Průměrná jednotková kupní cena nemovitosti","7432","Celkem","0","Česko","CZ","Karlovarský kraj","CZ041","Cheb","CZ0411","Byty [Kč/m2]","10602","2023","2023","33425"
"Průměrná jednotková kupní cena nemovitosti","7432","Celkem","0","Česko","CZ","Karlovarský kraj","CZ041","Cheb","CZ0411","Byty [Kč/m2]","10602","2021-2023","2021-2023","32485"
"Průměrná jednotková kupní cena nemovitosti","7432","Celkem","0","Česko","CZ","Karlovarský kraj","CZ041","Cheb","CZ0411","Byty [Kč/m2]","10602","2024","2024","35043"
"Průměrná jednotková kupní cena nemovitosti","7432","Celkem","0","Česko","CZ","Karlovarský kraj","CZ041","Cheb","CZ0411","Byty [Kč/m2]","10602","2022-2024","2022-2024","34799"
"Průměrná jednotková kupní cena nemovitosti","7432","Celkem","0","Česko","CZ","Karlovarský kraj","CZ041","Cheb","CZ0411","Byty [Kč/m2]","10602","2025","2025","42437"
"Průměrná jednotková kupní cena nemovitosti","7432","Celkem","0","Česko","CZ","Karlovarský kraj","CZ041","Karlovy Vary","CZ0412","Rodinné domy [Kč/m2]","10302","2019","2019","27472"
"Průměrná jednotková kupní cena nemovitosti","7432","Celkem","0","Česko","CZ","Karlovarský kraj","CZ041","Karlovy Vary","CZ0412","Rodinné domy [Kč/m2]","10302","2020","2020","32215"
"Průměrná jednotková kupní cena nemovitosti","7432","Celkem","0","Česko","CZ","Karlovarský kraj","CZ041","Karlovy Vary","CZ0412","Rodinné domy [Kč/m2]","10302","2021","2021","36743"
"Průměrná jednotková kupní cena nemovitosti","7432","Celkem","0","Česko","CZ","Karlovarský kraj","CZ041","Karlovy Vary","CZ0412","Rodinné domy [Kč/m2]","10302","2019-2021","2019-2021","32440"
"Průměrná jednotková kupní cena nemovitosti","7432","Celkem","0","Česko","CZ","Karlovarský kraj","CZ041","Karlovy Vary","CZ0412","Rodinné domy [Kč/m2]","10302","2022","2022","45539"
"Průměrná jednotková kupní cena nemovitosti","7432","Celkem","0","Česko","CZ","Karlovarský kraj","CZ041","Karlovy Vary","CZ0412","Rodinné domy [Kč/m2]","10302","2020-2022","2020-2022","37486"
"Průměrná jednotková kupní cena nemovitosti","7432","Celkem","0","Česko","CZ","Karlovarský kraj","CZ041","Karlovy Vary","CZ0412","Rodinné domy [Kč/m2]","10302","2023","2023","41288"
"Průměrná jednotková kupní cena nemovitosti","7432","Celkem","0","Česko","CZ","Karlovarský kraj","CZ041","Karlovy Vary","CZ0412","Rodinné domy [Kč/m2]","10302","2021-2023","2021-2023","40679"
"Průměrná jednotková kupní cena nemovitosti","7432","Celkem","0","Česko","CZ","Karlovarský kraj","CZ041","Karlovy Vary","CZ0412","Rodinné domy [Kč/m2]","10302","2024","2024","49219"
"Průměrná jednotková kupní cena nemovitosti","7432","Celkem","0","Česko","CZ","Karlovarský kraj","CZ041","Karlovy Vary","CZ0412","Rodinné domy [Kč/m2]","10302","2022-2024","2022-2024","45609"
"Průměrná jednotková kupní cena nemovitosti","7432","Celkem","0","Česko","CZ","Karlovarský kraj","CZ041","Karlovy Vary","CZ0412","Rodinné domy [Kč/m2]","10302","2025","2025","46179"
"Průměrná jednotková kupní cena nemovitosti","7432","Celkem","0","Česko","CZ","Karlovarský kraj","CZ041","Karlovy Vary","CZ0412","Byty [Kč/m2]","10602","2019","2019","22642"
"Průměrná jednotková kupní cena nemovitosti","7432","Celkem","0","Česko","CZ","Karlovarský kraj","CZ041","Karlovy Vary","CZ0412","Byty [Kč/m2]","10602","2020","2020","25816"
"Průměrná jednotková kupní cena nemovitosti","7432","Celkem","0","Česko","CZ","Karlovarský kraj","CZ041","Karlovy Vary","CZ0412","Byty [Kč/m2]","10602","2021","2021","32946"
"Průměrná jednotková kupní cena nemovitosti","7432","Celkem","0","Česko","CZ","Karlovarský kraj","CZ041","Karlovy Vary","CZ0412","Byty [Kč/m2]","10602","2019-2021","2019-2021","27662"
"Průměrná jednotková kupní cena nemovitosti","7432","Celkem","0","Česko","CZ","Karlovarský kraj","CZ041","Karlovy Vary","CZ0412","Byty [Kč/m2]","10602","2022","2022","40512"
"Průměrná jednotková kupní cena nemovitosti","7432","Celkem","0","Česko","CZ","Karlovarský kraj","CZ041","Karlovy Vary","CZ0412","Byty [Kč/m2]","10602","2020-2022","2020-2022","33272"
"Průměrná jednotková kupní cena nemovitosti","7432","Celkem","0","Česko","CZ","Karlovarský kraj","CZ041","Karlovy Vary","CZ0412","Byty [Kč/m2]","10602","2023","2023","37544"
"Průměrná jednotková kupní cena nemovitosti","7432","Celkem","0","Česko","CZ","Karlovarský kraj","CZ041","Karlovy Vary","CZ0412","Byty [Kč/m2]","10602","2021-2023","2021-2023","36630"
"Průměrná jednotková kupní cena nemovitosti","7432","Celkem","0","Česko","CZ","Karlovarský kraj","CZ041","Karlovy Vary","CZ0412","Byty [Kč/m2]","10602","2024","2024","41227"
"Průměrná jednotková kupní cena nemovitosti","7432","Celkem","0","Česko","CZ","Karlovarský kraj","CZ041","Karlovy Vary","CZ0412","Byty [Kč/m2]","10602","2022-2024","2022-2024","39904"
"Průměrná jednotková kupní cena nemovitosti","7432","Celkem","0","Česko","CZ","Karlovarský kraj","CZ041","Karlovy Vary","CZ0412","Byty [Kč/m2]","10602","2025","2025","46516"
"Průměrná jednotková kupní cena nemovitosti","7432","Celkem","0","Česko","CZ","Karlovarský kraj","CZ041","Sokolov","CZ0413","Rodinné domy [Kč/m2]","10302","2019","2019","21422"
"Průměrná jednotková kupní cena nemovitosti","7432","Celkem","0","Česko","CZ","Karlovarský kraj","CZ041","Sokolov","CZ0413","Rodinné domy [Kč/m2]","10302","2020","2020","25953"
"Průměrná jednotková kupní cena nemovitosti","7432","Celkem","0","Česko","CZ","Karlovarský kraj","CZ041","Sokolov","CZ0413","Rodinné domy [Kč/m2]","10302","2021","2021","32228"
"Průměrná jednotková kupní cena nemovitosti","7432","Celkem","0","Česko","CZ","Karlovarský kraj","CZ041","Sokolov","CZ0413","Rodinné domy [Kč/m2]","10302","2019-2021","2019-2021","26929"
"Průměrná jednotková kupní cena nemovitosti","7432","Celkem","0","Česko","CZ","Karlovarský kraj","CZ041","Sokolov","CZ0413","Rodinné domy [Kč/m2]","10302","2022","2022","35051"
"Průměrná jednotková kupní cena nemovitosti","7432","Celkem","0","Česko","CZ","Karlovarský kraj","CZ041","Sokolov","CZ0413","Rodinné domy [Kč/m2]","10302","2020-2022","2020-2022","30796"
"Průměrná jednotková kupní cena nemovitosti","7432","Celkem","0","Česko","CZ","Karlovarský kraj","CZ041","Sokolov","CZ0413","Rodinné domy [Kč/m2]","10302","2023","2023","34964"
"Průměrná jednotková kupní cena nemovitosti","7432","Celkem","0","Česko","CZ","Karlovarský kraj","CZ041","Sokolov","CZ0413","Rodinné domy [Kč/m2]","10302","2021-2023","2021-2023","33943"
"Průměrná jednotková kupní cena nemovitosti","7432","Celkem","0","Česko","CZ","Karlovarský kraj","CZ041","Sokolov","CZ0413","Rodinné domy [Kč/m2]","10302","2024","2024","36488"
"Průměrná jednotková kupní cena nemovitosti","7432","Celkem","0","Česko","CZ","Karlovarský kraj","CZ041","Sokolov","CZ0413","Rodinné domy [Kč/m2]","10302","2022-2024","2022-2024","35533"
"Průměrná jednotková kupní cena nemovitosti","7432","Celkem","0","Česko","CZ","Karlovarský kraj","CZ041","Sokolov","CZ0413","Rodinné domy [Kč/m2]","10302","2025","2025","41803"
"Průměrná jednotková kupní cena nemovitosti","7432","Celkem","0","Česko","CZ","Karlovarský kraj","CZ041","Sokolov","CZ0413","Byty [Kč/m2]","10602","2019","2019","16554"
"Průměrná jednotková kupní cena nemovitosti","7432","Celkem","0","Česko","CZ","Karlovarský kraj","CZ041","Sokolov","CZ0413","Byty [Kč/m2]","10602","2020","2020","17647"
"Průměrná jednotková kupní cena nemovitosti","7432","Celkem","0","Česko","CZ","Karlovarský kraj","CZ041","Sokolov","CZ0413","Byty [Kč/m2]","10602","2021","2021","22322"
"Průměrná jednotková kupní cena nemovitosti","7432","Celkem","0","Česko","CZ","Karlovarský kraj","CZ041","Sokolov","CZ0413","Byty [Kč/m2]","10602","2019-2021","2019-2021","19101"
"Průměrná jednotková kupní cena nemovitosti","7432","Celkem","0","Česko","CZ","Karlovarský kraj","CZ041","Sokolov","CZ0413","Byty [Kč/m2]","10602","2022","2022","28492"
"Průměrná jednotková kupní cena nemovitosti","7432","Celkem","0","Česko","CZ","Karlovarský kraj","CZ041","Sokolov","CZ0413","Byty [Kč/m2]","10602","2020-2022","2020-2022","23509"
"Průměrná jednotková kupní cena nemovitosti","7432","Celkem","0","Česko","CZ","Karlovarský kraj","CZ041","Sokolov","CZ0413","Byty [Kč/m2]","10602","2023","2023","26110"
"Průměrná jednotková kupní cena nemovitosti","7432","Celkem","0","Česko","CZ","Karlovarský kraj","CZ041","Sokolov","CZ0413","Byty [Kč/m2]","10602","2021-2023","2021-2023","25794"
"Průměrná jednotková kupní cena nemovitosti","7432","Celkem","0","Česko","CZ","Karlovarský kraj","CZ041","Sokolov","CZ0413","Byty [Kč/m2]","10602","2024","2024","28592"
"Průměrná jednotková kupní cena nemovitosti","7432","Celkem","0","Česko","CZ","Karlovarský kraj","CZ041","Sokolov","CZ0413","Byty [Kč/m2]","10602","2022-2024","2022-2024","27862"
"Průměrná jednotková kupní cena nemovitosti","7432","Celkem","0","Česko","CZ","Karlovarský kraj","CZ041","Sokolov","CZ0413","Byty [Kč/m2]","10602","2025","2025","33203"
"Průměrná jednotková kupní cena nemovitosti","7432","Celkem","0","Česko","CZ","Ústecký kraj","CZ042","Děčín","CZ0421","Rodinné domy [Kč/m2]","10302","2019","2019","23444"
"Průměrná jednotková kupní cena nemovitosti","7432","Celkem","0","Česko","CZ","Ústecký kraj","CZ042","Děčín","CZ0421","Rodinné domy [Kč/m2]","10302","2020","2020","26182"
"Průměrná jednotková kupní cena nemovitosti","7432","Celkem","0","Česko","CZ","Ústecký kraj","CZ042","Děčín","CZ0421","Rodinné domy [Kč/m2]","10302","2021","2021","30544"
"Průměrná jednotková kupní cena nemovitosti","7432","Celkem","0","Česko","CZ","Ústecký kraj","CZ042","Děčín","CZ0421","Rodinné domy [Kč/m2]","10302","2019-2021","2019-2021","27202"
"Průměrná jednotková kupní cena nemovitosti","7432","Celkem","0","Česko","CZ","Ústecký kraj","CZ042","Děčín","CZ0421","Rodinné domy [Kč/m2]","10302","2022","2022","35316"
"Průměrná jednotková kupní cena nemovitosti","7432","Celkem","0","Česko","CZ","Ústecký kraj","CZ042","Děčín","CZ0421","Rodinné domy [Kč/m2]","10302","2020-2022","2020-2022","30663"
"Průměrná jednotková kupní cena nemovitosti","7432","Celkem","0","Česko","CZ","Ústecký kraj","CZ042","Děčín","CZ0421","Rodinné domy [Kč/m2]","10302","2023","2023","35366"
"Průměrná jednotková kupní cena nemovitosti","7432","Celkem","0","Česko","CZ","Ústecký kraj","CZ042","Děčín","CZ0421","Rodinné domy [Kč/m2]","10302","2021-2023","2021-2023","33487"
"Průměrná jednotková kupní cena nemovitosti","7432","Celkem","0","Česko","CZ","Ústecký kraj","CZ042","Děčín","CZ0421","Rodinné domy [Kč/m2]","10302","2024","2024","38148"
"Průměrná jednotková kupní cena nemovitosti","7432","Celkem","0","Česko","CZ","Ústecký kraj","CZ042","Děčín","CZ0421","Rodinné domy [Kč/m2]","10302","2022-2024","2022-2024","36373"
"Průměrná jednotková kupní cena nemovitosti","7432","Celkem","0","Česko","CZ","Ústecký kraj","CZ042","Děčín","CZ0421","Rodinné domy [Kč/m2]","10302","2025","2025","38351"
"Průměrná jednotková kupní cena nemovitosti","7432","Celkem","0","Česko","CZ","Ústecký kraj","CZ042","Děčín","CZ0421","Byty [Kč/m2]","10602","2019","2019","18427"
"Průměrná jednotková kupní cena nemovitosti","7432","Celkem","0","Česko","CZ","Ústecký kraj","CZ042","Děčín","CZ0421","Byty [Kč/m2]","10602","2020","2020","21235"
"Průměrná jednotková kupní cena nemovitosti","7432","Celkem","0","Česko","CZ","Ústecký kraj","CZ042","Děčín","CZ0421","Byty [Kč/m2]","10602","2021","2021","28328"
"Průměrná jednotková kupní cena nemovitosti","7432","Celkem","0","Česko","CZ","Ústecký kraj","CZ042","Děčín","CZ0421","Byty [Kč/m2]","10602","2019-2021","2019-2021","22828"
"Průměrná jednotková kupní cena nemovitosti","7432","Celkem","0","Česko","CZ","Ústecký kraj","CZ042","Děčín","CZ0421","Byty [Kč/m2]","10602","2022","2022","34690"
"Průměrná jednotková kupní cena nemovitosti","7432","Celkem","0","Česko","CZ","Ústecký kraj","CZ042","Děčín","CZ0421","Byty [Kč/m2]","10602","2020-2022","2020-2022","27885"
"Průměrná jednotková kupní cena nemovitosti","7432","Celkem","0","Česko","CZ","Ústecký kraj","CZ042","Děčín","CZ0421","Byty [Kč/m2]","10602","2023","2023","32724"
"Průměrná jednotková kupní cena nemovitosti","7432","Celkem","0","Česko","CZ","Ústecký kraj","CZ042","Děčín","CZ0421","Byty [Kč/m2]","10602","2021-2023","2021-2023","31650"
"Průměrná jednotková kupní cena nemovitosti","7432","Celkem","0","Česko","CZ","Ústecký kraj","CZ042","Děčín","CZ0421","Byty [Kč/m2]","10602","2024","2024","34723"
"Průměrná jednotková kupní cena nemovitosti","7432","Celkem","0","Česko","CZ","Ústecký kraj","CZ042","Děčín","CZ0421","Byty [Kč/m2]","10602","2022-2024","2022-2024","34147"
"Průměrná jednotková kupní cena nemovitosti","7432","Celkem","0","Česko","CZ","Ústecký kraj","CZ042","Děčín","CZ0421","Byty [Kč/m2]","10602","2025","2025","38150"
"Průměrná jednotková kupní cena nemovitosti","7432","Celkem","0","Česko","CZ","Ústecký kraj","CZ042","Chomutov","CZ0422","Rodinné domy [Kč/m2]","10302","2019","2019","25107"
"Průměrná jednotková kupní cena nemovitosti","7432","Celkem","0","Česko","CZ","Ústecký kraj","CZ042","Chomutov","CZ0422","Rodinné domy [Kč/m2]","10302","2020","2020","28689"
"Průměrná jednotková kupní cena nemovitosti","7432","Celkem","0","Česko","CZ","Ústecký kraj","CZ042","Chomutov","CZ0422","Rodinné domy [Kč/m2]","10302","2021","2021","33693"
"Průměrná jednotková kupní cena nemovitosti","7432","Celkem","0","Česko","CZ","Ústecký kraj","CZ042","Chomutov","CZ0422","Rodinné domy [Kč/m2]","10302","2019-2021","2019-2021","29526"
"Průměrná jednotková kupní cena nemovitosti","7432","Celkem","0","Česko","CZ","Ústecký kraj","CZ042","Chomutov","CZ0422","Rodinné domy [Kč/m2]","10302","2022","2022","40709"
"Průměrná jednotková kupní cena nemovitosti","7432","Celkem","0","Česko","CZ","Ústecký kraj","CZ042","Chomutov","CZ0422","Rodinné domy [Kč/m2]","10302","2020-2022","2020-2022","33306"
"Průměrná jednotková kupní cena nemovitosti","7432","Celkem","0","Česko","CZ","Ústecký kraj","CZ042","Chomutov","CZ0422","Rodinné domy [Kč/m2]","10302","2023","2023","40632"
"Průměrná jednotková kupní cena nemovitosti","7432","Celkem","0","Česko","CZ","Ústecký kraj","CZ042","Chomutov","CZ0422","Rodinné domy [Kč/m2]","10302","2021-2023","2021-2023","37480"
"Průměrná jednotková kupní cena nemovitosti","7432","Celkem","0","Česko","CZ","Ústecký kraj","CZ042","Chomutov","CZ0422","Rodinné domy [Kč/m2]","10302","2024","2024","39549"
"Průměrná jednotková kupní cena nemovitosti","7432","Celkem","0","Česko","CZ","Ústecký kraj","CZ042","Chomutov","CZ0422","Rodinné domy [Kč/m2]","10302","2022-2024","2022-2024","40186"
"Průměrná jednotková kupní cena nemovitosti","7432","Celkem","0","Česko","CZ","Ústecký kraj","CZ042","Chomutov","CZ0422","Rodinné domy [Kč/m2]","10302","2025","2025","48435"
"Průměrná jednotková kupní cena nemovitosti","7432","Celkem","0","Česko","CZ","Ústecký kraj","CZ042","Chomutov","CZ0422","Byty [Kč/m2]","10602","2019","2019","16246"
"Průměrná jednotková kupní cena nemovitosti","7432","Celkem","0","Česko","CZ","Ústecký kraj","CZ042","Chomutov","CZ0422","Byty [Kč/m2]","10602","2020","2020","19559"
"Průměrná jednotková kupní cena nemovitosti","7432","Celkem","0","Česko","CZ","Ústecký kraj","CZ042","Chomutov","CZ0422","Byty [Kč/m2]","10602","2021","2021","25195"
"Průměrná jednotková kupní cena nemovitosti","7432","Celkem","0","Česko","CZ","Ústecký kraj","CZ042","Chomutov","CZ0422","Byty [Kč/m2]","10602","2019-2021","2019-2021","21380"
"Průměrná jednotková kupní cena nemovitosti","7432","Celkem","0","Česko","CZ","Ústecký kraj","CZ042","Chomutov","CZ0422","Byty [Kč/m2]","10602","2022","2022","29414"
"Průměrná jednotková kupní cena nemovitosti","7432","Celkem","0","Česko","CZ","Ústecký kraj","CZ042","Chomutov","CZ0422","Byty [Kč/m2]","10602","2020-2022","2020-2022","25022"
"Průměrná jednotková kupní cena nemovitosti","7432","Celkem","0","Česko","CZ","Ústecký kraj","CZ042","Chomutov","CZ0422","Byty [Kč/m2]","10602","2023","2023","28170"
"Průměrná jednotková kupní cena nemovitosti","7432","Celkem","0","Česko","CZ","Ústecký kraj","CZ042","Chomutov","CZ0422","Byty [Kč/m2]","10602","2021-2023","2021-2023","27474"
"Průměrná jednotková kupní cena nemovitosti","7432","Celkem","0","Česko","CZ","Ústecký kraj","CZ042","Chomutov","CZ0422","Byty [Kč/m2]","10602","2024","2024","30408"
"Průměrná jednotková kupní cena nemovitosti","7432","Celkem","0","Česko","CZ","Ústecký kraj","CZ042","Chomutov","CZ0422","Byty [Kč/m2]","10602","2022-2024","2022-2024","29500"
"Průměrná jednotková kupní cena nemovitosti","7432","Celkem","0","Česko","CZ","Ústecký kraj","CZ042","Chomutov","CZ0422","Byty [Kč/m2]","10602","2025","2025","36561"
"Průměrná jednotková kupní cena nemovitosti","7432","Celkem","0","Česko","CZ","Ústecký kraj","CZ042","Litoměřice","CZ0423","Rodinné domy [Kč/m2]","10302","2019","2019","22479"
"Průměrná jednotková kupní cena nemovitosti","7432","Celkem","0","Česko","CZ","Ústecký kraj","CZ042","Litoměřice","CZ0423","Rodinné domy [Kč/m2]","10302","2020","2020","26040"
"Průměrná jednotková kupní cena nemovitosti","7432","Celkem","0","Česko","CZ","Ústecký kraj","CZ042","Litoměřice","CZ0423","Rodinné domy [Kč/m2]","10302","2021","2021","33211"
"Průměrná jednotková kupní cena nemovitosti","7432","Celkem","0","Česko","CZ","Ústecký kraj","CZ042","Litoměřice","CZ0423","Rodinné domy [Kč/m2]","10302","2019-2021","2019-2021","27472"
"Průměrná jednotková kupní cena nemovitosti","7432","Celkem","0","Česko","CZ","Ústecký kraj","CZ042","Litoměřice","CZ0423","Rodinné domy [Kč/m2]","10302","2022","2022","38430"
"Průměrná jednotková kupní cena nemovitosti","7432","Celkem","0","Česko","CZ","Ústecký kraj","CZ042","Litoměřice","CZ0423","Rodinné domy [Kč/m2]","10302","2020-2022","2020-2022","32097"
"Průměrná jednotková kupní cena nemovitosti","7432","Celkem","0","Česko","CZ","Ústecký kraj","CZ042","Litoměřice","CZ0423","Rodinné domy [Kč/m2]","10302","2023","2023","35682"
"Průměrná jednotková kupní cena nemovitosti","7432","Celkem","0","Česko","CZ","Ústecký kraj","CZ042","Litoměřice","CZ0423","Rodinné domy [Kč/m2]","10302","2021-2023","2021-2023","35670"
"Průměrná jednotková kupní cena nemovitosti","7432","Celkem","0","Česko","CZ","Ústecký kraj","CZ042","Litoměřice","CZ0423","Rodinné domy [Kč/m2]","10302","2024","2024","40934"
"Průměrná jednotková kupní cena nemovitosti","7432","Celkem","0","Česko","CZ","Ústecký kraj","CZ042","Litoměřice","CZ0423","Rodinné domy [Kč/m2]","10302","2022-2024","2022-2024","38837"
"Průměrná jednotková kupní cena nemovitosti","7432","Celkem","0","Česko","CZ","Ústecký kraj","CZ042","Litoměřice","CZ0423","Rodinné domy [Kč/m2]","10302","2025","2025","46367"
"Průměrná jednotková kupní cena nemovitosti","7432","Celkem","0","Česko","CZ","Ústecký kraj","CZ042","Litoměřice","CZ0423","Byty [Kč/m2]","10602","2019","2019","24073"
"Průměrná jednotková kupní cena nemovitosti","7432","Celkem","0","Česko","CZ","Ústecký kraj","CZ042","Litoměřice","CZ0423","Byty [Kč/m2]","10602","2020","2020","28838"
"Průměrná jednotková kupní cena nemovitosti","7432","Celkem","0","Česko","CZ","Ústecký kraj","CZ042","Litoměřice","CZ0423","Byty [Kč/m2]","10602","2021","2021","38319"
"Průměrná jednotková kupní cena nemovitosti","7432","Celkem","0","Česko","CZ","Ústecký kraj","CZ042","Litoměřice","CZ0423","Byty [Kč/m2]","10602","2019-2021","2019-2021","30688"
"Průměrná jednotková kupní cena nemovitosti","7432","Celkem","0","Česko","CZ","Ústecký kraj","CZ042","Litoměřice","CZ0423","Byty [Kč/m2]","10602","2022","2022","45715"
"Průměrná jednotková kupní cena nemovitosti","7432","Celkem","0","Česko","CZ","Ústecký kraj","CZ042","Litoměřice","CZ0423","Byty [Kč/m2]","10602","2020-2022","2020-2022","37181"
"Průměrná jednotková kupní cena nemovitosti","7432","Celkem","0","Česko","CZ","Ústecký kraj","CZ042","Litoměřice","CZ0423","Byty [Kč/m2]","10602","2023","2023","43615"
"Průměrná jednotková kupní cena nemovitosti","7432","Celkem","0","Česko","CZ","Ústecký kraj","CZ042","Litoměřice","CZ0423","Byty [Kč/m2]","10602","2021-2023","2021-2023","42047"
"Průměrná jednotková kupní cena nemovitosti","7432","Celkem","0","Česko","CZ","Ústecký kraj","CZ042","Litoměřice","CZ0423","Byty [Kč/m2]","10602","2024","2024","46254"
"Průměrná jednotková kupní cena nemovitosti","7432","Celkem","0","Česko","CZ","Ústecký kraj","CZ042","Litoměřice","CZ0423","Byty [Kč/m2]","10602","2022-2024","2022-2024","45339"
"Průměrná jednotková kupní cena nemovitosti","7432","Celkem","0","Česko","CZ","Ústecký kraj","CZ042","Litoměřice","CZ0423","Byty [Kč/m2]","10602","2025","2025","54573"
"Průměrná jednotková kupní cena nemovitosti","7432","Celkem","0","Česko","CZ","Ústecký kraj","CZ042","Louny","CZ0424","Rodinné domy [Kč/m2]","10302","2019","2019","25554"
"Průměrná jednotková kupní cena nemovitosti","7432","Celkem","0","Česko","CZ","Ústecký kraj","CZ042","Louny","CZ0424","Rodinné domy [Kč/m2]","10302","2020","2020","25824"
"Průměrná jednotková kupní cena nemovitosti","7432","Celkem","0","Česko","CZ","Ústecký kraj","CZ042","Louny","CZ0424","Rodinné domy [Kč/m2]","10302","2021","2021","26577"
"Průměrná jednotková kupní cena nemovitosti","7432","Celkem","0","Česko","CZ","Ústecký kraj","CZ042","Louny","CZ0424","Rodinné domy [Kč/m2]","10302","2019-2021","2019-2021","26071"
"Průměrná jednotková kupní cena nemovitosti","7432","Celkem","0","Česko","CZ","Ústecký kraj","CZ042","Louny","CZ0424","Rodinné domy [Kč/m2]","10302","2022","2022","39427"
"Průměrná jednotková kupní cena nemovitosti","7432","Celkem","0","Česko","CZ","Ústecký kraj","CZ042","Louny","CZ0424","Rodinné domy [Kč/m2]","10302","2020-2022","2020-2022","29597"
"Průměrná jednotková kupní cena nemovitosti","7432","Celkem","0","Česko","CZ","Ústecký kraj","CZ042","Louny","CZ0424","Rodinné domy [Kč/m2]","10302","2023","2023","33109"
"Průměrná jednotková kupní cena nemovitosti","7432","Celkem","0","Česko","CZ","Ústecký kraj","CZ042","Louny","CZ0424","Rodinné domy [Kč/m2]","10302","2021-2023","2021-2023","31900"
"Průměrná jednotková kupní cena nemovitosti","7432","Celkem","0","Česko","CZ","Ústecký kraj","CZ042","Louny","CZ0424","Rodinné domy [Kč/m2]","10302","2024","2024","40171"
"Průměrná jednotková kupní cena nemovitosti","7432","Celkem","0","Česko","CZ","Ústecký kraj","CZ042","Louny","CZ0424","Rodinné domy [Kč/m2]","10302","2022-2024","2022-2024","37805"
"Průměrná jednotková kupní cena nemovitosti","7432","Celkem","0","Česko","CZ","Ústecký kraj","CZ042","Louny","CZ0424","Rodinné domy [Kč/m2]","10302","2025","2025","41585"
"Průměrná jednotková kupní cena nemovitosti","7432","Celkem","0","Česko","CZ","Ústecký kraj","CZ042","Louny","CZ0424","Byty [Kč/m2]","10602","2019","2019","19348"
"Průměrná jednotková kupní cena nemovitosti","7432","Celkem","0","Česko","CZ","Ústecký kraj","CZ042","Louny","CZ0424","Byty [Kč/m2]","10602","2020","2020","23545"
"Průměrná jednotková kupní cena nemovitosti","7432","Celkem","0","Česko","CZ","Ústecký kraj","CZ042","Louny","CZ0424","Byty [Kč/m2]","10602","2021","2021","30864"
"Průměrná jednotková kupní cena nemovitosti","7432","Celkem","0","Česko","CZ","Ústecký kraj","CZ042","Louny","CZ0424","Byty [Kč/m2]","10602","2019-2021","2019-2021","24732"
"Průměrná jednotková kupní cena nemovitosti","7432","Celkem","0","Česko","CZ","Ústecký kraj","CZ042","Louny","CZ0424","Byty [Kč/m2]","10602","2022","2022","38028"
"Průměrná jednotková kupní cena nemovitosti","7432","Celkem","0","Česko","CZ","Ústecký kraj","CZ042","Louny","CZ0424","Byty [Kč/m2]","10602","2020-2022","2020-2022","30830"
"Průměrná jednotková kupní cena nemovitosti","7432","Celkem","0","Česko","CZ","Ústecký kraj","CZ042","Louny","CZ0424","Byty [Kč/m2]","10602","2023","2023","33958"
"Průměrná jednotková kupní cena nemovitosti","7432","Celkem","0","Česko","CZ","Ústecký kraj","CZ042","Louny","CZ0424","Byty [Kč/m2]","10602","2021-2023","2021-2023","34207"
"Průměrná jednotková kupní cena nemovitosti","7432","Celkem","0","Česko","CZ","Ústecký kraj","CZ042","Louny","CZ0424","Byty [Kč/m2]","10602","2024","2024","36740"
"Průměrná jednotková kupní cena nemovitosti","7432","Celkem","0","Česko","CZ","Ústecký kraj","CZ042","Louny","CZ0424","Byty [Kč/m2]","10602","2022-2024","2022-2024","36346"
"Průměrná jednotková kupní cena nemovitosti","7432","Celkem","0","Česko","CZ","Ústecký kraj","CZ042","Louny","CZ0424","Byty [Kč/m2]","10602","2025","2025","44868"
"Průměrná jednotková kupní cena nemovitosti","7432","Celkem","0","Česko","CZ","Ústecký kraj","CZ042","Most","CZ0425","Rodinné domy [Kč/m2]","10302","2019","2019","30608"
"Průměrná jednotková kupní cena nemovitosti","7432","Celkem","0","Česko","CZ","Ústecký kraj","CZ042","Most","CZ0425","Rodinné domy [Kč/m2]","10302","2020","2020","32284"
"Průměrná jednotková kupní cena nemovitosti","7432","Celkem","0","Česko","CZ","Ústecký kraj","CZ042","Most","CZ0425","Rodinné domy [Kč/m2]","10302","2021","2021","36548"
"Průměrná jednotková kupní cena nemovitosti","7432","Celkem","0","Česko","CZ","Ústecký kraj","CZ042","Most","CZ0425","Rodinné domy [Kč/m2]","10302","2019-2021","2019-2021","33113"
"Průměrná jednotková kupní cena nemovitosti","7432","Celkem","0","Česko","CZ","Ústecký kraj","CZ042","Most","CZ0425","Rodinné domy [Kč/m2]","10302","2022","2022","40649"
"Průměrná jednotková kupní cena nemovitosti","7432","Celkem","0","Česko","CZ","Ústecký kraj","CZ042","Most","CZ0425","Rodinné domy [Kč/m2]","10302","2020-2022","2020-2022","36208"
"Průměrná jednotková kupní cena nemovitosti","7432","Celkem","0","Česko","CZ","Ústecký kraj","CZ042","Most","CZ0425","Rodinné domy [Kč/m2]","10302","2023","2023","41441"
"Průměrná jednotková kupní cena nemovitosti","7432","Celkem","0","Česko","CZ","Ústecký kraj","CZ042","Most","CZ0425","Rodinné domy [Kč/m2]","10302","2021-2023","2021-2023","39530"
"Průměrná jednotková kupní cena nemovitosti","7432","Celkem","0","Česko","CZ","Ústecký kraj","CZ042","Most","CZ0425","Rodinné domy [Kč/m2]","10302","2024","2024","48440"
"Průměrná jednotková kupní cena nemovitosti","7432","Celkem","0","Česko","CZ","Ústecký kraj","CZ042","Most","CZ0425","Rodinné domy [Kč/m2]","10302","2022-2024","2022-2024","43463"
"Průměrná jednotková kupní cena nemovitosti","7432","Celkem","0","Česko","CZ","Ústecký kraj","CZ042","Most","CZ0425","Rodinné domy [Kč/m2]","10302","2025","2025","48272"
"Průměrná jednotková kupní cena nemovitosti","7432","Celkem","0","Česko","CZ","Ústecký kraj","CZ042","Most","CZ0425","Byty [Kč/m2]","10602","2019","2019","18696"
"Průměrná jednotková kupní cena nemovitosti","7432","Celkem","0","Česko","CZ","Ústecký kraj","CZ042","Most","CZ0425","Byty [Kč/m2]","10602","2020","2020","21730"
"Průměrná jednotková kupní cena nemovitosti","7432","Celkem","0","Česko","CZ","Ústecký kraj","CZ042","Most","CZ0425","Byty [Kč/m2]","10602","2021","2021","26649"
"Průměrná jednotková kupní cena nemovitosti","7432","Celkem","0","Česko","CZ","Ústecký kraj","CZ042","Most","CZ0425","Byty [Kč/m2]","10602","2019-2021","2019-2021","23224"
"Průměrná jednotková kupní cena nemovitosti","7432","Celkem","0","Česko","CZ","Ústecký kraj","CZ042","Most","CZ0425","Byty [Kč/m2]","10602","2022","2022","32559"
"Průměrná jednotková kupní cena nemovitosti","7432","Celkem","0","Česko","CZ","Ústecký kraj","CZ042","Most","CZ0425","Byty [Kč/m2]","10602","2020-2022","2020-2022","28254"
"Průměrná jednotková kupní cena nemovitosti","7432","Celkem","0","Česko","CZ","Ústecký kraj","CZ042","Most","CZ0425","Byty [Kč/m2]","10602","2023","2023","29325"
"Průměrná jednotková kupní cena nemovitosti","7432","Celkem","0","Česko","CZ","Ústecký kraj","CZ042","Most","CZ0425","Byty [Kč/m2]","10602","2021-2023","2021-2023","29872"
"Průměrná jednotková kupní cena nemovitosti","7432","Celkem","0","Česko","CZ","Ústecký kraj","CZ042","Most","CZ0425","Byty [Kč/m2]","10602","2024","2024","32589"
"Průměrná jednotková kupní cena nemovitosti","7432","Celkem","0","Česko","CZ","Ústecký kraj","CZ042","Most","CZ0425","Byty [Kč/m2]","10602","2022-2024","2022-2024","31689"
"Průměrná jednotková kupní cena nemovitosti","7432","Celkem","0","Česko","CZ","Ústecký kraj","CZ042","Most","CZ0425","Byty [Kč/m2]","10602","2025","2025","39291"
"Průměrná jednotková kupní cena nemovitosti","7432","Celkem","0","Česko","CZ","Ústecký kraj","CZ042","Teplice","CZ0426","Rodinné domy [Kč/m2]","10302","2019","2019","28224"
"Průměrná jednotková kupní cena nemovitosti","7432","Celkem","0","Česko","CZ","Ústecký kraj","CZ042","Teplice","CZ0426","Rodinné domy [Kč/m2]","10302","2020","2020","30440"
"Průměrná jednotková kupní cena nemovitosti","7432","Celkem","0","Česko","CZ","Ústecký kraj","CZ042","Teplice","CZ0426","Rodinné domy [Kč/m2]","10302","2021","2021","34607"
"Průměrná jednotková kupní cena nemovitosti","7432","Celkem","0","Česko","CZ","Ústecký kraj","CZ042","Teplice","CZ0426","Rodinné domy [Kč/m2]","10302","2019-2021","2019-2021","31207"
"Průměrná jednotková kupní cena nemovitosti","7432","Celkem","0","Česko","CZ","Ústecký kraj","CZ042","Teplice","CZ0426","Rodinné domy [Kč/m2]","10302","2022","2022","39699"
"Průměrná jednotková kupní cena nemovitosti","7432","Celkem","0","Česko","CZ","Ústecký kraj","CZ042","Teplice","CZ0426","Rodinné domy [Kč/m2]","10302","2020-2022","2020-2022","34177"
"Průměrná jednotková kupní cena nemovitosti","7432","Celkem","0","Česko","CZ","Ústecký kraj","CZ042","Teplice","CZ0426","Rodinné domy [Kč/m2]","10302","2023","2023","44666"
"Průměrná jednotková kupní cena nemovitosti","7432","Celkem","0","Česko","CZ","Ústecký kraj","CZ042","Teplice","CZ0426","Rodinné domy [Kč/m2]","10302","2021-2023","2021-2023","38453"
"Průměrná jednotková kupní cena nemovitosti","7432","Celkem","0","Česko","CZ","Ústecký kraj","CZ042","Teplice","CZ0426","Rodinné domy [Kč/m2]","10302","2024","2024","41439"
"Průměrná jednotková kupní cena nemovitosti","7432","Celkem","0","Česko","CZ","Ústecký kraj","CZ042","Teplice","CZ0426","Rodinné domy [Kč/m2]","10302","2022-2024","2022-2024","41754"
"Průměrná jednotková kupní cena nemovitosti","7432","Celkem","0","Česko","CZ","Ústecký kraj","CZ042","Teplice","CZ0426","Rodinné domy [Kč/m2]","10302","2025","2025","47295"
"Průměrná jednotková kupní cena nemovitosti","7432","Celkem","0","Česko","CZ","Ústecký kraj","CZ042","Teplice","CZ0426","Byty [Kč/m2]","10602","2019","2019","19242"
"Průměrná jednotková kupní cena nemovitosti","7432","Celkem","0","Česko","CZ","Ústecký kraj","CZ042","Teplice","CZ0426","Byty [Kč/m2]","10602","2020","2020","20722"
"Průměrná jednotková kupní cena nemovitosti","7432","Celkem","0","Česko","CZ","Ústecký kraj","CZ042","Teplice","CZ0426","Byty [Kč/m2]","10602","2021","2021","27224"
"Průměrná jednotková kupní cena nemovitosti","7432","Celkem","0","Česko","CZ","Ústecký kraj","CZ042","Teplice","CZ0426","Byty [Kč/m2]","10602","2019-2021","2019-2021","23242"
"Průměrná jednotková kupní cena nemovitosti","7432","Celkem","0","Česko","CZ","Ústecký kraj","CZ042","Teplice","CZ0426","Byty [Kč/m2]","10602","2022","2022","32342"
"Průměrná jednotková kupní cena nemovitosti","7432","Celkem","0","Česko","CZ","Ústecký kraj","CZ042","Teplice","CZ0426","Byty [Kč/m2]","10602","2020-2022","2020-2022","27102"
"Průměrná jednotková kupní cena nemovitosti","7432","Celkem","0","Česko","CZ","Ústecký kraj","CZ042","Teplice","CZ0426","Byty [Kč/m2]","10602","2023","2023","30048"
"Průměrná jednotková kupní cena nemovitosti","7432","Celkem","0","Česko","CZ","Ústecký kraj","CZ042","Teplice","CZ0426","Byty [Kč/m2]","10602","2021-2023","2021-2023","29799"
"Průměrná jednotková kupní cena nemovitosti","7432","Celkem","0","Česko","CZ","Ústecký kraj","CZ042","Teplice","CZ0426","Byty [Kč/m2]","10602","2024","2024","34783"
"Průměrná jednotková kupní cena nemovitosti","7432","Celkem","0","Česko","CZ","Ústecký kraj","CZ042","Teplice","CZ0426","Byty [Kč/m2]","10602","2022-2024","2022-2024","32662"
"Průměrná jednotková kupní cena nemovitosti","7432","Celkem","0","Česko","CZ","Ústecký kraj","CZ042","Teplice","CZ0426","Byty [Kč/m2]","10602","2025","2025","35490"
"Průměrná jednotková kupní cena nemovitosti","7432","Celkem","0","Česko","CZ","Ústecký kraj","CZ042","Ústí nad Labem","CZ0427","Rodinné domy [Kč/m2]","10302","2019","2019","29981"
"Průměrná jednotková kupní cena nemovitosti","7432","Celkem","0","Česko","CZ","Ústecký kraj","CZ042","Ústí nad Labem","CZ0427","Rodinné domy [Kč/m2]","10302","2020","2020","40271"
"Průměrná jednotková kupní cena nemovitosti","7432","Celkem","0","Česko","CZ","Ústecký kraj","CZ042","Ústí nad Labem","CZ0427","Rodinné domy [Kč/m2]","10302","2021","2021","38977"
"Průměrná jednotková kupní cena nemovitosti","7432","Celkem","0","Česko","CZ","Ústecký kraj","CZ042","Ústí nad Labem","CZ0427","Rodinné domy [Kč/m2]","10302","2019-2021","2019-2021","36293"
"Průměrná jednotková kupní cena nemovitosti","7432","Celkem","0","Česko","CZ","Ústecký kraj","CZ042","Ústí nad Labem","CZ0427","Rodinné domy [Kč/m2]","10302","2022","2022","47885"
"Průměrná jednotková kupní cena nemovitosti","7432","Celkem","0","Česko","CZ","Ústecký kraj","CZ042","Ústí nad Labem","CZ0427","Rodinné domy [Kč/m2]","10302","2020-2022","2020-2022","41501"
"Průměrná jednotková kupní cena nemovitosti","7432","Celkem","0","Česko","CZ","Ústecký kraj","CZ042","Ústí nad Labem","CZ0427","Rodinné domy [Kč/m2]","10302","2023","2023","48345"
"Průměrná jednotková kupní cena nemovitosti","7432","Celkem","0","Česko","CZ","Ústecký kraj","CZ042","Ústí nad Labem","CZ0427","Rodinné domy [Kč/m2]","10302","2021-2023","2021-2023","43642"
"Průměrná jednotková kupní cena nemovitosti","7432","Celkem","0","Česko","CZ","Ústecký kraj","CZ042","Ústí nad Labem","CZ0427","Rodinné domy [Kč/m2]","10302","2024","2024","57931"
"Průměrná jednotková kupní cena nemovitosti","7432","Celkem","0","Česko","CZ","Ústecký kraj","CZ042","Ústí nad Labem","CZ0427","Rodinné domy [Kč/m2]","10302","2022-2024","2022-2024","52209"
"Průměrná jednotková kupní cena nemovitosti","7432","Celkem","0","Česko","CZ","Ústecký kraj","CZ042","Ústí nad Labem","CZ0427","Rodinné domy [Kč/m2]","10302","2025","2025","57288"
"Průměrná jednotková kupní cena nemovitosti","7432","Celkem","0","Česko","CZ","Ústecký kraj","CZ042","Ústí nad Labem","CZ0427","Byty [Kč/m2]","10602","2019","2019","22872"
"Průměrná jednotková kupní cena nemovitosti","7432","Celkem","0","Česko","CZ","Ústecký kraj","CZ042","Ústí nad Labem","CZ0427","Byty [Kč/m2]","10602","2020","2020","26661"
"Průměrná jednotková kupní cena nemovitosti","7432","Celkem","0","Česko","CZ","Ústecký kraj","CZ042","Ústí nad Labem","CZ0427","Byty [Kč/m2]","10602","2021","2021","35990"
"Průměrná jednotková kupní cena nemovitosti","7432","Celkem","0","Česko","CZ","Ústecký kraj","CZ042","Ústí nad Labem","CZ0427","Byty [Kč/m2]","10602","2019-2021","2019-2021","30152"
"Průměrná jednotková kupní cena nemovitosti","7432","Celkem","0","Česko","CZ","Ústecký kraj","CZ042","Ústí nad Labem","CZ0427","Byty [Kč/m2]","10602","2022","2022","43761"
"Průměrná jednotková kupní cena nemovitosti","7432","Celkem","0","Česko","CZ","Ústecký kraj","CZ042","Ústí nad Labem","CZ0427","Byty [Kč/m2]","10602","2020-2022","2020-2022","35477"
"Průměrná jednotková kupní cena nemovitosti","7432","Celkem","0","Česko","CZ","Ústecký kraj","CZ042","Ústí nad Labem","CZ0427","Byty [Kč/m2]","10602","2023","2023","38732"
"Průměrná jednotková kupní cena nemovitosti","7432","Celkem","0","Česko","CZ","Ústecký kraj","CZ042","Ústí nad Labem","CZ0427","Byty [Kč/m2]","10602","2021-2023","2021-2023","38995"
"Průměrná jednotková kupní cena nemovitosti","7432","Celkem","0","Česko","CZ","Ústecký kraj","CZ042","Ústí nad Labem","CZ0427","Byty [Kč/m2]","10602","2024","2024","42287"
"Průměrná jednotková kupní cena nemovitosti","7432","Celkem","0","Česko","CZ","Ústecký kraj","CZ042","Ústí nad Labem","CZ0427","Byty [Kč/m2]","10602","2022-2024","2022-2024","41688"
"Průměrná jednotková kupní cena nemovitosti","7432","Celkem","0","Česko","CZ","Ústecký kraj","CZ042","Ústí nad Labem","CZ0427","Byty [Kč/m2]","10602","2025","2025","49132"
"Průměrná jednotková kupní cena nemovitosti","7432","Celkem","0","Česko","CZ","Liberecký kraj","CZ051","Česká Lípa","CZ0511","Rodinné domy [Kč/m2]","10302","2019","2019","26473"
"Průměrná jednotková kupní cena nemovitosti","7432","Celkem","0","Česko","CZ","Liberecký kraj","CZ051","Česká Lípa","CZ0511","Rodinné domy [Kč/m2]","10302","2020","2020","31146"
"Průměrná jednotková kupní cena nemovitosti","7432","Celkem","0","Česko","CZ","Liberecký kraj","CZ051","Česká Lípa","CZ0511","Rodinné domy [Kč/m2]","10302","2021","2021","34111"
"Průměrná jednotková kupní cena nemovitosti","7432","Celkem","0","Česko","CZ","Liberecký kraj","CZ051","Česká Lípa","CZ0511","Rodinné domy [Kč/m2]","10302","2019-2021","2019-2021","30188"
"Průměrná jednotková kupní cena nemovitosti","7432","Celkem","0","Česko","CZ","Liberecký kraj","CZ051","Česká Lípa","CZ0511","Rodinné domy [Kč/m2]","10302","2022","2022","43822"
"Průměrná jednotková kupní cena nemovitosti","7432","Celkem","0","Česko","CZ","Liberecký kraj","CZ051","Česká Lípa","CZ0511","Rodinné domy [Kč/m2]","10302","2020-2022","2020-2022","35471"
"Průměrná jednotková kupní cena nemovitosti","7432","Celkem","0","Česko","CZ","Liberecký kraj","CZ051","Česká Lípa","CZ0511","Rodinné domy [Kč/m2]","10302","2023","2023","38159"
"Průměrná jednotková kupní cena nemovitosti","7432","Celkem","0","Česko","CZ","Liberecký kraj","CZ051","Česká Lípa","CZ0511","Rodinné domy [Kč/m2]","10302","2021-2023","2021-2023","38367"
"Průměrná jednotková kupní cena nemovitosti","7432","Celkem","0","Česko","CZ","Liberecký kraj","CZ051","Česká Lípa","CZ0511","Rodinné domy [Kč/m2]","10302","2024","2024","42227"
"Průměrná jednotková kupní cena nemovitosti","7432","Celkem","0","Česko","CZ","Liberecký kraj","CZ051","Česká Lípa","CZ0511","Rodinné domy [Kč/m2]","10302","2022-2024","2022-2024","41306"
"Průměrná jednotková kupní cena nemovitosti","7432","Celkem","0","Česko","CZ","Liberecký kraj","CZ051","Česká Lípa","CZ0511","Rodinné domy [Kč/m2]","10302","2025","2025","48319"
"Průměrná jednotková kupní cena nemovitosti","7432","Celkem","0","Česko","CZ","Liberecký kraj","CZ051","Česká Lípa","CZ0511","Byty [Kč/m2]","10602","2019","2019","20109"
"Průměrná jednotková kupní cena nemovitosti","7432","Celkem","0","Česko","CZ","Liberecký kraj","CZ051","Česká Lípa","CZ0511","Byty [Kč/m2]","10602","2020","2020","23651"
"Průměrná jednotková kupní cena nemovitosti","7432","Celkem","0","Česko","CZ","Liberecký kraj","CZ051","Česká Lípa","CZ0511","Byty [Kč/m2]","10602","2021","2021","30687"
"Průměrná jednotková kupní cena nemovitosti","7432","Celkem","0","Česko","CZ","Liberecký kraj","CZ051","Česká Lípa","CZ0511","Byty [Kč/m2]","10602","2019-2021","2019-2021","25172"
"Průměrná jednotková kupní cena nemovitosti","7432","Celkem","0","Česko","CZ","Liberecký kraj","CZ051","Česká Lípa","CZ0511","Byty [Kč/m2]","10602","2022","2022","41919"
"Průměrná jednotková kupní cena nemovitosti","7432","Celkem","0","Česko","CZ","Liberecký kraj","CZ051","Česká Lípa","CZ0511","Byty [Kč/m2]","10602","2020-2022","2020-2022","31493"
"Průměrná jednotková kupní cena nemovitosti","7432","Celkem","0","Česko","CZ","Liberecký kraj","CZ051","Česká Lípa","CZ0511","Byty [Kč/m2]","10602","2023","2023","36110"
"Průměrná jednotková kupní cena nemovitosti","7432","Celkem","0","Česko","CZ","Liberecký kraj","CZ051","Česká Lípa","CZ0511","Byty [Kč/m2]","10602","2021-2023","2021-2023","35910"
"Průměrná jednotková kupní cena nemovitosti","7432","Celkem","0","Česko","CZ","Liberecký kraj","CZ051","Česká Lípa","CZ0511","Byty [Kč/m2]","10602","2024","2024","37014"
"Průměrná jednotková kupní cena nemovitosti","7432","Celkem","0","Česko","CZ","Liberecký kraj","CZ051","Česká Lípa","CZ0511","Byty [Kč/m2]","10602","2022-2024","2022-2024","38494"
"Průměrná jednotková kupní cena nemovitosti","7432","Celkem","0","Česko","CZ","Liberecký kraj","CZ051","Česká Lípa","CZ0511","Byty [Kč/m2]","10602","2025","2025","43051"
"Průměrná jednotková kupní cena nemovitosti","7432","Celkem","0","Česko","CZ","Liberecký kraj","CZ051","Jablonec nad Nisou","CZ0512","Rodinné domy [Kč/m2]","10302","2019","2019","28247"
"Průměrná jednotková kupní cena nemovitosti","7432","Celkem","0","Česko","CZ","Liberecký kraj","CZ051","Jablonec nad Nisou","CZ0512","Rodinné domy [Kč/m2]","10302","2020","2020","32233"
"Průměrná jednotková kupní cena nemovitosti","7432","Celkem","0","Česko","CZ","Liberecký kraj","CZ051","Jablonec nad Nisou","CZ0512","Rodinné domy [Kč/m2]","10302","2021","2021","35877"
"Průměrná jednotková kupní cena nemovitosti","7432","Celkem","0","Česko","CZ","Liberecký kraj","CZ051","Jablonec nad Nisou","CZ0512","Rodinné domy [Kč/m2]","10302","2019-2021","2019-2021","31778"
"Průměrná jednotková kupní cena nemovitosti","7432","Celkem","0","Česko","CZ","Liberecký kraj","CZ051","Jablonec nad Nisou","CZ0512","Rodinné domy [Kč/m2]","10302","2022","2022","45619"
"Průměrná jednotková kupní cena nemovitosti","7432","Celkem","0","Česko","CZ","Liberecký kraj","CZ051","Jablonec nad Nisou","CZ0512","Rodinné domy [Kč/m2]","10302","2020-2022","2020-2022","37229"
"Průměrná jednotková kupní cena nemovitosti","7432","Celkem","0","Česko","CZ","Liberecký kraj","CZ051","Jablonec nad Nisou","CZ0512","Rodinné domy [Kč/m2]","10302","2023","2023","43396"
"Průměrná jednotková kupní cena nemovitosti","7432","Celkem","0","Česko","CZ","Liberecký kraj","CZ051","Jablonec nad Nisou","CZ0512","Rodinné domy [Kč/m2]","10302","2021-2023","2021-2023","40890"
"Průměrná jednotková kupní cena nemovitosti","7432","Celkem","0","Česko","CZ","Liberecký kraj","CZ051","Jablonec nad Nisou","CZ0512","Rodinné domy [Kč/m2]","10302","2024","2024","43152"
"Průměrná jednotková kupní cena nemovitosti","7432","Celkem","0","Česko","CZ","Liberecký kraj","CZ051","Jablonec nad Nisou","CZ0512","Rodinné domy [Kč/m2]","10302","2022-2024","2022-2024","44138"
"Průměrná jednotková kupní cena nemovitosti","7432","Celkem","0","Česko","CZ","Liberecký kraj","CZ051","Jablonec nad Nisou","CZ0512","Rodinné domy [Kč/m2]","10302","2025","2025","51485"
"Průměrná jednotková kupní cena nemovitosti","7432","Celkem","0","Česko","CZ","Liberecký kraj","CZ051","Jablonec nad Nisou","CZ0512","Byty [Kč/m2]","10602","2019","2019","24879"
"Průměrná jednotková kupní cena nemovitosti","7432","Celkem","0","Česko","CZ","Liberecký kraj","CZ051","Jablonec nad Nisou","CZ0512","Byty [Kč/m2]","10602","2020","2020","28786"
"Průměrná jednotková kupní cena nemovitosti","7432","Celkem","0","Česko","CZ","Liberecký kraj","CZ051","Jablonec nad Nisou","CZ0512","Byty [Kč/m2]","10602","2021","2021","38174"
"Průměrná jednotková kupní cena nemovitosti","7432","Celkem","0","Česko","CZ","Liberecký kraj","CZ051","Jablonec nad Nisou","CZ0512","Byty [Kč/m2]","10602","2019-2021","2019-2021","31176"
"Průměrná jednotková kupní cena nemovitosti","7432","Celkem","0","Česko","CZ","Liberecký kraj","CZ051","Jablonec nad Nisou","CZ0512","Byty [Kč/m2]","10602","2022","2022","44608"
"Průměrná jednotková kupní cena nemovitosti","7432","Celkem","0","Česko","CZ","Liberecký kraj","CZ051","Jablonec nad Nisou","CZ0512","Byty [Kč/m2]","10602","2020-2022","2020-2022","36880"
"Průměrná jednotková kupní cena nemovitosti","7432","Celkem","0","Česko","CZ","Liberecký kraj","CZ051","Jablonec nad Nisou","CZ0512","Byty [Kč/m2]","10602","2023","2023","41879"
"Průměrná jednotková kupní cena nemovitosti","7432","Celkem","0","Česko","CZ","Liberecký kraj","CZ051","Jablonec nad Nisou","CZ0512","Byty [Kč/m2]","10602","2021-2023","2021-2023","41200"
"Průměrná jednotková kupní cena nemovitosti","7432","Celkem","0","Česko","CZ","Liberecký kraj","CZ051","Jablonec nad Nisou","CZ0512","Byty [Kč/m2]","10602","2024","2024","46509"
"Průměrná jednotková kupní cena nemovitosti","7432","Celkem","0","Česko","CZ","Liberecký kraj","CZ051","Jablonec nad Nisou","CZ0512","Byty [Kč/m2]","10602","2022-2024","2022-2024","44560"
"Průměrná jednotková kupní cena nemovitosti","7432","Celkem","0","Česko","CZ","Liberecký kraj","CZ051","Jablonec nad Nisou","CZ0512","Byty [Kč/m2]","10602","2025","2025","52386"
"Průměrná jednotková kupní cena nemovitosti","7432","Celkem","0","Česko","CZ","Liberecký kraj","CZ051","Liberec","CZ0513","Rodinné domy [Kč/m2]","10302","2019","2019","34416"
"Průměrná jednotková kupní cena nemovitosti","7432","Celkem","0","Česko","CZ","Liberecký kraj","CZ051","Liberec","CZ0513","Rodinné domy [Kč/m2]","10302","2020","2020","38720"
"Průměrná jednotková kupní cena nemovitosti","7432","Celkem","0","Česko","CZ","Liberecký kraj","CZ051","Liberec","CZ0513","Rodinné domy [Kč/m2]","10302","2021","2021","44406"
"Průměrná jednotková kupní cena nemovitosti","7432","Celkem","0","Česko","CZ","Liberecký kraj","CZ051","Liberec","CZ0513","Rodinné domy [Kč/m2]","10302","2019-2021","2019-2021","39595"
"Průměrná jednotková kupní cena nemovitosti","7432","Celkem","0","Česko","CZ","Liberecký kraj","CZ051","Liberec","CZ0513","Rodinné domy [Kč/m2]","10302","2022","2022","52313"
"Průměrná jednotková kupní cena nemovitosti","7432","Celkem","0","Česko","CZ","Liberecký kraj","CZ051","Liberec","CZ0513","Rodinné domy [Kč/m2]","10302","2020-2022","2020-2022","44567"
"Průměrná jednotková kupní cena nemovitosti","7432","Celkem","0","Česko","CZ","Liberecký kraj","CZ051","Liberec","CZ0513","Rodinné domy [Kč/m2]","10302","2023","2023","52501"
"Průměrná jednotková kupní cena nemovitosti","7432","Celkem","0","Česko","CZ","Liberecký kraj","CZ051","Liberec","CZ0513","Rodinné domy [Kč/m2]","10302","2021-2023","2021-2023","49139"
"Průměrná jednotková kupní cena nemovitosti","7432","Celkem","0","Česko","CZ","Liberecký kraj","CZ051","Liberec","CZ0513","Rodinné domy [Kč/m2]","10302","2024","2024","56261"
"Průměrná jednotková kupní cena nemovitosti","7432","Celkem","0","Česko","CZ","Liberecký kraj","CZ051","Liberec","CZ0513","Rodinné domy [Kč/m2]","10302","2022-2024","2022-2024","53936"
"Průměrná jednotková kupní cena nemovitosti","7432","Celkem","0","Česko","CZ","Liberecký kraj","CZ051","Liberec","CZ0513","Rodinné domy [Kč/m2]","10302","2025","2025","61814"
"Průměrná jednotková kupní cena nemovitosti","7432","Celkem","0","Česko","CZ","Liberecký kraj","CZ051","Liberec","CZ0513","Byty [Kč/m2]","10602","2019","2019","32644"
"Průměrná jednotková kupní cena nemovitosti","7432","Celkem","0","Česko","CZ","Liberecký kraj","CZ051","Liberec","CZ0513","Byty [Kč/m2]","10602","2020","2020","38595"
"Průměrná jednotková kupní cena nemovitosti","7432","Celkem","0","Česko","CZ","Liberecký kraj","CZ051","Liberec","CZ0513","Byty [Kč/m2]","10602","2021","2021","44917"
"Průměrná jednotková kupní cena nemovitosti","7432","Celkem","0","Česko","CZ","Liberecký kraj","CZ051","Liberec","CZ0513","Byty [Kč/m2]","10602","2019-2021","2019-2021","39089"
"Průměrná jednotková kupní cena nemovitosti","7432","Celkem","0","Česko","CZ","Liberecký kraj","CZ051","Liberec","CZ0513","Byty [Kč/m2]","10602","2022","2022","56464"
"Průměrná jednotková kupní cena nemovitosti","7432","Celkem","0","Česko","CZ","Liberecký kraj","CZ051","Liberec","CZ0513","Byty [Kč/m2]","10602","2020-2022","2020-2022","45995"
"Průměrná jednotková kupní cena nemovitosti","7432","Celkem","0","Česko","CZ","Liberecký kraj","CZ051","Liberec","CZ0513","Byty [Kč/m2]","10602","2023","2023","52028"
"Průměrná jednotková kupní cena nemovitosti","7432","Celkem","0","Česko","CZ","Liberecký kraj","CZ051","Liberec","CZ0513","Byty [Kč/m2]","10602","2021-2023","2021-2023","50308"
"Průměrná jednotková kupní cena nemovitosti","7432","Celkem","0","Česko","CZ","Liberecký kraj","CZ051","Liberec","CZ0513","Byty [Kč/m2]","10602","2024","2024","56581"
"Průměrná jednotková kupní cena nemovitosti","7432","Celkem","0","Česko","CZ","Liberecký kraj","CZ051","Liberec","CZ0513","Byty [Kč/m2]","10602","2022-2024","2022-2024","55274"
"Průměrná jednotková kupní cena nemovitosti","7432","Celkem","0","Česko","CZ","Liberecký kraj","CZ051","Liberec","CZ0513","Byty [Kč/m2]","10602","2025","2025","64893"
"Průměrná jednotková kupní cena nemovitosti","7432","Celkem","0","Česko","CZ","Liberecký kraj","CZ051","Semily","CZ0514","Rodinné domy [Kč/m2]","10302","2019","2019","25784"
"Průměrná jednotková kupní cena nemovitosti","7432","Celkem","0","Česko","CZ","Liberecký kraj","CZ051","Semily","CZ0514","Rodinné domy [Kč/m2]","10302","2020","2020","28287"
"Průměrná jednotková kupní cena nemovitosti","7432","Celkem","0","Česko","CZ","Liberecký kraj","CZ051","Semily","CZ0514","Rodinné domy [Kč/m2]","10302","2021","2021","35630"
"Průměrná jednotková kupní cena nemovitosti","7432","Celkem","0","Česko","CZ","Liberecký kraj","CZ051","Semily","CZ0514","Rodinné domy [Kč/m2]","10302","2019-2021","2019-2021","30091"
"Průměrná jednotková kupní cena nemovitosti","7432","Celkem","0","Česko","CZ","Liberecký kraj","CZ051","Semily","CZ0514","Rodinné domy [Kč/m2]","10302","2022","2022","42283"
"Průměrná jednotková kupní cena nemovitosti","7432","Celkem","0","Česko","CZ","Liberecký kraj","CZ051","Semily","CZ0514","Rodinné domy [Kč/m2]","10302","2020-2022","2020-2022","34352"
"Průměrná jednotková kupní cena nemovitosti","7432","Celkem","0","Česko","CZ","Liberecký kraj","CZ051","Semily","CZ0514","Rodinné domy [Kč/m2]","10302","2023","2023","40238"
"Průměrná jednotková kupní cena nemovitosti","7432","Celkem","0","Česko","CZ","Liberecký kraj","CZ051","Semily","CZ0514","Rodinné domy [Kč/m2]","10302","2021-2023","2021-2023","38661"
"Průměrná jednotková kupní cena nemovitosti","7432","Celkem","0","Česko","CZ","Liberecký kraj","CZ051","Semily","CZ0514","Rodinné domy [Kč/m2]","10302","2024","2024","44187"
"Průměrná jednotková kupní cena nemovitosti","7432","Celkem","0","Česko","CZ","Liberecký kraj","CZ051","Semily","CZ0514","Rodinné domy [Kč/m2]","10302","2022-2024","2022-2024","42525"
"Průměrná jednotková kupní cena nemovitosti","7432","Celkem","0","Česko","CZ","Liberecký kraj","CZ051","Semily","CZ0514","Rodinné domy [Kč/m2]","10302","2025","2025","44581"
"Průměrná jednotková kupní cena nemovitosti","7432","Celkem","0","Česko","CZ","Liberecký kraj","CZ051","Semily","CZ0514","Byty [Kč/m2]","10602","2019","2019","24343"
"Průměrná jednotková kupní cena nemovitosti","7432","Celkem","0","Česko","CZ","Liberecký kraj","CZ051","Semily","CZ0514","Byty [Kč/m2]","10602","2020","2020","28351"
"Průměrná jednotková kupní cena nemovitosti","7432","Celkem","0","Česko","CZ","Liberecký kraj","CZ051","Semily","CZ0514","Byty [Kč/m2]","10602","2021","2021","34775"
"Průměrná jednotková kupní cena nemovitosti","7432","Celkem","0","Česko","CZ","Liberecký kraj","CZ051","Semily","CZ0514","Byty [Kč/m2]","10602","2019-2021","2019-2021","29128"
"Průměrná jednotková kupní cena nemovitosti","7432","Celkem","0","Česko","CZ","Liberecký kraj","CZ051","Semily","CZ0514","Byty [Kč/m2]","10602","2022","2022","47842"
"Průměrná jednotková kupní cena nemovitosti","7432","Celkem","0","Česko","CZ","Liberecký kraj","CZ051","Semily","CZ0514","Byty [Kč/m2]","10602","2020-2022","2020-2022","34478"
"Průměrná jednotková kupní cena nemovitosti","7432","Celkem","0","Česko","CZ","Liberecký kraj","CZ051","Semily","CZ0514","Byty [Kč/m2]","10602","2023","2023","46881"
"Průměrná jednotková kupní cena nemovitosti","7432","Celkem","0","Česko","CZ","Liberecký kraj","CZ051","Semily","CZ0514","Byty [Kč/m2]","10602","2021-2023","2021-2023","41879"
"Průměrná jednotková kupní cena nemovitosti","7432","Celkem","0","Česko","CZ","Liberecký kraj","CZ051","Semily","CZ0514","Byty [Kč/m2]","10602","2024","2024","48466"
"Průměrná jednotková kupní cena nemovitosti","7432","Celkem","0","Česko","CZ","Liberecký kraj","CZ051","Semily","CZ0514","Byty [Kč/m2]","10602","2022-2024","2022-2024","47747"
"Průměrná jednotková kupní cena nemovitosti","7432","Celkem","0","Česko","CZ","Liberecký kraj","CZ051","Semily","CZ0514","Byty [Kč/m2]","10602","2025","2025","53026"
"Průměrná jednotková kupní cena nemovitosti","7432","Celkem","0","Česko","CZ","Královéhradecký kraj","CZ052","Hradec Králové","CZ0521","Rodinné domy [Kč/m2]","10302","2019","2019","37321"
"Průměrná jednotková kupní cena nemovitosti","7432","Celkem","0","Česko","CZ","Královéhradecký kraj","CZ052","Hradec Králové","CZ0521","Rodinné domy [Kč/m2]","10302","2020","2020","39379"
"Průměrná jednotková kupní cena nemovitosti","7432","Celkem","0","Česko","CZ","Královéhradecký kraj","CZ052","Hradec Králové","CZ0521","Rodinné domy [Kč/m2]","10302","2021","2021","48667"
"Průměrná jednotková kupní cena nemovitosti","7432","Celkem","0","Česko","CZ","Královéhradecký kraj","CZ052","Hradec Králové","CZ0521","Rodinné domy [Kč/m2]","10302","2019-2021","2019-2021","41678"
"Průměrná jednotková kupní cena nemovitosti","7432","Celkem","0","Česko","CZ","Královéhradecký kraj","CZ052","Hradec Králové","CZ0521","Rodinné domy [Kč/m2]","10302","2022","2022","58264"
"Průměrná jednotková kupní cena nemovitosti","7432","Celkem","0","Česko","CZ","Královéhradecký kraj","CZ052","Hradec Králové","CZ0521","Rodinné domy [Kč/m2]","10302","2020-2022","2020-2022","46958"
"Průměrná jednotková kupní cena nemovitosti","7432","Celkem","0","Česko","CZ","Královéhradecký kraj","CZ052","Hradec Králové","CZ0521","Rodinné domy [Kč/m2]","10302","2023","2023","56223"
"Průměrná jednotková kupní cena nemovitosti","7432","Celkem","0","Česko","CZ","Královéhradecký kraj","CZ052","Hradec Králové","CZ0521","Rodinné domy [Kč/m2]","10302","2021-2023","2021-2023","53570"
"Průměrná jednotková kupní cena nemovitosti","7432","Celkem","0","Česko","CZ","Královéhradecký kraj","CZ052","Hradec Králové","CZ0521","Rodinné domy [Kč/m2]","10302","2024","2024","60148"
"Průměrná jednotková kupní cena nemovitosti","7432","Celkem","0","Česko","CZ","Královéhradecký kraj","CZ052","Hradec Králové","CZ0521","Rodinné domy [Kč/m2]","10302","2022-2024","2022-2024","58448"
"Průměrná jednotková kupní cena nemovitosti","7432","Celkem","0","Česko","CZ","Královéhradecký kraj","CZ052","Hradec Králové","CZ0521","Rodinné domy [Kč/m2]","10302","2025","2025","68544"
"Průměrná jednotková kupní cena nemovitosti","7432","Celkem","0","Česko","CZ","Královéhradecký kraj","CZ052","Hradec Králové","CZ0521","Byty [Kč/m2]","10602","2019","2019","38025"
"Průměrná jednotková kupní cena nemovitosti","7432","Celkem","0","Česko","CZ","Královéhradecký kraj","CZ052","Hradec Králové","CZ0521","Byty [Kč/m2]","10602","2020","2020","45047"
"Průměrná jednotková kupní cena nemovitosti","7432","Celkem","0","Česko","CZ","Královéhradecký kraj","CZ052","Hradec Králové","CZ0521","Byty [Kč/m2]","10602","2021","2021","56036"
"Průměrná jednotková kupní cena nemovitosti","7432","Celkem","0","Česko","CZ","Královéhradecký kraj","CZ052","Hradec Králové","CZ0521","Byty [Kč/m2]","10602","2019-2021","2019-2021","46301"
"Průměrná jednotková kupní cena nemovitosti","7432","Celkem","0","Česko","CZ","Královéhradecký kraj","CZ052","Hradec Králové","CZ0521","Byty [Kč/m2]","10602","2022","2022","69884"
"Průměrná jednotková kupní cena nemovitosti","7432","Celkem","0","Česko","CZ","Královéhradecký kraj","CZ052","Hradec Králové","CZ0521","Byty [Kč/m2]","10602","2020-2022","2020-2022","55793"
"Průměrná jednotková kupní cena nemovitosti","7432","Celkem","0","Česko","CZ","Královéhradecký kraj","CZ052","Hradec Králové","CZ0521","Byty [Kč/m2]","10602","2023","2023","59403"
"Průměrná jednotková kupní cena nemovitosti","7432","Celkem","0","Česko","CZ","Královéhradecký kraj","CZ052","Hradec Králové","CZ0521","Byty [Kč/m2]","10602","2021-2023","2021-2023","60751"
"Průměrná jednotková kupní cena nemovitosti","7432","Celkem","0","Česko","CZ","Královéhradecký kraj","CZ052","Hradec Králové","CZ0521","Byty [Kč/m2]","10602","2024","2024","67871"
"Průměrná jednotková kupní cena nemovitosti","7432","Celkem","0","Česko","CZ","Královéhradecký kraj","CZ052","Hradec Králové","CZ0521","Byty [Kč/m2]","10602","2022-2024","2022-2024","65773"
"Průměrná jednotková kupní cena nemovitosti","7432","Celkem","0","Česko","CZ","Královéhradecký kraj","CZ052","Hradec Králové","CZ0521","Byty [Kč/m2]","10602","2025","2025","77507"
"Průměrná jednotková kupní cena nemovitosti","7432","Celkem","0","Česko","CZ","Královéhradecký kraj","CZ052","Jičín","CZ0522","Rodinné domy [Kč/m2]","10302","2019","2019","26423"
"Průměrná jednotková kupní cena nemovitosti","7432","Celkem","0","Česko","CZ","Královéhradecký kraj","CZ052","Jičín","CZ0522","Rodinné domy [Kč/m2]","10302","2020","2020","25522"
"Průměrná jednotková kupní cena nemovitosti","7432","Celkem","0","Česko","CZ","Královéhradecký kraj","CZ052","Jičín","CZ0522","Rodinné domy [Kč/m2]","10302","2021","2021","33988"
"Průměrná jednotková kupní cena nemovitosti","7432","Celkem","0","Česko","CZ","Královéhradecký kraj","CZ052","Jičín","CZ0522","Rodinné domy [Kč/m2]","10302","2019-2021","2019-2021","28592"
"Průměrná jednotková kupní cena nemovitosti","7432","Celkem","0","Česko","CZ","Královéhradecký kraj","CZ052","Jičín","CZ0522","Rodinné domy [Kč/m2]","10302","2022","2022","41375"
"Průměrná jednotková kupní cena nemovitosti","7432","Celkem","0","Česko","CZ","Královéhradecký kraj","CZ052","Jičín","CZ0522","Rodinné domy [Kč/m2]","10302","2020-2022","2020-2022","32783"
"Průměrná jednotková kupní cena nemovitosti","7432","Celkem","0","Česko","CZ","Královéhradecký kraj","CZ052","Jičín","CZ0522","Rodinné domy [Kč/m2]","10302","2023","2023","41667"
"Průměrná jednotková kupní cena nemovitosti","7432","Celkem","0","Česko","CZ","Královéhradecký kraj","CZ052","Jičín","CZ0522","Rodinné domy [Kč/m2]","10302","2021-2023","2021-2023","38293"
"Průměrná jednotková kupní cena nemovitosti","7432","Celkem","0","Česko","CZ","Královéhradecký kraj","CZ052","Jičín","CZ0522","Rodinné domy [Kč/m2]","10302","2024","2024","41749"
"Průměrná jednotková kupní cena nemovitosti","7432","Celkem","0","Česko","CZ","Královéhradecký kraj","CZ052","Jičín","CZ0522","Rodinné domy [Kč/m2]","10302","2022-2024","2022-2024","41598"
"Průměrná jednotková kupní cena nemovitosti","7432","Celkem","0","Česko","CZ","Královéhradecký kraj","CZ052","Jičín","CZ0522","Rodinné domy [Kč/m2]","10302","2025","2025","44239"
"Průměrná jednotková kupní cena nemovitosti","7432","Celkem","0","Česko","CZ","Královéhradecký kraj","CZ052","Jičín","CZ0522","Byty [Kč/m2]","10602","2019","2019","27932"
"Průměrná jednotková kupní cena nemovitosti","7432","Celkem","0","Česko","CZ","Královéhradecký kraj","CZ052","Jičín","CZ0522","Byty [Kč/m2]","10602","2020","2020","30887"
"Průměrná jednotková kupní cena nemovitosti","7432","Celkem","0","Česko","CZ","Královéhradecký kraj","CZ052","Jičín","CZ0522","Byty [Kč/m2]","10602","2021","2021","36823"
"Průměrná jednotková kupní cena nemovitosti","7432","Celkem","0","Česko","CZ","Královéhradecký kraj","CZ052","Jičín","CZ0522","Byty [Kč/m2]","10602","2019-2021","2019-2021","31929"
"Průměrná jednotková kupní cena nemovitosti","7432","Celkem","0","Česko","CZ","Královéhradecký kraj","CZ052","Jičín","CZ0522","Byty [Kč/m2]","10602","2022","2022","45707"
"Průměrná jednotková kupní cena nemovitosti","7432","Celkem","0","Česko","CZ","Královéhradecký kraj","CZ052","Jičín","CZ0522","Byty [Kč/m2]","10602","2020-2022","2020-2022","36690"
"Průměrná jednotková kupní cena nemovitosti","7432","Celkem","0","Česko","CZ","Královéhradecký kraj","CZ052","Jičín","CZ0522","Byty [Kč/m2]","10602","2023","2023","48644"
"Průměrná jednotková kupní cena nemovitosti","7432","Celkem","0","Česko","CZ","Královéhradecký kraj","CZ052","Jičín","CZ0522","Byty [Kč/m2]","10602","2021-2023","2021-2023","43179"
"Průměrná jednotková kupní cena nemovitosti","7432","Celkem","0","Česko","CZ","Královéhradecký kraj","CZ052","Jičín","CZ0522","Byty [Kč/m2]","10602","2024","2024","47849"
"Průměrná jednotková kupní cena nemovitosti","7432","Celkem","0","Česko","CZ","Královéhradecký kraj","CZ052","Jičín","CZ0522","Byty [Kč/m2]","10602","2022-2024","2022-2024","47448"
"Průměrná jednotková kupní cena nemovitosti","7432","Celkem","0","Česko","CZ","Královéhradecký kraj","CZ052","Jičín","CZ0522","Byty [Kč/m2]","10602","2025","2025","54045"
"Průměrná jednotková kupní cena nemovitosti","7432","Celkem","0","Česko","CZ","Královéhradecký kraj","CZ052","Náchod","CZ0523","Rodinné domy [Kč/m2]","10302","2019","2019","26008"
"Průměrná jednotková kupní cena nemovitosti","7432","Celkem","0","Česko","CZ","Královéhradecký kraj","CZ052","Náchod","CZ0523","Rodinné domy [Kč/m2]","10302","2020","2020","27690"
"Průměrná jednotková kupní cena nemovitosti","7432","Celkem","0","Česko","CZ","Královéhradecký kraj","CZ052","Náchod","CZ0523","Rodinné domy [Kč/m2]","10302","2021","2021","31070"
"Průměrná jednotková kupní cena nemovitosti","7432","Celkem","0","Česko","CZ","Královéhradecký kraj","CZ052","Náchod","CZ0523","Rodinné domy [Kč/m2]","10302","2019-2021","2019-2021","28095"
"Průměrná jednotková kupní cena nemovitosti","7432","Celkem","0","Česko","CZ","Královéhradecký kraj","CZ052","Náchod","CZ0523","Rodinné domy [Kč/m2]","10302","2022","2022","36420"
"Průměrná jednotková kupní cena nemovitosti","7432","Celkem","0","Česko","CZ","Královéhradecký kraj","CZ052","Náchod","CZ0523","Rodinné domy [Kč/m2]","10302","2020-2022","2020-2022","31247"
"Průměrná jednotková kupní cena nemovitosti","7432","Celkem","0","Česko","CZ","Královéhradecký kraj","CZ052","Náchod","CZ0523","Rodinné domy [Kč/m2]","10302","2023","2023","42506"
"Průměrná jednotková kupní cena nemovitosti","7432","Celkem","0","Česko","CZ","Královéhradecký kraj","CZ052","Náchod","CZ0523","Rodinné domy [Kč/m2]","10302","2021-2023","2021-2023","35953"
"Průměrná jednotková kupní cena nemovitosti","7432","Celkem","0","Česko","CZ","Královéhradecký kraj","CZ052","Náchod","CZ0523","Rodinné domy [Kč/m2]","10302","2024","2024","42934"
"Průměrná jednotková kupní cena nemovitosti","7432","Celkem","0","Česko","CZ","Královéhradecký kraj","CZ052","Náchod","CZ0523","Rodinné domy [Kč/m2]","10302","2022-2024","2022-2024","40890"
"Průměrná jednotková kupní cena nemovitosti","7432","Celkem","0","Česko","CZ","Královéhradecký kraj","CZ052","Náchod","CZ0523","Rodinné domy [Kč/m2]","10302","2025","2025","43260"
"Průměrná jednotková kupní cena nemovitosti","7432","Celkem","0","Česko","CZ","Královéhradecký kraj","CZ052","Náchod","CZ0523","Byty [Kč/m2]","10602","2019","2019","20244"
"Průměrná jednotková kupní cena nemovitosti","7432","Celkem","0","Česko","CZ","Královéhradecký kraj","CZ052","Náchod","CZ0523","Byty [Kč/m2]","10602","2020","2020","23750"
"Průměrná jednotková kupní cena nemovitosti","7432","Celkem","0","Česko","CZ","Královéhradecký kraj","CZ052","Náchod","CZ0523","Byty [Kč/m2]","10602","2021","2021","31441"
"Průměrná jednotková kupní cena nemovitosti","7432","Celkem","0","Česko","CZ","Královéhradecký kraj","CZ052","Náchod","CZ0523","Byty [Kč/m2]","10602","2019-2021","2019-2021","24716"
"Průměrná jednotková kupní cena nemovitosti","7432","Celkem","0","Česko","CZ","Královéhradecký kraj","CZ052","Náchod","CZ0523","Byty [Kč/m2]","10602","2022","2022","37020"
"Průměrná jednotková kupní cena nemovitosti","7432","Celkem","0","Česko","CZ","Královéhradecký kraj","CZ052","Náchod","CZ0523","Byty [Kč/m2]","10602","2020-2022","2020-2022","30339"
"Průměrná jednotková kupní cena nemovitosti","7432","Celkem","0","Česko","CZ","Královéhradecký kraj","CZ052","Náchod","CZ0523","Byty [Kč/m2]","10602","2023","2023","41155"
"Průměrná jednotková kupní cena nemovitosti","7432","Celkem","0","Česko","CZ","Královéhradecký kraj","CZ052","Náchod","CZ0523","Byty [Kč/m2]","10602","2021-2023","2021-2023","36401"
"Průměrná jednotková kupní cena nemovitosti","7432","Celkem","0","Česko","CZ","Královéhradecký kraj","CZ052","Náchod","CZ0523","Byty [Kč/m2]","10602","2024","2024","40557"
"Průměrná jednotková kupní cena nemovitosti","7432","Celkem","0","Česko","CZ","Královéhradecký kraj","CZ052","Náchod","CZ0523","Byty [Kč/m2]","10602","2022-2024","2022-2024","39522"
"Průměrná jednotková kupní cena nemovitosti","7432","Celkem","0","Česko","CZ","Královéhradecký kraj","CZ052","Náchod","CZ0523","Byty [Kč/m2]","10602","2025","2025","46815"
"Průměrná jednotková kupní cena nemovitosti","7432","Celkem","0","Česko","CZ","Královéhradecký kraj","CZ052","Rychnov nad Kněžnou","CZ0524","Rodinné domy [Kč/m2]","10302","2019","2019","27806"
"Průměrná jednotková kupní cena nemovitosti","7432","Celkem","0","Česko","CZ","Královéhradecký kraj","CZ052","Rychnov nad Kněžnou","CZ0524","Rodinné domy [Kč/m2]","10302","2020","2020","30091"
"Průměrná jednotková kupní cena nemovitosti","7432","Celkem","0","Česko","CZ","Královéhradecký kraj","CZ052","Rychnov nad Kněžnou","CZ0524","Rodinné domy [Kč/m2]","10302","2021","2021","33325"
"Průměrná jednotková kupní cena nemovitosti","7432","Celkem","0","Česko","CZ","Královéhradecký kraj","CZ052","Rychnov nad Kněžnou","CZ0524","Rodinné domy [Kč/m2]","10302","2019-2021","2019-2021","30599"
"Průměrná jednotková kupní cena nemovitosti","7432","Celkem","0","Česko","CZ","Královéhradecký kraj","CZ052","Rychnov nad Kněžnou","CZ0524","Rodinné domy [Kč/m2]","10302","2022","2022","44802"
"Průměrná jednotková kupní cena nemovitosti","7432","Celkem","0","Česko","CZ","Královéhradecký kraj","CZ052","Rychnov nad Kněžnou","CZ0524","Rodinné domy [Kč/m2]","10302","2020-2022","2020-2022","34558"
"Průměrná jednotková kupní cena nemovitosti","7432","Celkem","0","Česko","CZ","Královéhradecký kraj","CZ052","Rychnov nad Kněžnou","CZ0524","Rodinné domy [Kč/m2]","10302","2023","2023","41554"
"Průměrná jednotková kupní cena nemovitosti","7432","Celkem","0","Česko","CZ","Královéhradecký kraj","CZ052","Rychnov nad Kněžnou","CZ0524","Rodinné domy [Kč/m2]","10302","2021-2023","2021-2023","38626"
"Průměrná jednotková kupní cena nemovitosti","7432","Celkem","0","Česko","CZ","Královéhradecký kraj","CZ052","Rychnov nad Kněžnou","CZ0524","Rodinné domy [Kč/m2]","10302","2024","2024","43729"
"Průměrná jednotková kupní cena nemovitosti","7432","Celkem","0","Česko","CZ","Královéhradecký kraj","CZ052","Rychnov nad Kněžnou","CZ0524","Rodinné domy [Kč/m2]","10302","2022-2024","2022-2024","43510"
"Průměrná jednotková kupní cena nemovitosti","7432","Celkem","0","Česko","CZ","Královéhradecký kraj","CZ052","Rychnov nad Kněžnou","CZ0524","Rodinné domy [Kč/m2]","10302","2025","2025","48746"
"Průměrná jednotková kupní cena nemovitosti","7432","Celkem","0","Česko","CZ","Královéhradecký kraj","CZ052","Rychnov nad Kněžnou","CZ0524","Byty [Kč/m2]","10602","2019","2019","25913"
"Průměrná jednotková kupní cena nemovitosti","7432","Celkem","0","Česko","CZ","Královéhradecký kraj","CZ052","Rychnov nad Kněžnou","CZ0524","Byty [Kč/m2]","10602","2020","2020","29121"
"Průměrná jednotková kupní cena nemovitosti","7432","Celkem","0","Česko","CZ","Královéhradecký kraj","CZ052","Rychnov nad Kněžnou","CZ0524","Byty [Kč/m2]","10602","2021","2021","36054"
"Průměrná jednotková kupní cena nemovitosti","7432","Celkem","0","Česko","CZ","Královéhradecký kraj","CZ052","Rychnov nad Kněžnou","CZ0524","Byty [Kč/m2]","10602","2019-2021","2019-2021","30670"
"Průměrná jednotková kupní cena nemovitosti","7432","Celkem","0","Česko","CZ","Královéhradecký kraj","CZ052","Rychnov nad Kněžnou","CZ0524","Byty [Kč/m2]","10602","2022","2022","43548"
"Průměrná jednotková kupní cena nemovitosti","7432","Celkem","0","Česko","CZ","Královéhradecký kraj","CZ052","Rychnov nad Kněžnou","CZ0524","Byty [Kč/m2]","10602","2020-2022","2020-2022","36208"
"Průměrná jednotková kupní cena nemovitosti","7432","Celkem","0","Česko","CZ","Královéhradecký kraj","CZ052","Rychnov nad Kněžnou","CZ0524","Byty [Kč/m2]","10602","2023","2023","39877"
"Průměrná jednotková kupní cena nemovitosti","7432","Celkem","0","Česko","CZ","Královéhradecký kraj","CZ052","Rychnov nad Kněžnou","CZ0524","Byty [Kč/m2]","10602","2021-2023","2021-2023","39637"
"Průměrná jednotková kupní cena nemovitosti","7432","Celkem","0","Česko","CZ","Královéhradecký kraj","CZ052","Rychnov nad Kněžnou","CZ0524","Byty [Kč/m2]","10602","2024","2024","42094"
"Průměrná jednotková kupní cena nemovitosti","7432","Celkem","0","Česko","CZ","Královéhradecký kraj","CZ052","Rychnov nad Kněžnou","CZ0524","Byty [Kč/m2]","10602","2022-2024","2022-2024","41969"
"Průměrná jednotková kupní cena nemovitosti","7432","Celkem","0","Česko","CZ","Královéhradecký kraj","CZ052","Rychnov nad Kněžnou","CZ0524","Byty [Kč/m2]","10602","2025","2025","48659"
"Průměrná jednotková kupní cena nemovitosti","7432","Celkem","0","Česko","CZ","Královéhradecký kraj","CZ052","Trutnov","CZ0525","Rodinné domy [Kč/m2]","10302","2019","2019","27657"
"Průměrná jednotková kupní cena nemovitosti","7432","Celkem","0","Česko","CZ","Královéhradecký kraj","CZ052","Trutnov","CZ0525","Rodinné domy [Kč/m2]","10302","2020","2020","31147"
"Průměrná jednotková kupní cena nemovitosti","7432","Celkem","0","Česko","CZ","Královéhradecký kraj","CZ052","Trutnov","CZ0525","Rodinné domy [Kč/m2]","10302","2021","2021","35148"
"Průměrná jednotková kupní cena nemovitosti","7432","Celkem","0","Česko","CZ","Královéhradecký kraj","CZ052","Trutnov","CZ0525","Rodinné domy [Kč/m2]","10302","2019-2021","2019-2021","31565"
"Průměrná jednotková kupní cena nemovitosti","7432","Celkem","0","Česko","CZ","Královéhradecký kraj","CZ052","Trutnov","CZ0525","Rodinné domy [Kč/m2]","10302","2022","2022","41626"
"Průměrná jednotková kupní cena nemovitosti","7432","Celkem","0","Česko","CZ","Královéhradecký kraj","CZ052","Trutnov","CZ0525","Rodinné domy [Kč/m2]","10302","2020-2022","2020-2022","36276"
"Průměrná jednotková kupní cena nemovitosti","7432","Celkem","0","Česko","CZ","Královéhradecký kraj","CZ052","Trutnov","CZ0525","Rodinné domy [Kč/m2]","10302","2023","2023","41709"
"Průměrná jednotková kupní cena nemovitosti","7432","Celkem","0","Česko","CZ","Královéhradecký kraj","CZ052","Trutnov","CZ0525","Rodinné domy [Kč/m2]","10302","2021-2023","2021-2023","38872"
"Průměrná jednotková kupní cena nemovitosti","7432","Celkem","0","Česko","CZ","Královéhradecký kraj","CZ052","Trutnov","CZ0525","Rodinné domy [Kč/m2]","10302","2024","2024","43985"
"Průměrná jednotková kupní cena nemovitosti","7432","Celkem","0","Česko","CZ","Královéhradecký kraj","CZ052","Trutnov","CZ0525","Rodinné domy [Kč/m2]","10302","2022-2024","2022-2024","42629"
"Průměrná jednotková kupní cena nemovitosti","7432","Celkem","0","Česko","CZ","Královéhradecký kraj","CZ052","Trutnov","CZ0525","Rodinné domy [Kč/m2]","10302","2025","2025","50639"
"Průměrná jednotková kupní cena nemovitosti","7432","Celkem","0","Česko","CZ","Královéhradecký kraj","CZ052","Trutnov","CZ0525","Byty [Kč/m2]","10602","2019","2019","22317"
"Průměrná jednotková kupní cena nemovitosti","7432","Celkem","0","Česko","CZ","Královéhradecký kraj","CZ052","Trutnov","CZ0525","Byty [Kč/m2]","10602","2020","2020","27145"
"Průměrná jednotková kupní cena nemovitosti","7432","Celkem","0","Česko","CZ","Královéhradecký kraj","CZ052","Trutnov","CZ0525","Byty [Kč/m2]","10602","2021","2021","35339"
"Průměrná jednotková kupní cena nemovitosti","7432","Celkem","0","Česko","CZ","Královéhradecký kraj","CZ052","Trutnov","CZ0525","Byty [Kč/m2]","10602","2019-2021","2019-2021","29143"
"Průměrná jednotková kupní cena nemovitosti","7432","Celkem","0","Česko","CZ","Královéhradecký kraj","CZ052","Trutnov","CZ0525","Byty [Kč/m2]","10602","2022","2022","41278"
"Průměrná jednotková kupní cena nemovitosti","7432","Celkem","0","Česko","CZ","Královéhradecký kraj","CZ052","Trutnov","CZ0525","Byty [Kč/m2]","10602","2020-2022","2020-2022","34830"
"Průměrná jednotková kupní cena nemovitosti","7432","Celkem","0","Česko","CZ","Královéhradecký kraj","CZ052","Trutnov","CZ0525","Byty [Kč/m2]","10602","2023","2023","39829"
"Průměrná jednotková kupní cena nemovitosti","7432","Celkem","0","Česko","CZ","Královéhradecký kraj","CZ052","Trutnov","CZ0525","Byty [Kč/m2]","10602","2021-2023","2021-2023","38521"
"Průměrná jednotková kupní cena nemovitosti","7432","Celkem","0","Česko","CZ","Královéhradecký kraj","CZ052","Trutnov","CZ0525","Byty [Kč/m2]","10602","2024","2024","43373"
"Průměrná jednotková kupní cena nemovitosti","7432","Celkem","0","Česko","CZ","Královéhradecký kraj","CZ052","Trutnov","CZ0525","Byty [Kč/m2]","10602","2022-2024","2022-2024","41615"
"Průměrná jednotková kupní cena nemovitosti","7432","Celkem","0","Česko","CZ","Královéhradecký kraj","CZ052","Trutnov","CZ0525","Byty [Kč/m2]","10602","2025","2025","48689"
"Průměrná jednotková kupní cena nemovitosti","7432","Celkem","0","Česko","CZ","Pardubický kraj","CZ053","Chrudim","CZ0531","Rodinné domy [Kč/m2]","10302","2019","2019","25689"
"Průměrná jednotková kupní cena nemovitosti","7432","Celkem","0","Česko","CZ","Pardubický kraj","CZ053","Chrudim","CZ0531","Rodinné domy [Kč/m2]","10302","2020","2020","29345"
"Průměrná jednotková kupní cena nemovitosti","7432","Celkem","0","Česko","CZ","Pardubický kraj","CZ053","Chrudim","CZ0531","Rodinné domy [Kč/m2]","10302","2021","2021","34266"
"Průměrná jednotková kupní cena nemovitosti","7432","Celkem","0","Česko","CZ","Pardubický kraj","CZ053","Chrudim","CZ0531","Rodinné domy [Kč/m2]","10302","2019-2021","2019-2021","29526"
"Průměrná jednotková kupní cena nemovitosti","7432","Celkem","0","Česko","CZ","Pardubický kraj","CZ053","Chrudim","CZ0531","Rodinné domy [Kč/m2]","10302","2022","2022","40267"
"Průměrná jednotková kupní cena nemovitosti","7432","Celkem","0","Česko","CZ","Pardubický kraj","CZ053","Chrudim","CZ0531","Rodinné domy [Kč/m2]","10302","2020-2022","2020-2022","33852"
"Průměrná jednotková kupní cena nemovitosti","7432","Celkem","0","Česko","CZ","Pardubický kraj","CZ053","Chrudim","CZ0531","Rodinné domy [Kč/m2]","10302","2023","2023","38223"
"Průměrná jednotková kupní cena nemovitosti","7432","Celkem","0","Česko","CZ","Pardubický kraj","CZ053","Chrudim","CZ0531","Rodinné domy [Kč/m2]","10302","2021-2023","2021-2023","37368"
"Průměrná jednotková kupní cena nemovitosti","7432","Celkem","0","Česko","CZ","Pardubický kraj","CZ053","Chrudim","CZ0531","Rodinné domy [Kč/m2]","10302","2024","2024","40247"
"Průměrná jednotková kupní cena nemovitosti","7432","Celkem","0","Česko","CZ","Pardubický kraj","CZ053","Chrudim","CZ0531","Rodinné domy [Kč/m2]","10302","2022-2024","2022-2024","39595"
"Průměrná jednotková kupní cena nemovitosti","7432","Celkem","0","Česko","CZ","Pardubický kraj","CZ053","Chrudim","CZ0531","Rodinné domy [Kč/m2]","10302","2025","2025","48554"
"Průměrná jednotková kupní cena nemovitosti","7432","Celkem","0","Česko","CZ","Pardubický kraj","CZ053","Chrudim","CZ0531","Byty [Kč/m2]","10602","2019","2019","24370"
"Průměrná jednotková kupní cena nemovitosti","7432","Celkem","0","Česko","CZ","Pardubický kraj","CZ053","Chrudim","CZ0531","Byty [Kč/m2]","10602","2020","2020","29135"
"Průměrná jednotková kupní cena nemovitosti","7432","Celkem","0","Česko","CZ","Pardubický kraj","CZ053","Chrudim","CZ0531","Byty [Kč/m2]","10602","2021","2021","37411"
"Průměrná jednotková kupní cena nemovitosti","7432","Celkem","0","Česko","CZ","Pardubický kraj","CZ053","Chrudim","CZ0531","Byty [Kč/m2]","10602","2019-2021","2019-2021","29999"
"Průměrná jednotková kupní cena nemovitosti","7432","Celkem","0","Česko","CZ","Pardubický kraj","CZ053","Chrudim","CZ0531","Byty [Kč/m2]","10602","2022","2022","42445"
"Průměrná jednotková kupní cena nemovitosti","7432","Celkem","0","Česko","CZ","Pardubický kraj","CZ053","Chrudim","CZ0531","Byty [Kč/m2]","10602","2020-2022","2020-2022","35430"
"Průměrná jednotková kupní cena nemovitosti","7432","Celkem","0","Česko","CZ","Pardubický kraj","CZ053","Chrudim","CZ0531","Byty [Kč/m2]","10602","2023","2023","39174"
"Průměrná jednotková kupní cena nemovitosti","7432","Celkem","0","Česko","CZ","Pardubický kraj","CZ053","Chrudim","CZ0531","Byty [Kč/m2]","10602","2021-2023","2021-2023","39415"
"Průměrná jednotková kupní cena nemovitosti","7432","Celkem","0","Česko","CZ","Pardubický kraj","CZ053","Chrudim","CZ0531","Byty [Kč/m2]","10602","2024","2024","43956"
"Průměrná jednotková kupní cena nemovitosti","7432","Celkem","0","Česko","CZ","Pardubický kraj","CZ053","Chrudim","CZ0531","Byty [Kč/m2]","10602","2022-2024","2022-2024","41986"
"Průměrná jednotková kupní cena nemovitosti","7432","Celkem","0","Česko","CZ","Pardubický kraj","CZ053","Chrudim","CZ0531","Byty [Kč/m2]","10602","2025","2025","50419"
"Průměrná jednotková kupní cena nemovitosti","7432","Celkem","0","Česko","CZ","Pardubický kraj","CZ053","Pardubice","CZ0532","Rodinné domy [Kč/m2]","10302","2019","2019","37083"
"Průměrná jednotková kupní cena nemovitosti","7432","Celkem","0","Česko","CZ","Pardubický kraj","CZ053","Pardubice","CZ0532","Rodinné domy [Kč/m2]","10302","2020","2020","41509"
"Průměrná jednotková kupní cena nemovitosti","7432","Celkem","0","Česko","CZ","Pardubický kraj","CZ053","Pardubice","CZ0532","Rodinné domy [Kč/m2]","10302","2021","2021","44351"
"Průměrná jednotková kupní cena nemovitosti","7432","Celkem","0","Česko","CZ","Pardubický kraj","CZ053","Pardubice","CZ0532","Rodinné domy [Kč/m2]","10302","2019-2021","2019-2021","40097"
"Průměrná jednotková kupní cena nemovitosti","7432","Celkem","0","Česko","CZ","Pardubický kraj","CZ053","Pardubice","CZ0532","Rodinné domy [Kč/m2]","10302","2022","2022","57189"
"Průměrná jednotková kupní cena nemovitosti","7432","Celkem","0","Česko","CZ","Pardubický kraj","CZ053","Pardubice","CZ0532","Rodinné domy [Kč/m2]","10302","2020-2022","2020-2022","46187"
"Průměrná jednotková kupní cena nemovitosti","7432","Celkem","0","Česko","CZ","Pardubický kraj","CZ053","Pardubice","CZ0532","Rodinné domy [Kč/m2]","10302","2023","2023","56311"
"Průměrná jednotková kupní cena nemovitosti","7432","Celkem","0","Česko","CZ","Pardubický kraj","CZ053","Pardubice","CZ0532","Rodinné domy [Kč/m2]","10302","2021-2023","2021-2023","51361"
"Průměrná jednotková kupní cena nemovitosti","7432","Celkem","0","Česko","CZ","Pardubický kraj","CZ053","Pardubice","CZ0532","Rodinné domy [Kč/m2]","10302","2024","2024","57562"
"Průměrná jednotková kupní cena nemovitosti","7432","Celkem","0","Česko","CZ","Pardubický kraj","CZ053","Pardubice","CZ0532","Rodinné domy [Kč/m2]","10302","2022-2024","2022-2024","57109"
"Průměrná jednotková kupní cena nemovitosti","7432","Celkem","0","Česko","CZ","Pardubický kraj","CZ053","Pardubice","CZ0532","Rodinné domy [Kč/m2]","10302","2025","2025","65049"
"Průměrná jednotková kupní cena nemovitosti","7432","Celkem","0","Česko","CZ","Pardubický kraj","CZ053","Pardubice","CZ0532","Byty [Kč/m2]","10602","2019","2019","34962"
"Průměrná jednotková kupní cena nemovitosti","7432","Celkem","0","Česko","CZ","Pardubický kraj","CZ053","Pardubice","CZ0532","Byty [Kč/m2]","10602","2020","2020","40899"
"Průměrná jednotková kupní cena nemovitosti","7432","Celkem","0","Česko","CZ","Pardubický kraj","CZ053","Pardubice","CZ0532","Byty [Kč/m2]","10602","2021","2021","51122"
"Průměrná jednotková kupní cena nemovitosti","7432","Celkem","0","Česko","CZ","Pardubický kraj","CZ053","Pardubice","CZ0532","Byty [Kč/m2]","10602","2019-2021","2019-2021","42408"
"Průměrná jednotková kupní cena nemovitosti","7432","Celkem","0","Česko","CZ","Pardubický kraj","CZ053","Pardubice","CZ0532","Byty [Kč/m2]","10602","2022","2022","62058"
"Průměrná jednotková kupní cena nemovitosti","7432","Celkem","0","Česko","CZ","Pardubický kraj","CZ053","Pardubice","CZ0532","Byty [Kč/m2]","10602","2020-2022","2020-2022","50069"
"Průměrná jednotková kupní cena nemovitosti","7432","Celkem","0","Česko","CZ","Pardubický kraj","CZ053","Pardubice","CZ0532","Byty [Kč/m2]","10602","2023","2023","57323"
"Průměrná jednotková kupní cena nemovitosti","7432","Celkem","0","Česko","CZ","Pardubický kraj","CZ053","Pardubice","CZ0532","Byty [Kč/m2]","10602","2021-2023","2021-2023","56218"
"Průměrná jednotková kupní cena nemovitosti","7432","Celkem","0","Česko","CZ","Pardubický kraj","CZ053","Pardubice","CZ0532","Byty [Kč/m2]","10602","2024","2024","62562"
"Průměrná jednotková kupní cena nemovitosti","7432","Celkem","0","Česko","CZ","Pardubický kraj","CZ053","Pardubice","CZ0532","Byty [Kč/m2]","10602","2022-2024","2022-2024","60658"
"Průměrná jednotková kupní cena nemovitosti","7432","Celkem","0","Česko","CZ","Pardubický kraj","CZ053","Pardubice","CZ0532","Byty [Kč/m2]","10602","2025","2025","73075"
"Průměrná jednotková kupní cena nemovitosti","7432","Celkem","0","Česko","CZ","Pardubický kraj","CZ053","Svitavy","CZ0533","Rodinné domy [Kč/m2]","10302","2019","2019","27555"
"Průměrná jednotková kupní cena nemovitosti","7432","Celkem","0","Česko","CZ","Pardubický kraj","CZ053","Svitavy","CZ0533","Rodinné domy [Kč/m2]","10302","2020","2020","26190"
"Průměrná jednotková kupní cena nemovitosti","7432","Celkem","0","Česko","CZ","Pardubický kraj","CZ053","Svitavy","CZ0533","Rodinné domy [Kč/m2]","10302","2021","2021","34945"
"Průměrná jednotková kupní cena nemovitosti","7432","Celkem","0","Česko","CZ","Pardubický kraj","CZ053","Svitavy","CZ0533","Rodinné domy [Kč/m2]","10302","2019-2021","2019-2021","29424"
"Průměrná jednotková kupní cena nemovitosti","7432","Celkem","0","Česko","CZ","Pardubický kraj","CZ053","Svitavy","CZ0533","Rodinné domy [Kč/m2]","10302","2022","2022","39633"
"Průměrná jednotková kupní cena nemovitosti","7432","Celkem","0","Česko","CZ","Pardubický kraj","CZ053","Svitavy","CZ0533","Rodinné domy [Kč/m2]","10302","2020-2022","2020-2022","32922"
"Průměrná jednotková kupní cena nemovitosti","7432","Celkem","0","Česko","CZ","Pardubický kraj","CZ053","Svitavy","CZ0533","Rodinné domy [Kč/m2]","10302","2023","2023","34701"
"Průměrná jednotková kupní cena nemovitosti","7432","Celkem","0","Česko","CZ","Pardubický kraj","CZ053","Svitavy","CZ0533","Rodinné domy [Kč/m2]","10302","2021-2023","2021-2023","36284"
"Průměrná jednotková kupní cena nemovitosti","7432","Celkem","0","Česko","CZ","Pardubický kraj","CZ053","Svitavy","CZ0533","Rodinné domy [Kč/m2]","10302","2024","2024","37551"
"Průměrná jednotková kupní cena nemovitosti","7432","Celkem","0","Česko","CZ","Pardubický kraj","CZ053","Svitavy","CZ0533","Rodinné domy [Kč/m2]","10302","2022-2024","2022-2024","37299"
"Průměrná jednotková kupní cena nemovitosti","7432","Celkem","0","Česko","CZ","Pardubický kraj","CZ053","Svitavy","CZ0533","Rodinné domy [Kč/m2]","10302","2025","2025","41319"
"Průměrná jednotková kupní cena nemovitosti","7432","Celkem","0","Česko","CZ","Pardubický kraj","CZ053","Svitavy","CZ0533","Byty [Kč/m2]","10602","2019","2019","24288"
"Průměrná jednotková kupní cena nemovitosti","7432","Celkem","0","Česko","CZ","Pardubický kraj","CZ053","Svitavy","CZ0533","Byty [Kč/m2]","10602","2020","2020","28729"
"Průměrná jednotková kupní cena nemovitosti","7432","Celkem","0","Česko","CZ","Pardubický kraj","CZ053","Svitavy","CZ0533","Byty [Kč/m2]","10602","2021","2021","34965"
"Průměrná jednotková kupní cena nemovitosti","7432","Celkem","0","Česko","CZ","Pardubický kraj","CZ053","Svitavy","CZ0533","Byty [Kč/m2]","10602","2019-2021","2019-2021","29485"
"Průměrná jednotková kupní cena nemovitosti","7432","Celkem","0","Česko","CZ","Pardubický kraj","CZ053","Svitavy","CZ0533","Byty [Kč/m2]","10602","2022","2022","41933"
"Průměrná jednotková kupní cena nemovitosti","7432","Celkem","0","Česko","CZ","Pardubický kraj","CZ053","Svitavy","CZ0533","Byty [Kč/m2]","10602","2020-2022","2020-2022","34613"
"Průměrná jednotková kupní cena nemovitosti","7432","Celkem","0","Česko","CZ","Pardubický kraj","CZ053","Svitavy","CZ0533","Byty [Kč/m2]","10602","2023","2023","41539"
"Průměrná jednotková kupní cena nemovitosti","7432","Celkem","0","Česko","CZ","Pardubický kraj","CZ053","Svitavy","CZ0533","Byty [Kč/m2]","10602","2021-2023","2021-2023","38969"
"Průměrná jednotková kupní cena nemovitosti","7432","Celkem","0","Česko","CZ","Pardubický kraj","CZ053","Svitavy","CZ0533","Byty [Kč/m2]","10602","2024","2024","43580"
"Průměrná jednotková kupní cena nemovitosti","7432","Celkem","0","Česko","CZ","Pardubický kraj","CZ053","Svitavy","CZ0533","Byty [Kč/m2]","10602","2022-2024","2022-2024","42478"
"Průměrná jednotková kupní cena nemovitosti","7432","Celkem","0","Česko","CZ","Pardubický kraj","CZ053","Svitavy","CZ0533","Byty [Kč/m2]","10602","2025","2025","47283"
"Průměrná jednotková kupní cena nemovitosti","7432","Celkem","0","Česko","CZ","Pardubický kraj","CZ053","Ústí nad Orlicí","CZ0534","Rodinné domy [Kč/m2]","10302","2019","2019","26060"
"Průměrná jednotková kupní cena nemovitosti","7432","Celkem","0","Česko","CZ","Pardubický kraj","CZ053","Ústí nad Orlicí","CZ0534","Rodinné domy [Kč/m2]","10302","2020","2020","27441"
"Průměrná jednotková kupní cena nemovitosti","7432","Celkem","0","Česko","CZ","Pardubický kraj","CZ053","Ústí nad Orlicí","CZ0534","Rodinné domy [Kč/m2]","10302","2021","2021","35104"
"Průměrná jednotková kupní cena nemovitosti","7432","Celkem","0","Česko","CZ","Pardubický kraj","CZ053","Ústí nad Orlicí","CZ0534","Rodinné domy [Kč/m2]","10302","2019-2021","2019-2021","29522"
"Průměrná jednotková kupní cena nemovitosti","7432","Celkem","0","Česko","CZ","Pardubický kraj","CZ053","Ústí nad Orlicí","CZ0534","Rodinné domy [Kč/m2]","10302","2022","2022","38079"
"Průměrná jednotková kupní cena nemovitosti","7432","Celkem","0","Česko","CZ","Pardubický kraj","CZ053","Ústí nad Orlicí","CZ0534","Rodinné domy [Kč/m2]","10302","2020-2022","2020-2022","32674"
"Průměrná jednotková kupní cena nemovitosti","7432","Celkem","0","Česko","CZ","Pardubický kraj","CZ053","Ústí nad Orlicí","CZ0534","Rodinné domy [Kč/m2]","10302","2023","2023","38753"
"Průměrná jednotková kupní cena nemovitosti","7432","Celkem","0","Česko","CZ","Pardubický kraj","CZ053","Ústí nad Orlicí","CZ0534","Rodinné domy [Kč/m2]","10302","2021-2023","2021-2023","37034"
"Průměrná jednotková kupní cena nemovitosti","7432","Celkem","0","Česko","CZ","Pardubický kraj","CZ053","Ústí nad Orlicí","CZ0534","Rodinné domy [Kč/m2]","10302","2024","2024","40906"
"Průměrná jednotková kupní cena nemovitosti","7432","Celkem","0","Česko","CZ","Pardubický kraj","CZ053","Ústí nad Orlicí","CZ0534","Rodinné domy [Kč/m2]","10302","2022-2024","2022-2024","39331"
"Průměrná jednotková kupní cena nemovitosti","7432","Celkem","0","Česko","CZ","Pardubický kraj","CZ053","Ústí nad Orlicí","CZ0534","Rodinné domy [Kč/m2]","10302","2025","2025","44571"
"Průměrná jednotková kupní cena nemovitosti","7432","Celkem","0","Česko","CZ","Pardubický kraj","CZ053","Ústí nad Orlicí","CZ0534","Byty [Kč/m2]","10602","2019","2019","22401"
"Průměrná jednotková kupní cena nemovitosti","7432","Celkem","0","Česko","CZ","Pardubický kraj","CZ053","Ústí nad Orlicí","CZ0534","Byty [Kč/m2]","10602","2020","2020","29121"
"Průměrná jednotková kupní cena nemovitosti","7432","Celkem","0","Česko","CZ","Pardubický kraj","CZ053","Ústí nad Orlicí","CZ0534","Byty [Kč/m2]","10602","2021","2021","35965"
"Průměrná jednotková kupní cena nemovitosti","7432","Celkem","0","Česko","CZ","Pardubický kraj","CZ053","Ústí nad Orlicí","CZ0534","Byty [Kč/m2]","10602","2019-2021","2019-2021","29704"
"Průměrná jednotková kupní cena nemovitosti","7432","Celkem","0","Česko","CZ","Pardubický kraj","CZ053","Ústí nad Orlicí","CZ0534","Byty [Kč/m2]","10602","2022","2022","40711"
"Průměrná jednotková kupní cena nemovitosti","7432","Celkem","0","Česko","CZ","Pardubický kraj","CZ053","Ústí nad Orlicí","CZ0534","Byty [Kč/m2]","10602","2020-2022","2020-2022","35104"
"Průměrná jednotková kupní cena nemovitosti","7432","Celkem","0","Česko","CZ","Pardubický kraj","CZ053","Ústí nad Orlicí","CZ0534","Byty [Kč/m2]","10602","2023","2023","40544"
"Průměrná jednotková kupní cena nemovitosti","7432","Celkem","0","Česko","CZ","Pardubický kraj","CZ053","Ústí nad Orlicí","CZ0534","Byty [Kč/m2]","10602","2021-2023","2021-2023","38536"
"Průměrná jednotková kupní cena nemovitosti","7432","Celkem","0","Česko","CZ","Pardubický kraj","CZ053","Ústí nad Orlicí","CZ0534","Byty [Kč/m2]","10602","2024","2024","41429"
"Průměrná jednotková kupní cena nemovitosti","7432","Celkem","0","Česko","CZ","Pardubický kraj","CZ053","Ústí nad Orlicí","CZ0534","Byty [Kč/m2]","10602","2022-2024","2022-2024","40930"
"Průměrná jednotková kupní cena nemovitosti","7432","Celkem","0","Česko","CZ","Pardubický kraj","CZ053","Ústí nad Orlicí","CZ0534","Byty [Kč/m2]","10602","2025","2025","45608"
"Průměrná jednotková kupní cena nemovitosti","7432","Celkem","0","Česko","CZ","Kraj Vysočina","CZ063","Havlíčkův Brod","CZ0631","Rodinné domy [Kč/m2]","10302","2019","2019","26896"
"Průměrná jednotková kupní cena nemovitosti","7432","Celkem","0","Česko","CZ","Kraj Vysočina","CZ063","Havlíčkův Brod","CZ0631","Rodinné domy [Kč/m2]","10302","2020","2020","29353"
"Průměrná jednotková kupní cena nemovitosti","7432","Celkem","0","Česko","CZ","Kraj Vysočina","CZ063","Havlíčkův Brod","CZ0631","Rodinné domy [Kč/m2]","10302","2021","2021","33881"
"Průměrná jednotková kupní cena nemovitosti","7432","Celkem","0","Česko","CZ","Kraj Vysočina","CZ063","Havlíčkův Brod","CZ0631","Rodinné domy [Kč/m2]","10302","2019-2021","2019-2021","30841"
"Průměrná jednotková kupní cena nemovitosti","7432","Celkem","0","Česko","CZ","Kraj Vysočina","CZ063","Havlíčkův Brod","CZ0631","Rodinné domy [Kč/m2]","10302","2022","2022","41926"
"Průměrná jednotková kupní cena nemovitosti","7432","Celkem","0","Česko","CZ","Kraj Vysočina","CZ063","Havlíčkův Brod","CZ0631","Rodinné domy [Kč/m2]","10302","2020-2022","2020-2022","34466"
"Průměrná jednotková kupní cena nemovitosti","7432","Celkem","0","Česko","CZ","Kraj Vysočina","CZ063","Havlíčkův Brod","CZ0631","Rodinné domy [Kč/m2]","10302","2023","2023","40592"
"Průměrná jednotková kupní cena nemovitosti","7432","Celkem","0","Česko","CZ","Kraj Vysočina","CZ063","Havlíčkův Brod","CZ0631","Rodinné domy [Kč/m2]","10302","2021-2023","2021-2023","38176"
"Průměrná jednotková kupní cena nemovitosti","7432","Celkem","0","Česko","CZ","Kraj Vysočina","CZ063","Havlíčkův Brod","CZ0631","Rodinné domy [Kč/m2]","10302","2024","2024","43940"
"Průměrná jednotková kupní cena nemovitosti","7432","Celkem","0","Česko","CZ","Kraj Vysočina","CZ063","Havlíčkův Brod","CZ0631","Rodinné domy [Kč/m2]","10302","2022-2024","2022-2024","42174"
"Průměrná jednotková kupní cena nemovitosti","7432","Celkem","0","Česko","CZ","Kraj Vysočina","CZ063","Havlíčkův Brod","CZ0631","Rodinné domy [Kč/m2]","10302","2025","2025","46871"
"Průměrná jednotková kupní cena nemovitosti","7432","Celkem","0","Česko","CZ","Kraj Vysočina","CZ063","Havlíčkův Brod","CZ0631","Byty [Kč/m2]","10602","2019","2019","23607"
"Průměrná jednotková kupní cena nemovitosti","7432","Celkem","0","Česko","CZ","Kraj Vysočina","CZ063","Havlíčkův Brod","CZ0631","Byty [Kč/m2]","10602","2020","2020","27527"
"Průměrná jednotková kupní cena nemovitosti","7432","Celkem","0","Česko","CZ","Kraj Vysočina","CZ063","Havlíčkův Brod","CZ0631","Byty [Kč/m2]","10602","2021","2021","33373"
"Průměrná jednotková kupní cena nemovitosti","7432","Celkem","0","Česko","CZ","Kraj Vysočina","CZ063","Havlíčkův Brod","CZ0631","Byty [Kč/m2]","10602","2019-2021","2019-2021","28086"
"Průměrná jednotková kupní cena nemovitosti","7432","Celkem","0","Česko","CZ","Kraj Vysočina","CZ063","Havlíčkův Brod","CZ0631","Byty [Kč/m2]","10602","2022","2022","43282"
"Průměrná jednotková kupní cena nemovitosti","7432","Celkem","0","Česko","CZ","Kraj Vysočina","CZ063","Havlíčkův Brod","CZ0631","Byty [Kč/m2]","10602","2020-2022","2020-2022","33729"
"Průměrná jednotková kupní cena nemovitosti","7432","Celkem","0","Česko","CZ","Kraj Vysočina","CZ063","Havlíčkův Brod","CZ0631","Byty [Kč/m2]","10602","2023","2023","42280"
"Průměrná jednotková kupní cena nemovitosti","7432","Celkem","0","Česko","CZ","Kraj Vysočina","CZ063","Havlíčkův Brod","CZ0631","Byty [Kč/m2]","10602","2021-2023","2021-2023","38963"
"Průměrná jednotková kupní cena nemovitosti","7432","Celkem","0","Česko","CZ","Kraj Vysočina","CZ063","Havlíčkův Brod","CZ0631","Byty [Kč/m2]","10602","2024","2024","43608"
"Průměrná jednotková kupní cena nemovitosti","7432","Celkem","0","Česko","CZ","Kraj Vysočina","CZ063","Havlíčkův Brod","CZ0631","Byty [Kč/m2]","10602","2022-2024","2022-2024","43130"
"Průměrná jednotková kupní cena nemovitosti","7432","Celkem","0","Česko","CZ","Kraj Vysočina","CZ063","Havlíčkův Brod","CZ0631","Byty [Kč/m2]","10602","2025","2025","48997"
"Průměrná jednotková kupní cena nemovitosti","7432","Celkem","0","Česko","CZ","Kraj Vysočina","CZ063","Jihlava","CZ0632","Rodinné domy [Kč/m2]","10302","2019","2019","34462"
"Průměrná jednotková kupní cena nemovitosti","7432","Celkem","0","Česko","CZ","Kraj Vysočina","CZ063","Jihlava","CZ0632","Rodinné domy [Kč/m2]","10302","2020","2020","35019"
"Průměrná jednotková kupní cena nemovitosti","7432","Celkem","0","Česko","CZ","Kraj Vysočina","CZ063","Jihlava","CZ0632","Rodinné domy [Kč/m2]","10302","2021","2021","39886"
"Průměrná jednotková kupní cena nemovitosti","7432","Celkem","0","Česko","CZ","Kraj Vysočina","CZ063","Jihlava","CZ0632","Rodinné domy [Kč/m2]","10302","2019-2021","2019-2021","36151"
"Průměrná jednotková kupní cena nemovitosti","7432","Celkem","0","Česko","CZ","Kraj Vysočina","CZ063","Jihlava","CZ0632","Rodinné domy [Kč/m2]","10302","2022","2022","49102"
"Průměrná jednotková kupní cena nemovitosti","7432","Celkem","0","Česko","CZ","Kraj Vysočina","CZ063","Jihlava","CZ0632","Rodinné domy [Kč/m2]","10302","2020-2022","2020-2022","40435"
"Průměrná jednotková kupní cena nemovitosti","7432","Celkem","0","Česko","CZ","Kraj Vysočina","CZ063","Jihlava","CZ0632","Rodinné domy [Kč/m2]","10302","2023","2023","46320"
"Průměrná jednotková kupní cena nemovitosti","7432","Celkem","0","Česko","CZ","Kraj Vysočina","CZ063","Jihlava","CZ0632","Rodinné domy [Kč/m2]","10302","2021-2023","2021-2023","44493"
"Průměrná jednotková kupní cena nemovitosti","7432","Celkem","0","Česko","CZ","Kraj Vysočina","CZ063","Jihlava","CZ0632","Rodinné domy [Kč/m2]","10302","2024","2024","50735"
"Průměrná jednotková kupní cena nemovitosti","7432","Celkem","0","Česko","CZ","Kraj Vysočina","CZ063","Jihlava","CZ0632","Rodinné domy [Kč/m2]","10302","2022-2024","2022-2024","48698"
"Průměrná jednotková kupní cena nemovitosti","7432","Celkem","0","Česko","CZ","Kraj Vysočina","CZ063","Jihlava","CZ0632","Rodinné domy [Kč/m2]","10302","2025","2025","51622"
"Průměrná jednotková kupní cena nemovitosti","7432","Celkem","0","Česko","CZ","Kraj Vysočina","CZ063","Jihlava","CZ0632","Byty [Kč/m2]","10602","2019","2019","32895"
"Průměrná jednotková kupní cena nemovitosti","7432","Celkem","0","Česko","CZ","Kraj Vysočina","CZ063","Jihlava","CZ0632","Byty [Kč/m2]","10602","2020","2020","37653"
"Průměrná jednotková kupní cena nemovitosti","7432","Celkem","0","Česko","CZ","Kraj Vysočina","CZ063","Jihlava","CZ0632","Byty [Kč/m2]","10602","2021","2021","43939"
"Průměrná jednotková kupní cena nemovitosti","7432","Celkem","0","Česko","CZ","Kraj Vysočina","CZ063","Jihlava","CZ0632","Byty [Kč/m2]","10602","2019-2021","2019-2021","38417"
"Průměrná jednotková kupní cena nemovitosti","7432","Celkem","0","Česko","CZ","Kraj Vysočina","CZ063","Jihlava","CZ0632","Byty [Kč/m2]","10602","2022","2022","55544"
"Průměrná jednotková kupní cena nemovitosti","7432","Celkem","0","Česko","CZ","Kraj Vysočina","CZ063","Jihlava","CZ0632","Byty [Kč/m2]","10602","2020-2022","2020-2022","44323"
"Průměrná jednotková kupní cena nemovitosti","7432","Celkem","0","Česko","CZ","Kraj Vysočina","CZ063","Jihlava","CZ0632","Byty [Kč/m2]","10602","2023","2023","51502"
"Průměrná jednotková kupní cena nemovitosti","7432","Celkem","0","Česko","CZ","Kraj Vysočina","CZ063","Jihlava","CZ0632","Byty [Kč/m2]","10602","2021-2023","2021-2023","49034"
"Průměrná jednotková kupní cena nemovitosti","7432","Celkem","0","Česko","CZ","Kraj Vysočina","CZ063","Jihlava","CZ0632","Byty [Kč/m2]","10602","2024","2024","55993"
"Průměrná jednotková kupní cena nemovitosti","7432","Celkem","0","Česko","CZ","Kraj Vysočina","CZ063","Jihlava","CZ0632","Byty [Kč/m2]","10602","2022-2024","2022-2024","54599"
"Průměrná jednotková kupní cena nemovitosti","7432","Celkem","0","Česko","CZ","Kraj Vysočina","CZ063","Jihlava","CZ0632","Byty [Kč/m2]","10602","2025","2025","61475"
"Průměrná jednotková kupní cena nemovitosti","7432","Celkem","0","Česko","CZ","Kraj Vysočina","CZ063","Pelhřimov","CZ0633","Rodinné domy [Kč/m2]","10302","2019","2019","26071"
"Průměrná jednotková kupní cena nemovitosti","7432","Celkem","0","Česko","CZ","Kraj Vysočina","CZ063","Pelhřimov","CZ0633","Rodinné domy [Kč/m2]","10302","2020","2020","28674"
"Průměrná jednotková kupní cena nemovitosti","7432","Celkem","0","Česko","CZ","Kraj Vysočina","CZ063","Pelhřimov","CZ0633","Rodinné domy [Kč/m2]","10302","2021","2021","34962"
"Průměrná jednotková kupní cena nemovitosti","7432","Celkem","0","Česko","CZ","Kraj Vysočina","CZ063","Pelhřimov","CZ0633","Rodinné domy [Kč/m2]","10302","2019-2021","2019-2021","30999"
"Průměrná jednotková kupní cena nemovitosti","7432","Celkem","0","Česko","CZ","Kraj Vysočina","CZ063","Pelhřimov","CZ0633","Rodinné domy [Kč/m2]","10302","2022","2022","38557"
"Průměrná jednotková kupní cena nemovitosti","7432","Celkem","0","Česko","CZ","Kraj Vysočina","CZ063","Pelhřimov","CZ0633","Rodinné domy [Kč/m2]","10302","2020-2022","2020-2022","33570"
"Průměrná jednotková kupní cena nemovitosti","7432","Celkem","0","Česko","CZ","Kraj Vysočina","CZ063","Pelhřimov","CZ0633","Rodinné domy [Kč/m2]","10302","2023","2023","36032"
"Průměrná jednotková kupní cena nemovitosti","7432","Celkem","0","Česko","CZ","Kraj Vysočina","CZ063","Pelhřimov","CZ0633","Rodinné domy [Kč/m2]","10302","2021-2023","2021-2023","36168"
"Průměrná jednotková kupní cena nemovitosti","7432","Celkem","0","Česko","CZ","Kraj Vysočina","CZ063","Pelhřimov","CZ0633","Rodinné domy [Kč/m2]","10302","2024","2024","43790"
"Průměrná jednotková kupní cena nemovitosti","7432","Celkem","0","Česko","CZ","Kraj Vysočina","CZ063","Pelhřimov","CZ0633","Rodinné domy [Kč/m2]","10302","2022-2024","2022-2024","39703"
"Průměrná jednotková kupní cena nemovitosti","7432","Celkem","0","Česko","CZ","Kraj Vysočina","CZ063","Pelhřimov","CZ0633","Rodinné domy [Kč/m2]","10302","2025","2025","43803"
"Průměrná jednotková kupní cena nemovitosti","7432","Celkem","0","Česko","CZ","Kraj Vysočina","CZ063","Pelhřimov","CZ0633","Byty [Kč/m2]","10602","2019","2019","26345"
"Průměrná jednotková kupní cena nemovitosti","7432","Celkem","0","Česko","CZ","Kraj Vysočina","CZ063","Pelhřimov","CZ0633","Byty [Kč/m2]","10602","2020","2020","28868"
"Průměrná jednotková kupní cena nemovitosti","7432","Celkem","0","Česko","CZ","Kraj Vysočina","CZ063","Pelhřimov","CZ0633","Byty [Kč/m2]","10602","2021","2021","32395"
"Průměrná jednotková kupní cena nemovitosti","7432","Celkem","0","Česko","CZ","Kraj Vysočina","CZ063","Pelhřimov","CZ0633","Byty [Kč/m2]","10602","2019-2021","2019-2021","29179"
"Průměrná jednotková kupní cena nemovitosti","7432","Celkem","0","Česko","CZ","Kraj Vysočina","CZ063","Pelhřimov","CZ0633","Byty [Kč/m2]","10602","2022","2022","44529"
"Průměrná jednotková kupní cena nemovitosti","7432","Celkem","0","Česko","CZ","Kraj Vysočina","CZ063","Pelhřimov","CZ0633","Byty [Kč/m2]","10602","2020-2022","2020-2022","35017"
"Průměrná jednotková kupní cena nemovitosti","7432","Celkem","0","Česko","CZ","Kraj Vysočina","CZ063","Pelhřimov","CZ0633","Byty [Kč/m2]","10602","2023","2023","41765"
"Průměrná jednotková kupní cena nemovitosti","7432","Celkem","0","Česko","CZ","Kraj Vysočina","CZ063","Pelhřimov","CZ0633","Byty [Kč/m2]","10602","2021-2023","2021-2023","39380"
"Průměrná jednotková kupní cena nemovitosti","7432","Celkem","0","Česko","CZ","Kraj Vysočina","CZ063","Pelhřimov","CZ0633","Byty [Kč/m2]","10602","2024","2024","44957"
"Průměrná jednotková kupní cena nemovitosti","7432","Celkem","0","Česko","CZ","Kraj Vysočina","CZ063","Pelhřimov","CZ0633","Byty [Kč/m2]","10602","2022-2024","2022-2024","43828"
"Průměrná jednotková kupní cena nemovitosti","7432","Celkem","0","Česko","CZ","Kraj Vysočina","CZ063","Pelhřimov","CZ0633","Byty [Kč/m2]","10602","2025","2025","48434"
"Průměrná jednotková kupní cena nemovitosti","7432","Celkem","0","Česko","CZ","Kraj Vysočina","CZ063","Třebíč","CZ0634","Rodinné domy [Kč/m2]","10302","2019","2019","25433"
"Průměrná jednotková kupní cena nemovitosti","7432","Celkem","0","Česko","CZ","Kraj Vysočina","CZ063","Třebíč","CZ0634","Rodinné domy [Kč/m2]","10302","2020","2020","26434"
"Průměrná jednotková kupní cena nemovitosti","7432","Celkem","0","Česko","CZ","Kraj Vysočina","CZ063","Třebíč","CZ0634","Rodinné domy [Kč/m2]","10302","2021","2021","33178"
"Průměrná jednotková kupní cena nemovitosti","7432","Celkem","0","Česko","CZ","Kraj Vysočina","CZ063","Třebíč","CZ0634","Rodinné domy [Kč/m2]","10302","2019-2021","2019-2021","28918"
"Průměrná jednotková kupní cena nemovitosti","7432","Celkem","0","Česko","CZ","Kraj Vysočina","CZ063","Třebíč","CZ0634","Rodinné domy [Kč/m2]","10302","2022","2022","39139"
"Průměrná jednotková kupní cena nemovitosti","7432","Celkem","0","Česko","CZ","Kraj Vysočina","CZ063","Třebíč","CZ0634","Rodinné domy [Kč/m2]","10302","2020-2022","2020-2022","32726"
"Průměrná jednotková kupní cena nemovitosti","7432","Celkem","0","Česko","CZ","Kraj Vysočina","CZ063","Třebíč","CZ0634","Rodinné domy [Kč/m2]","10302","2023","2023","35937"
"Průměrná jednotková kupní cena nemovitosti","7432","Celkem","0","Česko","CZ","Kraj Vysočina","CZ063","Třebíč","CZ0634","Rodinné domy [Kč/m2]","10302","2021-2023","2021-2023","35914"
"Průměrná jednotková kupní cena nemovitosti","7432","Celkem","0","Česko","CZ","Kraj Vysočina","CZ063","Třebíč","CZ0634","Rodinné domy [Kč/m2]","10302","2024","2024","44548"
"Průměrná jednotková kupní cena nemovitosti","7432","Celkem","0","Česko","CZ","Kraj Vysočina","CZ063","Třebíč","CZ0634","Rodinné domy [Kč/m2]","10302","2022-2024","2022-2024","40497"
"Průměrná jednotková kupní cena nemovitosti","7432","Celkem","0","Česko","CZ","Kraj Vysočina","CZ063","Třebíč","CZ0634","Rodinné domy [Kč/m2]","10302","2025","2025","44046"
"Průměrná jednotková kupní cena nemovitosti","7432","Celkem","0","Česko","CZ","Kraj Vysočina","CZ063","Třebíč","CZ0634","Byty [Kč/m2]","10602","2019","2019","25684"
"Průměrná jednotková kupní cena nemovitosti","7432","Celkem","0","Česko","CZ","Kraj Vysočina","CZ063","Třebíč","CZ0634","Byty [Kč/m2]","10602","2020","2020","31720"
"Průměrná jednotková kupní cena nemovitosti","7432","Celkem","0","Česko","CZ","Kraj Vysočina","CZ063","Třebíč","CZ0634","Byty [Kč/m2]","10602","2021","2021","40229"
"Průměrná jednotková kupní cena nemovitosti","7432","Celkem","0","Česko","CZ","Kraj Vysočina","CZ063","Třebíč","CZ0634","Byty [Kč/m2]","10602","2019-2021","2019-2021","32638"
"Průměrná jednotková kupní cena nemovitosti","7432","Celkem","0","Česko","CZ","Kraj Vysočina","CZ063","Třebíč","CZ0634","Byty [Kč/m2]","10602","2022","2022","45078"
"Průměrná jednotková kupní cena nemovitosti","7432","Celkem","0","Česko","CZ","Kraj Vysočina","CZ063","Třebíč","CZ0634","Byty [Kč/m2]","10602","2020-2022","2020-2022","38660"
"Průměrná jednotková kupní cena nemovitosti","7432","Celkem","0","Česko","CZ","Kraj Vysočina","CZ063","Třebíč","CZ0634","Byty [Kč/m2]","10602","2023","2023","47062"
"Průměrná jednotková kupní cena nemovitosti","7432","Celkem","0","Česko","CZ","Kraj Vysočina","CZ063","Třebíč","CZ0634","Byty [Kč/m2]","10602","2021-2023","2021-2023","43595"
"Průměrná jednotková kupní cena nemovitosti","7432","Celkem","0","Česko","CZ","Kraj Vysočina","CZ063","Třebíč","CZ0634","Byty [Kč/m2]","10602","2024","2024","50151"
"Průměrná jednotková kupní cena nemovitosti","7432","Celkem","0","Česko","CZ","Kraj Vysočina","CZ063","Třebíč","CZ0634","Byty [Kč/m2]","10602","2022-2024","2022-2024","47620"
"Průměrná jednotková kupní cena nemovitosti","7432","Celkem","0","Česko","CZ","Kraj Vysočina","CZ063","Třebíč","CZ0634","Byty [Kč/m2]","10602","2025","2025","57150"
"Průměrná jednotková kupní cena nemovitosti","7432","Celkem","0","Česko","CZ","Kraj Vysočina","CZ063","Žďár nad Sázavou","CZ0635","Rodinné domy [Kč/m2]","10302","2019","2019","26326"
"Průměrná jednotková kupní cena nemovitosti","7432","Celkem","0","Česko","CZ","Kraj Vysočina","CZ063","Žďár nad Sázavou","CZ0635","Rodinné domy [Kč/m2]","10302","2020","2020","31033"
"Průměrná jednotková kupní cena nemovitosti","7432","Celkem","0","Česko","CZ","Kraj Vysočina","CZ063","Žďár nad Sázavou","CZ0635","Rodinné domy [Kč/m2]","10302","2021","2021","36999"
"Průměrná jednotková kupní cena nemovitosti","7432","Celkem","0","Česko","CZ","Kraj Vysočina","CZ063","Žďár nad Sázavou","CZ0635","Rodinné domy [Kč/m2]","10302","2019-2021","2019-2021","31381"
"Průměrná jednotková kupní cena nemovitosti","7432","Celkem","0","Česko","CZ","Kraj Vysočina","CZ063","Žďár nad Sázavou","CZ0635","Rodinné domy [Kč/m2]","10302","2022","2022","39887"
"Průměrná jednotková kupní cena nemovitosti","7432","Celkem","0","Česko","CZ","Kraj Vysočina","CZ063","Žďár nad Sázavou","CZ0635","Rodinné domy [Kč/m2]","10302","2020-2022","2020-2022","35527"
"Průměrná jednotková kupní cena nemovitosti","7432","Celkem","0","Česko","CZ","Kraj Vysočina","CZ063","Žďár nad Sázavou","CZ0635","Rodinné domy [Kč/m2]","10302","2023","2023","41317"
"Průměrná jednotková kupní cena nemovitosti","7432","Celkem","0","Česko","CZ","Kraj Vysočina","CZ063","Žďár nad Sázavou","CZ0635","Rodinné domy [Kč/m2]","10302","2021-2023","2021-2023","39242"
"Průměrná jednotková kupní cena nemovitosti","7432","Celkem","0","Česko","CZ","Kraj Vysočina","CZ063","Žďár nad Sázavou","CZ0635","Rodinné domy [Kč/m2]","10302","2024","2024","47671"
"Průměrná jednotková kupní cena nemovitosti","7432","Celkem","0","Česko","CZ","Kraj Vysočina","CZ063","Žďár nad Sázavou","CZ0635","Rodinné domy [Kč/m2]","10302","2022-2024","2022-2024","43484"
"Průměrná jednotková kupní cena nemovitosti","7432","Celkem","0","Česko","CZ","Kraj Vysočina","CZ063","Žďár nad Sázavou","CZ0635","Rodinné domy [Kč/m2]","10302","2025","2025","47735"
"Průměrná jednotková kupní cena nemovitosti","7432","Celkem","0","Česko","CZ","Kraj Vysočina","CZ063","Žďár nad Sázavou","CZ0635","Byty [Kč/m2]","10602","2019","2019","28941"
"Průměrná jednotková kupní cena nemovitosti","7432","Celkem","0","Česko","CZ","Kraj Vysočina","CZ063","Žďár nad Sázavou","CZ0635","Byty [Kč/m2]","10602","2020","2020","32104"
"Průměrná jednotková kupní cena nemovitosti","7432","Celkem","0","Česko","CZ","Kraj Vysočina","CZ063","Žďár nad Sázavou","CZ0635","Byty [Kč/m2]","10602","2021","2021","41660"
"Průměrná jednotková kupní cena nemovitosti","7432","Celkem","0","Česko","CZ","Kraj Vysočina","CZ063","Žďár nad Sázavou","CZ0635","Byty [Kč/m2]","10602","2019-2021","2019-2021","34996"
"Průměrná jednotková kupní cena nemovitosti","7432","Celkem","0","Česko","CZ","Kraj Vysočina","CZ063","Žďár nad Sázavou","CZ0635","Byty [Kč/m2]","10602","2022","2022","51397"
"Průměrná jednotková kupní cena nemovitosti","7432","Celkem","0","Česko","CZ","Kraj Vysočina","CZ063","Žďár nad Sázavou","CZ0635","Byty [Kč/m2]","10602","2020-2022","2020-2022","41963"
"Průměrná jednotková kupní cena nemovitosti","7432","Celkem","0","Česko","CZ","Kraj Vysočina","CZ063","Žďár nad Sázavou","CZ0635","Byty [Kč/m2]","10602","2023","2023","45664"
"Průměrná jednotková kupní cena nemovitosti","7432","Celkem","0","Česko","CZ","Kraj Vysočina","CZ063","Žďár nad Sázavou","CZ0635","Byty [Kč/m2]","10602","2021-2023","2021-2023","45984"
"Průměrná jednotková kupní cena nemovitosti","7432","Celkem","0","Česko","CZ","Kraj Vysočina","CZ063","Žďár nad Sázavou","CZ0635","Byty [Kč/m2]","10602","2024","2024","50963"
"Průměrná jednotková kupní cena nemovitosti","7432","Celkem","0","Česko","CZ","Kraj Vysočina","CZ063","Žďár nad Sázavou","CZ0635","Byty [Kč/m2]","10602","2022-2024","2022-2024","49638"
"Průměrná jednotková kupní cena nemovitosti","7432","Celkem","0","Česko","CZ","Kraj Vysočina","CZ063","Žďár nad Sázavou","CZ0635","Byty [Kč/m2]","10602","2025","2025","61938"
"Průměrná jednotková kupní cena nemovitosti","7432","Celkem","0","Česko","CZ","Jihomoravský kraj","CZ064","Blansko","CZ0641","Rodinné domy [Kč/m2]","10302","2019","2019","29177"
"Průměrná jednotková kupní cena nemovitosti","7432","Celkem","0","Česko","CZ","Jihomoravský kraj","CZ064","Blansko","CZ0641","Rodinné domy [Kč/m2]","10302","2020","2020","29293"
"Průměrná jednotková kupní cena nemovitosti","7432","Celkem","0","Česko","CZ","Jihomoravský kraj","CZ064","Blansko","CZ0641","Rodinné domy [Kč/m2]","10302","2021","2021","38019"
"Průměrná jednotková kupní cena nemovitosti","7432","Celkem","0","Česko","CZ","Jihomoravský kraj","CZ064","Blansko","CZ0641","Rodinné domy [Kč/m2]","10302","2019-2021","2019-2021","32507"
"Průměrná jednotková kupní cena nemovitosti","7432","Celkem","0","Česko","CZ","Jihomoravský kraj","CZ064","Blansko","CZ0641","Rodinné domy [Kč/m2]","10302","2022","2022","41013"
"Průměrná jednotková kupní cena nemovitosti","7432","Celkem","0","Česko","CZ","Jihomoravský kraj","CZ064","Blansko","CZ0641","Rodinné domy [Kč/m2]","10302","2020-2022","2020-2022","35348"
"Průměrná jednotková kupní cena nemovitosti","7432","Celkem","0","Česko","CZ","Jihomoravský kraj","CZ064","Blansko","CZ0641","Rodinné domy [Kč/m2]","10302","2023","2023","40124"
"Průměrná jednotková kupní cena nemovitosti","7432","Celkem","0","Česko","CZ","Jihomoravský kraj","CZ064","Blansko","CZ0641","Rodinné domy [Kč/m2]","10302","2021-2023","2021-2023","39443"
"Průměrná jednotková kupní cena nemovitosti","7432","Celkem","0","Česko","CZ","Jihomoravský kraj","CZ064","Blansko","CZ0641","Rodinné domy [Kč/m2]","10302","2024","2024","43178"
"Průměrná jednotková kupní cena nemovitosti","7432","Celkem","0","Česko","CZ","Jihomoravský kraj","CZ064","Blansko","CZ0641","Rodinné domy [Kč/m2]","10302","2022-2024","2022-2024","41675"
"Průměrná jednotková kupní cena nemovitosti","7432","Celkem","0","Česko","CZ","Jihomoravský kraj","CZ064","Blansko","CZ0641","Rodinné domy [Kč/m2]","10302","2025","2025","49333"
"Průměrná jednotková kupní cena nemovitosti","7432","Celkem","0","Česko","CZ","Jihomoravský kraj","CZ064","Blansko","CZ0641","Byty [Kč/m2]","10602","2019","2019","29571"
"Průměrná jednotková kupní cena nemovitosti","7432","Celkem","0","Česko","CZ","Jihomoravský kraj","CZ064","Blansko","CZ0641","Byty [Kč/m2]","10602","2020","2020","32760"
"Průměrná jednotková kupní cena nemovitosti","7432","Celkem","0","Česko","CZ","Jihomoravský kraj","CZ064","Blansko","CZ0641","Byty [Kč/m2]","10602","2021","2021","37654"
"Průměrná jednotková kupní cena nemovitosti","7432","Celkem","0","Česko","CZ","Jihomoravský kraj","CZ064","Blansko","CZ0641","Byty [Kč/m2]","10602","2019-2021","2019-2021","33414"
"Průměrná jednotková kupní cena nemovitosti","7432","Celkem","0","Česko","CZ","Jihomoravský kraj","CZ064","Blansko","CZ0641","Byty [Kč/m2]","10602","2022","2022","48009"
"Průměrná jednotková kupní cena nemovitosti","7432","Celkem","0","Česko","CZ","Jihomoravský kraj","CZ064","Blansko","CZ0641","Byty [Kč/m2]","10602","2020-2022","2020-2022","38720"
"Průměrná jednotková kupní cena nemovitosti","7432","Celkem","0","Česko","CZ","Jihomoravský kraj","CZ064","Blansko","CZ0641","Byty [Kč/m2]","10602","2023","2023","54088"
"Průměrná jednotková kupní cena nemovitosti","7432","Celkem","0","Česko","CZ","Jihomoravský kraj","CZ064","Blansko","CZ0641","Byty [Kč/m2]","10602","2021-2023","2021-2023","45631"
"Průměrná jednotková kupní cena nemovitosti","7432","Celkem","0","Česko","CZ","Jihomoravský kraj","CZ064","Blansko","CZ0641","Byty [Kč/m2]","10602","2024","2024","54688"
"Průměrná jednotková kupní cena nemovitosti","7432","Celkem","0","Česko","CZ","Jihomoravský kraj","CZ064","Blansko","CZ0641","Byty [Kč/m2]","10602","2022-2024","2022-2024","52491"
"Průměrná jednotková kupní cena nemovitosti","7432","Celkem","0","Česko","CZ","Jihomoravský kraj","CZ064","Blansko","CZ0641","Byty [Kč/m2]","10602","2025","2025","60745"
"Průměrná jednotková kupní cena nemovitosti","7432","Celkem","0","Česko","CZ","Jihomoravský kraj","CZ064","Brno-město","CZ0642","Rodinné domy [Kč/m2]","10302","2019","2019","52142"
"Průměrná jednotková kupní cena nemovitosti","7432","Celkem","0","Česko","CZ","Jihomoravský kraj","CZ064","Brno-město","CZ0642","Rodinné domy [Kč/m2]","10302","2020","2020","53555"
"Průměrná jednotková kupní cena nemovitosti","7432","Celkem","0","Česko","CZ","Jihomoravský kraj","CZ064","Brno-město","CZ0642","Rodinné domy [Kč/m2]","10302","2021","2021","66229"
"Průměrná jednotková kupní cena nemovitosti","7432","Celkem","0","Česko","CZ","Jihomoravský kraj","CZ064","Brno-město","CZ0642","Rodinné domy [Kč/m2]","10302","2019-2021","2019-2021","57975"
"Průměrná jednotková kupní cena nemovitosti","7432","Celkem","0","Česko","CZ","Jihomoravský kraj","CZ064","Brno-město","CZ0642","Rodinné domy [Kč/m2]","10302","2022","2022","74250"
"Průměrná jednotková kupní cena nemovitosti","7432","Celkem","0","Česko","CZ","Jihomoravský kraj","CZ064","Brno-město","CZ0642","Rodinné domy [Kč/m2]","10302","2020-2022","2020-2022","64207"
"Průměrná jednotková kupní cena nemovitosti","7432","Celkem","0","Česko","CZ","Jihomoravský kraj","CZ064","Brno-město","CZ0642","Rodinné domy [Kč/m2]","10302","2023","2023","78210"
"Průměrná jednotková kupní cena nemovitosti","7432","Celkem","0","Česko","CZ","Jihomoravský kraj","CZ064","Brno-město","CZ0642","Rodinné domy [Kč/m2]","10302","2021-2023","2021-2023","71967"
"Průměrná jednotková kupní cena nemovitosti","7432","Celkem","0","Česko","CZ","Jihomoravský kraj","CZ064","Brno-město","CZ0642","Rodinné domy [Kč/m2]","10302","2024","2024","83771"
"Průměrná jednotková kupní cena nemovitosti","7432","Celkem","0","Česko","CZ","Jihomoravský kraj","CZ064","Brno-město","CZ0642","Rodinné domy [Kč/m2]","10302","2022-2024","2022-2024","79314"
"Průměrná jednotková kupní cena nemovitosti","7432","Celkem","0","Česko","CZ","Jihomoravský kraj","CZ064","Brno-město","CZ0642","Rodinné domy [Kč/m2]","10302","2025","2025","88459"
"Průměrná jednotková kupní cena nemovitosti","7432","Celkem","0","Česko","CZ","Jihomoravský kraj","CZ064","Brno-město","CZ0642","Byty [Kč/m2]","10602","2019","2019","50541"
"Průměrná jednotková kupní cena nemovitosti","7432","Celkem","0","Česko","CZ","Jihomoravský kraj","CZ064","Brno-město","CZ0642","Byty [Kč/m2]","10602","2020","2020","57424"
"Průměrná jednotková kupní cena nemovitosti","7432","Celkem","0","Česko","CZ","Jihomoravský kraj","CZ064","Brno-město","CZ0642","Byty [Kč/m2]","10602","2021","2021","71268"
"Průměrná jednotková kupní cena nemovitosti","7432","Celkem","0","Česko","CZ","Jihomoravský kraj","CZ064","Brno-město","CZ0642","Byty [Kč/m2]","10602","2019-2021","2019-2021","59583"
"Průměrná jednotková kupní cena nemovitosti","7432","Celkem","0","Česko","CZ","Jihomoravský kraj","CZ064","Brno-město","CZ0642","Byty [Kč/m2]","10602","2022","2022","83396"
"Průměrná jednotková kupní cena nemovitosti","7432","Celkem","0","Česko","CZ","Jihomoravský kraj","CZ064","Brno-město","CZ0642","Byty [Kč/m2]","10602","2020-2022","2020-2022","69210"
"Průměrná jednotková kupní cena nemovitosti","7432","Celkem","0","Česko","CZ","Jihomoravský kraj","CZ064","Brno-město","CZ0642","Byty [Kč/m2]","10602","2023","2023","77827"
"Průměrná jednotková kupní cena nemovitosti","7432","Celkem","0","Česko","CZ","Jihomoravský kraj","CZ064","Brno-město","CZ0642","Byty [Kč/m2]","10602","2021-2023","2021-2023","76704"
"Průměrná jednotková kupní cena nemovitosti","7432","Celkem","0","Česko","CZ","Jihomoravský kraj","CZ064","Brno-město","CZ0642","Byty [Kč/m2]","10602","2024","2024","88333"
"Průměrná jednotková kupní cena nemovitosti","7432","Celkem","0","Česko","CZ","Jihomoravský kraj","CZ064","Brno-město","CZ0642","Byty [Kč/m2]","10602","2022-2024","2022-2024","83361"
"Průměrná jednotková kupní cena nemovitosti","7432","Celkem","0","Česko","CZ","Jihomoravský kraj","CZ064","Brno-město","CZ0642","Byty [Kč/m2]","10602","2025","2025","99713"
"Průměrná jednotková kupní cena nemovitosti","7432","Celkem","0","Česko","CZ","Jihomoravský kraj","CZ064","Brno-venkov","CZ0643","Rodinné domy [Kč/m2]","10302","2019","2019","33348"
"Průměrná jednotková kupní cena nemovitosti","7432","Celkem","0","Česko","CZ","Jihomoravský kraj","CZ064","Brno-venkov","CZ0643","Rodinné domy [Kč/m2]","10302","2020","2020","35423"
"Průměrná jednotková kupní cena nemovitosti","7432","Celkem","0","Česko","CZ","Jihomoravský kraj","CZ064","Brno-venkov","CZ0643","Rodinné domy [Kč/m2]","10302","2021","2021","41565"
"Průměrná jednotková kupní cena nemovitosti","7432","Celkem","0","Česko","CZ","Jihomoravský kraj","CZ064","Brno-venkov","CZ0643","Rodinné domy [Kč/m2]","10302","2019-2021","2019-2021","36267"
"Průměrná jednotková kupní cena nemovitosti","7432","Celkem","0","Česko","CZ","Jihomoravský kraj","CZ064","Brno-venkov","CZ0643","Rodinné domy [Kč/m2]","10302","2022","2022","46032"
"Průměrná jednotková kupní cena nemovitosti","7432","Celkem","0","Česko","CZ","Jihomoravský kraj","CZ064","Brno-venkov","CZ0643","Rodinné domy [Kč/m2]","10302","2020-2022","2020-2022","40204"
"Průměrná jednotková kupní cena nemovitosti","7432","Celkem","0","Česko","CZ","Jihomoravský kraj","CZ064","Brno-venkov","CZ0643","Rodinné domy [Kč/m2]","10302","2023","2023","47374"
"Průměrná jednotková kupní cena nemovitosti","7432","Celkem","0","Česko","CZ","Jihomoravský kraj","CZ064","Brno-venkov","CZ0643","Rodinné domy [Kč/m2]","10302","2021-2023","2021-2023","44782"
"Průměrná jednotková kupní cena nemovitosti","7432","Celkem","0","Česko","CZ","Jihomoravský kraj","CZ064","Brno-venkov","CZ0643","Rodinné domy [Kč/m2]","10302","2024","2024","49814"
"Průměrná jednotková kupní cena nemovitosti","7432","Celkem","0","Česko","CZ","Jihomoravský kraj","CZ064","Brno-venkov","CZ0643","Rodinné domy [Kč/m2]","10302","2022-2024","2022-2024","47909"
"Průměrná jednotková kupní cena nemovitosti","7432","Celkem","0","Česko","CZ","Jihomoravský kraj","CZ064","Brno-venkov","CZ0643","Rodinné domy [Kč/m2]","10302","2025","2025","58639"
"Průměrná jednotková kupní cena nemovitosti","7432","Celkem","0","Česko","CZ","Jihomoravský kraj","CZ064","Brno-venkov","CZ0643","Byty [Kč/m2]","10602","2019","2019","31614"
"Průměrná jednotková kupní cena nemovitosti","7432","Celkem","0","Česko","CZ","Jihomoravský kraj","CZ064","Brno-venkov","CZ0643","Byty [Kč/m2]","10602","2020","2020","36495"
"Průměrná jednotková kupní cena nemovitosti","7432","Celkem","0","Česko","CZ","Jihomoravský kraj","CZ064","Brno-venkov","CZ0643","Byty [Kč/m2]","10602","2021","2021","42803"
"Průměrná jednotková kupní cena nemovitosti","7432","Celkem","0","Česko","CZ","Jihomoravský kraj","CZ064","Brno-venkov","CZ0643","Byty [Kč/m2]","10602","2019-2021","2019-2021","37705"
"Průměrná jednotková kupní cena nemovitosti","7432","Celkem","0","Česko","CZ","Jihomoravský kraj","CZ064","Brno-venkov","CZ0643","Byty [Kč/m2]","10602","2022","2022","51537"
"Průměrná jednotková kupní cena nemovitosti","7432","Celkem","0","Česko","CZ","Jihomoravský kraj","CZ064","Brno-venkov","CZ0643","Byty [Kč/m2]","10602","2020-2022","2020-2022","42592"
"Průměrná jednotková kupní cena nemovitosti","7432","Celkem","0","Česko","CZ","Jihomoravský kraj","CZ064","Brno-venkov","CZ0643","Byty [Kč/m2]","10602","2023","2023","52672"
"Průměrná jednotková kupní cena nemovitosti","7432","Celkem","0","Česko","CZ","Jihomoravský kraj","CZ064","Brno-venkov","CZ0643","Byty [Kč/m2]","10602","2021-2023","2021-2023","48053"
"Průměrná jednotková kupní cena nemovitosti","7432","Celkem","0","Česko","CZ","Jihomoravský kraj","CZ064","Brno-venkov","CZ0643","Byty [Kč/m2]","10602","2024","2024","59496"
"Průměrná jednotková kupní cena nemovitosti","7432","Celkem","0","Česko","CZ","Jihomoravský kraj","CZ064","Brno-venkov","CZ0643","Byty [Kč/m2]","10602","2022-2024","2022-2024","55095"
"Průměrná jednotková kupní cena nemovitosti","7432","Celkem","0","Česko","CZ","Jihomoravský kraj","CZ064","Brno-venkov","CZ0643","Byty [Kč/m2]","10602","2025","2025","67813"
"Průměrná jednotková kupní cena nemovitosti","7432","Celkem","0","Česko","CZ","Jihomoravský kraj","CZ064","Břeclav","CZ0644","Rodinné domy [Kč/m2]","10302","2019","2019","27642"
"Průměrná jednotková kupní cena nemovitosti","7432","Celkem","0","Česko","CZ","Jihomoravský kraj","CZ064","Břeclav","CZ0644","Rodinné domy [Kč/m2]","10302","2020","2020","33451"
"Průměrná jednotková kupní cena nemovitosti","7432","Celkem","0","Česko","CZ","Jihomoravský kraj","CZ064","Břeclav","CZ0644","Rodinné domy [Kč/m2]","10302","2021","2021","37851"
"Průměrná jednotková kupní cena nemovitosti","7432","Celkem","0","Česko","CZ","Jihomoravský kraj","CZ064","Břeclav","CZ0644","Rodinné domy [Kč/m2]","10302","2019-2021","2019-2021","32927"
"Průměrná jednotková kupní cena nemovitosti","7432","Celkem","0","Česko","CZ","Jihomoravský kraj","CZ064","Břeclav","CZ0644","Rodinné domy [Kč/m2]","10302","2022","2022","42812"
"Průměrná jednotková kupní cena nemovitosti","7432","Celkem","0","Česko","CZ","Jihomoravský kraj","CZ064","Břeclav","CZ0644","Rodinné domy [Kč/m2]","10302","2020-2022","2020-2022","36937"
"Průměrná jednotková kupní cena nemovitosti","7432","Celkem","0","Česko","CZ","Jihomoravský kraj","CZ064","Břeclav","CZ0644","Rodinné domy [Kč/m2]","10302","2023","2023","42749"
"Průměrná jednotková kupní cena nemovitosti","7432","Celkem","0","Česko","CZ","Jihomoravský kraj","CZ064","Břeclav","CZ0644","Rodinné domy [Kč/m2]","10302","2021-2023","2021-2023","40790"
"Průměrná jednotková kupní cena nemovitosti","7432","Celkem","0","Česko","CZ","Jihomoravský kraj","CZ064","Břeclav","CZ0644","Rodinné domy [Kč/m2]","10302","2024","2024","44972"
"Průměrná jednotková kupní cena nemovitosti","7432","Celkem","0","Česko","CZ","Jihomoravský kraj","CZ064","Břeclav","CZ0644","Rodinné domy [Kč/m2]","10302","2022-2024","2022-2024","43694"
"Průměrná jednotková kupní cena nemovitosti","7432","Celkem","0","Česko","CZ","Jihomoravský kraj","CZ064","Břeclav","CZ0644","Rodinné domy [Kč/m2]","10302","2025","2025","46871"
"Průměrná jednotková kupní cena nemovitosti","7432","Celkem","0","Česko","CZ","Jihomoravský kraj","CZ064","Břeclav","CZ0644","Byty [Kč/m2]","10602","2019","2019","28093"
"Průměrná jednotková kupní cena nemovitosti","7432","Celkem","0","Česko","CZ","Jihomoravský kraj","CZ064","Břeclav","CZ0644","Byty [Kč/m2]","10602","2020","2020","35023"
"Průměrná jednotková kupní cena nemovitosti","7432","Celkem","0","Česko","CZ","Jihomoravský kraj","CZ064","Břeclav","CZ0644","Byty [Kč/m2]","10602","2021","2021","42042"
"Průměrná jednotková kupní cena nemovitosti","7432","Celkem","0","Česko","CZ","Jihomoravský kraj","CZ064","Břeclav","CZ0644","Byty [Kč/m2]","10602","2019-2021","2019-2021","35064"
"Průměrná jednotková kupní cena nemovitosti","7432","Celkem","0","Česko","CZ","Jihomoravský kraj","CZ064","Břeclav","CZ0644","Byty [Kč/m2]","10602","2022","2022","53168"
"Průměrná jednotková kupní cena nemovitosti","7432","Celkem","0","Česko","CZ","Jihomoravský kraj","CZ064","Břeclav","CZ0644","Byty [Kč/m2]","10602","2020-2022","2020-2022","42923"
"Průměrná jednotková kupní cena nemovitosti","7432","Celkem","0","Česko","CZ","Jihomoravský kraj","CZ064","Břeclav","CZ0644","Byty [Kč/m2]","10602","2023","2023","47695"
"Průměrná jednotková kupní cena nemovitosti","7432","Celkem","0","Česko","CZ","Jihomoravský kraj","CZ064","Břeclav","CZ0644","Byty [Kč/m2]","10602","2021-2023","2021-2023","47075"
"Průměrná jednotková kupní cena nemovitosti","7432","Celkem","0","Česko","CZ","Jihomoravský kraj","CZ064","Břeclav","CZ0644","Byty [Kč/m2]","10602","2024","2024","52731"
"Průměrná jednotková kupní cena nemovitosti","7432","Celkem","0","Česko","CZ","Jihomoravský kraj","CZ064","Břeclav","CZ0644","Byty [Kč/m2]","10602","2022-2024","2022-2024","51495"
"Průměrná jednotková kupní cena nemovitosti","7432","Celkem","0","Česko","CZ","Jihomoravský kraj","CZ064","Břeclav","CZ0644","Byty [Kč/m2]","10602","2025","2025","57922"
"Průměrná jednotková kupní cena nemovitosti","7432","Celkem","0","Česko","CZ","Jihomoravský kraj","CZ064","Hodonín","CZ0645","Rodinné domy [Kč/m2]","10302","2019","2019","25633"
"Průměrná jednotková kupní cena nemovitosti","7432","Celkem","0","Česko","CZ","Jihomoravský kraj","CZ064","Hodonín","CZ0645","Rodinné domy [Kč/m2]","10302","2020","2020","26377"
"Průměrná jednotková kupní cena nemovitosti","7432","Celkem","0","Česko","CZ","Jihomoravský kraj","CZ064","Hodonín","CZ0645","Rodinné domy [Kč/m2]","10302","2021","2021","34099"
"Průměrná jednotková kupní cena nemovitosti","7432","Celkem","0","Česko","CZ","Jihomoravský kraj","CZ064","Hodonín","CZ0645","Rodinné domy [Kč/m2]","10302","2019-2021","2019-2021","28627"
"Průměrná jednotková kupní cena nemovitosti","7432","Celkem","0","Česko","CZ","Jihomoravský kraj","CZ064","Hodonín","CZ0645","Rodinné domy [Kč/m2]","10302","2022","2022","37531"
"Průměrná jednotková kupní cena nemovitosti","7432","Celkem","0","Česko","CZ","Jihomoravský kraj","CZ064","Hodonín","CZ0645","Rodinné domy [Kč/m2]","10302","2020-2022","2020-2022","32411"
"Průměrná jednotková kupní cena nemovitosti","7432","Celkem","0","Česko","CZ","Jihomoravský kraj","CZ064","Hodonín","CZ0645","Rodinné domy [Kč/m2]","10302","2023","2023","37115"
"Průměrná jednotková kupní cena nemovitosti","7432","Celkem","0","Česko","CZ","Jihomoravský kraj","CZ064","Hodonín","CZ0645","Rodinné domy [Kč/m2]","10302","2021-2023","2021-2023","36150"
"Průměrná jednotková kupní cena nemovitosti","7432","Celkem","0","Česko","CZ","Jihomoravský kraj","CZ064","Hodonín","CZ0645","Rodinné domy [Kč/m2]","10302","2024","2024","41659"
"Průměrná jednotková kupní cena nemovitosti","7432","Celkem","0","Česko","CZ","Jihomoravský kraj","CZ064","Hodonín","CZ0645","Rodinné domy [Kč/m2]","10302","2022-2024","2022-2024","38962"
"Průměrná jednotková kupní cena nemovitosti","7432","Celkem","0","Česko","CZ","Jihomoravský kraj","CZ064","Hodonín","CZ0645","Rodinné domy [Kč/m2]","10302","2025","2025","42203"
"Průměrná jednotková kupní cena nemovitosti","7432","Celkem","0","Česko","CZ","Jihomoravský kraj","CZ064","Hodonín","CZ0645","Byty [Kč/m2]","10602","2019","2019","25887"
"Průměrná jednotková kupní cena nemovitosti","7432","Celkem","0","Česko","CZ","Jihomoravský kraj","CZ064","Hodonín","CZ0645","Byty [Kč/m2]","10602","2020","2020","29435"
"Průměrná jednotková kupní cena nemovitosti","7432","Celkem","0","Česko","CZ","Jihomoravský kraj","CZ064","Hodonín","CZ0645","Byty [Kč/m2]","10602","2021","2021","39034"
"Průměrná jednotková kupní cena nemovitosti","7432","Celkem","0","Česko","CZ","Jihomoravský kraj","CZ064","Hodonín","CZ0645","Byty [Kč/m2]","10602","2019-2021","2019-2021","31157"
"Průměrná jednotková kupní cena nemovitosti","7432","Celkem","0","Česko","CZ","Jihomoravský kraj","CZ064","Hodonín","CZ0645","Byty [Kč/m2]","10602","2022","2022","49021"
"Průměrná jednotková kupní cena nemovitosti","7432","Celkem","0","Česko","CZ","Jihomoravský kraj","CZ064","Hodonín","CZ0645","Byty [Kč/m2]","10602","2020-2022","2020-2022","37854"
"Průměrná jednotková kupní cena nemovitosti","7432","Celkem","0","Česko","CZ","Jihomoravský kraj","CZ064","Hodonín","CZ0645","Byty [Kč/m2]","10602","2023","2023","44593"
"Průměrná jednotková kupní cena nemovitosti","7432","Celkem","0","Česko","CZ","Jihomoravský kraj","CZ064","Hodonín","CZ0645","Byty [Kč/m2]","10602","2021-2023","2021-2023","43691"
"Průměrná jednotková kupní cena nemovitosti","7432","Celkem","0","Česko","CZ","Jihomoravský kraj","CZ064","Hodonín","CZ0645","Byty [Kč/m2]","10602","2024","2024","47335"
"Průměrná jednotková kupní cena nemovitosti","7432","Celkem","0","Česko","CZ","Jihomoravský kraj","CZ064","Hodonín","CZ0645","Byty [Kč/m2]","10602","2022-2024","2022-2024","46851"
"Průměrná jednotková kupní cena nemovitosti","7432","Celkem","0","Česko","CZ","Jihomoravský kraj","CZ064","Hodonín","CZ0645","Byty [Kč/m2]","10602","2025","2025","55390"
"Průměrná jednotková kupní cena nemovitosti","7432","Celkem","0","Česko","CZ","Jihomoravský kraj","CZ064","Vyškov","CZ0646","Rodinné domy [Kč/m2]","10302","2019","2019","28802"
"Průměrná jednotková kupní cena nemovitosti","7432","Celkem","0","Česko","CZ","Jihomoravský kraj","CZ064","Vyškov","CZ0646","Rodinné domy [Kč/m2]","10302","2020","2020","32893"
"Průměrná jednotková kupní cena nemovitosti","7432","Celkem","0","Česko","CZ","Jihomoravský kraj","CZ064","Vyškov","CZ0646","Rodinné domy [Kč/m2]","10302","2021","2021","38000"
"Průměrná jednotková kupní cena nemovitosti","7432","Celkem","0","Česko","CZ","Jihomoravský kraj","CZ064","Vyškov","CZ0646","Rodinné domy [Kč/m2]","10302","2019-2021","2019-2021","32721"
"Průměrná jednotková kupní cena nemovitosti","7432","Celkem","0","Česko","CZ","Jihomoravský kraj","CZ064","Vyškov","CZ0646","Rodinné domy [Kč/m2]","10302","2022","2022","42683"
"Průměrná jednotková kupní cena nemovitosti","7432","Celkem","0","Česko","CZ","Jihomoravský kraj","CZ064","Vyškov","CZ0646","Rodinné domy [Kč/m2]","10302","2020-2022","2020-2022","36578"
"Průměrná jednotková kupní cena nemovitosti","7432","Celkem","0","Česko","CZ","Jihomoravský kraj","CZ064","Vyškov","CZ0646","Rodinné domy [Kč/m2]","10302","2023","2023","43102"
"Průměrná jednotková kupní cena nemovitosti","7432","Celkem","0","Česko","CZ","Jihomoravský kraj","CZ064","Vyškov","CZ0646","Rodinné domy [Kč/m2]","10302","2021-2023","2021-2023","40835"
"Průměrná jednotková kupní cena nemovitosti","7432","Celkem","0","Česko","CZ","Jihomoravský kraj","CZ064","Vyškov","CZ0646","Rodinné domy [Kč/m2]","10302","2024","2024","48376"
"Průměrná jednotková kupní cena nemovitosti","7432","Celkem","0","Česko","CZ","Jihomoravský kraj","CZ064","Vyškov","CZ0646","Rodinné domy [Kč/m2]","10302","2022-2024","2022-2024","44902"
"Průměrná jednotková kupní cena nemovitosti","7432","Celkem","0","Česko","CZ","Jihomoravský kraj","CZ064","Vyškov","CZ0646","Rodinné domy [Kč/m2]","10302","2025","2025","51062"
"Průměrná jednotková kupní cena nemovitosti","7432","Celkem","0","Česko","CZ","Jihomoravský kraj","CZ064","Vyškov","CZ0646","Byty [Kč/m2]","10602","2019","2019","30272"
"Průměrná jednotková kupní cena nemovitosti","7432","Celkem","0","Česko","CZ","Jihomoravský kraj","CZ064","Vyškov","CZ0646","Byty [Kč/m2]","10602","2020","2020","34267"
"Průměrná jednotková kupní cena nemovitosti","7432","Celkem","0","Česko","CZ","Jihomoravský kraj","CZ064","Vyškov","CZ0646","Byty [Kč/m2]","10602","2021","2021","44575"
"Průměrná jednotková kupní cena nemovitosti","7432","Celkem","0","Česko","CZ","Jihomoravský kraj","CZ064","Vyškov","CZ0646","Byty [Kč/m2]","10602","2019-2021","2019-2021","36820"
"Průměrná jednotková kupní cena nemovitosti","7432","Celkem","0","Česko","CZ","Jihomoravský kraj","CZ064","Vyškov","CZ0646","Byty [Kč/m2]","10602","2022","2022","48168"
"Průměrná jednotková kupní cena nemovitosti","7432","Celkem","0","Česko","CZ","Jihomoravský kraj","CZ064","Vyškov","CZ0646","Byty [Kč/m2]","10602","2020-2022","2020-2022","41530"
"Průměrná jednotková kupní cena nemovitosti","7432","Celkem","0","Česko","CZ","Jihomoravský kraj","CZ064","Vyškov","CZ0646","Byty [Kč/m2]","10602","2023","2023","53716"
"Průměrná jednotková kupní cena nemovitosti","7432","Celkem","0","Česko","CZ","Jihomoravský kraj","CZ064","Vyškov","CZ0646","Byty [Kč/m2]","10602","2021-2023","2021-2023","47809"
"Průměrná jednotková kupní cena nemovitosti","7432","Celkem","0","Česko","CZ","Jihomoravský kraj","CZ064","Vyškov","CZ0646","Byty [Kč/m2]","10602","2024","2024","54568"
"Průměrná jednotková kupní cena nemovitosti","7432","Celkem","0","Česko","CZ","Jihomoravský kraj","CZ064","Vyškov","CZ0646","Byty [Kč/m2]","10602","2022-2024","2022-2024","52130"
"Průměrná jednotková kupní cena nemovitosti","7432","Celkem","0","Česko","CZ","Jihomoravský kraj","CZ064","Vyškov","CZ0646","Byty [Kč/m2]","10602","2025","2025","61266"
"Průměrná jednotková kupní cena nemovitosti","7432","Celkem","0","Česko","CZ","Jihomoravský kraj","CZ064","Znojmo","CZ0647","Rodinné domy [Kč/m2]","10302","2019","2019","28994"
"Průměrná jednotková kupní cena nemovitosti","7432","Celkem","0","Česko","CZ","Jihomoravský kraj","CZ064","Znojmo","CZ0647","Rodinné domy [Kč/m2]","10302","2020","2020","30245"
"Průměrná jednotková kupní cena nemovitosti","7432","Celkem","0","Česko","CZ","Jihomoravský kraj","CZ064","Znojmo","CZ0647","Rodinné domy [Kč/m2]","10302","2021","2021","33475"
"Průměrná jednotková kupní cena nemovitosti","7432","Celkem","0","Česko","CZ","Jihomoravský kraj","CZ064","Znojmo","CZ0647","Rodinné domy [Kč/m2]","10302","2019-2021","2019-2021","30645"
"Průměrná jednotková kupní cena nemovitosti","7432","Celkem","0","Česko","CZ","Jihomoravský kraj","CZ064","Znojmo","CZ0647","Rodinné domy [Kč/m2]","10302","2022","2022","41655"
"Průměrná jednotková kupní cena nemovitosti","7432","Celkem","0","Česko","CZ","Jihomoravský kraj","CZ064","Znojmo","CZ0647","Rodinné domy [Kč/m2]","10302","2020-2022","2020-2022","34289"
"Průměrná jednotková kupní cena nemovitosti","7432","Celkem","0","Česko","CZ","Jihomoravský kraj","CZ064","Znojmo","CZ0647","Rodinné domy [Kč/m2]","10302","2023","2023","42922"
"Průměrná jednotková kupní cena nemovitosti","7432","Celkem","0","Česko","CZ","Jihomoravský kraj","CZ064","Znojmo","CZ0647","Rodinné domy [Kč/m2]","10302","2021-2023","2021-2023","38913"
"Průměrná jednotková kupní cena nemovitosti","7432","Celkem","0","Česko","CZ","Jihomoravský kraj","CZ064","Znojmo","CZ0647","Rodinné domy [Kč/m2]","10302","2024","2024","43524"
"Průměrná jednotková kupní cena nemovitosti","7432","Celkem","0","Česko","CZ","Jihomoravský kraj","CZ064","Znojmo","CZ0647","Rodinné domy [Kč/m2]","10302","2022-2024","2022-2024","42762"
"Průměrná jednotková kupní cena nemovitosti","7432","Celkem","0","Česko","CZ","Jihomoravský kraj","CZ064","Znojmo","CZ0647","Rodinné domy [Kč/m2]","10302","2025","2025","52348"
"Průměrná jednotková kupní cena nemovitosti","7432","Celkem","0","Česko","CZ","Jihomoravský kraj","CZ064","Znojmo","CZ0647","Byty [Kč/m2]","10602","2019","2019","27366"
"Průměrná jednotková kupní cena nemovitosti","7432","Celkem","0","Česko","CZ","Jihomoravský kraj","CZ064","Znojmo","CZ0647","Byty [Kč/m2]","10602","2020","2020","32411"
"Průměrná jednotková kupní cena nemovitosti","7432","Celkem","0","Česko","CZ","Jihomoravský kraj","CZ064","Znojmo","CZ0647","Byty [Kč/m2]","10602","2021","2021","38905"
"Průměrná jednotková kupní cena nemovitosti","7432","Celkem","0","Česko","CZ","Jihomoravský kraj","CZ064","Znojmo","CZ0647","Byty [Kč/m2]","10602","2019-2021","2019-2021","33233"
"Průměrná jednotková kupní cena nemovitosti","7432","Celkem","0","Česko","CZ","Jihomoravský kraj","CZ064","Znojmo","CZ0647","Byty [Kč/m2]","10602","2022","2022","48161"
"Průměrná jednotková kupní cena nemovitosti","7432","Celkem","0","Česko","CZ","Jihomoravský kraj","CZ064","Znojmo","CZ0647","Byty [Kč/m2]","10602","2020-2022","2020-2022","39170"
"Průměrná jednotková kupní cena nemovitosti","7432","Celkem","0","Česko","CZ","Jihomoravský kraj","CZ064","Znojmo","CZ0647","Byty [Kč/m2]","10602","2023","2023","45407"
"Průměrná jednotková kupní cena nemovitosti","7432","Celkem","0","Česko","CZ","Jihomoravský kraj","CZ064","Znojmo","CZ0647","Byty [Kč/m2]","10602","2021-2023","2021-2023","43497"
"Průměrná jednotková kupní cena nemovitosti","7432","Celkem","0","Česko","CZ","Jihomoravský kraj","CZ064","Znojmo","CZ0647","Byty [Kč/m2]","10602","2024","2024","46677"
"Průměrná jednotková kupní cena nemovitosti","7432","Celkem","0","Česko","CZ","Jihomoravský kraj","CZ064","Znojmo","CZ0647","Byty [Kč/m2]","10602","2022-2024","2022-2024","46734"
"Průměrná jednotková kupní cena nemovitosti","7432","Celkem","0","Česko","CZ","Jihomoravský kraj","CZ064","Znojmo","CZ0647","Byty [Kč/m2]","10602","2025","2025","53762"
"Průměrná jednotková kupní cena nemovitosti","7432","Celkem","0","Česko","CZ","Olomoucký kraj","CZ071","Jeseník","CZ0711","Rodinné domy [Kč/m2]","10302","2019","2019","18877"
"Průměrná jednotková kupní cena nemovitosti","7432","Celkem","0","Česko","CZ","Olomoucký kraj","CZ071","Jeseník","CZ0711","Rodinné domy [Kč/m2]","10302","2020","2020","24985"
"Průměrná jednotková kupní cena nemovitosti","7432","Celkem","0","Česko","CZ","Olomoucký kraj","CZ071","Jeseník","CZ0711","Rodinné domy [Kč/m2]","10302","2021","2021","27542"
"Průměrná jednotková kupní cena nemovitosti","7432","Celkem","0","Česko","CZ","Olomoucký kraj","CZ071","Jeseník","CZ0711","Rodinné domy [Kč/m2]","10302","2019-2021","2019-2021","25229"
"Průměrná jednotková kupní cena nemovitosti","7432","Celkem","0","Česko","CZ","Olomoucký kraj","CZ071","Jeseník","CZ0711","Rodinné domy [Kč/m2]","10302","2022","2022","34150"
"Průměrná jednotková kupní cena nemovitosti","7432","Celkem","0","Česko","CZ","Olomoucký kraj","CZ071","Jeseník","CZ0711","Rodinné domy [Kč/m2]","10302","2020-2022","2020-2022","29440"
"Průměrná jednotková kupní cena nemovitosti","7432","Celkem","0","Česko","CZ","Olomoucký kraj","CZ071","Jeseník","CZ0711","Rodinné domy [Kč/m2]","10302","2023","2023","33760"
"Průměrná jednotková kupní cena nemovitosti","7432","Celkem","0","Česko","CZ","Olomoucký kraj","CZ071","Jeseník","CZ0711","Rodinné domy [Kč/m2]","10302","2021-2023","2021-2023","31400"
"Průměrná jednotková kupní cena nemovitosti","7432","Celkem","0","Česko","CZ","Olomoucký kraj","CZ071","Jeseník","CZ0711","Rodinné domy [Kč/m2]","10302","2024","2024","37375"
"Průměrná jednotková kupní cena nemovitosti","7432","Celkem","0","Česko","CZ","Olomoucký kraj","CZ071","Jeseník","CZ0711","Rodinné domy [Kč/m2]","10302","2022-2024","2022-2024","35170"
"Průměrná jednotková kupní cena nemovitosti","7432","Celkem","0","Česko","CZ","Olomoucký kraj","CZ071","Jeseník","CZ0711","Rodinné domy [Kč/m2]","10302","2025","2025","38628"
"Průměrná jednotková kupní cena nemovitosti","7432","Celkem","0","Česko","CZ","Olomoucký kraj","CZ071","Jeseník","CZ0711","Byty [Kč/m2]","10602","2019","2019","17998"
"Průměrná jednotková kupní cena nemovitosti","7432","Celkem","0","Česko","CZ","Olomoucký kraj","CZ071","Jeseník","CZ0711","Byty [Kč/m2]","10602","2020","2020","22679"
"Průměrná jednotková kupní cena nemovitosti","7432","Celkem","0","Česko","CZ","Olomoucký kraj","CZ071","Jeseník","CZ0711","Byty [Kč/m2]","10602","2021","2021","29682"
"Průměrná jednotková kupní cena nemovitosti","7432","Celkem","0","Česko","CZ","Olomoucký kraj","CZ071","Jeseník","CZ0711","Byty [Kč/m2]","10602","2019-2021","2019-2021","23784"
"Průměrná jednotková kupní cena nemovitosti","7432","Celkem","0","Česko","CZ","Olomoucký kraj","CZ071","Jeseník","CZ0711","Byty [Kč/m2]","10602","2022","2022","36869"
"Průměrná jednotková kupní cena nemovitosti","7432","Celkem","0","Česko","CZ","Olomoucký kraj","CZ071","Jeseník","CZ0711","Byty [Kč/m2]","10602","2020-2022","2020-2022","30290"
"Průměrná jednotková kupní cena nemovitosti","7432","Celkem","0","Česko","CZ","Olomoucký kraj","CZ071","Jeseník","CZ0711","Byty [Kč/m2]","10602","2023","2023","35462"
"Průměrná jednotková kupní cena nemovitosti","7432","Celkem","0","Česko","CZ","Olomoucký kraj","CZ071","Jeseník","CZ0711","Byty [Kč/m2]","10602","2021-2023","2021-2023","33874"
"Průměrná jednotková kupní cena nemovitosti","7432","Celkem","0","Česko","CZ","Olomoucký kraj","CZ071","Jeseník","CZ0711","Byty [Kč/m2]","10602","2024","2024","35742"
"Průměrná jednotková kupní cena nemovitosti","7432","Celkem","0","Česko","CZ","Olomoucký kraj","CZ071","Jeseník","CZ0711","Byty [Kč/m2]","10602","2022-2024","2022-2024","36076"
"Průměrná jednotková kupní cena nemovitosti","7432","Celkem","0","Česko","CZ","Olomoucký kraj","CZ071","Jeseník","CZ0711","Byty [Kč/m2]","10602","2025","2025","39625"
"Průměrná jednotková kupní cena nemovitosti","7432","Celkem","0","Česko","CZ","Olomoucký kraj","CZ071","Olomouc","CZ0712","Rodinné domy [Kč/m2]","10302","2019","2019","30537"
"Průměrná jednotková kupní cena nemovitosti","7432","Celkem","0","Česko","CZ","Olomoucký kraj","CZ071","Olomouc","CZ0712","Rodinné domy [Kč/m2]","10302","2020","2020","31923"
"Průměrná jednotková kupní cena nemovitosti","7432","Celkem","0","Česko","CZ","Olomoucký kraj","CZ071","Olomouc","CZ0712","Rodinné domy [Kč/m2]","10302","2021","2021","36587"
"Průměrná jednotková kupní cena nemovitosti","7432","Celkem","0","Česko","CZ","Olomoucký kraj","CZ071","Olomouc","CZ0712","Rodinné domy [Kč/m2]","10302","2019-2021","2019-2021","33166"
"Průměrná jednotková kupní cena nemovitosti","7432","Celkem","0","Česko","CZ","Olomoucký kraj","CZ071","Olomouc","CZ0712","Rodinné domy [Kč/m2]","10302","2022","2022","42785"
"Průměrná jednotková kupní cena nemovitosti","7432","Celkem","0","Česko","CZ","Olomoucký kraj","CZ071","Olomouc","CZ0712","Rodinné domy [Kč/m2]","10302","2020-2022","2020-2022","36770"
"Průměrná jednotková kupní cena nemovitosti","7432","Celkem","0","Česko","CZ","Olomoucký kraj","CZ071","Olomouc","CZ0712","Rodinné domy [Kč/m2]","10302","2023","2023","46780"
"Průměrná jednotková kupní cena nemovitosti","7432","Celkem","0","Česko","CZ","Olomoucký kraj","CZ071","Olomouc","CZ0712","Rodinné domy [Kč/m2]","10302","2021-2023","2021-2023","40837"
"Průměrná jednotková kupní cena nemovitosti","7432","Celkem","0","Česko","CZ","Olomoucký kraj","CZ071","Olomouc","CZ0712","Rodinné domy [Kč/m2]","10302","2024","2024","43834"
"Průměrná jednotková kupní cena nemovitosti","7432","Celkem","0","Česko","CZ","Olomoucký kraj","CZ071","Olomouc","CZ0712","Rodinné domy [Kč/m2]","10302","2022-2024","2022-2024","44200"
"Průměrná jednotková kupní cena nemovitosti","7432","Celkem","0","Česko","CZ","Olomoucký kraj","CZ071","Olomouc","CZ0712","Rodinné domy [Kč/m2]","10302","2025","2025","50544"
"Průměrná jednotková kupní cena nemovitosti","7432","Celkem","0","Česko","CZ","Olomoucký kraj","CZ071","Olomouc","CZ0712","Byty [Kč/m2]","10602","2019","2019","34601"
"Průměrná jednotková kupní cena nemovitosti","7432","Celkem","0","Česko","CZ","Olomoucký kraj","CZ071","Olomouc","CZ0712","Byty [Kč/m2]","10602","2020","2020","40223"
"Průměrná jednotková kupní cena nemovitosti","7432","Celkem","0","Česko","CZ","Olomoucký kraj","CZ071","Olomouc","CZ0712","Byty [Kč/m2]","10602","2021","2021","48187"
"Průměrná jednotková kupní cena nemovitosti","7432","Celkem","0","Česko","CZ","Olomoucký kraj","CZ071","Olomouc","CZ0712","Byty [Kč/m2]","10602","2019-2021","2019-2021","41301"
"Průměrná jednotková kupní cena nemovitosti","7432","Celkem","0","Česko","CZ","Olomoucký kraj","CZ071","Olomouc","CZ0712","Byty [Kč/m2]","10602","2022","2022","58152"
"Průměrná jednotková kupní cena nemovitosti","7432","Celkem","0","Česko","CZ","Olomoucký kraj","CZ071","Olomouc","CZ0712","Byty [Kč/m2]","10602","2020-2022","2020-2022","48331"
"Průměrná jednotková kupní cena nemovitosti","7432","Celkem","0","Česko","CZ","Olomoucký kraj","CZ071","Olomouc","CZ0712","Byty [Kč/m2]","10602","2023","2023","55113"
"Průměrná jednotková kupní cena nemovitosti","7432","Celkem","0","Česko","CZ","Olomoucký kraj","CZ071","Olomouc","CZ0712","Byty [Kč/m2]","10602","2021-2023","2021-2023","53315"
"Průměrná jednotková kupní cena nemovitosti","7432","Celkem","0","Česko","CZ","Olomoucký kraj","CZ071","Olomouc","CZ0712","Byty [Kč/m2]","10602","2024","2024","58826"
"Průměrná jednotková kupní cena nemovitosti","7432","Celkem","0","Česko","CZ","Olomoucký kraj","CZ071","Olomouc","CZ0712","Byty [Kč/m2]","10602","2022-2024","2022-2024","57483"
"Průměrná jednotková kupní cena nemovitosti","7432","Celkem","0","Česko","CZ","Olomoucký kraj","CZ071","Olomouc","CZ0712","Byty [Kč/m2]","10602","2025","2025","67418"
"Průměrná jednotková kupní cena nemovitosti","7432","Celkem","0","Česko","CZ","Olomoucký kraj","CZ071","Prostějov","CZ0713","Rodinné domy [Kč/m2]","10302","2019","2019","24561"
"Průměrná jednotková kupní cena nemovitosti","7432","Celkem","0","Česko","CZ","Olomoucký kraj","CZ071","Prostějov","CZ0713","Rodinné domy [Kč/m2]","10302","2020","2020","25912"
"Průměrná jednotková kupní cena nemovitosti","7432","Celkem","0","Česko","CZ","Olomoucký kraj","CZ071","Prostějov","CZ0713","Rodinné domy [Kč/m2]","10302","2021","2021","32338"
"Průměrná jednotková kupní cena nemovitosti","7432","Celkem","0","Česko","CZ","Olomoucký kraj","CZ071","Prostějov","CZ0713","Rodinné domy [Kč/m2]","10302","2019-2021","2019-2021","28319"
"Průměrná jednotková kupní cena nemovitosti","7432","Celkem","0","Česko","CZ","Olomoucký kraj","CZ071","Prostějov","CZ0713","Rodinné domy [Kč/m2]","10302","2022","2022","38702"
"Průměrná jednotková kupní cena nemovitosti","7432","Celkem","0","Česko","CZ","Olomoucký kraj","CZ071","Prostějov","CZ0713","Rodinné domy [Kč/m2]","10302","2020-2022","2020-2022","32296"
"Průměrná jednotková kupní cena nemovitosti","7432","Celkem","0","Česko","CZ","Olomoucký kraj","CZ071","Prostějov","CZ0713","Rodinné domy [Kč/m2]","10302","2023","2023","37524"
"Průměrná jednotková kupní cena nemovitosti","7432","Celkem","0","Česko","CZ","Olomoucký kraj","CZ071","Prostějov","CZ0713","Rodinné domy [Kč/m2]","10302","2021-2023","2021-2023","35880"
"Průměrná jednotková kupní cena nemovitosti","7432","Celkem","0","Česko","CZ","Olomoucký kraj","CZ071","Prostějov","CZ0713","Rodinné domy [Kč/m2]","10302","2024","2024","39703"
"Průměrná jednotková kupní cena nemovitosti","7432","Celkem","0","Česko","CZ","Olomoucký kraj","CZ071","Prostějov","CZ0713","Rodinné domy [Kč/m2]","10302","2022-2024","2022-2024","38710"
"Průměrná jednotková kupní cena nemovitosti","7432","Celkem","0","Česko","CZ","Olomoucký kraj","CZ071","Prostějov","CZ0713","Rodinné domy [Kč/m2]","10302","2025","2025","42100"
"Průměrná jednotková kupní cena nemovitosti","7432","Celkem","0","Česko","CZ","Olomoucký kraj","CZ071","Prostějov","CZ0713","Byty [Kč/m2]","10602","2019","2019","25030"
"Průměrná jednotková kupní cena nemovitosti","7432","Celkem","0","Česko","CZ","Olomoucký kraj","CZ071","Prostějov","CZ0713","Byty [Kč/m2]","10602","2020","2020","29467"
"Průměrná jednotková kupní cena nemovitosti","7432","Celkem","0","Česko","CZ","Olomoucký kraj","CZ071","Prostějov","CZ0713","Byty [Kč/m2]","10602","2021","2021","36806"
"Průměrná jednotková kupní cena nemovitosti","7432","Celkem","0","Česko","CZ","Olomoucký kraj","CZ071","Prostějov","CZ0713","Byty [Kč/m2]","10602","2019-2021","2019-2021","30894"
"Průměrná jednotková kupní cena nemovitosti","7432","Celkem","0","Česko","CZ","Olomoucký kraj","CZ071","Prostějov","CZ0713","Byty [Kč/m2]","10602","2022","2022","46498"
"Průměrná jednotková kupní cena nemovitosti","7432","Celkem","0","Česko","CZ","Olomoucký kraj","CZ071","Prostějov","CZ0713","Byty [Kč/m2]","10602","2020-2022","2020-2022","37257"
"Průměrná jednotková kupní cena nemovitosti","7432","Celkem","0","Česko","CZ","Olomoucký kraj","CZ071","Prostějov","CZ0713","Byty [Kč/m2]","10602","2023","2023","42691"
"Průměrná jednotková kupní cena nemovitosti","7432","Celkem","0","Česko","CZ","Olomoucký kraj","CZ071","Prostějov","CZ0713","Byty [Kč/m2]","10602","2021-2023","2021-2023","41542"
"Průměrná jednotková kupní cena nemovitosti","7432","Celkem","0","Česko","CZ","Olomoucký kraj","CZ071","Prostějov","CZ0713","Byty [Kč/m2]","10602","2024","2024","46261"
"Průměrná jednotková kupní cena nemovitosti","7432","Celkem","0","Česko","CZ","Olomoucký kraj","CZ071","Prostějov","CZ0713","Byty [Kč/m2]","10602","2022-2024","2022-2024","45227"
"Průměrná jednotková kupní cena nemovitosti","7432","Celkem","0","Česko","CZ","Olomoucký kraj","CZ071","Prostějov","CZ0713","Byty [Kč/m2]","10602","2025","2025","52960"
"Průměrná jednotková kupní cena nemovitosti","7432","Celkem","0","Česko","CZ","Olomoucký kraj","CZ071","Přerov","CZ0714","Rodinné domy [Kč/m2]","10302","2019","2019","22567"
"Průměrná jednotková kupní cena nemovitosti","7432","Celkem","0","Česko","CZ","Olomoucký kraj","CZ071","Přerov","CZ0714","Rodinné domy [Kč/m2]","10302","2020","2020","23870"
"Průměrná jednotková kupní cena nemovitosti","7432","Celkem","0","Česko","CZ","Olomoucký kraj","CZ071","Přerov","CZ0714","Rodinné domy [Kč/m2]","10302","2021","2021","29046"
"Průměrná jednotková kupní cena nemovitosti","7432","Celkem","0","Česko","CZ","Olomoucký kraj","CZ071","Přerov","CZ0714","Rodinné domy [Kč/m2]","10302","2019-2021","2019-2021","25312"
"Průměrná jednotková kupní cena nemovitosti","7432","Celkem","0","Česko","CZ","Olomoucký kraj","CZ071","Přerov","CZ0714","Rodinné domy [Kč/m2]","10302","2022","2022","35096"
"Průměrná jednotková kupní cena nemovitosti","7432","Celkem","0","Česko","CZ","Olomoucký kraj","CZ071","Přerov","CZ0714","Rodinné domy [Kč/m2]","10302","2020-2022","2020-2022","28977"
"Průměrná jednotková kupní cena nemovitosti","7432","Celkem","0","Česko","CZ","Olomoucký kraj","CZ071","Přerov","CZ0714","Rodinné domy [Kč/m2]","10302","2023","2023","34180"
"Průměrná jednotková kupní cena nemovitosti","7432","Celkem","0","Česko","CZ","Olomoucký kraj","CZ071","Přerov","CZ0714","Rodinné domy [Kč/m2]","10302","2021-2023","2021-2023","32456"
"Průměrná jednotková kupní cena nemovitosti","7432","Celkem","0","Česko","CZ","Olomoucký kraj","CZ071","Přerov","CZ0714","Rodinné domy [Kč/m2]","10302","2024","2024","35352"
"Průměrná jednotková kupní cena nemovitosti","7432","Celkem","0","Česko","CZ","Olomoucký kraj","CZ071","Přerov","CZ0714","Rodinné domy [Kč/m2]","10302","2022-2024","2022-2024","34865"
"Průměrná jednotková kupní cena nemovitosti","7432","Celkem","0","Česko","CZ","Olomoucký kraj","CZ071","Přerov","CZ0714","Rodinné domy [Kč/m2]","10302","2025","2025","39017"
"Průměrná jednotková kupní cena nemovitosti","7432","Celkem","0","Česko","CZ","Olomoucký kraj","CZ071","Přerov","CZ0714","Byty [Kč/m2]","10602","2019","2019","23032"
"Průměrná jednotková kupní cena nemovitosti","7432","Celkem","0","Česko","CZ","Olomoucký kraj","CZ071","Přerov","CZ0714","Byty [Kč/m2]","10602","2020","2020","25819"
"Průměrná jednotková kupní cena nemovitosti","7432","Celkem","0","Česko","CZ","Olomoucký kraj","CZ071","Přerov","CZ0714","Byty [Kč/m2]","10602","2021","2021","33492"
"Průměrná jednotková kupní cena nemovitosti","7432","Celkem","0","Česko","CZ","Olomoucký kraj","CZ071","Přerov","CZ0714","Byty [Kč/m2]","10602","2019-2021","2019-2021","27782"
"Průměrná jednotková kupní cena nemovitosti","7432","Celkem","0","Česko","CZ","Olomoucký kraj","CZ071","Přerov","CZ0714","Byty [Kč/m2]","10602","2022","2022","41925"
"Průměrná jednotková kupní cena nemovitosti","7432","Celkem","0","Česko","CZ","Olomoucký kraj","CZ071","Přerov","CZ0714","Byty [Kč/m2]","10602","2020-2022","2020-2022","33234"
"Průměrná jednotková kupní cena nemovitosti","7432","Celkem","0","Česko","CZ","Olomoucký kraj","CZ071","Přerov","CZ0714","Byty [Kč/m2]","10602","2023","2023","39043"
"Průměrná jednotková kupní cena nemovitosti","7432","Celkem","0","Česko","CZ","Olomoucký kraj","CZ071","Přerov","CZ0714","Byty [Kč/m2]","10602","2021-2023","2021-2023","37673"
"Průměrná jednotková kupní cena nemovitosti","7432","Celkem","0","Česko","CZ","Olomoucký kraj","CZ071","Přerov","CZ0714","Byty [Kč/m2]","10602","2024","2024","41970"
"Průměrná jednotková kupní cena nemovitosti","7432","Celkem","0","Česko","CZ","Olomoucký kraj","CZ071","Přerov","CZ0714","Byty [Kč/m2]","10602","2022-2024","2022-2024","41059"
"Průměrná jednotková kupní cena nemovitosti","7432","Celkem","0","Česko","CZ","Olomoucký kraj","CZ071","Přerov","CZ0714","Byty [Kč/m2]","10602","2025","2025","49550"
"Průměrná jednotková kupní cena nemovitosti","7432","Celkem","0","Česko","CZ","Olomoucký kraj","CZ071","Šumperk","CZ0715","Rodinné domy [Kč/m2]","10302","2019","2019","23326"
"Průměrná jednotková kupní cena nemovitosti","7432","Celkem","0","Česko","CZ","Olomoucký kraj","CZ071","Šumperk","CZ0715","Rodinné domy [Kč/m2]","10302","2020","2020","24726"
"Průměrná jednotková kupní cena nemovitosti","7432","Celkem","0","Česko","CZ","Olomoucký kraj","CZ071","Šumperk","CZ0715","Rodinné domy [Kč/m2]","10302","2021","2021","31846"
"Průměrná jednotková kupní cena nemovitosti","7432","Celkem","0","Česko","CZ","Olomoucký kraj","CZ071","Šumperk","CZ0715","Rodinné domy [Kč/m2]","10302","2019-2021","2019-2021","27063"
"Průměrná jednotková kupní cena nemovitosti","7432","Celkem","0","Česko","CZ","Olomoucký kraj","CZ071","Šumperk","CZ0715","Rodinné domy [Kč/m2]","10302","2022","2022","39304"
"Průměrná jednotková kupní cena nemovitosti","7432","Celkem","0","Česko","CZ","Olomoucký kraj","CZ071","Šumperk","CZ0715","Rodinné domy [Kč/m2]","10302","2020-2022","2020-2022","31194"
"Průměrná jednotková kupní cena nemovitosti","7432","Celkem","0","Česko","CZ","Olomoucký kraj","CZ071","Šumperk","CZ0715","Rodinné domy [Kč/m2]","10302","2023","2023","36100"
"Průměrná jednotková kupní cena nemovitosti","7432","Celkem","0","Česko","CZ","Olomoucký kraj","CZ071","Šumperk","CZ0715","Rodinné domy [Kč/m2]","10302","2021-2023","2021-2023","35137"
"Průměrná jednotková kupní cena nemovitosti","7432","Celkem","0","Česko","CZ","Olomoucký kraj","CZ071","Šumperk","CZ0715","Rodinné domy [Kč/m2]","10302","2024","2024","39884"
"Průměrná jednotková kupní cena nemovitosti","7432","Celkem","0","Česko","CZ","Olomoucký kraj","CZ071","Šumperk","CZ0715","Rodinné domy [Kč/m2]","10302","2022-2024","2022-2024","38514"
"Průměrná jednotková kupní cena nemovitosti","7432","Celkem","0","Česko","CZ","Olomoucký kraj","CZ071","Šumperk","CZ0715","Rodinné domy [Kč/m2]","10302","2025","2025","42376"
"Průměrná jednotková kupní cena nemovitosti","7432","Celkem","0","Česko","CZ","Olomoucký kraj","CZ071","Šumperk","CZ0715","Byty [Kč/m2]","10602","2019","2019","23528"
"Průměrná jednotková kupní cena nemovitosti","7432","Celkem","0","Česko","CZ","Olomoucký kraj","CZ071","Šumperk","CZ0715","Byty [Kč/m2]","10602","2020","2020","26410"
"Průměrná jednotková kupní cena nemovitosti","7432","Celkem","0","Česko","CZ","Olomoucký kraj","CZ071","Šumperk","CZ0715","Byty [Kč/m2]","10602","2021","2021","34316"
"Průměrná jednotková kupní cena nemovitosti","7432","Celkem","0","Česko","CZ","Olomoucký kraj","CZ071","Šumperk","CZ0715","Byty [Kč/m2]","10602","2019-2021","2019-2021","28544"
"Průměrná jednotková kupní cena nemovitosti","7432","Celkem","0","Česko","CZ","Olomoucký kraj","CZ071","Šumperk","CZ0715","Byty [Kč/m2]","10602","2022","2022","41618"
"Průměrná jednotková kupní cena nemovitosti","7432","Celkem","0","Česko","CZ","Olomoucký kraj","CZ071","Šumperk","CZ0715","Byty [Kč/m2]","10602","2020-2022","2020-2022","33784"
"Průměrná jednotková kupní cena nemovitosti","7432","Celkem","0","Česko","CZ","Olomoucký kraj","CZ071","Šumperk","CZ0715","Byty [Kč/m2]","10602","2023","2023","38260"
"Průměrná jednotková kupní cena nemovitosti","7432","Celkem","0","Česko","CZ","Olomoucký kraj","CZ071","Šumperk","CZ0715","Byty [Kč/m2]","10602","2021-2023","2021-2023","37656"
"Průměrná jednotková kupní cena nemovitosti","7432","Celkem","0","Česko","CZ","Olomoucký kraj","CZ071","Šumperk","CZ0715","Byty [Kč/m2]","10602","2024","2024","41943"
"Průměrná jednotková kupní cena nemovitosti","7432","Celkem","0","Česko","CZ","Olomoucký kraj","CZ071","Šumperk","CZ0715","Byty [Kč/m2]","10602","2022-2024","2022-2024","40740"
"Průměrná jednotková kupní cena nemovitosti","7432","Celkem","0","Česko","CZ","Olomoucký kraj","CZ071","Šumperk","CZ0715","Byty [Kč/m2]","10602","2025","2025","46329"
"Průměrná jednotková kupní cena nemovitosti","7432","Celkem","0","Česko","CZ","Zlínský kraj","CZ072","Kroměříž","CZ0721","Rodinné domy [Kč/m2]","10302","2019","2019","21601"
"Průměrná jednotková kupní cena nemovitosti","7432","Celkem","0","Česko","CZ","Zlínský kraj","CZ072","Kroměříž","CZ0721","Rodinné domy [Kč/m2]","10302","2020","2020","23230"
"Průměrná jednotková kupní cena nemovitosti","7432","Celkem","0","Česko","CZ","Zlínský kraj","CZ072","Kroměříž","CZ0721","Rodinné domy [Kč/m2]","10302","2021","2021","29126"
"Průměrná jednotková kupní cena nemovitosti","7432","Celkem","0","Česko","CZ","Zlínský kraj","CZ072","Kroměříž","CZ0721","Rodinné domy [Kč/m2]","10302","2019-2021","2019-2021","24607"
"Průměrná jednotková kupní cena nemovitosti","7432","Celkem","0","Česko","CZ","Zlínský kraj","CZ072","Kroměříž","CZ0721","Rodinné domy [Kč/m2]","10302","2022","2022","34984"
"Průměrná jednotková kupní cena nemovitosti","7432","Celkem","0","Česko","CZ","Zlínský kraj","CZ072","Kroměříž","CZ0721","Rodinné domy [Kč/m2]","10302","2020-2022","2020-2022","28563"
"Průměrná jednotková kupní cena nemovitosti","7432","Celkem","0","Česko","CZ","Zlínský kraj","CZ072","Kroměříž","CZ0721","Rodinné domy [Kč/m2]","10302","2023","2023","34785"
"Průměrná jednotková kupní cena nemovitosti","7432","Celkem","0","Česko","CZ","Zlínský kraj","CZ072","Kroměříž","CZ0721","Rodinné domy [Kč/m2]","10302","2021-2023","2021-2023","32890"
"Průměrná jednotková kupní cena nemovitosti","7432","Celkem","0","Česko","CZ","Zlínský kraj","CZ072","Kroměříž","CZ0721","Rodinné domy [Kč/m2]","10302","2024","2024","37528"
"Průměrná jednotková kupní cena nemovitosti","7432","Celkem","0","Česko","CZ","Zlínský kraj","CZ072","Kroměříž","CZ0721","Rodinné domy [Kč/m2]","10302","2022-2024","2022-2024","35900"
"Průměrná jednotková kupní cena nemovitosti","7432","Celkem","0","Česko","CZ","Zlínský kraj","CZ072","Kroměříž","CZ0721","Rodinné domy [Kč/m2]","10302","2025","2025","37176"
"Průměrná jednotková kupní cena nemovitosti","7432","Celkem","0","Česko","CZ","Zlínský kraj","CZ072","Kroměříž","CZ0721","Byty [Kč/m2]","10602","2019","2019","26309"
"Průměrná jednotková kupní cena nemovitosti","7432","Celkem","0","Česko","CZ","Zlínský kraj","CZ072","Kroměříž","CZ0721","Byty [Kč/m2]","10602","2020","2020","26436"
"Průměrná jednotková kupní cena nemovitosti","7432","Celkem","0","Česko","CZ","Zlínský kraj","CZ072","Kroměříž","CZ0721","Byty [Kč/m2]","10602","2021","2021","36560"
"Průměrná jednotková kupní cena nemovitosti","7432","Celkem","0","Česko","CZ","Zlínský kraj","CZ072","Kroměříž","CZ0721","Byty [Kč/m2]","10602","2019-2021","2019-2021","29944"
"Průměrná jednotková kupní cena nemovitosti","7432","Celkem","0","Česko","CZ","Zlínský kraj","CZ072","Kroměříž","CZ0721","Byty [Kč/m2]","10602","2022","2022","43651"
"Průměrná jednotková kupní cena nemovitosti","7432","Celkem","0","Česko","CZ","Zlínský kraj","CZ072","Kroměříž","CZ0721","Byty [Kč/m2]","10602","2020-2022","2020-2022","34972"
"Průměrná jednotková kupní cena nemovitosti","7432","Celkem","0","Česko","CZ","Zlínský kraj","CZ072","Kroměříž","CZ0721","Byty [Kč/m2]","10602","2023","2023","41584"
"Průměrná jednotková kupní cena nemovitosti","7432","Celkem","0","Česko","CZ","Zlínský kraj","CZ072","Kroměříž","CZ0721","Byty [Kč/m2]","10602","2021-2023","2021-2023","40291"
"Průměrná jednotková kupní cena nemovitosti","7432","Celkem","0","Česko","CZ","Zlínský kraj","CZ072","Kroměříž","CZ0721","Byty [Kč/m2]","10602","2024","2024","45314"
"Průměrná jednotková kupní cena nemovitosti","7432","Celkem","0","Česko","CZ","Zlínský kraj","CZ072","Kroměříž","CZ0721","Byty [Kč/m2]","10602","2022-2024","2022-2024","43602"
"Průměrná jednotková kupní cena nemovitosti","7432","Celkem","0","Česko","CZ","Zlínský kraj","CZ072","Kroměříž","CZ0721","Byty [Kč/m2]","10602","2025","2025","50176"
"Průměrná jednotková kupní cena nemovitosti","7432","Celkem","0","Česko","CZ","Zlínský kraj","CZ072","Uherské Hradiště","CZ0722","Rodinné domy [Kč/m2]","10302","2019","2019","22809"
"Průměrná jednotková kupní cena nemovitosti","7432","Celkem","0","Česko","CZ","Zlínský kraj","CZ072","Uherské Hradiště","CZ0722","Rodinné domy [Kč/m2]","10302","2020","2020","27113"
"Průměrná jednotková kupní cena nemovitosti","7432","Celkem","0","Česko","CZ","Zlínský kraj","CZ072","Uherské Hradiště","CZ0722","Rodinné domy [Kč/m2]","10302","2021","2021","29317"
"Průměrná jednotková kupní cena nemovitosti","7432","Celkem","0","Česko","CZ","Zlínský kraj","CZ072","Uherské Hradiště","CZ0722","Rodinné domy [Kč/m2]","10302","2019-2021","2019-2021","26940"
"Průměrná jednotková kupní cena nemovitosti","7432","Celkem","0","Česko","CZ","Zlínský kraj","CZ072","Uherské Hradiště","CZ0722","Rodinné domy [Kč/m2]","10302","2022","2022","36541"
"Průměrná jednotková kupní cena nemovitosti","7432","Celkem","0","Česko","CZ","Zlínský kraj","CZ072","Uherské Hradiště","CZ0722","Rodinné domy [Kč/m2]","10302","2020-2022","2020-2022","30094"
"Průměrná jednotková kupní cena nemovitosti","7432","Celkem","0","Česko","CZ","Zlínský kraj","CZ072","Uherské Hradiště","CZ0722","Rodinné domy [Kč/m2]","10302","2023","2023","33049"
"Průměrná jednotková kupní cena nemovitosti","7432","Celkem","0","Česko","CZ","Zlínský kraj","CZ072","Uherské Hradiště","CZ0722","Rodinné domy [Kč/m2]","10302","2021-2023","2021-2023","32183"
"Průměrná jednotková kupní cena nemovitosti","7432","Celkem","0","Česko","CZ","Zlínský kraj","CZ072","Uherské Hradiště","CZ0722","Rodinné domy [Kč/m2]","10302","2024","2024","36984"
"Průměrná jednotková kupní cena nemovitosti","7432","Celkem","0","Česko","CZ","Zlínský kraj","CZ072","Uherské Hradiště","CZ0722","Rodinné domy [Kč/m2]","10302","2022-2024","2022-2024","35630"
"Průměrná jednotková kupní cena nemovitosti","7432","Celkem","0","Česko","CZ","Zlínský kraj","CZ072","Uherské Hradiště","CZ0722","Rodinné domy [Kč/m2]","10302","2025","2025","40228"
"Průměrná jednotková kupní cena nemovitosti","7432","Celkem","0","Česko","CZ","Zlínský kraj","CZ072","Uherské Hradiště","CZ0722","Byty [Kč/m2]","10602","2019","2019","28335"
"Průměrná jednotková kupní cena nemovitosti","7432","Celkem","0","Česko","CZ","Zlínský kraj","CZ072","Uherské Hradiště","CZ0722","Byty [Kč/m2]","10602","2020","2020","33238"
"Průměrná jednotková kupní cena nemovitosti","7432","Celkem","0","Česko","CZ","Zlínský kraj","CZ072","Uherské Hradiště","CZ0722","Byty [Kč/m2]","10602","2021","2021","39358"
"Průměrná jednotková kupní cena nemovitosti","7432","Celkem","0","Česko","CZ","Zlínský kraj","CZ072","Uherské Hradiště","CZ0722","Byty [Kč/m2]","10602","2019-2021","2019-2021","33904"
"Průměrná jednotková kupní cena nemovitosti","7432","Celkem","0","Česko","CZ","Zlínský kraj","CZ072","Uherské Hradiště","CZ0722","Byty [Kč/m2]","10602","2022","2022","49210"
"Průměrná jednotková kupní cena nemovitosti","7432","Celkem","0","Česko","CZ","Zlínský kraj","CZ072","Uherské Hradiště","CZ0722","Byty [Kč/m2]","10602","2020-2022","2020-2022","39481"
"Průměrná jednotková kupní cena nemovitosti","7432","Celkem","0","Česko","CZ","Zlínský kraj","CZ072","Uherské Hradiště","CZ0722","Byty [Kč/m2]","10602","2023","2023","46146"
"Průměrná jednotková kupní cena nemovitosti","7432","Celkem","0","Česko","CZ","Zlínský kraj","CZ072","Uherské Hradiště","CZ0722","Byty [Kč/m2]","10602","2021-2023","2021-2023","44002"
"Průměrná jednotková kupní cena nemovitosti","7432","Celkem","0","Česko","CZ","Zlínský kraj","CZ072","Uherské Hradiště","CZ0722","Byty [Kč/m2]","10602","2024","2024","51351"
"Průměrná jednotková kupní cena nemovitosti","7432","Celkem","0","Česko","CZ","Zlínský kraj","CZ072","Uherské Hradiště","CZ0722","Byty [Kč/m2]","10602","2022-2024","2022-2024","49065"
"Průměrná jednotková kupní cena nemovitosti","7432","Celkem","0","Česko","CZ","Zlínský kraj","CZ072","Uherské Hradiště","CZ0722","Byty [Kč/m2]","10602","2025","2025","58761"
"Průměrná jednotková kupní cena nemovitosti","7432","Celkem","0","Česko","CZ","Zlínský kraj","CZ072","Vsetín","CZ0723","Rodinné domy [Kč/m2]","10302","2019","2019","24345"
"Průměrná jednotková kupní cena nemovitosti","7432","Celkem","0","Česko","CZ","Zlínský kraj","CZ072","Vsetín","CZ0723","Rodinné domy [Kč/m2]","10302","2020","2020","28406"
"Průměrná jednotková kupní cena nemovitosti","7432","Celkem","0","Česko","CZ","Zlínský kraj","CZ072","Vsetín","CZ0723","Rodinné domy [Kč/m2]","10302","2021","2021","31957"
"Průměrná jednotková kupní cena nemovitosti","7432","Celkem","0","Česko","CZ","Zlínský kraj","CZ072","Vsetín","CZ0723","Rodinné domy [Kč/m2]","10302","2019-2021","2019-2021","28449"
"Průměrná jednotková kupní cena nemovitosti","7432","Celkem","0","Česko","CZ","Zlínský kraj","CZ072","Vsetín","CZ0723","Rodinné domy [Kč/m2]","10302","2022","2022","40363"
"Průměrná jednotková kupní cena nemovitosti","7432","Celkem","0","Česko","CZ","Zlínský kraj","CZ072","Vsetín","CZ0723","Rodinné domy [Kč/m2]","10302","2020-2022","2020-2022","33074"
"Průměrná jednotková kupní cena nemovitosti","7432","Celkem","0","Česko","CZ","Zlínský kraj","CZ072","Vsetín","CZ0723","Rodinné domy [Kč/m2]","10302","2023","2023","38602"
"Průměrná jednotková kupní cena nemovitosti","7432","Celkem","0","Česko","CZ","Zlínský kraj","CZ072","Vsetín","CZ0723","Rodinné domy [Kč/m2]","10302","2021-2023","2021-2023","36493"
"Průměrná jednotková kupní cena nemovitosti","7432","Celkem","0","Česko","CZ","Zlínský kraj","CZ072","Vsetín","CZ0723","Rodinné domy [Kč/m2]","10302","2024","2024","40849"
"Průměrná jednotková kupní cena nemovitosti","7432","Celkem","0","Česko","CZ","Zlínský kraj","CZ072","Vsetín","CZ0723","Rodinné domy [Kč/m2]","10302","2022-2024","2022-2024","40141"
"Průměrná jednotková kupní cena nemovitosti","7432","Celkem","0","Česko","CZ","Zlínský kraj","CZ072","Vsetín","CZ0723","Rodinné domy [Kč/m2]","10302","2025","2025","45640"
"Průměrná jednotková kupní cena nemovitosti","7432","Celkem","0","Česko","CZ","Zlínský kraj","CZ072","Vsetín","CZ0723","Byty [Kč/m2]","10602","2019","2019","26273"
"Průměrná jednotková kupní cena nemovitosti","7432","Celkem","0","Česko","CZ","Zlínský kraj","CZ072","Vsetín","CZ0723","Byty [Kč/m2]","10602","2020","2020","30165"
"Průměrná jednotková kupní cena nemovitosti","7432","Celkem","0","Česko","CZ","Zlínský kraj","CZ072","Vsetín","CZ0723","Byty [Kč/m2]","10602","2021","2021","36329"
"Průměrná jednotková kupní cena nemovitosti","7432","Celkem","0","Česko","CZ","Zlínský kraj","CZ072","Vsetín","CZ0723","Byty [Kč/m2]","10602","2019-2021","2019-2021","31449"
"Průměrná jednotková kupní cena nemovitosti","7432","Celkem","0","Česko","CZ","Zlínský kraj","CZ072","Vsetín","CZ0723","Byty [Kč/m2]","10602","2022","2022","48114"
"Průměrná jednotková kupní cena nemovitosti","7432","Celkem","0","Česko","CZ","Zlínský kraj","CZ072","Vsetín","CZ0723","Byty [Kč/m2]","10602","2020-2022","2020-2022","38027"
"Průměrná jednotková kupní cena nemovitosti","7432","Celkem","0","Česko","CZ","Zlínský kraj","CZ072","Vsetín","CZ0723","Byty [Kč/m2]","10602","2023","2023","44242"
"Průměrná jednotková kupní cena nemovitosti","7432","Celkem","0","Česko","CZ","Zlínský kraj","CZ072","Vsetín","CZ0723","Byty [Kč/m2]","10602","2021-2023","2021-2023","42506"
"Průměrná jednotková kupní cena nemovitosti","7432","Celkem","0","Česko","CZ","Zlínský kraj","CZ072","Vsetín","CZ0723","Byty [Kč/m2]","10602","2024","2024","46082"
"Průměrná jednotková kupní cena nemovitosti","7432","Celkem","0","Česko","CZ","Zlínský kraj","CZ072","Vsetín","CZ0723","Byty [Kč/m2]","10602","2022-2024","2022-2024","46204"
"Průměrná jednotková kupní cena nemovitosti","7432","Celkem","0","Česko","CZ","Zlínský kraj","CZ072","Vsetín","CZ0723","Byty [Kč/m2]","10602","2025","2025","53472"
"Průměrná jednotková kupní cena nemovitosti","7432","Celkem","0","Česko","CZ","Zlínský kraj","CZ072","Zlín","CZ0724","Rodinné domy [Kč/m2]","10302","2019","2019","28342"
"Průměrná jednotková kupní cena nemovitosti","7432","Celkem","0","Česko","CZ","Zlínský kraj","CZ072","Zlín","CZ0724","Rodinné domy [Kč/m2]","10302","2020","2020","31353"
"Průměrná jednotková kupní cena nemovitosti","7432","Celkem","0","Česko","CZ","Zlínský kraj","CZ072","Zlín","CZ0724","Rodinné domy [Kč/m2]","10302","2021","2021","36421"
"Průměrná jednotková kupní cena nemovitosti","7432","Celkem","0","Česko","CZ","Zlínský kraj","CZ072","Zlín","CZ0724","Rodinné domy [Kč/m2]","10302","2019-2021","2019-2021","32026"
"Průměrná jednotková kupní cena nemovitosti","7432","Celkem","0","Česko","CZ","Zlínský kraj","CZ072","Zlín","CZ0724","Rodinné domy [Kč/m2]","10302","2022","2022","44439"
"Průměrná jednotková kupní cena nemovitosti","7432","Celkem","0","Česko","CZ","Zlínský kraj","CZ072","Zlín","CZ0724","Rodinné domy [Kč/m2]","10302","2020-2022","2020-2022","36410"
"Průměrná jednotková kupní cena nemovitosti","7432","Celkem","0","Česko","CZ","Zlínský kraj","CZ072","Zlín","CZ0724","Rodinné domy [Kč/m2]","10302","2023","2023","42755"
"Průměrná jednotková kupní cena nemovitosti","7432","Celkem","0","Česko","CZ","Zlínský kraj","CZ072","Zlín","CZ0724","Rodinné domy [Kč/m2]","10302","2021-2023","2021-2023","40618"
"Průměrná jednotková kupní cena nemovitosti","7432","Celkem","0","Česko","CZ","Zlínský kraj","CZ072","Zlín","CZ0724","Rodinné domy [Kč/m2]","10302","2024","2024","49570"
"Průměrná jednotková kupní cena nemovitosti","7432","Celkem","0","Česko","CZ","Zlínský kraj","CZ072","Zlín","CZ0724","Rodinné domy [Kč/m2]","10302","2022-2024","2022-2024","46243"
"Průměrná jednotková kupní cena nemovitosti","7432","Celkem","0","Česko","CZ","Zlínský kraj","CZ072","Zlín","CZ0724","Rodinné domy [Kč/m2]","10302","2025","2025","52106"
"Průměrná jednotková kupní cena nemovitosti","7432","Celkem","0","Česko","CZ","Zlínský kraj","CZ072","Zlín","CZ0724","Byty [Kč/m2]","10602","2019","2019","33143"
"Průměrná jednotková kupní cena nemovitosti","7432","Celkem","0","Česko","CZ","Zlínský kraj","CZ072","Zlín","CZ0724","Byty [Kč/m2]","10602","2020","2020","35539"
"Průměrná jednotková kupní cena nemovitosti","7432","Celkem","0","Česko","CZ","Zlínský kraj","CZ072","Zlín","CZ0724","Byty [Kč/m2]","10602","2021","2021","45905"
"Průměrná jednotková kupní cena nemovitosti","7432","Celkem","0","Česko","CZ","Zlínský kraj","CZ072","Zlín","CZ0724","Byty [Kč/m2]","10602","2019-2021","2019-2021","38596"
"Průměrná jednotková kupní cena nemovitosti","7432","Celkem","0","Česko","CZ","Zlínský kraj","CZ072","Zlín","CZ0724","Byty [Kč/m2]","10602","2022","2022","52921"
"Průměrná jednotková kupní cena nemovitosti","7432","Celkem","0","Česko","CZ","Zlínský kraj","CZ072","Zlín","CZ0724","Byty [Kč/m2]","10602","2020-2022","2020-2022","44561"
"Průměrná jednotková kupní cena nemovitosti","7432","Celkem","0","Česko","CZ","Zlínský kraj","CZ072","Zlín","CZ0724","Byty [Kč/m2]","10602","2023","2023","50572"
"Průměrná jednotková kupní cena nemovitosti","7432","Celkem","0","Česko","CZ","Zlínský kraj","CZ072","Zlín","CZ0724","Byty [Kč/m2]","10602","2021-2023","2021-2023","49242"
"Průměrná jednotková kupní cena nemovitosti","7432","Celkem","0","Česko","CZ","Zlínský kraj","CZ072","Zlín","CZ0724","Byty [Kč/m2]","10602","2024","2024","55927"
"Průměrná jednotková kupní cena nemovitosti","7432","Celkem","0","Česko","CZ","Zlínský kraj","CZ072","Zlín","CZ0724","Byty [Kč/m2]","10602","2022-2024","2022-2024","53236"
"Průměrná jednotková kupní cena nemovitosti","7432","Celkem","0","Česko","CZ","Zlínský kraj","CZ072","Zlín","CZ0724","Byty [Kč/m2]","10602","2025","2025","66117"
"Průměrná jednotková kupní cena nemovitosti","7432","Celkem","0","Česko","CZ","Moravskoslezský kraj","CZ080","Bruntál","CZ0801","Rodinné domy [Kč/m2]","10302","2019","2019","22560"
"Průměrná jednotková kupní cena nemovitosti","7432","Celkem","0","Česko","CZ","Moravskoslezský kraj","CZ080","Bruntál","CZ0801","Rodinné domy [Kč/m2]","10302","2020","2020","24681"
"Průměrná jednotková kupní cena nemovitosti","7432","Celkem","0","Česko","CZ","Moravskoslezský kraj","CZ080","Bruntál","CZ0801","Rodinné domy [Kč/m2]","10302","2021","2021","27421"
"Průměrná jednotková kupní cena nemovitosti","7432","Celkem","0","Česko","CZ","Moravskoslezský kraj","CZ080","Bruntál","CZ0801","Rodinné domy [Kč/m2]","10302","2019-2021","2019-2021","25213"
"Průměrná jednotková kupní cena nemovitosti","7432","Celkem","0","Česko","CZ","Moravskoslezský kraj","CZ080","Bruntál","CZ0801","Rodinné domy [Kč/m2]","10302","2022","2022","33690"
"Průměrná jednotková kupní cena nemovitosti","7432","Celkem","0","Česko","CZ","Moravskoslezský kraj","CZ080","Bruntál","CZ0801","Rodinné domy [Kč/m2]","10302","2020-2022","2020-2022","28289"
"Průměrná jednotková kupní cena nemovitosti","7432","Celkem","0","Česko","CZ","Moravskoslezský kraj","CZ080","Bruntál","CZ0801","Rodinné domy [Kč/m2]","10302","2023","2023","34733"
"Průměrná jednotková kupní cena nemovitosti","7432","Celkem","0","Česko","CZ","Moravskoslezský kraj","CZ080","Bruntál","CZ0801","Rodinné domy [Kč/m2]","10302","2021-2023","2021-2023","31198"
"Průměrná jednotková kupní cena nemovitosti","7432","Celkem","0","Česko","CZ","Moravskoslezský kraj","CZ080","Bruntál","CZ0801","Rodinné domy [Kč/m2]","10302","2024","2024","33471"
"Průměrná jednotková kupní cena nemovitosti","7432","Celkem","0","Česko","CZ","Moravskoslezský kraj","CZ080","Bruntál","CZ0801","Rodinné domy [Kč/m2]","10302","2022-2024","2022-2024","33888"
"Průměrná jednotková kupní cena nemovitosti","7432","Celkem","0","Česko","CZ","Moravskoslezský kraj","CZ080","Bruntál","CZ0801","Rodinné domy [Kč/m2]","10302","2025","2025","38065"
"Průměrná jednotková kupní cena nemovitosti","7432","Celkem","0","Česko","CZ","Moravskoslezský kraj","CZ080","Bruntál","CZ0801","Byty [Kč/m2]","10602","2019","2019","18195"
"Průměrná jednotková kupní cena nemovitosti","7432","Celkem","0","Česko","CZ","Moravskoslezský kraj","CZ080","Bruntál","CZ0801","Byty [Kč/m2]","10602","2020","2020","19633"
"Průměrná jednotková kupní cena nemovitosti","7432","Celkem","0","Česko","CZ","Moravskoslezský kraj","CZ080","Bruntál","CZ0801","Byty [Kč/m2]","10602","2021","2021","25192"
"Průměrná jednotková kupní cena nemovitosti","7432","Celkem","0","Česko","CZ","Moravskoslezský kraj","CZ080","Bruntál","CZ0801","Byty [Kč/m2]","10602","2019-2021","2019-2021","21040"
"Průměrná jednotková kupní cena nemovitosti","7432","Celkem","0","Česko","CZ","Moravskoslezský kraj","CZ080","Bruntál","CZ0801","Byty [Kč/m2]","10602","2022","2022","32705"
"Průměrná jednotková kupní cena nemovitosti","7432","Celkem","0","Česko","CZ","Moravskoslezský kraj","CZ080","Bruntál","CZ0801","Byty [Kč/m2]","10602","2020-2022","2020-2022","26112"
"Průměrná jednotková kupní cena nemovitosti","7432","Celkem","0","Česko","CZ","Moravskoslezský kraj","CZ080","Bruntál","CZ0801","Byty [Kč/m2]","10602","2023","2023","29415"
"Průměrná jednotková kupní cena nemovitosti","7432","Celkem","0","Česko","CZ","Moravskoslezský kraj","CZ080","Bruntál","CZ0801","Byty [Kč/m2]","10602","2021-2023","2021-2023","29263"
"Průměrná jednotková kupní cena nemovitosti","7432","Celkem","0","Česko","CZ","Moravskoslezský kraj","CZ080","Bruntál","CZ0801","Byty [Kč/m2]","10602","2024","2024","30577"
"Průměrná jednotková kupní cena nemovitosti","7432","Celkem","0","Česko","CZ","Moravskoslezský kraj","CZ080","Bruntál","CZ0801","Byty [Kč/m2]","10602","2022-2024","2022-2024","30956"
"Průměrná jednotková kupní cena nemovitosti","7432","Celkem","0","Česko","CZ","Moravskoslezský kraj","CZ080","Bruntál","CZ0801","Byty [Kč/m2]","10602","2025","2025","36921"
"Průměrná jednotková kupní cena nemovitosti","7432","Celkem","0","Česko","CZ","Moravskoslezský kraj","CZ080","Frýdek-Místek","CZ0802","Rodinné domy [Kč/m2]","10302","2019","2019","29665"
"Průměrná jednotková kupní cena nemovitosti","7432","Celkem","0","Česko","CZ","Moravskoslezský kraj","CZ080","Frýdek-Místek","CZ0802","Rodinné domy [Kč/m2]","10302","2020","2020","30133"
"Průměrná jednotková kupní cena nemovitosti","7432","Celkem","0","Česko","CZ","Moravskoslezský kraj","CZ080","Frýdek-Místek","CZ0802","Rodinné domy [Kč/m2]","10302","2021","2021","36335"
"Průměrná jednotková kupní cena nemovitosti","7432","Celkem","0","Česko","CZ","Moravskoslezský kraj","CZ080","Frýdek-Místek","CZ0802","Rodinné domy [Kč/m2]","10302","2019-2021","2019-2021","32366"
"Průměrná jednotková kupní cena nemovitosti","7432","Celkem","0","Česko","CZ","Moravskoslezský kraj","CZ080","Frýdek-Místek","CZ0802","Rodinné domy [Kč/m2]","10302","2022","2022","44614"
"Průměrná jednotková kupní cena nemovitosti","7432","Celkem","0","Česko","CZ","Moravskoslezský kraj","CZ080","Frýdek-Místek","CZ0802","Rodinné domy [Kč/m2]","10302","2020-2022","2020-2022","36350"
"Průměrná jednotková kupní cena nemovitosti","7432","Celkem","0","Česko","CZ","Moravskoslezský kraj","CZ080","Frýdek-Místek","CZ0802","Rodinné domy [Kč/m2]","10302","2023","2023","42607"
"Průměrná jednotková kupní cena nemovitosti","7432","Celkem","0","Česko","CZ","Moravskoslezský kraj","CZ080","Frýdek-Místek","CZ0802","Rodinné domy [Kč/m2]","10302","2021-2023","2021-2023","40503"
"Průměrná jednotková kupní cena nemovitosti","7432","Celkem","0","Česko","CZ","Moravskoslezský kraj","CZ080","Frýdek-Místek","CZ0802","Rodinné domy [Kč/m2]","10302","2024","2024","45846"
"Průměrná jednotková kupní cena nemovitosti","7432","Celkem","0","Česko","CZ","Moravskoslezský kraj","CZ080","Frýdek-Místek","CZ0802","Rodinné domy [Kč/m2]","10302","2022-2024","2022-2024","44536"
"Průměrná jednotková kupní cena nemovitosti","7432","Celkem","0","Česko","CZ","Moravskoslezský kraj","CZ080","Frýdek-Místek","CZ0802","Rodinné domy [Kč/m2]","10302","2025","2025","48650"
"Průměrná jednotková kupní cena nemovitosti","7432","Celkem","0","Česko","CZ","Moravskoslezský kraj","CZ080","Frýdek-Místek","CZ0802","Byty [Kč/m2]","10602","2019","2019","24339"
"Průměrná jednotková kupní cena nemovitosti","7432","Celkem","0","Česko","CZ","Moravskoslezský kraj","CZ080","Frýdek-Místek","CZ0802","Byty [Kč/m2]","10602","2020","2020","28571"
"Průměrná jednotková kupní cena nemovitosti","7432","Celkem","0","Česko","CZ","Moravskoslezský kraj","CZ080","Frýdek-Místek","CZ0802","Byty [Kč/m2]","10602","2021","2021","38049"
"Průměrná jednotková kupní cena nemovitosti","7432","Celkem","0","Česko","CZ","Moravskoslezský kraj","CZ080","Frýdek-Místek","CZ0802","Byty [Kč/m2]","10602","2019-2021","2019-2021","30711"
"Průměrná jednotková kupní cena nemovitosti","7432","Celkem","0","Česko","CZ","Moravskoslezský kraj","CZ080","Frýdek-Místek","CZ0802","Byty [Kč/m2]","10602","2022","2022","45320"
"Průměrná jednotková kupní cena nemovitosti","7432","Celkem","0","Česko","CZ","Moravskoslezský kraj","CZ080","Frýdek-Místek","CZ0802","Byty [Kč/m2]","10602","2020-2022","2020-2022","36608"
"Průměrná jednotková kupní cena nemovitosti","7432","Celkem","0","Česko","CZ","Moravskoslezský kraj","CZ080","Frýdek-Místek","CZ0802","Byty [Kč/m2]","10602","2023","2023","41649"
"Průměrná jednotková kupní cena nemovitosti","7432","Celkem","0","Česko","CZ","Moravskoslezský kraj","CZ080","Frýdek-Místek","CZ0802","Byty [Kč/m2]","10602","2021-2023","2021-2023","41328"
"Průměrná jednotková kupní cena nemovitosti","7432","Celkem","0","Česko","CZ","Moravskoslezský kraj","CZ080","Frýdek-Místek","CZ0802","Byty [Kč/m2]","10602","2024","2024","46026"
"Průměrná jednotková kupní cena nemovitosti","7432","Celkem","0","Česko","CZ","Moravskoslezský kraj","CZ080","Frýdek-Místek","CZ0802","Byty [Kč/m2]","10602","2022-2024","2022-2024","44451"
"Průměrná jednotková kupní cena nemovitosti","7432","Celkem","0","Česko","CZ","Moravskoslezský kraj","CZ080","Frýdek-Místek","CZ0802","Byty [Kč/m2]","10602","2025","2025","56857"
"Průměrná jednotková kupní cena nemovitosti","7432","Celkem","0","Česko","CZ","Moravskoslezský kraj","CZ080","Karviná","CZ0803","Rodinné domy [Kč/m2]","10302","2019","2019","28128"
"Průměrná jednotková kupní cena nemovitosti","7432","Celkem","0","Česko","CZ","Moravskoslezský kraj","CZ080","Karviná","CZ0803","Rodinné domy [Kč/m2]","10302","2020","2020","29428"
"Průměrná jednotková kupní cena nemovitosti","7432","Celkem","0","Česko","CZ","Moravskoslezský kraj","CZ080","Karviná","CZ0803","Rodinné domy [Kč/m2]","10302","2021","2021","34500"
"Průměrná jednotková kupní cena nemovitosti","7432","Celkem","0","Česko","CZ","Moravskoslezský kraj","CZ080","Karviná","CZ0803","Rodinné domy [Kč/m2]","10302","2019-2021","2019-2021","30680"
"Průměrná jednotková kupní cena nemovitosti","7432","Celkem","0","Česko","CZ","Moravskoslezský kraj","CZ080","Karviná","CZ0803","Rodinné domy [Kč/m2]","10302","2022","2022","41806"
"Průměrná jednotková kupní cena nemovitosti","7432","Celkem","0","Česko","CZ","Moravskoslezský kraj","CZ080","Karviná","CZ0803","Rodinné domy [Kč/m2]","10302","2020-2022","2020-2022","34328"
"Průměrná jednotková kupní cena nemovitosti","7432","Celkem","0","Česko","CZ","Moravskoslezský kraj","CZ080","Karviná","CZ0803","Rodinné domy [Kč/m2]","10302","2023","2023","37805"
"Průměrná jednotková kupní cena nemovitosti","7432","Celkem","0","Česko","CZ","Moravskoslezský kraj","CZ080","Karviná","CZ0803","Rodinné domy [Kč/m2]","10302","2021-2023","2021-2023","37593"
"Průměrná jednotková kupní cena nemovitosti","7432","Celkem","0","Česko","CZ","Moravskoslezský kraj","CZ080","Karviná","CZ0803","Rodinné domy [Kč/m2]","10302","2024","2024","40678"
"Průměrná jednotková kupní cena nemovitosti","7432","Celkem","0","Česko","CZ","Moravskoslezský kraj","CZ080","Karviná","CZ0803","Rodinné domy [Kč/m2]","10302","2022-2024","2022-2024","40127"
"Průměrná jednotková kupní cena nemovitosti","7432","Celkem","0","Česko","CZ","Moravskoslezský kraj","CZ080","Karviná","CZ0803","Rodinné domy [Kč/m2]","10302","2025","2025","45448"
"Průměrná jednotková kupní cena nemovitosti","7432","Celkem","0","Česko","CZ","Moravskoslezský kraj","CZ080","Karviná","CZ0803","Byty [Kč/m2]","10602","2019","2019","18904"
"Průměrná jednotková kupní cena nemovitosti","7432","Celkem","0","Česko","CZ","Moravskoslezský kraj","CZ080","Karviná","CZ0803","Byty [Kč/m2]","10602","2020","2020","20923"
"Průměrná jednotková kupní cena nemovitosti","7432","Celkem","0","Česko","CZ","Moravskoslezský kraj","CZ080","Karviná","CZ0803","Byty [Kč/m2]","10602","2021","2021","26814"
"Průměrná jednotková kupní cena nemovitosti","7432","Celkem","0","Česko","CZ","Moravskoslezský kraj","CZ080","Karviná","CZ0803","Byty [Kč/m2]","10602","2019-2021","2019-2021","23351"
"Průměrná jednotková kupní cena nemovitosti","7432","Celkem","0","Česko","CZ","Moravskoslezský kraj","CZ080","Karviná","CZ0803","Byty [Kč/m2]","10602","2022","2022","33048"
"Průměrná jednotková kupní cena nemovitosti","7432","Celkem","0","Česko","CZ","Moravskoslezský kraj","CZ080","Karviná","CZ0803","Byty [Kč/m2]","10602","2020-2022","2020-2022","27684"
"Průměrná jednotková kupní cena nemovitosti","7432","Celkem","0","Česko","CZ","Moravskoslezský kraj","CZ080","Karviná","CZ0803","Byty [Kč/m2]","10602","2023","2023","29369"
"Průměrná jednotková kupní cena nemovitosti","7432","Celkem","0","Česko","CZ","Moravskoslezský kraj","CZ080","Karviná","CZ0803","Byty [Kč/m2]","10602","2021-2023","2021-2023","29653"
"Průměrná jednotková kupní cena nemovitosti","7432","Celkem","0","Česko","CZ","Moravskoslezský kraj","CZ080","Karviná","CZ0803","Byty [Kč/m2]","10602","2024","2024","34175"
"Průměrná jednotková kupní cena nemovitosti","7432","Celkem","0","Česko","CZ","Moravskoslezský kraj","CZ080","Karviná","CZ0803","Byty [Kč/m2]","10602","2022-2024","2022-2024","32408"
"Průměrná jednotková kupní cena nemovitosti","7432","Celkem","0","Česko","CZ","Moravskoslezský kraj","CZ080","Karviná","CZ0803","Byty [Kč/m2]","10602","2025","2025","40090"
"Průměrná jednotková kupní cena nemovitosti","7432","Celkem","0","Česko","CZ","Moravskoslezský kraj","CZ080","Nový Jičín","CZ0804","Rodinné domy [Kč/m2]","10302","2019","2019","26407"
"Průměrná jednotková kupní cena nemovitosti","7432","Celkem","0","Česko","CZ","Moravskoslezský kraj","CZ080","Nový Jičín","CZ0804","Rodinné domy [Kč/m2]","10302","2020","2020","27285"
"Průměrná jednotková kupní cena nemovitosti","7432","Celkem","0","Česko","CZ","Moravskoslezský kraj","CZ080","Nový Jičín","CZ0804","Rodinné domy [Kč/m2]","10302","2021","2021","32989"
"Průměrná jednotková kupní cena nemovitosti","7432","Celkem","0","Česko","CZ","Moravskoslezský kraj","CZ080","Nový Jičín","CZ0804","Rodinné domy [Kč/m2]","10302","2019-2021","2019-2021","28797"
"Průměrná jednotková kupní cena nemovitosti","7432","Celkem","0","Česko","CZ","Moravskoslezský kraj","CZ080","Nový Jičín","CZ0804","Rodinné domy [Kč/m2]","10302","2022","2022","37506"
"Průměrná jednotková kupní cena nemovitosti","7432","Celkem","0","Česko","CZ","Moravskoslezský kraj","CZ080","Nový Jičín","CZ0804","Rodinné domy [Kč/m2]","10302","2020-2022","2020-2022","32196"
"Průměrná jednotková kupní cena nemovitosti","7432","Celkem","0","Česko","CZ","Moravskoslezský kraj","CZ080","Nový Jičín","CZ0804","Rodinné domy [Kč/m2]","10302","2023","2023","39579"
"Průměrná jednotková kupní cena nemovitosti","7432","Celkem","0","Česko","CZ","Moravskoslezský kraj","CZ080","Nový Jičín","CZ0804","Rodinné domy [Kč/m2]","10302","2021-2023","2021-2023","36402"
"Průměrná jednotková kupní cena nemovitosti","7432","Celkem","0","Česko","CZ","Moravskoslezský kraj","CZ080","Nový Jičín","CZ0804","Rodinné domy [Kč/m2]","10302","2024","2024","39319"
"Průměrná jednotková kupní cena nemovitosti","7432","Celkem","0","Česko","CZ","Moravskoslezský kraj","CZ080","Nový Jičín","CZ0804","Rodinné domy [Kč/m2]","10302","2022-2024","2022-2024","38734"
"Průměrná jednotková kupní cena nemovitosti","7432","Celkem","0","Česko","CZ","Moravskoslezský kraj","CZ080","Nový Jičín","CZ0804","Rodinné domy [Kč/m2]","10302","2025","2025","43210"
"Průměrná jednotková kupní cena nemovitosti","7432","Celkem","0","Česko","CZ","Moravskoslezský kraj","CZ080","Nový Jičín","CZ0804","Byty [Kč/m2]","10602","2019","2019","21174"
"Průměrná jednotková kupní cena nemovitosti","7432","Celkem","0","Česko","CZ","Moravskoslezský kraj","CZ080","Nový Jičín","CZ0804","Byty [Kč/m2]","10602","2020","2020","25211"
"Průměrná jednotková kupní cena nemovitosti","7432","Celkem","0","Česko","CZ","Moravskoslezský kraj","CZ080","Nový Jičín","CZ0804","Byty [Kč/m2]","10602","2021","2021","32379"
"Průměrná jednotková kupní cena nemovitosti","7432","Celkem","0","Česko","CZ","Moravskoslezský kraj","CZ080","Nový Jičín","CZ0804","Byty [Kč/m2]","10602","2019-2021","2019-2021","26519"
"Průměrná jednotková kupní cena nemovitosti","7432","Celkem","0","Česko","CZ","Moravskoslezský kraj","CZ080","Nový Jičín","CZ0804","Byty [Kč/m2]","10602","2022","2022","41319"
"Průměrná jednotková kupní cena nemovitosti","7432","Celkem","0","Česko","CZ","Moravskoslezský kraj","CZ080","Nový Jičín","CZ0804","Byty [Kč/m2]","10602","2020-2022","2020-2022","32619"
"Průměrná jednotková kupní cena nemovitosti","7432","Celkem","0","Česko","CZ","Moravskoslezský kraj","CZ080","Nový Jičín","CZ0804","Byty [Kč/m2]","10602","2023","2023","38201"
"Průměrná jednotková kupní cena nemovitosti","7432","Celkem","0","Česko","CZ","Moravskoslezský kraj","CZ080","Nový Jičín","CZ0804","Byty [Kč/m2]","10602","2021-2023","2021-2023","36891"
"Průměrná jednotková kupní cena nemovitosti","7432","Celkem","0","Česko","CZ","Moravskoslezský kraj","CZ080","Nový Jičín","CZ0804","Byty [Kč/m2]","10602","2024","2024","40384"
"Průměrná jednotková kupní cena nemovitosti","7432","Celkem","0","Česko","CZ","Moravskoslezský kraj","CZ080","Nový Jičín","CZ0804","Byty [Kč/m2]","10602","2022-2024","2022-2024","40024"
"Průměrná jednotková kupní cena nemovitosti","7432","Celkem","0","Česko","CZ","Moravskoslezský kraj","CZ080","Nový Jičín","CZ0804","Byty [Kč/m2]","10602","2025","2025","46662"
"Průměrná jednotková kupní cena nemovitosti","7432","Celkem","0","Česko","CZ","Moravskoslezský kraj","CZ080","Opava","CZ0805","Rodinné domy [Kč/m2]","10302","2019","2019","27186"
"Průměrná jednotková kupní cena nemovitosti","7432","Celkem","0","Česko","CZ","Moravskoslezský kraj","CZ080","Opava","CZ0805","Rodinné domy [Kč/m2]","10302","2020","2020","30572"
"Průměrná jednotková kupní cena nemovitosti","7432","Celkem","0","Česko","CZ","Moravskoslezský kraj","CZ080","Opava","CZ0805","Rodinné domy [Kč/m2]","10302","2021","2021","34350"
"Průměrná jednotková kupní cena nemovitosti","7432","Celkem","0","Česko","CZ","Moravskoslezský kraj","CZ080","Opava","CZ0805","Rodinné domy [Kč/m2]","10302","2019-2021","2019-2021","30683"
"Průměrná jednotková kupní cena nemovitosti","7432","Celkem","0","Česko","CZ","Moravskoslezský kraj","CZ080","Opava","CZ0805","Rodinné domy [Kč/m2]","10302","2022","2022","40495"
"Průměrná jednotková kupní cena nemovitosti","7432","Celkem","0","Česko","CZ","Moravskoslezský kraj","CZ080","Opava","CZ0805","Rodinné domy [Kč/m2]","10302","2020-2022","2020-2022","34426"
"Průměrná jednotková kupní cena nemovitosti","7432","Celkem","0","Česko","CZ","Moravskoslezský kraj","CZ080","Opava","CZ0805","Rodinné domy [Kč/m2]","10302","2023","2023","38791"
"Průměrná jednotková kupní cena nemovitosti","7432","Celkem","0","Česko","CZ","Moravskoslezský kraj","CZ080","Opava","CZ0805","Rodinné domy [Kč/m2]","10302","2021-2023","2021-2023","37336"
"Průměrná jednotková kupní cena nemovitosti","7432","Celkem","0","Česko","CZ","Moravskoslezský kraj","CZ080","Opava","CZ0805","Rodinné domy [Kč/m2]","10302","2024","2024","41072"
"Průměrná jednotková kupní cena nemovitosti","7432","Celkem","0","Česko","CZ","Moravskoslezský kraj","CZ080","Opava","CZ0805","Rodinné domy [Kč/m2]","10302","2022-2024","2022-2024","40212"
"Průměrná jednotková kupní cena nemovitosti","7432","Celkem","0","Česko","CZ","Moravskoslezský kraj","CZ080","Opava","CZ0805","Rodinné domy [Kč/m2]","10302","2025","2025","43120"
"Průměrná jednotková kupní cena nemovitosti","7432","Celkem","0","Česko","CZ","Moravskoslezský kraj","CZ080","Opava","CZ0805","Byty [Kč/m2]","10602","2019","2019","27922"
"Průměrná jednotková kupní cena nemovitosti","7432","Celkem","0","Česko","CZ","Moravskoslezský kraj","CZ080","Opava","CZ0805","Byty [Kč/m2]","10602","2020","2020","29371"
"Průměrná jednotková kupní cena nemovitosti","7432","Celkem","0","Česko","CZ","Moravskoslezský kraj","CZ080","Opava","CZ0805","Byty [Kč/m2]","10602","2021","2021","38343"
"Průměrná jednotková kupní cena nemovitosti","7432","Celkem","0","Česko","CZ","Moravskoslezský kraj","CZ080","Opava","CZ0805","Byty [Kč/m2]","10602","2019-2021","2019-2021","32209"
"Průměrná jednotková kupní cena nemovitosti","7432","Celkem","0","Česko","CZ","Moravskoslezský kraj","CZ080","Opava","CZ0805","Byty [Kč/m2]","10602","2022","2022","46814"
"Průměrná jednotková kupní cena nemovitosti","7432","Celkem","0","Česko","CZ","Moravskoslezský kraj","CZ080","Opava","CZ0805","Byty [Kč/m2]","10602","2020-2022","2020-2022","37604"
"Průměrná jednotková kupní cena nemovitosti","7432","Celkem","0","Česko","CZ","Moravskoslezský kraj","CZ080","Opava","CZ0805","Byty [Kč/m2]","10602","2023","2023","43002"
"Průměrná jednotková kupní cena nemovitosti","7432","Celkem","0","Česko","CZ","Moravskoslezský kraj","CZ080","Opava","CZ0805","Byty [Kč/m2]","10602","2021-2023","2021-2023","42200"
"Průměrná jednotková kupní cena nemovitosti","7432","Celkem","0","Česko","CZ","Moravskoslezský kraj","CZ080","Opava","CZ0805","Byty [Kč/m2]","10602","2024","2024","47874"
"Průměrná jednotková kupní cena nemovitosti","7432","Celkem","0","Česko","CZ","Moravskoslezský kraj","CZ080","Opava","CZ0805","Byty [Kč/m2]","10602","2022-2024","2022-2024","46068"
"Průměrná jednotková kupní cena nemovitosti","7432","Celkem","0","Česko","CZ","Moravskoslezský kraj","CZ080","Opava","CZ0805","Byty [Kč/m2]","10602","2025","2025","54502"
"Průměrná jednotková kupní cena nemovitosti","7432","Celkem","0","Česko","CZ","Moravskoslezský kraj","CZ080","Ostrava-město","CZ0806","Rodinné domy [Kč/m2]","10302","2019","2019","35267"
"Průměrná jednotková kupní cena nemovitosti","7432","Celkem","0","Česko","CZ","Moravskoslezský kraj","CZ080","Ostrava-město","CZ0806","Rodinné domy [Kč/m2]","10302","2020","2020","36098"
"Průměrná jednotková kupní cena nemovitosti","7432","Celkem","0","Česko","CZ","Moravskoslezský kraj","CZ080","Ostrava-město","CZ0806","Rodinné domy [Kč/m2]","10302","2021","2021","42476"
"Průměrná jednotková kupní cena nemovitosti","7432","Celkem","0","Česko","CZ","Moravskoslezský kraj","CZ080","Ostrava-město","CZ0806","Rodinné domy [Kč/m2]","10302","2019-2021","2019-2021","37854"
"Průměrná jednotková kupní cena nemovitosti","7432","Celkem","0","Česko","CZ","Moravskoslezský kraj","CZ080","Ostrava-město","CZ0806","Rodinné domy [Kč/m2]","10302","2022","2022","49908"
"Průměrná jednotková kupní cena nemovitosti","7432","Celkem","0","Česko","CZ","Moravskoslezský kraj","CZ080","Ostrava-město","CZ0806","Rodinné domy [Kč/m2]","10302","2020-2022","2020-2022","41683"
"Průměrná jednotková kupní cena nemovitosti","7432","Celkem","0","Česko","CZ","Moravskoslezský kraj","CZ080","Ostrava-město","CZ0806","Rodinné domy [Kč/m2]","10302","2023","2023","53006"
"Průměrná jednotková kupní cena nemovitosti","7432","Celkem","0","Česko","CZ","Moravskoslezský kraj","CZ080","Ostrava-město","CZ0806","Rodinné domy [Kč/m2]","10302","2021-2023","2021-2023","47733"
"Průměrná jednotková kupní cena nemovitosti","7432","Celkem","0","Česko","CZ","Moravskoslezský kraj","CZ080","Ostrava-město","CZ0806","Rodinné domy [Kč/m2]","10302","2024","2024","56455"
"Průměrná jednotková kupní cena nemovitosti","7432","Celkem","0","Česko","CZ","Moravskoslezský kraj","CZ080","Ostrava-město","CZ0806","Rodinné domy [Kč/m2]","10302","2022-2024","2022-2024","53322"
"Průměrná jednotková kupní cena nemovitosti","7432","Celkem","0","Česko","CZ","Moravskoslezský kraj","CZ080","Ostrava-město","CZ0806","Rodinné domy [Kč/m2]","10302","2025","2025","59204"
"Průměrná jednotková kupní cena nemovitosti","7432","Celkem","0","Česko","CZ","Moravskoslezský kraj","CZ080","Ostrava-město","CZ0806","Byty [Kč/m2]","10602","2019","2019","25219"
"Průměrná jednotková kupní cena nemovitosti","7432","Celkem","0","Česko","CZ","Moravskoslezský kraj","CZ080","Ostrava-město","CZ0806","Byty [Kč/m2]","10602","2020","2020","30095"
"Průměrná jednotková kupní cena nemovitosti","7432","Celkem","0","Česko","CZ","Moravskoslezský kraj","CZ080","Ostrava-město","CZ0806","Byty [Kč/m2]","10602","2021","2021","40201"
"Průměrná jednotková kupní cena nemovitosti","7432","Celkem","0","Česko","CZ","Moravskoslezský kraj","CZ080","Ostrava-město","CZ0806","Byty [Kč/m2]","10602","2019-2021","2019-2021","32700"
"Průměrná jednotková kupní cena nemovitosti","7432","Celkem","0","Česko","CZ","Moravskoslezský kraj","CZ080","Ostrava-město","CZ0806","Byty [Kč/m2]","10602","2022","2022","47973"
"Průměrná jednotková kupní cena nemovitosti","7432","Celkem","0","Česko","CZ","Moravskoslezský kraj","CZ080","Ostrava-město","CZ0806","Byty [Kč/m2]","10602","2020-2022","2020-2022","39119"
"Průměrná jednotková kupní cena nemovitosti","7432","Celkem","0","Česko","CZ","Moravskoslezský kraj","CZ080","Ostrava-město","CZ0806","Byty [Kč/m2]","10602","2023","2023","42813"
"Průměrná jednotková kupní cena nemovitosti","7432","Celkem","0","Česko","CZ","Moravskoslezský kraj","CZ080","Ostrava-město","CZ0806","Byty [Kč/m2]","10602","2021-2023","2021-2023","43486"
"Průměrná jednotková kupní cena nemovitosti","7432","Celkem","0","Česko","CZ","Moravskoslezský kraj","CZ080","Ostrava-město","CZ0806","Byty [Kč/m2]","10602","2024","2024","49373"
"Průměrná jednotková kupní cena nemovitosti","7432","Celkem","0","Česko","CZ","Moravskoslezský kraj","CZ080","Ostrava-město","CZ0806","Byty [Kč/m2]","10602","2022-2024","2022-2024","47059"
"Průměrná jednotková kupní cena nemovitosti","7432","Celkem","0","Česko","CZ","Moravskoslezský kraj","CZ080","Ostrava-město","CZ0806","Byty [Kč/m2]","10602","2025","2025","60498"
"Průměrná jednotková kupní cena nemovitosti","7432","do 1 999 obyv.","399999632000000","Česko","CZ","","","","","Rodinné domy [Kč/m2]","10302","2019-2021","2019-2021","32414"
"Průměrná jednotková kupní cena nemovitosti","7432","do 1 999 obyv.","399999632000000","Česko","CZ","","","","","Rodinné domy [Kč/m2]","10302","2020-2022","2020-2022","36400"
"Průměrná jednotková kupní cena nemovitosti","7432","do 1 999 obyv.","399999632000000","Česko","CZ","","","","","Rodinné domy [Kč/m2]","10302","2021-2023","2021-2023","40101"
"Průměrná jednotková kupní cena nemovitosti","7432","do 1 999 obyv.","399999632000000","Česko","CZ","","","","","Rodinné domy [Kč/m2]","10302","2022-2024","2022-2024","43282"
"Průměrná jednotková kupní cena nemovitosti","7432","do 1 999 obyv.","399999632000000","Česko","CZ","","","","","Byty [Kč/m2]","10602","2019-2021","2019-2021","23378"
"Průměrná jednotková kupní cena nemovitosti","7432","do 1 999 obyv.","399999632000000","Česko","CZ","","","","","Byty [Kč/m2]","10602","2020-2022","2020-2022","28244"
"Průměrná jednotková kupní cena nemovitosti","7432","do 1 999 obyv.","399999632000000","Česko","CZ","","","","","Byty [Kč/m2]","10602","2021-2023","2021-2023","31799"
"Průměrná jednotková kupní cena nemovitosti","7432","do 1 999 obyv.","399999632000000","Česko","CZ","","","","","Byty [Kč/m2]","10602","2022-2024","2022-2024","35132"
"Průměrná jednotková kupní cena nemovitosti","7432","do 1 999 obyv.","399999632000000","Česko","CZ","Středočeský kraj","CZ020","","","Rodinné domy [Kč/m2]","10302","2019","2019","39368"
"Průměrná jednotková kupní cena nemovitosti","7432","do 1 999 obyv.","399999632000000","Česko","CZ","Středočeský kraj","CZ020","","","Rodinné domy [Kč/m2]","10302","2020","2020","43067"
"Průměrná jednotková kupní cena nemovitosti","7432","do 1 999 obyv.","399999632000000","Česko","CZ","Středočeský kraj","CZ020","","","Rodinné domy [Kč/m2]","10302","2021","2021","53661"
"Průměrná jednotková kupní cena nemovitosti","7432","do 1 999 obyv.","399999632000000","Česko","CZ","Středočeský kraj","CZ020","","","Rodinné domy [Kč/m2]","10302","2019-2021","2019-2021","45128"
"Průměrná jednotková kupní cena nemovitosti","7432","do 1 999 obyv.","399999632000000","Česko","CZ","Středočeský kraj","CZ020","","","Rodinné domy [Kč/m2]","10302","2022","2022","59063"
"Průměrná jednotková kupní cena nemovitosti","7432","do 1 999 obyv.","399999632000000","Česko","CZ","Středočeský kraj","CZ020","","","Rodinné domy [Kč/m2]","10302","2020-2022","2020-2022","50940"
"Průměrná jednotková kupní cena nemovitosti","7432","do 1 999 obyv.","399999632000000","Česko","CZ","Středočeský kraj","CZ020","","","Rodinné domy [Kč/m2]","10302","2023","2023","57259"
"Průměrná jednotková kupní cena nemovitosti","7432","do 1 999 obyv.","399999632000000","Česko","CZ","Středočeský kraj","CZ020","","","Rodinné domy [Kč/m2]","10302","2021-2023","2021-2023","56155"
"Průměrná jednotková kupní cena nemovitosti","7432","do 1 999 obyv.","399999632000000","Česko","CZ","Středočeský kraj","CZ020","","","Rodinné domy [Kč/m2]","10302","2024","2024","64039"
"Průměrná jednotková kupní cena nemovitosti","7432","do 1 999 obyv.","399999632000000","Česko","CZ","Středočeský kraj","CZ020","","","Rodinné domy [Kč/m2]","10302","2022-2024","2022-2024","60557"
"Průměrná jednotková kupní cena nemovitosti","7432","do 1 999 obyv.","399999632000000","Česko","CZ","Středočeský kraj","CZ020","","","Rodinné domy [Kč/m2]","10302","2025","2025","66039"
"Průměrná jednotková kupní cena nemovitosti","7432","do 1 999 obyv.","399999632000000","Česko","CZ","Středočeský kraj","CZ020","","","Byty [Kč/m2]","10602","2019","2019","21864"
"Průměrná jednotková kupní cena nemovitosti","7432","do 1 999 obyv.","399999632000000","Česko","CZ","Středočeský kraj","CZ020","","","Byty [Kč/m2]","10602","2020","2020","26809"
"Průměrná jednotková kupní cena nemovitosti","7432","do 1 999 obyv.","399999632000000","Česko","CZ","Středočeský kraj","CZ020","","","Byty [Kč/m2]","10602","2021","2021","31724"
"Průměrná jednotková kupní cena nemovitosti","7432","do 1 999 obyv.","399999632000000","Česko","CZ","Středočeský kraj","CZ020","","","Byty [Kč/m2]","10602","2019-2021","2019-2021","26771"
"Průměrná jednotková kupní cena nemovitosti","7432","do 1 999 obyv.","399999632000000","Česko","CZ","Středočeský kraj","CZ020","","","Byty [Kč/m2]","10602","2022","2022","41365"
"Průměrná jednotková kupní cena nemovitosti","7432","do 1 999 obyv.","399999632000000","Česko","CZ","Středočeský kraj","CZ020","","","Byty [Kč/m2]","10602","2020-2022","2020-2022","32733"
"Průměrná jednotková kupní cena nemovitosti","7432","do 1 999 obyv.","399999632000000","Česko","CZ","Středočeský kraj","CZ020","","","Byty [Kč/m2]","10602","2023","2023","37820"
"Průměrná jednotková kupní cena nemovitosti","7432","do 1 999 obyv.","399999632000000","Česko","CZ","Středočeský kraj","CZ020","","","Byty [Kč/m2]","10602","2021-2023","2021-2023","36679"
"Průměrná jednotková kupní cena nemovitosti","7432","do 1 999 obyv.","399999632000000","Česko","CZ","Středočeský kraj","CZ020","","","Byty [Kč/m2]","10602","2024","2024","41951"
"Průměrná jednotková kupní cena nemovitosti","7432","do 1 999 obyv.","399999632000000","Česko","CZ","Středočeský kraj","CZ020","","","Byty [Kč/m2]","10602","2022-2024","2022-2024","40735"
"Průměrná jednotková kupní cena nemovitosti","7432","do 1 999 obyv.","399999632000000","Česko","CZ","Středočeský kraj","CZ020","","","Byty [Kč/m2]","10602","2025","2025","47972"
"Průměrná jednotková kupní cena nemovitosti","7432","do 1 999 obyv.","399999632000000","Česko","CZ","Jihočeský kraj","CZ031","","","Rodinné domy [Kč/m2]","10302","2019","2019","27093"
"Průměrná jednotková kupní cena nemovitosti","7432","do 1 999 obyv.","399999632000000","Česko","CZ","Jihočeský kraj","CZ031","","","Rodinné domy [Kč/m2]","10302","2020","2020","30562"
"Průměrná jednotková kupní cena nemovitosti","7432","do 1 999 obyv.","399999632000000","Česko","CZ","Jihočeský kraj","CZ031","","","Rodinné domy [Kč/m2]","10302","2021","2021","36349"
"Průměrná jednotková kupní cena nemovitosti","7432","do 1 999 obyv.","399999632000000","Česko","CZ","Jihočeský kraj","CZ031","","","Rodinné domy [Kč/m2]","10302","2019-2021","2019-2021","31399"
"Průměrná jednotková kupní cena nemovitosti","7432","do 1 999 obyv.","399999632000000","Česko","CZ","Jihočeský kraj","CZ031","","","Rodinné domy [Kč/m2]","10302","2022","2022","43554"
"Průměrná jednotková kupní cena nemovitosti","7432","do 1 999 obyv.","399999632000000","Česko","CZ","Jihočeský kraj","CZ031","","","Rodinné domy [Kč/m2]","10302","2020-2022","2020-2022","35619"
"Průměrná jednotková kupní cena nemovitosti","7432","do 1 999 obyv.","399999632000000","Česko","CZ","Jihočeský kraj","CZ031","","","Rodinné domy [Kč/m2]","10302","2023","2023","40793"
"Průměrná jednotková kupní cena nemovitosti","7432","do 1 999 obyv.","399999632000000","Česko","CZ","Jihočeský kraj","CZ031","","","Rodinné domy [Kč/m2]","10302","2021-2023","2021-2023","39463"
"Průměrná jednotková kupní cena nemovitosti","7432","do 1 999 obyv.","399999632000000","Česko","CZ","Jihočeský kraj","CZ031","","","Rodinné domy [Kč/m2]","10302","2024","2024","45350"
"Průměrná jednotková kupní cena nemovitosti","7432","do 1 999 obyv.","399999632000000","Česko","CZ","Jihočeský kraj","CZ031","","","Rodinné domy [Kč/m2]","10302","2022-2024","2022-2024","43393"
"Průměrná jednotková kupní cena nemovitosti","7432","do 1 999 obyv.","399999632000000","Česko","CZ","Jihočeský kraj","CZ031","","","Rodinné domy [Kč/m2]","10302","2025","2025","47705"
"Průměrná jednotková kupní cena nemovitosti","7432","do 1 999 obyv.","399999632000000","Česko","CZ","Jihočeský kraj","CZ031","","","Byty [Kč/m2]","10602","2019","2019","16761"
"Průměrná jednotková kupní cena nemovitosti","7432","do 1 999 obyv.","399999632000000","Česko","CZ","Jihočeský kraj","CZ031","","","Byty [Kč/m2]","10602","2020","2020","20259"
"Průměrná jednotková kupní cena nemovitosti","7432","do 1 999 obyv.","399999632000000","Česko","CZ","Jihočeský kraj","CZ031","","","Byty [Kč/m2]","10602","2021","2021","26967"
"Průměrná jednotková kupní cena nemovitosti","7432","do 1 999 obyv.","399999632000000","Česko","CZ","Jihočeský kraj","CZ031","","","Byty [Kč/m2]","10602","2019-2021","2019-2021","22006"
"Průměrná jednotková kupní cena nemovitosti","7432","do 1 999 obyv.","399999632000000","Česko","CZ","Jihočeský kraj","CZ031","","","Byty [Kč/m2]","10602","2022","2022","32867"
"Průměrná jednotková kupní cena nemovitosti","7432","do 1 999 obyv.","399999632000000","Česko","CZ","Jihočeský kraj","CZ031","","","Byty [Kč/m2]","10602","2020-2022","2020-2022","26626"
"Průměrná jednotková kupní cena nemovitosti","7432","do 1 999 obyv.","399999632000000","Česko","CZ","Jihočeský kraj","CZ031","","","Byty [Kč/m2]","10602","2023","2023","32837"
"Průměrná jednotková kupní cena nemovitosti","7432","do 1 999 obyv.","399999632000000","Česko","CZ","Jihočeský kraj","CZ031","","","Byty [Kč/m2]","10602","2021-2023","2021-2023","30236"
"Průměrná jednotková kupní cena nemovitosti","7432","do 1 999 obyv.","399999632000000","Česko","CZ","Jihočeský kraj","CZ031","","","Byty [Kč/m2]","10602","2024","2024","33765"
"Průměrná jednotková kupní cena nemovitosti","7432","do 1 999 obyv.","399999632000000","Česko","CZ","Jihočeský kraj","CZ031","","","Byty [Kč/m2]","10602","2022-2024","2022-2024","33229"
"Průměrná jednotková kupní cena nemovitosti","7432","do 1 999 obyv.","399999632000000","Česko","CZ","Jihočeský kraj","CZ031","","","Byty [Kč/m2]","10602","2025","2025","40426"
"Průměrná jednotková kupní cena nemovitosti","7432","do 1 999 obyv.","399999632000000","Česko","CZ","Plzeňský kraj","CZ032","","","Rodinné domy [Kč/m2]","10302","2019","2019","25114"
"Průměrná jednotková kupní cena nemovitosti","7432","do 1 999 obyv.","399999632000000","Česko","CZ","Plzeňský kraj","CZ032","","","Rodinné domy [Kč/m2]","10302","2020","2020","27023"
"Průměrná jednotková kupní cena nemovitosti","7432","do 1 999 obyv.","399999632000000","Česko","CZ","Plzeňský kraj","CZ032","","","Rodinné domy [Kč/m2]","10302","2021","2021","35171"
"Průměrná jednotková kupní cena nemovitosti","7432","do 1 999 obyv.","399999632000000","Česko","CZ","Plzeňský kraj","CZ032","","","Rodinné domy [Kč/m2]","10302","2019-2021","2019-2021","29433"
"Průměrná jednotková kupní cena nemovitosti","7432","do 1 999 obyv.","399999632000000","Česko","CZ","Plzeňský kraj","CZ032","","","Rodinné domy [Kč/m2]","10302","2022","2022","38110"
"Průměrná jednotková kupní cena nemovitosti","7432","do 1 999 obyv.","399999632000000","Česko","CZ","Plzeňský kraj","CZ032","","","Rodinné domy [Kč/m2]","10302","2020-2022","2020-2022","32968"
"Průměrná jednotková kupní cena nemovitosti","7432","do 1 999 obyv.","399999632000000","Česko","CZ","Plzeňský kraj","CZ032","","","Rodinné domy [Kč/m2]","10302","2023","2023","40283"
"Průměrná jednotková kupní cena nemovitosti","7432","do 1 999 obyv.","399999632000000","Česko","CZ","Plzeňský kraj","CZ032","","","Rodinné domy [Kč/m2]","10302","2021-2023","2021-2023","37468"
"Průměrná jednotková kupní cena nemovitosti","7432","do 1 999 obyv.","399999632000000","Česko","CZ","Plzeňský kraj","CZ032","","","Rodinné domy [Kč/m2]","10302","2024","2024","39173"
"Průměrná jednotková kupní cena nemovitosti","7432","do 1 999 obyv.","399999632000000","Česko","CZ","Plzeňský kraj","CZ032","","","Rodinné domy [Kč/m2]","10302","2022-2024","2022-2024","39182"
"Průměrná jednotková kupní cena nemovitosti","7432","do 1 999 obyv.","399999632000000","Česko","CZ","Plzeňský kraj","CZ032","","","Rodinné domy [Kč/m2]","10302","2025","2025","45059"
"Průměrná jednotková kupní cena nemovitosti","7432","do 1 999 obyv.","399999632000000","Česko","CZ","Plzeňský kraj","CZ032","","","Byty [Kč/m2]","10602","2019","2019","18326"
"Průměrná jednotková kupní cena nemovitosti","7432","do 1 999 obyv.","399999632000000","Česko","CZ","Plzeňský kraj","CZ032","","","Byty [Kč/m2]","10602","2020","2020","21360"
"Průměrná jednotková kupní cena nemovitosti","7432","do 1 999 obyv.","399999632000000","Česko","CZ","Plzeňský kraj","CZ032","","","Byty [Kč/m2]","10602","2021","2021","28388"
"Průměrná jednotková kupní cena nemovitosti","7432","do 1 999 obyv.","399999632000000","Česko","CZ","Plzeňský kraj","CZ032","","","Byty [Kč/m2]","10602","2019-2021","2019-2021","23006"
"Průměrná jednotková kupní cena nemovitosti","7432","do 1 999 obyv.","399999632000000","Česko","CZ","Plzeňský kraj","CZ032","","","Byty [Kč/m2]","10602","2022","2022","34688"
"Průměrná jednotková kupní cena nemovitosti","7432","do 1 999 obyv.","399999632000000","Česko","CZ","Plzeňský kraj","CZ032","","","Byty [Kč/m2]","10602","2020-2022","2020-2022","28463"
"Průměrná jednotková kupní cena nemovitosti","7432","do 1 999 obyv.","399999632000000","Česko","CZ","Plzeňský kraj","CZ032","","","Byty [Kč/m2]","10602","2023","2023","32437"
"Průměrná jednotková kupní cena nemovitosti","7432","do 1 999 obyv.","399999632000000","Česko","CZ","Plzeňský kraj","CZ032","","","Byty [Kč/m2]","10602","2021-2023","2021-2023","31706"
"Průměrná jednotková kupní cena nemovitosti","7432","do 1 999 obyv.","399999632000000","Česko","CZ","Plzeňský kraj","CZ032","","","Byty [Kč/m2]","10602","2024","2024","36354"
"Průměrná jednotková kupní cena nemovitosti","7432","do 1 999 obyv.","399999632000000","Česko","CZ","Plzeňský kraj","CZ032","","","Byty [Kč/m2]","10602","2022-2024","2022-2024","34695"
"Průměrná jednotková kupní cena nemovitosti","7432","do 1 999 obyv.","399999632000000","Česko","CZ","Plzeňský kraj","CZ032","","","Byty [Kč/m2]","10602","2025","2025","42498"
"Průměrná jednotková kupní cena nemovitosti","7432","do 1 999 obyv.","399999632000000","Česko","CZ","Karlovarský kraj","CZ041","","","Rodinné domy [Kč/m2]","10302","2019","2019","23317"
"Průměrná jednotková kupní cena nemovitosti","7432","do 1 999 obyv.","399999632000000","Česko","CZ","Karlovarský kraj","CZ041","","","Rodinné domy [Kč/m2]","10302","2020","2020","28809"
"Průměrná jednotková kupní cena nemovitosti","7432","do 1 999 obyv.","399999632000000","Česko","CZ","Karlovarský kraj","CZ041","","","Rodinné domy [Kč/m2]","10302","2021","2021","32665"
"Průměrná jednotková kupní cena nemovitosti","7432","do 1 999 obyv.","399999632000000","Česko","CZ","Karlovarský kraj","CZ041","","","Rodinné domy [Kč/m2]","10302","2019-2021","2019-2021","28434"
"Průměrná jednotková kupní cena nemovitosti","7432","do 1 999 obyv.","399999632000000","Česko","CZ","Karlovarský kraj","CZ041","","","Rodinné domy [Kč/m2]","10302","2022","2022","39136"
"Průměrná jednotková kupní cena nemovitosti","7432","do 1 999 obyv.","399999632000000","Česko","CZ","Karlovarský kraj","CZ041","","","Rodinné domy [Kč/m2]","10302","2020-2022","2020-2022","32832"
"Průměrná jednotková kupní cena nemovitosti","7432","do 1 999 obyv.","399999632000000","Česko","CZ","Karlovarský kraj","CZ041","","","Rodinné domy [Kč/m2]","10302","2023","2023","35520"
"Průměrná jednotková kupní cena nemovitosti","7432","do 1 999 obyv.","399999632000000","Česko","CZ","Karlovarský kraj","CZ041","","","Rodinné domy [Kč/m2]","10302","2021-2023","2021-2023","35381"
"Průměrná jednotková kupní cena nemovitosti","7432","do 1 999 obyv.","399999632000000","Česko","CZ","Karlovarský kraj","CZ041","","","Rodinné domy [Kč/m2]","10302","2024","2024","37989"
"Průměrná jednotková kupní cena nemovitosti","7432","do 1 999 obyv.","399999632000000","Česko","CZ","Karlovarský kraj","CZ041","","","Rodinné domy [Kč/m2]","10302","2022-2024","2022-2024","37655"
"Průměrná jednotková kupní cena nemovitosti","7432","do 1 999 obyv.","399999632000000","Česko","CZ","Karlovarský kraj","CZ041","","","Rodinné domy [Kč/m2]","10302","2025","2025","42869"
"Průměrná jednotková kupní cena nemovitosti","7432","do 1 999 obyv.","399999632000000","Česko","CZ","Karlovarský kraj","CZ041","","","Byty [Kč/m2]","10602","2019","2019","16130"
"Průměrná jednotková kupní cena nemovitosti","7432","do 1 999 obyv.","399999632000000","Česko","CZ","Karlovarský kraj","CZ041","","","Byty [Kč/m2]","10602","2020","2020","16619"
"Průměrná jednotková kupní cena nemovitosti","7432","do 1 999 obyv.","399999632000000","Česko","CZ","Karlovarský kraj","CZ041","","","Byty [Kč/m2]","10602","2021","2021","24350"
"Průměrná jednotková kupní cena nemovitosti","7432","do 1 999 obyv.","399999632000000","Česko","CZ","Karlovarský kraj","CZ041","","","Byty [Kč/m2]","10602","2019-2021","2019-2021","19543"
"Průměrná jednotková kupní cena nemovitosti","7432","do 1 999 obyv.","399999632000000","Česko","CZ","Karlovarský kraj","CZ041","","","Byty [Kč/m2]","10602","2022","2022","27188"
"Průměrná jednotková kupní cena nemovitosti","7432","do 1 999 obyv.","399999632000000","Česko","CZ","Karlovarský kraj","CZ041","","","Byty [Kč/m2]","10602","2020-2022","2020-2022","22620"
"Průměrná jednotková kupní cena nemovitosti","7432","do 1 999 obyv.","399999632000000","Česko","CZ","Karlovarský kraj","CZ041","","","Byty [Kč/m2]","10602","2023","2023","27334"
"Průměrná jednotková kupní cena nemovitosti","7432","do 1 999 obyv.","399999632000000","Česko","CZ","Karlovarský kraj","CZ041","","","Byty [Kč/m2]","10602","2021-2023","2021-2023","26056"
"Průměrná jednotková kupní cena nemovitosti","7432","do 1 999 obyv.","399999632000000","Česko","CZ","Karlovarský kraj","CZ041","","","Byty [Kč/m2]","10602","2024","2024","27648"
"Průměrná jednotková kupní cena nemovitosti","7432","do 1 999 obyv.","399999632000000","Česko","CZ","Karlovarský kraj","CZ041","","","Byty [Kč/m2]","10602","2022-2024","2022-2024","27398"
"Průměrná jednotková kupní cena nemovitosti","7432","do 1 999 obyv.","399999632000000","Česko","CZ","Karlovarský kraj","CZ041","","","Byty [Kč/m2]","10602","2025","2025","34149"
"Průměrná jednotková kupní cena nemovitosti","7432","do 1 999 obyv.","399999632000000","Česko","CZ","Ústecký kraj","CZ042","","","Rodinné domy [Kč/m2]","10302","2019","2019","22494"
"Průměrná jednotková kupní cena nemovitosti","7432","do 1 999 obyv.","399999632000000","Česko","CZ","Ústecký kraj","CZ042","","","Rodinné domy [Kč/m2]","10302","2020","2020","26091"
"Průměrná jednotková kupní cena nemovitosti","7432","do 1 999 obyv.","399999632000000","Česko","CZ","Ústecký kraj","CZ042","","","Rodinné domy [Kč/m2]","10302","2021","2021","30145"
"Průměrná jednotková kupní cena nemovitosti","7432","do 1 999 obyv.","399999632000000","Česko","CZ","Ústecký kraj","CZ042","","","Rodinné domy [Kč/m2]","10302","2019-2021","2019-2021","26520"
"Průměrná jednotková kupní cena nemovitosti","7432","do 1 999 obyv.","399999632000000","Česko","CZ","Ústecký kraj","CZ042","","","Rodinné domy [Kč/m2]","10302","2022","2022","38073"
"Průměrná jednotková kupní cena nemovitosti","7432","do 1 999 obyv.","399999632000000","Česko","CZ","Ústecký kraj","CZ042","","","Rodinné domy [Kč/m2]","10302","2020-2022","2020-2022","30794"
"Průměrná jednotková kupní cena nemovitosti","7432","do 1 999 obyv.","399999632000000","Česko","CZ","Ústecký kraj","CZ042","","","Rodinné domy [Kč/m2]","10302","2023","2023","36829"
"Průměrná jednotková kupní cena nemovitosti","7432","do 1 999 obyv.","399999632000000","Česko","CZ","Ústecký kraj","CZ042","","","Rodinné domy [Kč/m2]","10302","2021-2023","2021-2023","34391"
"Průměrná jednotková kupní cena nemovitosti","7432","do 1 999 obyv.","399999632000000","Česko","CZ","Ústecký kraj","CZ042","","","Rodinné domy [Kč/m2]","10302","2024","2024","40069"
"Průměrná jednotková kupní cena nemovitosti","7432","do 1 999 obyv.","399999632000000","Česko","CZ","Ústecký kraj","CZ042","","","Rodinné domy [Kč/m2]","10302","2022-2024","2022-2024","38495"
"Průměrná jednotková kupní cena nemovitosti","7432","do 1 999 obyv.","399999632000000","Česko","CZ","Ústecký kraj","CZ042","","","Rodinné domy [Kč/m2]","10302","2025","2025","43238"
"Průměrná jednotková kupní cena nemovitosti","7432","do 1 999 obyv.","399999632000000","Česko","CZ","Ústecký kraj","CZ042","","","Byty [Kč/m2]","10602","2019","2019","14475"
"Průměrná jednotková kupní cena nemovitosti","7432","do 1 999 obyv.","399999632000000","Česko","CZ","Ústecký kraj","CZ042","","","Byty [Kč/m2]","10602","2020","2020","19127"
"Průměrná jednotková kupní cena nemovitosti","7432","do 1 999 obyv.","399999632000000","Česko","CZ","Ústecký kraj","CZ042","","","Byty [Kč/m2]","10602","2021","2021","25350"
"Průměrná jednotková kupní cena nemovitosti","7432","do 1 999 obyv.","399999632000000","Česko","CZ","Ústecký kraj","CZ042","","","Byty [Kč/m2]","10602","2019-2021","2019-2021","20512"
"Průměrná jednotková kupní cena nemovitosti","7432","do 1 999 obyv.","399999632000000","Česko","CZ","Ústecký kraj","CZ042","","","Byty [Kč/m2]","10602","2022","2022","31179"
"Průměrná jednotková kupní cena nemovitosti","7432","do 1 999 obyv.","399999632000000","Česko","CZ","Ústecký kraj","CZ042","","","Byty [Kč/m2]","10602","2020-2022","2020-2022","25710"
"Průměrná jednotková kupní cena nemovitosti","7432","do 1 999 obyv.","399999632000000","Česko","CZ","Ústecký kraj","CZ042","","","Byty [Kč/m2]","10602","2023","2023","30416"
"Průměrná jednotková kupní cena nemovitosti","7432","do 1 999 obyv.","399999632000000","Česko","CZ","Ústecký kraj","CZ042","","","Byty [Kč/m2]","10602","2021-2023","2021-2023","28777"
"Průměrná jednotková kupní cena nemovitosti","7432","do 1 999 obyv.","399999632000000","Česko","CZ","Ústecký kraj","CZ042","","","Byty [Kč/m2]","10602","2024","2024","29234"
"Průměrná jednotková kupní cena nemovitosti","7432","do 1 999 obyv.","399999632000000","Česko","CZ","Ústecký kraj","CZ042","","","Byty [Kč/m2]","10602","2022-2024","2022-2024","30242"
"Průměrná jednotková kupní cena nemovitosti","7432","do 1 999 obyv.","399999632000000","Česko","CZ","Ústecký kraj","CZ042","","","Byty [Kč/m2]","10602","2025","2025","34857"
"Průměrná jednotková kupní cena nemovitosti","7432","do 1 999 obyv.","399999632000000","Česko","CZ","Liberecký kraj","CZ051","","","Rodinné domy [Kč/m2]","10302","2019","2019","25521"
"Průměrná jednotková kupní cena nemovitosti","7432","do 1 999 obyv.","399999632000000","Česko","CZ","Liberecký kraj","CZ051","","","Rodinné domy [Kč/m2]","10302","2020","2020","28654"
"Průměrná jednotková kupní cena nemovitosti","7432","do 1 999 obyv.","399999632000000","Česko","CZ","Liberecký kraj","CZ051","","","Rodinné domy [Kč/m2]","10302","2021","2021","31498"
"Průměrná jednotková kupní cena nemovitosti","7432","do 1 999 obyv.","399999632000000","Česko","CZ","Liberecký kraj","CZ051","","","Rodinné domy [Kč/m2]","10302","2019-2021","2019-2021","28515"
"Průměrná jednotková kupní cena nemovitosti","7432","do 1 999 obyv.","399999632000000","Česko","CZ","Liberecký kraj","CZ051","","","Rodinné domy [Kč/m2]","10302","2022","2022","41999"
"Průměrná jednotková kupní cena nemovitosti","7432","do 1 999 obyv.","399999632000000","Česko","CZ","Liberecký kraj","CZ051","","","Rodinné domy [Kč/m2]","10302","2020-2022","2020-2022","33296"
"Průměrná jednotková kupní cena nemovitosti","7432","do 1 999 obyv.","399999632000000","Česko","CZ","Liberecký kraj","CZ051","","","Rodinné domy [Kč/m2]","10302","2023","2023","36239"
"Průměrná jednotková kupní cena nemovitosti","7432","do 1 999 obyv.","399999632000000","Česko","CZ","Liberecký kraj","CZ051","","","Rodinné domy [Kč/m2]","10302","2021-2023","2021-2023","36269"
"Průměrná jednotková kupní cena nemovitosti","7432","do 1 999 obyv.","399999632000000","Česko","CZ","Liberecký kraj","CZ051","","","Rodinné domy [Kč/m2]","10302","2024","2024","41655"
"Průměrná jednotková kupní cena nemovitosti","7432","do 1 999 obyv.","399999632000000","Česko","CZ","Liberecký kraj","CZ051","","","Rodinné domy [Kč/m2]","10302","2022-2024","2022-2024","40299"
"Průměrná jednotková kupní cena nemovitosti","7432","do 1 999 obyv.","399999632000000","Česko","CZ","Liberecký kraj","CZ051","","","Rodinné domy [Kč/m2]","10302","2025","2025","44126"
"Průměrná jednotková kupní cena nemovitosti","7432","do 1 999 obyv.","399999632000000","Česko","CZ","Liberecký kraj","CZ051","","","Byty [Kč/m2]","10602","2019","2019","17829"
"Průměrná jednotková kupní cena nemovitosti","7432","do 1 999 obyv.","399999632000000","Česko","CZ","Liberecký kraj","CZ051","","","Byty [Kč/m2]","10602","2020","2020","21053"
"Průměrná jednotková kupní cena nemovitosti","7432","do 1 999 obyv.","399999632000000","Česko","CZ","Liberecký kraj","CZ051","","","Byty [Kč/m2]","10602","2021","2021","29206"
"Průměrná jednotková kupní cena nemovitosti","7432","do 1 999 obyv.","399999632000000","Česko","CZ","Liberecký kraj","CZ051","","","Byty [Kč/m2]","10602","2019-2021","2019-2021","23063"
"Průměrná jednotková kupní cena nemovitosti","7432","do 1 999 obyv.","399999632000000","Česko","CZ","Liberecký kraj","CZ051","","","Byty [Kč/m2]","10602","2022","2022","33458"
"Průměrná jednotková kupní cena nemovitosti","7432","do 1 999 obyv.","399999632000000","Česko","CZ","Liberecký kraj","CZ051","","","Byty [Kč/m2]","10602","2020-2022","2020-2022","26869"
"Průměrná jednotková kupní cena nemovitosti","7432","do 1 999 obyv.","399999632000000","Česko","CZ","Liberecký kraj","CZ051","","","Byty [Kč/m2]","10602","2023","2023","35190"
"Průměrná jednotková kupní cena nemovitosti","7432","do 1 999 obyv.","399999632000000","Česko","CZ","Liberecký kraj","CZ051","","","Byty [Kč/m2]","10602","2021-2023","2021-2023","32378"
"Průměrná jednotková kupní cena nemovitosti","7432","do 1 999 obyv.","399999632000000","Česko","CZ","Liberecký kraj","CZ051","","","Byty [Kč/m2]","10602","2024","2024","33924"
"Průměrná jednotková kupní cena nemovitosti","7432","do 1 999 obyv.","399999632000000","Česko","CZ","Liberecký kraj","CZ051","","","Byty [Kč/m2]","10602","2022-2024","2022-2024","34202"
"Průměrná jednotková kupní cena nemovitosti","7432","do 1 999 obyv.","399999632000000","Česko","CZ","Liberecký kraj","CZ051","","","Byty [Kč/m2]","10602","2025","2025","45036"
"Průměrná jednotková kupní cena nemovitosti","7432","do 1 999 obyv.","399999632000000","Česko","CZ","Královéhradecký kraj","CZ052","","","Rodinné domy [Kč/m2]","10302","2019","2019","27982"
"Průměrná jednotková kupní cena nemovitosti","7432","do 1 999 obyv.","399999632000000","Česko","CZ","Královéhradecký kraj","CZ052","","","Rodinné domy [Kč/m2]","10302","2020","2020","27977"
"Průměrná jednotková kupní cena nemovitosti","7432","do 1 999 obyv.","399999632000000","Česko","CZ","Královéhradecký kraj","CZ052","","","Rodinné domy [Kč/m2]","10302","2021","2021","33594"
"Průměrná jednotková kupní cena nemovitosti","7432","do 1 999 obyv.","399999632000000","Česko","CZ","Královéhradecký kraj","CZ052","","","Rodinné domy [Kč/m2]","10302","2019-2021","2019-2021","29732"
"Průměrná jednotková kupní cena nemovitosti","7432","do 1 999 obyv.","399999632000000","Česko","CZ","Královéhradecký kraj","CZ052","","","Rodinné domy [Kč/m2]","10302","2022","2022","41834"
"Průměrná jednotková kupní cena nemovitosti","7432","do 1 999 obyv.","399999632000000","Česko","CZ","Královéhradecký kraj","CZ052","","","Rodinné domy [Kč/m2]","10302","2020-2022","2020-2022","33667"
"Průměrná jednotková kupní cena nemovitosti","7432","do 1 999 obyv.","399999632000000","Česko","CZ","Královéhradecký kraj","CZ052","","","Rodinné domy [Kč/m2]","10302","2023","2023","41872"
"Průměrná jednotková kupní cena nemovitosti","7432","do 1 999 obyv.","399999632000000","Česko","CZ","Královéhradecký kraj","CZ052","","","Rodinné domy [Kč/m2]","10302","2021-2023","2021-2023","38571"
"Průměrná jednotková kupní cena nemovitosti","7432","do 1 999 obyv.","399999632000000","Česko","CZ","Královéhradecký kraj","CZ052","","","Rodinné domy [Kč/m2]","10302","2024","2024","44837"
"Průměrná jednotková kupní cena nemovitosti","7432","do 1 999 obyv.","399999632000000","Česko","CZ","Královéhradecký kraj","CZ052","","","Rodinné domy [Kč/m2]","10302","2022-2024","2022-2024","43144"
"Průměrná jednotková kupní cena nemovitosti","7432","do 1 999 obyv.","399999632000000","Česko","CZ","Královéhradecký kraj","CZ052","","","Rodinné domy [Kč/m2]","10302","2025","2025","46640"
"Průměrná jednotková kupní cena nemovitosti","7432","do 1 999 obyv.","399999632000000","Česko","CZ","Královéhradecký kraj","CZ052","","","Byty [Kč/m2]","10602","2019","2019","18533"
"Průměrná jednotková kupní cena nemovitosti","7432","do 1 999 obyv.","399999632000000","Česko","CZ","Královéhradecký kraj","CZ052","","","Byty [Kč/m2]","10602","2020","2020","23489"
"Průměrná jednotková kupní cena nemovitosti","7432","do 1 999 obyv.","399999632000000","Česko","CZ","Královéhradecký kraj","CZ052","","","Byty [Kč/m2]","10602","2021","2021","28143"
"Průměrná jednotková kupní cena nemovitosti","7432","do 1 999 obyv.","399999632000000","Česko","CZ","Královéhradecký kraj","CZ052","","","Byty [Kč/m2]","10602","2019-2021","2019-2021","23796"
"Průměrná jednotková kupní cena nemovitosti","7432","do 1 999 obyv.","399999632000000","Česko","CZ","Královéhradecký kraj","CZ052","","","Byty [Kč/m2]","10602","2022","2022","35082"
"Průměrná jednotková kupní cena nemovitosti","7432","do 1 999 obyv.","399999632000000","Česko","CZ","Královéhradecký kraj","CZ052","","","Byty [Kč/m2]","10602","2020-2022","2020-2022","28732"
"Průměrná jednotková kupní cena nemovitosti","7432","do 1 999 obyv.","399999632000000","Česko","CZ","Královéhradecký kraj","CZ052","","","Byty [Kč/m2]","10602","2023","2023","36427"
"Průměrná jednotková kupní cena nemovitosti","7432","do 1 999 obyv.","399999632000000","Česko","CZ","Královéhradecký kraj","CZ052","","","Byty [Kč/m2]","10602","2021-2023","2021-2023","32780"
"Průměrná jednotková kupní cena nemovitosti","7432","do 1 999 obyv.","399999632000000","Česko","CZ","Královéhradecký kraj","CZ052","","","Byty [Kč/m2]","10602","2024","2024","33937"
"Průměrná jednotková kupní cena nemovitosti","7432","do 1 999 obyv.","399999632000000","Česko","CZ","Královéhradecký kraj","CZ052","","","Byty [Kč/m2]","10602","2022-2024","2022-2024","35029"
"Průměrná jednotková kupní cena nemovitosti","7432","do 1 999 obyv.","399999632000000","Česko","CZ","Královéhradecký kraj","CZ052","","","Byty [Kč/m2]","10602","2025","2025","42968"
"Průměrná jednotková kupní cena nemovitosti","7432","do 1 999 obyv.","399999632000000","Česko","CZ","Pardubický kraj","CZ053","","","Rodinné domy [Kč/m2]","10302","2019","2019","28358"
"Průměrná jednotková kupní cena nemovitosti","7432","do 1 999 obyv.","399999632000000","Česko","CZ","Pardubický kraj","CZ053","","","Rodinné domy [Kč/m2]","10302","2020","2020","28329"
"Průměrná jednotková kupní cena nemovitosti","7432","do 1 999 obyv.","399999632000000","Česko","CZ","Pardubický kraj","CZ053","","","Rodinné domy [Kč/m2]","10302","2021","2021","35018"
"Průměrná jednotková kupní cena nemovitosti","7432","do 1 999 obyv.","399999632000000","Česko","CZ","Pardubický kraj","CZ053","","","Rodinné domy [Kč/m2]","10302","2019-2021","2019-2021","30329"
"Průměrná jednotková kupní cena nemovitosti","7432","do 1 999 obyv.","399999632000000","Česko","CZ","Pardubický kraj","CZ053","","","Rodinné domy [Kč/m2]","10302","2022","2022","39150"
"Průměrná jednotková kupní cena nemovitosti","7432","do 1 999 obyv.","399999632000000","Česko","CZ","Pardubický kraj","CZ053","","","Rodinné domy [Kč/m2]","10302","2020-2022","2020-2022","33346"
"Průměrná jednotková kupní cena nemovitosti","7432","do 1 999 obyv.","399999632000000","Česko","CZ","Pardubický kraj","CZ053","","","Rodinné domy [Kč/m2]","10302","2023","2023","36284"
"Průměrná jednotková kupní cena nemovitosti","7432","do 1 999 obyv.","399999632000000","Česko","CZ","Pardubický kraj","CZ053","","","Rodinné domy [Kč/m2]","10302","2021-2023","2021-2023","36598"
"Průměrná jednotková kupní cena nemovitosti","7432","do 1 999 obyv.","399999632000000","Česko","CZ","Pardubický kraj","CZ053","","","Rodinné domy [Kč/m2]","10302","2024","2024","40861"
"Průměrná jednotková kupní cena nemovitosti","7432","do 1 999 obyv.","399999632000000","Česko","CZ","Pardubický kraj","CZ053","","","Rodinné domy [Kč/m2]","10302","2022-2024","2022-2024","38959"
"Průměrná jednotková kupní cena nemovitosti","7432","do 1 999 obyv.","399999632000000","Česko","CZ","Pardubický kraj","CZ053","","","Rodinné domy [Kč/m2]","10302","2025","2025","45438"
"Průměrná jednotková kupní cena nemovitosti","7432","do 1 999 obyv.","399999632000000","Česko","CZ","Pardubický kraj","CZ053","","","Byty [Kč/m2]","10602","2019","2019","18977"
"Průměrná jednotková kupní cena nemovitosti","7432","do 1 999 obyv.","399999632000000","Česko","CZ","Pardubický kraj","CZ053","","","Byty [Kč/m2]","10602","2020","2020","22812"
"Průměrná jednotková kupní cena nemovitosti","7432","do 1 999 obyv.","399999632000000","Česko","CZ","Pardubický kraj","CZ053","","","Byty [Kč/m2]","10602","2021","2021","27453"
"Průměrná jednotková kupní cena nemovitosti","7432","do 1 999 obyv.","399999632000000","Česko","CZ","Pardubický kraj","CZ053","","","Byty [Kč/m2]","10602","2019-2021","2019-2021","23326"
"Průměrná jednotková kupní cena nemovitosti","7432","do 1 999 obyv.","399999632000000","Česko","CZ","Pardubický kraj","CZ053","","","Byty [Kč/m2]","10602","2022","2022","34782"
"Průměrná jednotková kupní cena nemovitosti","7432","do 1 999 obyv.","399999632000000","Česko","CZ","Pardubický kraj","CZ053","","","Byty [Kč/m2]","10602","2020-2022","2020-2022","28111"
"Průměrná jednotková kupní cena nemovitosti","7432","do 1 999 obyv.","399999632000000","Česko","CZ","Pardubický kraj","CZ053","","","Byty [Kč/m2]","10602","2023","2023","34530"
"Průměrná jednotková kupní cena nemovitosti","7432","do 1 999 obyv.","399999632000000","Česko","CZ","Pardubický kraj","CZ053","","","Byty [Kč/m2]","10602","2021-2023","2021-2023","31471"
"Průměrná jednotková kupní cena nemovitosti","7432","do 1 999 obyv.","399999632000000","Česko","CZ","Pardubický kraj","CZ053","","","Byty [Kč/m2]","10602","2024","2024","36761"
"Průměrná jednotková kupní cena nemovitosti","7432","do 1 999 obyv.","399999632000000","Česko","CZ","Pardubický kraj","CZ053","","","Byty [Kč/m2]","10602","2022-2024","2022-2024","35450"
"Průměrná jednotková kupní cena nemovitosti","7432","do 1 999 obyv.","399999632000000","Česko","CZ","Pardubický kraj","CZ053","","","Byty [Kč/m2]","10602","2025","2025","41763"
"Průměrná jednotková kupní cena nemovitosti","7432","do 1 999 obyv.","399999632000000","Česko","CZ","Kraj Vysočina","CZ063","","","Rodinné domy [Kč/m2]","10302","2019","2019","23824"
"Průměrná jednotková kupní cena nemovitosti","7432","do 1 999 obyv.","399999632000000","Česko","CZ","Kraj Vysočina","CZ063","","","Rodinné domy [Kč/m2]","10302","2020","2020","27375"
"Průměrná jednotková kupní cena nemovitosti","7432","do 1 999 obyv.","399999632000000","Česko","CZ","Kraj Vysočina","CZ063","","","Rodinné domy [Kč/m2]","10302","2021","2021","33691"
"Průměrná jednotková kupní cena nemovitosti","7432","do 1 999 obyv.","399999632000000","Česko","CZ","Kraj Vysočina","CZ063","","","Rodinné domy [Kč/m2]","10302","2019-2021","2019-2021","28668"
"Průměrná jednotková kupní cena nemovitosti","7432","do 1 999 obyv.","399999632000000","Česko","CZ","Kraj Vysočina","CZ063","","","Rodinné domy [Kč/m2]","10302","2022","2022","40408"
"Průměrná jednotková kupní cena nemovitosti","7432","do 1 999 obyv.","399999632000000","Česko","CZ","Kraj Vysočina","CZ063","","","Rodinné domy [Kč/m2]","10302","2020-2022","2020-2022","33295"
"Průměrná jednotková kupní cena nemovitosti","7432","do 1 999 obyv.","399999632000000","Česko","CZ","Kraj Vysočina","CZ063","","","Rodinné domy [Kč/m2]","10302","2023","2023","38138"
"Průměrná jednotková kupní cena nemovitosti","7432","do 1 999 obyv.","399999632000000","Česko","CZ","Kraj Vysočina","CZ063","","","Rodinné domy [Kč/m2]","10302","2021-2023","2021-2023","37111"
"Průměrná jednotková kupní cena nemovitosti","7432","do 1 999 obyv.","399999632000000","Česko","CZ","Kraj Vysočina","CZ063","","","Rodinné domy [Kč/m2]","10302","2024","2024","43322"
"Průměrná jednotková kupní cena nemovitosti","7432","do 1 999 obyv.","399999632000000","Česko","CZ","Kraj Vysočina","CZ063","","","Rodinné domy [Kč/m2]","10302","2022-2024","2022-2024","40778"
"Průměrná jednotková kupní cena nemovitosti","7432","do 1 999 obyv.","399999632000000","Česko","CZ","Kraj Vysočina","CZ063","","","Rodinné domy [Kč/m2]","10302","2025","2025","43827"
"Průměrná jednotková kupní cena nemovitosti","7432","do 1 999 obyv.","399999632000000","Česko","CZ","Kraj Vysočina","CZ063","","","Byty [Kč/m2]","10602","2019","2019","17714"
"Průměrná jednotková kupní cena nemovitosti","7432","do 1 999 obyv.","399999632000000","Česko","CZ","Kraj Vysočina","CZ063","","","Byty [Kč/m2]","10602","2020","2020","21834"
"Průměrná jednotková kupní cena nemovitosti","7432","do 1 999 obyv.","399999632000000","Česko","CZ","Kraj Vysočina","CZ063","","","Byty [Kč/m2]","10602","2021","2021","25694"
"Průměrná jednotková kupní cena nemovitosti","7432","do 1 999 obyv.","399999632000000","Česko","CZ","Kraj Vysočina","CZ063","","","Byty [Kč/m2]","10602","2019-2021","2019-2021","21816"
"Průměrná jednotková kupní cena nemovitosti","7432","do 1 999 obyv.","399999632000000","Česko","CZ","Kraj Vysočina","CZ063","","","Byty [Kč/m2]","10602","2022","2022","34488"
"Průměrná jednotková kupní cena nemovitosti","7432","do 1 999 obyv.","399999632000000","Česko","CZ","Kraj Vysočina","CZ063","","","Byty [Kč/m2]","10602","2020-2022","2020-2022","26758"
"Průměrná jednotková kupní cena nemovitosti","7432","do 1 999 obyv.","399999632000000","Česko","CZ","Kraj Vysočina","CZ063","","","Byty [Kč/m2]","10602","2023","2023","34693"
"Průměrná jednotková kupní cena nemovitosti","7432","do 1 999 obyv.","399999632000000","Česko","CZ","Kraj Vysočina","CZ063","","","Byty [Kč/m2]","10602","2021-2023","2021-2023","31190"
"Průměrná jednotková kupní cena nemovitosti","7432","do 1 999 obyv.","399999632000000","Česko","CZ","Kraj Vysočina","CZ063","","","Byty [Kč/m2]","10602","2024","2024","36816"
"Průměrná jednotková kupní cena nemovitosti","7432","do 1 999 obyv.","399999632000000","Česko","CZ","Kraj Vysočina","CZ063","","","Byty [Kč/m2]","10602","2022-2024","2022-2024","35545"
"Průměrná jednotková kupní cena nemovitosti","7432","do 1 999 obyv.","399999632000000","Česko","CZ","Kraj Vysočina","CZ063","","","Byty [Kč/m2]","10602","2025","2025","40748"
"Průměrná jednotková kupní cena nemovitosti","7432","do 1 999 obyv.","399999632000000","Česko","CZ","Jihomoravský kraj","CZ064","","","Rodinné domy [Kč/m2]","10302","2019","2019","28284"
"Průměrná jednotková kupní cena nemovitosti","7432","do 1 999 obyv.","399999632000000","Česko","CZ","Jihomoravský kraj","CZ064","","","Rodinné domy [Kč/m2]","10302","2020","2020","29547"
"Průměrná jednotková kupní cena nemovitosti","7432","do 1 999 obyv.","399999632000000","Česko","CZ","Jihomoravský kraj","CZ064","","","Rodinné domy [Kč/m2]","10302","2021","2021","36728"
"Průměrná jednotková kupní cena nemovitosti","7432","do 1 999 obyv.","399999632000000","Česko","CZ","Jihomoravský kraj","CZ064","","","Rodinné domy [Kč/m2]","10302","2019-2021","2019-2021","31190"
"Průměrná jednotková kupní cena nemovitosti","7432","do 1 999 obyv.","399999632000000","Česko","CZ","Jihomoravský kraj","CZ064","","","Rodinné domy [Kč/m2]","10302","2022","2022","41101"
"Průměrná jednotková kupní cena nemovitosti","7432","do 1 999 obyv.","399999632000000","Česko","CZ","Jihomoravský kraj","CZ064","","","Rodinné domy [Kč/m2]","10302","2020-2022","2020-2022","34976"
"Průměrná jednotková kupní cena nemovitosti","7432","do 1 999 obyv.","399999632000000","Česko","CZ","Jihomoravský kraj","CZ064","","","Rodinné domy [Kč/m2]","10302","2023","2023","41324"
"Průměrná jednotková kupní cena nemovitosti","7432","do 1 999 obyv.","399999632000000","Česko","CZ","Jihomoravský kraj","CZ064","","","Rodinné domy [Kč/m2]","10302","2021-2023","2021-2023","39532"
"Průměrná jednotková kupní cena nemovitosti","7432","do 1 999 obyv.","399999632000000","Česko","CZ","Jihomoravský kraj","CZ064","","","Rodinné domy [Kč/m2]","10302","2024","2024","42969"
"Průměrná jednotková kupní cena nemovitosti","7432","do 1 999 obyv.","399999632000000","Česko","CZ","Jihomoravský kraj","CZ064","","","Rodinné domy [Kč/m2]","10302","2022-2024","2022-2024","41894"
"Průměrná jednotková kupní cena nemovitosti","7432","do 1 999 obyv.","399999632000000","Česko","CZ","Jihomoravský kraj","CZ064","","","Rodinné domy [Kč/m2]","10302","2025","2025","50564"
"Průměrná jednotková kupní cena nemovitosti","7432","do 1 999 obyv.","399999632000000","Česko","CZ","Jihomoravský kraj","CZ064","","","Byty [Kč/m2]","10602","2019","2019","21344"
"Průměrná jednotková kupní cena nemovitosti","7432","do 1 999 obyv.","399999632000000","Česko","CZ","Jihomoravský kraj","CZ064","","","Byty [Kč/m2]","10602","2020","2020","26998"
"Průměrná jednotková kupní cena nemovitosti","7432","do 1 999 obyv.","399999632000000","Česko","CZ","Jihomoravský kraj","CZ064","","","Byty [Kč/m2]","10602","2021","2021","30663"
"Průměrná jednotková kupní cena nemovitosti","7432","do 1 999 obyv.","399999632000000","Česko","CZ","Jihomoravský kraj","CZ064","","","Byty [Kč/m2]","10602","2019-2021","2019-2021","27147"
"Průměrná jednotková kupní cena nemovitosti","7432","do 1 999 obyv.","399999632000000","Česko","CZ","Jihomoravský kraj","CZ064","","","Byty [Kč/m2]","10602","2022","2022","36607"
"Průměrná jednotková kupní cena nemovitosti","7432","do 1 999 obyv.","399999632000000","Česko","CZ","Jihomoravský kraj","CZ064","","","Byty [Kč/m2]","10602","2020-2022","2020-2022","31191"
"Průměrná jednotková kupní cena nemovitosti","7432","do 1 999 obyv.","399999632000000","Česko","CZ","Jihomoravský kraj","CZ064","","","Byty [Kč/m2]","10602","2023","2023","38661"
"Průměrná jednotková kupní cena nemovitosti","7432","do 1 999 obyv.","399999632000000","Česko","CZ","Jihomoravský kraj","CZ064","","","Byty [Kč/m2]","10602","2021-2023","2021-2023","34479"
"Průměrná jednotková kupní cena nemovitosti","7432","do 1 999 obyv.","399999632000000","Česko","CZ","Jihomoravský kraj","CZ064","","","Byty [Kč/m2]","10602","2024","2024","42811"
"Průměrná jednotková kupní cena nemovitosti","7432","do 1 999 obyv.","399999632000000","Česko","CZ","Jihomoravský kraj","CZ064","","","Byty [Kč/m2]","10602","2022-2024","2022-2024","39342"
"Průměrná jednotková kupní cena nemovitosti","7432","do 1 999 obyv.","399999632000000","Česko","CZ","Jihomoravský kraj","CZ064","","","Byty [Kč/m2]","10602","2025","2025","48810"
"Průměrná jednotková kupní cena nemovitosti","7432","do 1 999 obyv.","399999632000000","Česko","CZ","Olomoucký kraj","CZ071","","","Rodinné domy [Kč/m2]","10302","2019","2019","22418"
"Průměrná jednotková kupní cena nemovitosti","7432","do 1 999 obyv.","399999632000000","Česko","CZ","Olomoucký kraj","CZ071","","","Rodinné domy [Kč/m2]","10302","2020","2020","25015"
"Průměrná jednotková kupní cena nemovitosti","7432","do 1 999 obyv.","399999632000000","Česko","CZ","Olomoucký kraj","CZ071","","","Rodinné domy [Kč/m2]","10302","2021","2021","30370"
"Průměrná jednotková kupní cena nemovitosti","7432","do 1 999 obyv.","399999632000000","Česko","CZ","Olomoucký kraj","CZ071","","","Rodinné domy [Kč/m2]","10302","2019-2021","2019-2021","26328"
"Průměrná jednotková kupní cena nemovitosti","7432","do 1 999 obyv.","399999632000000","Česko","CZ","Olomoucký kraj","CZ071","","","Rodinné domy [Kč/m2]","10302","2022","2022","36083"
"Průměrná jednotková kupní cena nemovitosti","7432","do 1 999 obyv.","399999632000000","Česko","CZ","Olomoucký kraj","CZ071","","","Rodinné domy [Kč/m2]","10302","2020-2022","2020-2022","30385"
"Průměrná jednotková kupní cena nemovitosti","7432","do 1 999 obyv.","399999632000000","Česko","CZ","Olomoucký kraj","CZ071","","","Rodinné domy [Kč/m2]","10302","2023","2023","35116"
"Průměrná jednotková kupní cena nemovitosti","7432","do 1 999 obyv.","399999632000000","Česko","CZ","Olomoucký kraj","CZ071","","","Rodinné domy [Kč/m2]","10302","2021-2023","2021-2023","33479"
"Průměrná jednotková kupní cena nemovitosti","7432","do 1 999 obyv.","399999632000000","Česko","CZ","Olomoucký kraj","CZ071","","","Rodinné domy [Kč/m2]","10302","2024","2024","36994"
"Průměrná jednotková kupní cena nemovitosti","7432","do 1 999 obyv.","399999632000000","Česko","CZ","Olomoucký kraj","CZ071","","","Rodinné domy [Kč/m2]","10302","2022-2024","2022-2024","36118"
"Průměrná jednotková kupní cena nemovitosti","7432","do 1 999 obyv.","399999632000000","Česko","CZ","Olomoucký kraj","CZ071","","","Rodinné domy [Kč/m2]","10302","2025","2025","41858"
"Průměrná jednotková kupní cena nemovitosti","7432","do 1 999 obyv.","399999632000000","Česko","CZ","Olomoucký kraj","CZ071","","","Byty [Kč/m2]","10602","2019","2019","17841"
"Průměrná jednotková kupní cena nemovitosti","7432","do 1 999 obyv.","399999632000000","Česko","CZ","Olomoucký kraj","CZ071","","","Byty [Kč/m2]","10602","2020","2020","19519"
"Průměrná jednotková kupní cena nemovitosti","7432","do 1 999 obyv.","399999632000000","Česko","CZ","Olomoucký kraj","CZ071","","","Byty [Kč/m2]","10602","2021","2021","22574"
"Průměrná jednotková kupní cena nemovitosti","7432","do 1 999 obyv.","399999632000000","Česko","CZ","Olomoucký kraj","CZ071","","","Byty [Kč/m2]","10602","2019-2021","2019-2021","20390"
"Průměrná jednotková kupní cena nemovitosti","7432","do 1 999 obyv.","399999632000000","Česko","CZ","Olomoucký kraj","CZ071","","","Byty [Kč/m2]","10602","2022","2022","31382"
"Průměrná jednotková kupní cena nemovitosti","7432","do 1 999 obyv.","399999632000000","Česko","CZ","Olomoucký kraj","CZ071","","","Byty [Kč/m2]","10602","2020-2022","2020-2022","24688"
"Průměrná jednotková kupní cena nemovitosti","7432","do 1 999 obyv.","399999632000000","Česko","CZ","Olomoucký kraj","CZ071","","","Byty [Kč/m2]","10602","2023","2023","32694"
"Průměrná jednotková kupní cena nemovitosti","7432","do 1 999 obyv.","399999632000000","Česko","CZ","Olomoucký kraj","CZ071","","","Byty [Kč/m2]","10602","2021-2023","2021-2023","28260"
"Průměrná jednotková kupní cena nemovitosti","7432","do 1 999 obyv.","399999632000000","Česko","CZ","Olomoucký kraj","CZ071","","","Byty [Kč/m2]","10602","2024","2024","33571"
"Průměrná jednotková kupní cena nemovitosti","7432","do 1 999 obyv.","399999632000000","Česko","CZ","Olomoucký kraj","CZ071","","","Byty [Kč/m2]","10602","2022-2024","2022-2024","32586"
"Průměrná jednotková kupní cena nemovitosti","7432","do 1 999 obyv.","399999632000000","Česko","CZ","Olomoucký kraj","CZ071","","","Byty [Kč/m2]","10602","2025","2025","38431"
"Průměrná jednotková kupní cena nemovitosti","7432","do 1 999 obyv.","399999632000000","Česko","CZ","Zlínský kraj","CZ072","","","Rodinné domy [Kč/m2]","10302","2019","2019","21385"
"Průměrná jednotková kupní cena nemovitosti","7432","do 1 999 obyv.","399999632000000","Česko","CZ","Zlínský kraj","CZ072","","","Rodinné domy [Kč/m2]","10302","2020","2020","23596"
"Průměrná jednotková kupní cena nemovitosti","7432","do 1 999 obyv.","399999632000000","Česko","CZ","Zlínský kraj","CZ072","","","Rodinné domy [Kč/m2]","10302","2021","2021","28824"
"Průměrná jednotková kupní cena nemovitosti","7432","do 1 999 obyv.","399999632000000","Česko","CZ","Zlínský kraj","CZ072","","","Rodinné domy [Kč/m2]","10302","2019-2021","2019-2021","24916"
"Průměrná jednotková kupní cena nemovitosti","7432","do 1 999 obyv.","399999632000000","Česko","CZ","Zlínský kraj","CZ072","","","Rodinné domy [Kč/m2]","10302","2022","2022","35314"
"Průměrná jednotková kupní cena nemovitosti","7432","do 1 999 obyv.","399999632000000","Česko","CZ","Zlínský kraj","CZ072","","","Rodinné domy [Kč/m2]","10302","2020-2022","2020-2022","28706"
"Průměrná jednotková kupní cena nemovitosti","7432","do 1 999 obyv.","399999632000000","Česko","CZ","Zlínský kraj","CZ072","","","Rodinné domy [Kč/m2]","10302","2023","2023","33989"
"Průměrná jednotková kupní cena nemovitosti","7432","do 1 999 obyv.","399999632000000","Česko","CZ","Zlínský kraj","CZ072","","","Rodinné domy [Kč/m2]","10302","2021-2023","2021-2023","32254"
"Průměrná jednotková kupní cena nemovitosti","7432","do 1 999 obyv.","399999632000000","Česko","CZ","Zlínský kraj","CZ072","","","Rodinné domy [Kč/m2]","10302","2024","2024","36963"
"Průměrná jednotková kupní cena nemovitosti","7432","do 1 999 obyv.","399999632000000","Česko","CZ","Zlínský kraj","CZ072","","","Rodinné domy [Kč/m2]","10302","2022-2024","2022-2024","35537"
"Průměrná jednotková kupní cena nemovitosti","7432","do 1 999 obyv.","399999632000000","Česko","CZ","Zlínský kraj","CZ072","","","Rodinné domy [Kč/m2]","10302","2025","2025","39279"
"Průměrná jednotková kupní cena nemovitosti","7432","do 1 999 obyv.","399999632000000","Česko","CZ","Zlínský kraj","CZ072","","","Byty [Kč/m2]","10602","2019","2019","20756"
"Průměrná jednotková kupní cena nemovitosti","7432","do 1 999 obyv.","399999632000000","Česko","CZ","Zlínský kraj","CZ072","","","Byty [Kč/m2]","10602","2020","2020","22474"
"Průměrná jednotková kupní cena nemovitosti","7432","do 1 999 obyv.","399999632000000","Česko","CZ","Zlínský kraj","CZ072","","","Byty [Kč/m2]","10602","2021","2021","25966"
"Průměrná jednotková kupní cena nemovitosti","7432","do 1 999 obyv.","399999632000000","Česko","CZ","Zlínský kraj","CZ072","","","Byty [Kč/m2]","10602","2019-2021","2019-2021","22979"
"Průměrná jednotková kupní cena nemovitosti","7432","do 1 999 obyv.","399999632000000","Česko","CZ","Zlínský kraj","CZ072","","","Byty [Kč/m2]","10602","2022","2022","39015"
"Průměrná jednotková kupní cena nemovitosti","7432","do 1 999 obyv.","399999632000000","Česko","CZ","Zlínský kraj","CZ072","","","Byty [Kč/m2]","10602","2020-2022","2020-2022","27471"
"Průměrná jednotková kupní cena nemovitosti","7432","do 1 999 obyv.","399999632000000","Česko","CZ","Zlínský kraj","CZ072","","","Byty [Kč/m2]","10602","2023","2023","29643"
"Průměrná jednotková kupní cena nemovitosti","7432","do 1 999 obyv.","399999632000000","Česko","CZ","Zlínský kraj","CZ072","","","Byty [Kč/m2]","10602","2021-2023","2021-2023","30512"
"Průměrná jednotková kupní cena nemovitosti","7432","do 1 999 obyv.","399999632000000","Česko","CZ","Zlínský kraj","CZ072","","","Byty [Kč/m2]","10602","2024","2024","34989"
"Průměrná jednotková kupní cena nemovitosti","7432","do 1 999 obyv.","399999632000000","Česko","CZ","Zlínský kraj","CZ072","","","Byty [Kč/m2]","10602","2022-2024","2022-2024","33477"
"Průměrná jednotková kupní cena nemovitosti","7432","do 1 999 obyv.","399999632000000","Česko","CZ","Zlínský kraj","CZ072","","","Byty [Kč/m2]","10602","2025","2025","40541"
"Průměrná jednotková kupní cena nemovitosti","7432","do 1 999 obyv.","399999632000000","Česko","CZ","Moravskoslezský kraj","CZ080","","","Rodinné domy [Kč/m2]","10302","2019","2019","24687"
"Průměrná jednotková kupní cena nemovitosti","7432","do 1 999 obyv.","399999632000000","Česko","CZ","Moravskoslezský kraj","CZ080","","","Rodinné domy [Kč/m2]","10302","2020","2020","26620"
"Průměrná jednotková kupní cena nemovitosti","7432","do 1 999 obyv.","399999632000000","Česko","CZ","Moravskoslezský kraj","CZ080","","","Rodinné domy [Kč/m2]","10302","2021","2021","31292"
"Průměrná jednotková kupní cena nemovitosti","7432","do 1 999 obyv.","399999632000000","Česko","CZ","Moravskoslezský kraj","CZ080","","","Rodinné domy [Kč/m2]","10302","2019-2021","2019-2021","27713"
"Průměrná jednotková kupní cena nemovitosti","7432","do 1 999 obyv.","399999632000000","Česko","CZ","Moravskoslezský kraj","CZ080","","","Rodinné domy [Kč/m2]","10302","2022","2022","37094"
"Průměrná jednotková kupní cena nemovitosti","7432","do 1 999 obyv.","399999632000000","Česko","CZ","Moravskoslezský kraj","CZ080","","","Rodinné domy [Kč/m2]","10302","2020-2022","2020-2022","31232"
"Průměrná jednotková kupní cena nemovitosti","7432","do 1 999 obyv.","399999632000000","Česko","CZ","Moravskoslezský kraj","CZ080","","","Rodinné domy [Kč/m2]","10302","2023","2023","35082"
"Průměrná jednotková kupní cena nemovitosti","7432","do 1 999 obyv.","399999632000000","Česko","CZ","Moravskoslezský kraj","CZ080","","","Rodinné domy [Kč/m2]","10302","2021-2023","2021-2023","34063"
"Průměrná jednotková kupní cena nemovitosti","7432","do 1 999 obyv.","399999632000000","Česko","CZ","Moravskoslezský kraj","CZ080","","","Rodinné domy [Kč/m2]","10302","2024","2024","38016"
"Průměrná jednotková kupní cena nemovitosti","7432","do 1 999 obyv.","399999632000000","Česko","CZ","Moravskoslezský kraj","CZ080","","","Rodinné domy [Kč/m2]","10302","2022-2024","2022-2024","36912"
"Průměrná jednotková kupní cena nemovitosti","7432","do 1 999 obyv.","399999632000000","Česko","CZ","Moravskoslezský kraj","CZ080","","","Rodinné domy [Kč/m2]","10302","2025","2025","41620"
"Průměrná jednotková kupní cena nemovitosti","7432","do 1 999 obyv.","399999632000000","Česko","CZ","Moravskoslezský kraj","CZ080","","","Byty [Kč/m2]","10602","2019","2019","16422"
"Průměrná jednotková kupní cena nemovitosti","7432","do 1 999 obyv.","399999632000000","Česko","CZ","Moravskoslezský kraj","CZ080","","","Byty [Kč/m2]","10602","2020","2020","20581"
"Průměrná jednotková kupní cena nemovitosti","7432","do 1 999 obyv.","399999632000000","Česko","CZ","Moravskoslezský kraj","CZ080","","","Byty [Kč/m2]","10602","2021","2021","23851"
"Průměrná jednotková kupní cena nemovitosti","7432","do 1 999 obyv.","399999632000000","Česko","CZ","Moravskoslezský kraj","CZ080","","","Byty [Kč/m2]","10602","2019-2021","2019-2021","20343"
"Průměrná jednotková kupní cena nemovitosti","7432","do 1 999 obyv.","399999632000000","Česko","CZ","Moravskoslezský kraj","CZ080","","","Byty [Kč/m2]","10602","2022","2022","33889"
"Průměrná jednotková kupní cena nemovitosti","7432","do 1 999 obyv.","399999632000000","Česko","CZ","Moravskoslezský kraj","CZ080","","","Byty [Kč/m2]","10602","2020-2022","2020-2022","27265"
"Průměrná jednotková kupní cena nemovitosti","7432","do 1 999 obyv.","399999632000000","Česko","CZ","Moravskoslezský kraj","CZ080","","","Byty [Kč/m2]","10602","2023","2023","29383"
"Průměrná jednotková kupní cena nemovitosti","7432","do 1 999 obyv.","399999632000000","Česko","CZ","Moravskoslezský kraj","CZ080","","","Byty [Kč/m2]","10602","2021-2023","2021-2023","29718"
"Průměrná jednotková kupní cena nemovitosti","7432","do 1 999 obyv.","399999632000000","Česko","CZ","Moravskoslezský kraj","CZ080","","","Byty [Kč/m2]","10602","2024","2024","32049"
"Průměrná jednotková kupní cena nemovitosti","7432","do 1 999 obyv.","399999632000000","Česko","CZ","Moravskoslezský kraj","CZ080","","","Byty [Kč/m2]","10602","2022-2024","2022-2024","31961"
"Průměrná jednotková kupní cena nemovitosti","7432","do 1 999 obyv.","399999632000000","Česko","CZ","Moravskoslezský kraj","CZ080","","","Byty [Kč/m2]","10602","2025","2025","35923"
"Průměrná jednotková kupní cena nemovitosti","7432","do 1 999 obyv.","399999632000000","Česko","CZ","Středočeský kraj","CZ020","Benešov","CZ0201","Rodinné domy [Kč/m2]","10302","2019-2021","2019-2021","35740"
"Průměrná jednotková kupní cena nemovitosti","7432","do 1 999 obyv.","399999632000000","Česko","CZ","Středočeský kraj","CZ020","Benešov","CZ0201","Rodinné domy [Kč/m2]","10302","2020-2022","2020-2022","39242"
"Průměrná jednotková kupní cena nemovitosti","7432","do 1 999 obyv.","399999632000000","Česko","CZ","Středočeský kraj","CZ020","Benešov","CZ0201","Rodinné domy [Kč/m2]","10302","2021-2023","2021-2023","43017"
"Průměrná jednotková kupní cena nemovitosti","7432","do 1 999 obyv.","399999632000000","Česko","CZ","Středočeský kraj","CZ020","Benešov","CZ0201","Rodinné domy [Kč/m2]","10302","2022-2024","2022-2024","48139"
"Průměrná jednotková kupní cena nemovitosti","7432","do 1 999 obyv.","399999632000000","Česko","CZ","Středočeský kraj","CZ020","Benešov","CZ0201","Byty [Kč/m2]","10602","2019-2021","2019-2021","25885"
"Průměrná jednotková kupní cena nemovitosti","7432","do 1 999 obyv.","399999632000000","Česko","CZ","Středočeský kraj","CZ020","Benešov","CZ0201","Byty [Kč/m2]","10602","2020-2022","2020-2022","33397"
"Průměrná jednotková kupní cena nemovitosti","7432","do 1 999 obyv.","399999632000000","Česko","CZ","Středočeský kraj","CZ020","Benešov","CZ0201","Byty [Kč/m2]","10602","2021-2023","2021-2023","36766"
"Průměrná jednotková kupní cena nemovitosti","7432","do 1 999 obyv.","399999632000000","Česko","CZ","Středočeský kraj","CZ020","Benešov","CZ0201","Byty [Kč/m2]","10602","2022-2024","2022-2024","39262"
"Průměrná jednotková kupní cena nemovitosti","7432","do 1 999 obyv.","399999632000000","Česko","CZ","Středočeský kraj","CZ020","Beroun","CZ0202","Rodinné domy [Kč/m2]","10302","2019-2021","2019-2021","33442"
"Průměrná jednotková kupní cena nemovitosti","7432","do 1 999 obyv.","399999632000000","Česko","CZ","Středočeský kraj","CZ020","Beroun","CZ0202","Rodinné domy [Kč/m2]","10302","2020-2022","2020-2022","36337"
"Průměrná jednotková kupní cena nemovitosti","7432","do 1 999 obyv.","399999632000000","Česko","CZ","Středočeský kraj","CZ020","Beroun","CZ0202","Rodinné domy [Kč/m2]","10302","2021-2023","2021-2023","41295"
"Průměrná jednotková kupní cena nemovitosti","7432","do 1 999 obyv.","399999632000000","Česko","CZ","Středočeský kraj","CZ020","Beroun","CZ0202","Rodinné domy [Kč/m2]","10302","2022-2024","2022-2024","47486"
"Průměrná jednotková kupní cena nemovitosti","7432","do 1 999 obyv.","399999632000000","Česko","CZ","Středočeský kraj","CZ020","Beroun","CZ0202","Byty [Kč/m2]","10602","2019-2021","2019-2021","33052"
"Průměrná jednotková kupní cena nemovitosti","7432","do 1 999 obyv.","399999632000000","Česko","CZ","Středočeský kraj","CZ020","Beroun","CZ0202","Byty [Kč/m2]","10602","2020-2022","2020-2022","36891"
"Průměrná jednotková kupní cena nemovitosti","7432","do 1 999 obyv.","399999632000000","Česko","CZ","Středočeský kraj","CZ020","Beroun","CZ0202","Byty [Kč/m2]","10602","2021-2023","2021-2023","39005"
"Průměrná jednotková kupní cena nemovitosti","7432","do 1 999 obyv.","399999632000000","Česko","CZ","Středočeský kraj","CZ020","Beroun","CZ0202","Byty [Kč/m2]","10602","2022-2024","2022-2024","41683"
"Průměrná jednotková kupní cena nemovitosti","7432","do 1 999 obyv.","399999632000000","Česko","CZ","Středočeský kraj","CZ020","Kladno","CZ0203","Rodinné domy [Kč/m2]","10302","2019-2021","2019-2021","34931"
"Průměrná jednotková kupní cena nemovitosti","7432","do 1 999 obyv.","399999632000000","Česko","CZ","Středočeský kraj","CZ020","Kladno","CZ0203","Rodinné domy [Kč/m2]","10302","2020-2022","2020-2022","37746"
"Průměrná jednotková kupní cena nemovitosti","7432","do 1 999 obyv.","399999632000000","Česko","CZ","Středočeský kraj","CZ020","Kladno","CZ0203","Rodinné domy [Kč/m2]","10302","2021-2023","2021-2023","40643"
"Průměrná jednotková kupní cena nemovitosti","7432","do 1 999 obyv.","399999632000000","Česko","CZ","Středočeský kraj","CZ020","Kladno","CZ0203","Rodinné domy [Kč/m2]","10302","2022-2024","2022-2024","45810"
"Průměrná jednotková kupní cena nemovitosti","7432","do 1 999 obyv.","399999632000000","Česko","CZ","Středočeský kraj","CZ020","Kladno","CZ0203","Byty [Kč/m2]","10602","2019-2021","2019-2021","29670"
"Průměrná jednotková kupní cena nemovitosti","7432","do 1 999 obyv.","399999632000000","Česko","CZ","Středočeský kraj","CZ020","Kladno","CZ0203","Byty [Kč/m2]","10602","2020-2022","2020-2022","37364"
"Průměrná jednotková kupní cena nemovitosti","7432","do 1 999 obyv.","399999632000000","Česko","CZ","Středočeský kraj","CZ020","Kladno","CZ0203","Byty [Kč/m2]","10602","2021-2023","2021-2023","41242"
"Průměrná jednotková kupní cena nemovitosti","7432","do 1 999 obyv.","399999632000000","Česko","CZ","Středočeský kraj","CZ020","Kladno","CZ0203","Byty [Kč/m2]","10602","2022-2024","2022-2024","49730"
"Průměrná jednotková kupní cena nemovitosti","7432","do 1 999 obyv.","399999632000000","Česko","CZ","Středočeský kraj","CZ020","Kolín","CZ0204","Rodinné domy [Kč/m2]","10302","2019-2021","2019-2021","33797"
"Průměrná jednotková kupní cena nemovitosti","7432","do 1 999 obyv.","399999632000000","Česko","CZ","Středočeský kraj","CZ020","Kolín","CZ0204","Rodinné domy [Kč/m2]","10302","2020-2022","2020-2022","38684"
"Průměrná jednotková kupní cena nemovitosti","7432","do 1 999 obyv.","399999632000000","Česko","CZ","Středočeský kraj","CZ020","Kolín","CZ0204","Rodinné domy [Kč/m2]","10302","2021-2023","2021-2023","42541"
"Průměrná jednotková kupní cena nemovitosti","7432","do 1 999 obyv.","399999632000000","Česko","CZ","Středočeský kraj","CZ020","Kolín","CZ0204","Rodinné domy [Kč/m2]","10302","2022-2024","2022-2024","45158"
"Průměrná jednotková kupní cena nemovitosti","7432","do 1 999 obyv.","399999632000000","Česko","CZ","Středočeský kraj","CZ020","Kolín","CZ0204","Byty [Kč/m2]","10602","2019-2021","2019-2021","25685"
"Průměrná jednotková kupní cena nemovitosti","7432","do 1 999 obyv.","399999632000000","Česko","CZ","Středočeský kraj","CZ020","Kolín","CZ0204","Byty [Kč/m2]","10602","2020-2022","2020-2022","32317"
"Průměrná jednotková kupní cena nemovitosti","7432","do 1 999 obyv.","399999632000000","Česko","CZ","Středočeský kraj","CZ020","Kolín","CZ0204","Byty [Kč/m2]","10602","2021-2023","2021-2023","38328"
"Průměrná jednotková kupní cena nemovitosti","7432","do 1 999 obyv.","399999632000000","Česko","CZ","Středočeský kraj","CZ020","Kolín","CZ0204","Byty [Kč/m2]","10602","2022-2024","2022-2024","42941"
"Průměrná jednotková kupní cena nemovitosti","7432","do 1 999 obyv.","399999632000000","Česko","CZ","Středočeský kraj","CZ020","Kutná Hora","CZ0205","Rodinné domy [Kč/m2]","10302","2019-2021","2019-2021","29858"
"Průměrná jednotková kupní cena nemovitosti","7432","do 1 999 obyv.","399999632000000","Česko","CZ","Středočeský kraj","CZ020","Kutná Hora","CZ0205","Rodinné domy [Kč/m2]","10302","2020-2022","2020-2022","33235"
"Průměrná jednotková kupní cena nemovitosti","7432","do 1 999 obyv.","399999632000000","Česko","CZ","Středočeský kraj","CZ020","Kutná Hora","CZ0205","Rodinné domy [Kč/m2]","10302","2021-2023","2021-2023","42059"
"Průměrná jednotková kupní cena nemovitosti","7432","do 1 999 obyv.","399999632000000","Česko","CZ","Středočeský kraj","CZ020","Kutná Hora","CZ0205","Rodinné domy [Kč/m2]","10302","2022-2024","2022-2024","49244"
"Průměrná jednotková kupní cena nemovitosti","7432","do 1 999 obyv.","399999632000000","Česko","CZ","Středočeský kraj","CZ020","Kutná Hora","CZ0205","Byty [Kč/m2]","10602","2019-2021","2019-2021","21824"
"Průměrná jednotková kupní cena nemovitosti","7432","do 1 999 obyv.","399999632000000","Česko","CZ","Středočeský kraj","CZ020","Kutná Hora","CZ0205","Byty [Kč/m2]","10602","2020-2022","2020-2022","25414"
"Průměrná jednotková kupní cena nemovitosti","7432","do 1 999 obyv.","399999632000000","Česko","CZ","Středočeský kraj","CZ020","Kutná Hora","CZ0205","Byty [Kč/m2]","10602","2021-2023","2021-2023","31862"
"Průměrná jednotková kupní cena nemovitosti","7432","do 1 999 obyv.","399999632000000","Česko","CZ","Středočeský kraj","CZ020","Kutná Hora","CZ0205","Byty [Kč/m2]","10602","2022-2024","2022-2024","33040"
"Průměrná jednotková kupní cena nemovitosti","7432","do 1 999 obyv.","399999632000000","Česko","CZ","Středočeský kraj","CZ020","Mělník","CZ0206","Rodinné domy [Kč/m2]","10302","2019-2021","2019-2021","36073"
"Průměrná jednotková kupní cena nemovitosti","7432","do 1 999 obyv.","399999632000000","Česko","CZ","Středočeský kraj","CZ020","Mělník","CZ0206","Rodinné domy [Kč/m2]","10302","2020-2022","2020-2022","40057"
"Průměrná jednotková kupní cena nemovitosti","7432","do 1 999 obyv.","399999632000000","Česko","CZ","Středočeský kraj","CZ020","Mělník","CZ0206","Rodinné domy [Kč/m2]","10302","2021-2023","2021-2023","42771"
"Průměrná jednotková kupní cena nemovitosti","7432","do 1 999 obyv.","399999632000000","Česko","CZ","Středočeský kraj","CZ020","Mělník","CZ0206","Rodinné domy [Kč/m2]","10302","2022-2024","2022-2024","47208"
"Průměrná jednotková kupní cena nemovitosti","7432","do 1 999 obyv.","399999632000000","Česko","CZ","Středočeský kraj","CZ020","Mělník","CZ0206","Byty [Kč/m2]","10602","2019-2021","2019-2021","27129"
"Průměrná jednotková kupní cena nemovitosti","7432","do 1 999 obyv.","399999632000000","Česko","CZ","Středočeský kraj","CZ020","Mělník","CZ0206","Byty [Kč/m2]","10602","2020-2022","2020-2022","31915"
"Průměrná jednotková kupní cena nemovitosti","7432","do 1 999 obyv.","399999632000000","Česko","CZ","Středočeský kraj","CZ020","Mělník","CZ0206","Byty [Kč/m2]","10602","2021-2023","2021-2023","34979"
"Průměrná jednotková kupní cena nemovitosti","7432","do 1 999 obyv.","399999632000000","Česko","CZ","Středočeský kraj","CZ020","Mělník","CZ0206","Byty [Kč/m2]","10602","2022-2024","2022-2024","39366"
"Průměrná jednotková kupní cena nemovitosti","7432","do 1 999 obyv.","399999632000000","Česko","CZ","Středočeský kraj","CZ020","Mladá Boleslav","CZ0207","Rodinné domy [Kč/m2]","10302","2019-2021","2019-2021","34471"
"Průměrná jednotková kupní cena nemovitosti","7432","do 1 999 obyv.","399999632000000","Česko","CZ","Středočeský kraj","CZ020","Mladá Boleslav","CZ0207","Rodinné domy [Kč/m2]","10302","2020-2022","2020-2022","38382"
"Průměrná jednotková kupní cena nemovitosti","7432","do 1 999 obyv.","399999632000000","Česko","CZ","Středočeský kraj","CZ020","Mladá Boleslav","CZ0207","Rodinné domy [Kč/m2]","10302","2021-2023","2021-2023","42640"
"Průměrná jednotková kupní cena nemovitosti","7432","do 1 999 obyv.","399999632000000","Česko","CZ","Středočeský kraj","CZ020","Mladá Boleslav","CZ0207","Rodinné domy [Kč/m2]","10302","2022-2024","2022-2024","47072"
"Průměrná jednotková kupní cena nemovitosti","7432","do 1 999 obyv.","399999632000000","Česko","CZ","Středočeský kraj","CZ020","Mladá Boleslav","CZ0207","Byty [Kč/m2]","10602","2019-2021","2019-2021","30472"
"Průměrná jednotková kupní cena nemovitosti","7432","do 1 999 obyv.","399999632000000","Česko","CZ","Středočeský kraj","CZ020","Mladá Boleslav","CZ0207","Byty [Kč/m2]","10602","2020-2022","2020-2022","37094"
"Průměrná jednotková kupní cena nemovitosti","7432","do 1 999 obyv.","399999632000000","Česko","CZ","Středočeský kraj","CZ020","Mladá Boleslav","CZ0207","Byty [Kč/m2]","10602","2021-2023","2021-2023","39930"
"Průměrná jednotková kupní cena nemovitosti","7432","do 1 999 obyv.","399999632000000","Česko","CZ","Středočeský kraj","CZ020","Mladá Boleslav","CZ0207","Byty [Kč/m2]","10602","2022-2024","2022-2024","42180"
"Průměrná jednotková kupní cena nemovitosti","7432","do 1 999 obyv.","399999632000000","Česko","CZ","Středočeský kraj","CZ020","Nymburk","CZ0208","Rodinné domy [Kč/m2]","10302","2019-2021","2019-2021","30531"
"Průměrná jednotková kupní cena nemovitosti","7432","do 1 999 obyv.","399999632000000","Česko","CZ","Středočeský kraj","CZ020","Nymburk","CZ0208","Rodinné domy [Kč/m2]","10302","2020-2022","2020-2022","35565"
"Průměrná jednotková kupní cena nemovitosti","7432","do 1 999 obyv.","399999632000000","Česko","CZ","Středočeský kraj","CZ020","Nymburk","CZ0208","Rodinné domy [Kč/m2]","10302","2021-2023","2021-2023","40429"
"Průměrná jednotková kupní cena nemovitosti","7432","do 1 999 obyv.","399999632000000","Česko","CZ","Středočeský kraj","CZ020","Nymburk","CZ0208","Rodinné domy [Kč/m2]","10302","2022-2024","2022-2024","43409"
"Průměrná jednotková kupní cena nemovitosti","7432","do 1 999 obyv.","399999632000000","Česko","CZ","Středočeský kraj","CZ020","Nymburk","CZ0208","Byty [Kč/m2]","10602","2019-2021","2019-2021","26651"
"Průměrná jednotková kupní cena nemovitosti","7432","do 1 999 obyv.","399999632000000","Česko","CZ","Středočeský kraj","CZ020","Nymburk","CZ0208","Byty [Kč/m2]","10602","2020-2022","2020-2022","32194"
"Průměrná jednotková kupní cena nemovitosti","7432","do 1 999 obyv.","399999632000000","Česko","CZ","Středočeský kraj","CZ020","Nymburk","CZ0208","Byty [Kč/m2]","10602","2021-2023","2021-2023","37222"
"Průměrná jednotková kupní cena nemovitosti","7432","do 1 999 obyv.","399999632000000","Česko","CZ","Středočeský kraj","CZ020","Nymburk","CZ0208","Byty [Kč/m2]","10602","2022-2024","2022-2024","41456"
"Průměrná jednotková kupní cena nemovitosti","7432","do 1 999 obyv.","399999632000000","Česko","CZ","Středočeský kraj","CZ020","Praha-východ","CZ0209","Rodinné domy [Kč/m2]","10302","2019-2021","2019-2021","65099"
"Průměrná jednotková kupní cena nemovitosti","7432","do 1 999 obyv.","399999632000000","Česko","CZ","Středočeský kraj","CZ020","Praha-východ","CZ0209","Rodinné domy [Kč/m2]","10302","2020-2022","2020-2022","77882"
"Průměrná jednotková kupní cena nemovitosti","7432","do 1 999 obyv.","399999632000000","Česko","CZ","Středočeský kraj","CZ020","Praha-východ","CZ0209","Rodinné domy [Kč/m2]","10302","2021-2023","2021-2023","87884"
"Průměrná jednotková kupní cena nemovitosti","7432","do 1 999 obyv.","399999632000000","Česko","CZ","Středočeský kraj","CZ020","Praha-východ","CZ0209","Rodinné domy [Kč/m2]","10302","2022-2024","2022-2024","91811"
"Průměrná jednotková kupní cena nemovitosti","7432","do 1 999 obyv.","399999632000000","Česko","CZ","Středočeský kraj","CZ020","Praha-východ","CZ0209","Byty [Kč/m2]","10602","2019-2021","2019-2021","31223"
"Průměrná jednotková kupní cena nemovitosti","7432","do 1 999 obyv.","399999632000000","Česko","CZ","Středočeský kraj","CZ020","Praha-východ","CZ0209","Byty [Kč/m2]","10602","2020-2022","2020-2022","42218"
"Průměrná jednotková kupní cena nemovitosti","7432","do 1 999 obyv.","399999632000000","Česko","CZ","Středočeský kraj","CZ020","Praha-východ","CZ0209","Byty [Kč/m2]","10602","2021-2023","2021-2023","46297"
"Průměrná jednotková kupní cena nemovitosti","7432","do 1 999 obyv.","399999632000000","Česko","CZ","Středočeský kraj","CZ020","Praha-východ","CZ0209","Byty [Kč/m2]","10602","2022-2024","2022-2024","47761"
"Průměrná jednotková kupní cena nemovitosti","7432","do 1 999 obyv.","399999632000000","Česko","CZ","Středočeský kraj","CZ020","Praha-západ","CZ020A","Rodinné domy [Kč/m2]","10302","2019-2021","2019-2021","64487"
"Průměrná jednotková kupní cena nemovitosti","7432","do 1 999 obyv.","399999632000000","Česko","CZ","Středočeský kraj","CZ020","Praha-západ","CZ020A","Rodinné domy [Kč/m2]","10302","2020-2022","2020-2022","73954"
"Průměrná jednotková kupní cena nemovitosti","7432","do 1 999 obyv.","399999632000000","Česko","CZ","Středočeský kraj","CZ020","Praha-západ","CZ020A","Rodinné domy [Kč/m2]","10302","2021-2023","2021-2023","83117"
"Průměrná jednotková kupní cena nemovitosti","7432","do 1 999 obyv.","399999632000000","Česko","CZ","Středočeský kraj","CZ020","Praha-západ","CZ020A","Rodinné domy [Kč/m2]","10302","2022-2024","2022-2024","89084"
"Průměrná jednotková kupní cena nemovitosti","7432","do 1 999 obyv.","399999632000000","Česko","CZ","Středočeský kraj","CZ020","Praha-západ","CZ020A","Byty [Kč/m2]","10602","2019-2021","2019-2021","33016"
"Průměrná jednotková kupní cena nemovitosti","7432","do 1 999 obyv.","399999632000000","Česko","CZ","Středočeský kraj","CZ020","Praha-západ","CZ020A","Byty [Kč/m2]","10602","2020-2022","2020-2022","35046"
"Průměrná jednotková kupní cena nemovitosti","7432","do 1 999 obyv.","399999632000000","Česko","CZ","Středočeský kraj","CZ020","Praha-západ","CZ020A","Byty [Kč/m2]","10602","2021-2023","2021-2023","35953"
"Průměrná jednotková kupní cena nemovitosti","7432","do 1 999 obyv.","399999632000000","Česko","CZ","Středočeský kraj","CZ020","Praha-západ","CZ020A","Byty [Kč/m2]","10602","2022-2024","2022-2024","44606"
"Průměrná jednotková kupní cena nemovitosti","7432","do 1 999 obyv.","399999632000000","Česko","CZ","Středočeský kraj","CZ020","Příbram","CZ020B","Rodinné domy [Kč/m2]","10302","2019-2021","2019-2021","35069"
"Průměrná jednotková kupní cena nemovitosti","7432","do 1 999 obyv.","399999632000000","Česko","CZ","Středočeský kraj","CZ020","Příbram","CZ020B","Rodinné domy [Kč/m2]","10302","2020-2022","2020-2022","39197"
"Průměrná jednotková kupní cena nemovitosti","7432","do 1 999 obyv.","399999632000000","Česko","CZ","Středočeský kraj","CZ020","Příbram","CZ020B","Rodinné domy [Kč/m2]","10302","2021-2023","2021-2023","42304"
"Průměrná jednotková kupní cena nemovitosti","7432","do 1 999 obyv.","399999632000000","Česko","CZ","Středočeský kraj","CZ020","Příbram","CZ020B","Rodinné domy [Kč/m2]","10302","2022-2024","2022-2024","43670"
"Průměrná jednotková kupní cena nemovitosti","7432","do 1 999 obyv.","399999632000000","Česko","CZ","Středočeský kraj","CZ020","Příbram","CZ020B","Byty [Kč/m2]","10602","2019-2021","2019-2021","22855"
"Průměrná jednotková kupní cena nemovitosti","7432","do 1 999 obyv.","399999632000000","Česko","CZ","Středočeský kraj","CZ020","Příbram","CZ020B","Byty [Kč/m2]","10602","2020-2022","2020-2022","29044"
"Průměrná jednotková kupní cena nemovitosti","7432","do 1 999 obyv.","399999632000000","Česko","CZ","Středočeský kraj","CZ020","Příbram","CZ020B","Byty [Kč/m2]","10602","2021-2023","2021-2023","30774"
"Průměrná jednotková kupní cena nemovitosti","7432","do 1 999 obyv.","399999632000000","Česko","CZ","Středočeský kraj","CZ020","Příbram","CZ020B","Byty [Kč/m2]","10602","2022-2024","2022-2024","35733"
"Průměrná jednotková kupní cena nemovitosti","7432","do 1 999 obyv.","399999632000000","Česko","CZ","Středočeský kraj","CZ020","Rakovník","CZ020C","Rodinné domy [Kč/m2]","10302","2019-2021","2019-2021","30832"
"Průměrná jednotková kupní cena nemovitosti","7432","do 1 999 obyv.","399999632000000","Česko","CZ","Středočeský kraj","CZ020","Rakovník","CZ020C","Rodinné domy [Kč/m2]","10302","2020-2022","2020-2022","34893"
"Průměrná jednotková kupní cena nemovitosti","7432","do 1 999 obyv.","399999632000000","Česko","CZ","Středočeský kraj","CZ020","Rakovník","CZ020C","Rodinné domy [Kč/m2]","10302","2021-2023","2021-2023","38808"
"Průměrná jednotková kupní cena nemovitosti","7432","do 1 999 obyv.","399999632000000","Česko","CZ","Středočeský kraj","CZ020","Rakovník","CZ020C","Rodinné domy [Kč/m2]","10302","2022-2024","2022-2024","42606"
"Průměrná jednotková kupní cena nemovitosti","7432","do 1 999 obyv.","399999632000000","Česko","CZ","Středočeský kraj","CZ020","Rakovník","CZ020C","Byty [Kč/m2]","10602","2019-2021","2019-2021","23463"
"Průměrná jednotková kupní cena nemovitosti","7432","do 1 999 obyv.","399999632000000","Česko","CZ","Středočeský kraj","CZ020","Rakovník","CZ020C","Byty [Kč/m2]","10602","2020-2022","2020-2022","26501"
"Průměrná jednotková kupní cena nemovitosti","7432","do 1 999 obyv.","399999632000000","Česko","CZ","Středočeský kraj","CZ020","Rakovník","CZ020C","Byty [Kč/m2]","10602","2021-2023","2021-2023","30885"
"Průměrná jednotková kupní cena nemovitosti","7432","do 1 999 obyv.","399999632000000","Česko","CZ","Středočeský kraj","CZ020","Rakovník","CZ020C","Byty [Kč/m2]","10602","2022-2024","2022-2024","33971"
"Průměrná jednotková kupní cena nemovitosti","7432","do 1 999 obyv.","399999632000000","Česko","CZ","Jihočeský kraj","CZ031","České Budějovice","CZ0311","Rodinné domy [Kč/m2]","10302","2019-2021","2019-2021","34760"
"Průměrná jednotková kupní cena nemovitosti","7432","do 1 999 obyv.","399999632000000","Česko","CZ","Jihočeský kraj","CZ031","České Budějovice","CZ0311","Rodinné domy [Kč/m2]","10302","2020-2022","2020-2022","39637"
"Průměrná jednotková kupní cena nemovitosti","7432","do 1 999 obyv.","399999632000000","Česko","CZ","Jihočeský kraj","CZ031","České Budějovice","CZ0311","Rodinné domy [Kč/m2]","10302","2021-2023","2021-2023","44938"
"Průměrná jednotková kupní cena nemovitosti","7432","do 1 999 obyv.","399999632000000","Česko","CZ","Jihočeský kraj","CZ031","České Budějovice","CZ0311","Rodinné domy [Kč/m2]","10302","2022-2024","2022-2024","48406"
"Průměrná jednotková kupní cena nemovitosti","7432","do 1 999 obyv.","399999632000000","Česko","CZ","Jihočeský kraj","CZ031","České Budějovice","CZ0311","Byty [Kč/m2]","10602","2019-2021","2019-2021","26391"
"Průměrná jednotková kupní cena nemovitosti","7432","do 1 999 obyv.","399999632000000","Česko","CZ","Jihočeský kraj","CZ031","České Budějovice","CZ0311","Byty [Kč/m2]","10602","2020-2022","2020-2022","29062"
"Průměrná jednotková kupní cena nemovitosti","7432","do 1 999 obyv.","399999632000000","Česko","CZ","Jihočeský kraj","CZ031","České Budějovice","CZ0311","Byty [Kč/m2]","10602","2021-2023","2021-2023","31412"
"Průměrná jednotková kupní cena nemovitosti","7432","do 1 999 obyv.","399999632000000","Česko","CZ","Jihočeský kraj","CZ031","České Budějovice","CZ0311","Byty [Kč/m2]","10602","2022-2024","2022-2024","34528"
"Průměrná jednotková kupní cena nemovitosti","7432","do 1 999 obyv.","399999632000000","Česko","CZ","Jihočeský kraj","CZ031","Český Krumlov","CZ0312","Rodinné domy [Kč/m2]","10302","2019-2021","2019-2021","34437"
"Průměrná jednotková kupní cena nemovitosti","7432","do 1 999 obyv.","399999632000000","Česko","CZ","Jihočeský kraj","CZ031","Český Krumlov","CZ0312","Rodinné domy [Kč/m2]","10302","2020-2022","2020-2022","36922"
"Průměrná jednotková kupní cena nemovitosti","7432","do 1 999 obyv.","399999632000000","Česko","CZ","Jihočeský kraj","CZ031","Český Krumlov","CZ0312","Rodinné domy [Kč/m2]","10302","2021-2023","2021-2023","42752"
"Průměrná jednotková kupní cena nemovitosti","7432","do 1 999 obyv.","399999632000000","Česko","CZ","Jihočeský kraj","CZ031","Český Krumlov","CZ0312","Rodinné domy [Kč/m2]","10302","2022-2024","2022-2024","43600"
"Průměrná jednotková kupní cena nemovitosti","7432","do 1 999 obyv.","399999632000000","Česko","CZ","Jihočeský kraj","CZ031","Český Krumlov","CZ0312","Byty [Kč/m2]","10602","2019-2021","2019-2021","22846"
"Průměrná jednotková kupní cena nemovitosti","7432","do 1 999 obyv.","399999632000000","Česko","CZ","Jihočeský kraj","CZ031","Český Krumlov","CZ0312","Byty [Kč/m2]","10602","2020-2022","2020-2022","27235"
"Průměrná jednotková kupní cena nemovitosti","7432","do 1 999 obyv.","399999632000000","Česko","CZ","Jihočeský kraj","CZ031","Český Krumlov","CZ0312","Byty [Kč/m2]","10602","2021-2023","2021-2023","30953"
"Průměrná jednotková kupní cena nemovitosti","7432","do 1 999 obyv.","399999632000000","Česko","CZ","Jihočeský kraj","CZ031","Český Krumlov","CZ0312","Byty [Kč/m2]","10602","2022-2024","2022-2024","34288"
"Průměrná jednotková kupní cena nemovitosti","7432","do 1 999 obyv.","399999632000000","Česko","CZ","Jihočeský kraj","CZ031","Jindřichův Hradec","CZ0313","Rodinné domy [Kč/m2]","10302","2019-2021","2019-2021","29409"
"Průměrná jednotková kupní cena nemovitosti","7432","do 1 999 obyv.","399999632000000","Česko","CZ","Jihočeský kraj","CZ031","Jindřichův Hradec","CZ0313","Rodinné domy [Kč/m2]","10302","2020-2022","2020-2022","34462"
"Průměrná jednotková kupní cena nemovitosti","7432","do 1 999 obyv.","399999632000000","Česko","CZ","Jihočeský kraj","CZ031","Jindřichův Hradec","CZ0313","Rodinné domy [Kč/m2]","10302","2021-2023","2021-2023","37270"
"Průměrná jednotková kupní cena nemovitosti","7432","do 1 999 obyv.","399999632000000","Česko","CZ","Jihočeský kraj","CZ031","Jindřichův Hradec","CZ0313","Rodinné domy [Kč/m2]","10302","2022-2024","2022-2024","39825"
"Průměrná jednotková kupní cena nemovitosti","7432","do 1 999 obyv.","399999632000000","Česko","CZ","Jihočeský kraj","CZ031","Jindřichův Hradec","CZ0313","Byty [Kč/m2]","10602","2019-2021","2019-2021","19164"
"Průměrná jednotková kupní cena nemovitosti","7432","do 1 999 obyv.","399999632000000","Česko","CZ","Jihočeský kraj","CZ031","Jindřichův Hradec","CZ0313","Byty [Kč/m2]","10602","2020-2022","2020-2022","23123"
"Průměrná jednotková kupní cena nemovitosti","7432","do 1 999 obyv.","399999632000000","Česko","CZ","Jihočeský kraj","CZ031","Jindřichův Hradec","CZ0313","Byty [Kč/m2]","10602","2021-2023","2021-2023","28603"
"Průměrná jednotková kupní cena nemovitosti","7432","do 1 999 obyv.","399999632000000","Česko","CZ","Jihočeský kraj","CZ031","Jindřichův Hradec","CZ0313","Byty [Kč/m2]","10602","2022-2024","2022-2024","30932"
"Průměrná jednotková kupní cena nemovitosti","7432","do 1 999 obyv.","399999632000000","Česko","CZ","Jihočeský kraj","CZ031","Písek","CZ0314","Rodinné domy [Kč/m2]","10302","2019-2021","2019-2021","27225"
"Průměrná jednotková kupní cena nemovitosti","7432","do 1 999 obyv.","399999632000000","Česko","CZ","Jihočeský kraj","CZ031","Písek","CZ0314","Rodinné domy [Kč/m2]","10302","2020-2022","2020-2022","32088"
"Průměrná jednotková kupní cena nemovitosti","7432","do 1 999 obyv.","399999632000000","Česko","CZ","Jihočeský kraj","CZ031","Písek","CZ0314","Rodinné domy [Kč/m2]","10302","2021-2023","2021-2023","34829"
"Průměrná jednotková kupní cena nemovitosti","7432","do 1 999 obyv.","399999632000000","Česko","CZ","Jihočeský kraj","CZ031","Písek","CZ0314","Rodinné domy [Kč/m2]","10302","2022-2024","2022-2024","41994"
"Průměrná jednotková kupní cena nemovitosti","7432","do 1 999 obyv.","399999632000000","Česko","CZ","Jihočeský kraj","CZ031","Písek","CZ0314","Byty [Kč/m2]","10602","2019-2021","2019-2021","19698"
"Průměrná jednotková kupní cena nemovitosti","7432","do 1 999 obyv.","399999632000000","Česko","CZ","Jihočeský kraj","CZ031","Písek","CZ0314","Byty [Kč/m2]","10602","2020-2022","2020-2022","25363"
"Průměrná jednotková kupní cena nemovitosti","7432","do 1 999 obyv.","399999632000000","Česko","CZ","Jihočeský kraj","CZ031","Písek","CZ0314","Byty [Kč/m2]","10602","2021-2023","2021-2023","27684"
"Průměrná jednotková kupní cena nemovitosti","7432","do 1 999 obyv.","399999632000000","Česko","CZ","Jihočeský kraj","CZ031","Písek","CZ0314","Byty [Kč/m2]","10602","2022-2024","2022-2024","32996"
"Průměrná jednotková kupní cena nemovitosti","7432","do 1 999 obyv.","399999632000000","Česko","CZ","Jihočeský kraj","CZ031","Prachatice","CZ0315","Rodinné domy [Kč/m2]","10302","2019-2021","2019-2021","30013"
"Průměrná jednotková kupní cena nemovitosti","7432","do 1 999 obyv.","399999632000000","Česko","CZ","Jihočeský kraj","CZ031","Prachatice","CZ0315","Rodinné domy [Kč/m2]","10302","2020-2022","2020-2022","35392"
"Průměrná jednotková kupní cena nemovitosti","7432","do 1 999 obyv.","399999632000000","Česko","CZ","Jihočeský kraj","CZ031","Prachatice","CZ0315","Rodinné domy [Kč/m2]","10302","2021-2023","2021-2023","37150"
"Průměrná jednotková kupní cena nemovitosti","7432","do 1 999 obyv.","399999632000000","Česko","CZ","Jihočeský kraj","CZ031","Prachatice","CZ0315","Rodinné domy [Kč/m2]","10302","2022-2024","2022-2024","43749"
"Průměrná jednotková kupní cena nemovitosti","7432","do 1 999 obyv.","399999632000000","Česko","CZ","Jihočeský kraj","CZ031","Prachatice","CZ0315","Byty [Kč/m2]","10602","2019-2021","2019-2021","21805"
"Průměrná jednotková kupní cena nemovitosti","7432","do 1 999 obyv.","399999632000000","Česko","CZ","Jihočeský kraj","CZ031","Prachatice","CZ0315","Byty [Kč/m2]","10602","2020-2022","2020-2022","25855"
"Průměrná jednotková kupní cena nemovitosti","7432","do 1 999 obyv.","399999632000000","Česko","CZ","Jihočeský kraj","CZ031","Prachatice","CZ0315","Byty [Kč/m2]","10602","2021-2023","2021-2023","30740"
"Průměrná jednotková kupní cena nemovitosti","7432","do 1 999 obyv.","399999632000000","Česko","CZ","Jihočeský kraj","CZ031","Prachatice","CZ0315","Byty [Kč/m2]","10602","2022-2024","2022-2024","31688"
"Průměrná jednotková kupní cena nemovitosti","7432","do 1 999 obyv.","399999632000000","Česko","CZ","Jihočeský kraj","CZ031","Strakonice","CZ0316","Rodinné domy [Kč/m2]","10302","2019-2021","2019-2021","30110"
"Průměrná jednotková kupní cena nemovitosti","7432","do 1 999 obyv.","399999632000000","Česko","CZ","Jihočeský kraj","CZ031","Strakonice","CZ0316","Rodinné domy [Kč/m2]","10302","2020-2022","2020-2022","33360"
"Průměrná jednotková kupní cena nemovitosti","7432","do 1 999 obyv.","399999632000000","Česko","CZ","Jihočeský kraj","CZ031","Strakonice","CZ0316","Rodinné domy [Kč/m2]","10302","2021-2023","2021-2023","35890"
"Průměrná jednotková kupní cena nemovitosti","7432","do 1 999 obyv.","399999632000000","Česko","CZ","Jihočeský kraj","CZ031","Strakonice","CZ0316","Rodinné domy [Kč/m2]","10302","2022-2024","2022-2024","45445"
"Průměrná jednotková kupní cena nemovitosti","7432","do 1 999 obyv.","399999632000000","Česko","CZ","Jihočeský kraj","CZ031","Strakonice","CZ0316","Byty [Kč/m2]","10602","2019-2021","2019-2021","20769"
"Průměrná jednotková kupní cena nemovitosti","7432","do 1 999 obyv.","399999632000000","Česko","CZ","Jihočeský kraj","CZ031","Strakonice","CZ0316","Byty [Kč/m2]","10602","2020-2022","2020-2022","26220"
"Průměrná jednotková kupní cena nemovitosti","7432","do 1 999 obyv.","399999632000000","Česko","CZ","Jihočeský kraj","CZ031","Strakonice","CZ0316","Byty [Kč/m2]","10602","2021-2023","2021-2023","30140"
"Průměrná jednotková kupní cena nemovitosti","7432","do 1 999 obyv.","399999632000000","Česko","CZ","Jihočeský kraj","CZ031","Strakonice","CZ0316","Byty [Kč/m2]","10602","2022-2024","2022-2024","34382"
"Průměrná jednotková kupní cena nemovitosti","7432","do 1 999 obyv.","399999632000000","Česko","CZ","Jihočeský kraj","CZ031","Tábor","CZ0317","Rodinné domy [Kč/m2]","10302","2019-2021","2019-2021","27263"
"Průměrná jednotková kupní cena nemovitosti","7432","do 1 999 obyv.","399999632000000","Česko","CZ","Jihočeský kraj","CZ031","Tábor","CZ0317","Rodinné domy [Kč/m2]","10302","2020-2022","2020-2022","31625"
"Průměrná jednotková kupní cena nemovitosti","7432","do 1 999 obyv.","399999632000000","Česko","CZ","Jihočeský kraj","CZ031","Tábor","CZ0317","Rodinné domy [Kč/m2]","10302","2021-2023","2021-2023","36022"
"Průměrná jednotková kupní cena nemovitosti","7432","do 1 999 obyv.","399999632000000","Česko","CZ","Jihočeský kraj","CZ031","Tábor","CZ0317","Rodinné domy [Kč/m2]","10302","2022-2024","2022-2024","39794"
"Průměrná jednotková kupní cena nemovitosti","7432","do 1 999 obyv.","399999632000000","Česko","CZ","Jihočeský kraj","CZ031","Tábor","CZ0317","Byty [Kč/m2]","10602","2019-2021","2019-2021","22916"
"Průměrná jednotková kupní cena nemovitosti","7432","do 1 999 obyv.","399999632000000","Česko","CZ","Jihočeský kraj","CZ031","Tábor","CZ0317","Byty [Kč/m2]","10602","2020-2022","2020-2022","28154"
"Průměrná jednotková kupní cena nemovitosti","7432","do 1 999 obyv.","399999632000000","Česko","CZ","Jihočeský kraj","CZ031","Tábor","CZ0317","Byty [Kč/m2]","10602","2021-2023","2021-2023","29576"
"Průměrná jednotková kupní cena nemovitosti","7432","do 1 999 obyv.","399999632000000","Česko","CZ","Jihočeský kraj","CZ031","Tábor","CZ0317","Byty [Kč/m2]","10602","2022-2024","2022-2024","29099"
"Průměrná jednotková kupní cena nemovitosti","7432","do 1 999 obyv.","399999632000000","Česko","CZ","Plzeňský kraj","CZ032","Domažlice","CZ0321","Rodinné domy [Kč/m2]","10302","2019-2021","2019-2021","27587"
"Průměrná jednotková kupní cena nemovitosti","7432","do 1 999 obyv.","399999632000000","Česko","CZ","Plzeňský kraj","CZ032","Domažlice","CZ0321","Rodinné domy [Kč/m2]","10302","2020-2022","2020-2022","30385"
"Průměrná jednotková kupní cena nemovitosti","7432","do 1 999 obyv.","399999632000000","Česko","CZ","Plzeňský kraj","CZ032","Domažlice","CZ0321","Rodinné domy [Kč/m2]","10302","2021-2023","2021-2023","35017"
"Průměrná jednotková kupní cena nemovitosti","7432","do 1 999 obyv.","399999632000000","Česko","CZ","Plzeňský kraj","CZ032","Domažlice","CZ0321","Rodinné domy [Kč/m2]","10302","2022-2024","2022-2024","37355"
"Průměrná jednotková kupní cena nemovitosti","7432","do 1 999 obyv.","399999632000000","Česko","CZ","Plzeňský kraj","CZ032","Domažlice","CZ0321","Byty [Kč/m2]","10602","2019-2021","2019-2021","21851"
"Průměrná jednotková kupní cena nemovitosti","7432","do 1 999 obyv.","399999632000000","Česko","CZ","Plzeňský kraj","CZ032","Domažlice","CZ0321","Byty [Kč/m2]","10602","2020-2022","2020-2022","25630"
"Průměrná jednotková kupní cena nemovitosti","7432","do 1 999 obyv.","399999632000000","Česko","CZ","Plzeňský kraj","CZ032","Domažlice","CZ0321","Byty [Kč/m2]","10602","2021-2023","2021-2023","27753"
"Průměrná jednotková kupní cena nemovitosti","7432","do 1 999 obyv.","399999632000000","Česko","CZ","Plzeňský kraj","CZ032","Domažlice","CZ0321","Byty [Kč/m2]","10602","2022-2024","2022-2024","30859"
"Průměrná jednotková kupní cena nemovitosti","7432","do 1 999 obyv.","399999632000000","Česko","CZ","Plzeňský kraj","CZ032","Klatovy","CZ0322","Rodinné domy [Kč/m2]","10302","2019-2021","2019-2021","29530"
"Průměrná jednotková kupní cena nemovitosti","7432","do 1 999 obyv.","399999632000000","Česko","CZ","Plzeňský kraj","CZ032","Klatovy","CZ0322","Rodinné domy [Kč/m2]","10302","2020-2022","2020-2022","33920"
"Průměrná jednotková kupní cena nemovitosti","7432","do 1 999 obyv.","399999632000000","Česko","CZ","Plzeňský kraj","CZ032","Klatovy","CZ0322","Rodinné domy [Kč/m2]","10302","2021-2023","2021-2023","39543"
"Průměrná jednotková kupní cena nemovitosti","7432","do 1 999 obyv.","399999632000000","Česko","CZ","Plzeňský kraj","CZ032","Klatovy","CZ0322","Rodinné domy [Kč/m2]","10302","2022-2024","2022-2024","39023"
"Průměrná jednotková kupní cena nemovitosti","7432","do 1 999 obyv.","399999632000000","Česko","CZ","Plzeňský kraj","CZ032","Klatovy","CZ0322","Byty [Kč/m2]","10602","2019-2021","2019-2021","23277"
"Průměrná jednotková kupní cena nemovitosti","7432","do 1 999 obyv.","399999632000000","Česko","CZ","Plzeňský kraj","CZ032","Klatovy","CZ0322","Byty [Kč/m2]","10602","2020-2022","2020-2022","29539"
"Průměrná jednotková kupní cena nemovitosti","7432","do 1 999 obyv.","399999632000000","Česko","CZ","Plzeňský kraj","CZ032","Klatovy","CZ0322","Byty [Kč/m2]","10602","2021-2023","2021-2023","35114"
"Průměrná jednotková kupní cena nemovitosti","7432","do 1 999 obyv.","399999632000000","Česko","CZ","Plzeňský kraj","CZ032","Klatovy","CZ0322","Byty [Kč/m2]","10602","2022-2024","2022-2024","35699"
"Průměrná jednotková kupní cena nemovitosti","7432","do 1 999 obyv.","399999632000000","Česko","CZ","Plzeňský kraj","CZ032","Plzeň-město","CZ0323","Rodinné domy [Kč/m2]","10302","2019-2021","2019-2021","39860"
"Průměrná jednotková kupní cena nemovitosti","7432","do 1 999 obyv.","399999632000000","Česko","CZ","Plzeňský kraj","CZ032","Plzeň-město","CZ0323","Rodinné domy [Kč/m2]","10302","2020-2022","2020-2022","42570"
"Průměrná jednotková kupní cena nemovitosti","7432","do 1 999 obyv.","399999632000000","Česko","CZ","Plzeňský kraj","CZ032","Plzeň-město","CZ0323","Rodinné domy [Kč/m2]","10302","2021-2023","2021-2023","46578"
"Průměrná jednotková kupní cena nemovitosti","7432","do 1 999 obyv.","399999632000000","Česko","CZ","Plzeňský kraj","CZ032","Plzeň-město","CZ0323","Rodinné domy [Kč/m2]","10302","2022-2024","2022-2024","46161"
"Průměrná jednotková kupní cena nemovitosti","7432","do 1 999 obyv.","399999632000000","Česko","CZ","Plzeňský kraj","CZ032","Plzeň-město","CZ0323","Byty [Kč/m2]","10602","2019-2021","2019-2021","30968"
"Průměrná jednotková kupní cena nemovitosti","7432","do 1 999 obyv.","399999632000000","Česko","CZ","Plzeňský kraj","CZ032","Plzeň-město","CZ0323","Byty [Kč/m2]","10602","2020-2022","2020-2022","36664"
"Průměrná jednotková kupní cena nemovitosti","7432","do 1 999 obyv.","399999632000000","Česko","CZ","Plzeňský kraj","CZ032","Plzeň-město","CZ0323","Byty [Kč/m2]","10602","2021-2023","2021-2023","38366"
"Průměrná jednotková kupní cena nemovitosti","7432","do 1 999 obyv.","399999632000000","Česko","CZ","Plzeňský kraj","CZ032","Plzeň-město","CZ0323","Byty [Kč/m2]","10602","2022-2024","2022-2024","42324"
"Průměrná jednotková kupní cena nemovitosti","7432","do 1 999 obyv.","399999632000000","Česko","CZ","Plzeňský kraj","CZ032","Plzeň-jih","CZ0324","Rodinné domy [Kč/m2]","10302","2019-2021","2019-2021","26753"
"Průměrná jednotková kupní cena nemovitosti","7432","do 1 999 obyv.","399999632000000","Česko","CZ","Plzeňský kraj","CZ032","Plzeň-jih","CZ0324","Rodinné domy [Kč/m2]","10302","2020-2022","2020-2022","30992"
"Průměrná jednotková kupní cena nemovitosti","7432","do 1 999 obyv.","399999632000000","Česko","CZ","Plzeňský kraj","CZ032","Plzeň-jih","CZ0324","Rodinné domy [Kč/m2]","10302","2021-2023","2021-2023","35351"
"Průměrná jednotková kupní cena nemovitosti","7432","do 1 999 obyv.","399999632000000","Česko","CZ","Plzeňský kraj","CZ032","Plzeň-jih","CZ0324","Rodinné domy [Kč/m2]","10302","2022-2024","2022-2024","37933"
"Průměrná jednotková kupní cena nemovitosti","7432","do 1 999 obyv.","399999632000000","Česko","CZ","Plzeňský kraj","CZ032","Plzeň-jih","CZ0324","Byty [Kč/m2]","10602","2019-2021","2019-2021","23712"
"Průměrná jednotková kupní cena nemovitosti","7432","do 1 999 obyv.","399999632000000","Česko","CZ","Plzeňský kraj","CZ032","Plzeň-jih","CZ0324","Byty [Kč/m2]","10602","2020-2022","2020-2022","28697"
"Průměrná jednotková kupní cena nemovitosti","7432","do 1 999 obyv.","399999632000000","Česko","CZ","Plzeňský kraj","CZ032","Plzeň-jih","CZ0324","Byty [Kč/m2]","10602","2021-2023","2021-2023","31777"
"Průměrná jednotková kupní cena nemovitosti","7432","do 1 999 obyv.","399999632000000","Česko","CZ","Plzeňský kraj","CZ032","Plzeň-jih","CZ0324","Byty [Kč/m2]","10602","2022-2024","2022-2024","34414"
"Průměrná jednotková kupní cena nemovitosti","7432","do 1 999 obyv.","399999632000000","Česko","CZ","Plzeňský kraj","CZ032","Plzeň-sever","CZ0325","Rodinné domy [Kč/m2]","10302","2019-2021","2019-2021","30336"
"Průměrná jednotková kupní cena nemovitosti","7432","do 1 999 obyv.","399999632000000","Česko","CZ","Plzeňský kraj","CZ032","Plzeň-sever","CZ0325","Rodinné domy [Kč/m2]","10302","2020-2022","2020-2022","34423"
"Průměrná jednotková kupní cena nemovitosti","7432","do 1 999 obyv.","399999632000000","Česko","CZ","Plzeňský kraj","CZ032","Plzeň-sever","CZ0325","Rodinné domy [Kč/m2]","10302","2021-2023","2021-2023","38929"
"Průměrná jednotková kupní cena nemovitosti","7432","do 1 999 obyv.","399999632000000","Česko","CZ","Plzeňský kraj","CZ032","Plzeň-sever","CZ0325","Rodinné domy [Kč/m2]","10302","2022-2024","2022-2024","41098"
"Průměrná jednotková kupní cena nemovitosti","7432","do 1 999 obyv.","399999632000000","Česko","CZ","Plzeňský kraj","CZ032","Plzeň-sever","CZ0325","Byty [Kč/m2]","10602","2019-2021","2019-2021","23070"
"Průměrná jednotková kupní cena nemovitosti","7432","do 1 999 obyv.","399999632000000","Česko","CZ","Plzeňský kraj","CZ032","Plzeň-sever","CZ0325","Byty [Kč/m2]","10602","2020-2022","2020-2022","30809"
"Průměrná jednotková kupní cena nemovitosti","7432","do 1 999 obyv.","399999632000000","Česko","CZ","Plzeňský kraj","CZ032","Plzeň-sever","CZ0325","Byty [Kč/m2]","10602","2021-2023","2021-2023","32309"
"Průměrná jednotková kupní cena nemovitosti","7432","do 1 999 obyv.","399999632000000","Česko","CZ","Plzeňský kraj","CZ032","Plzeň-sever","CZ0325","Byty [Kč/m2]","10602","2022-2024","2022-2024","36711"
"Průměrná jednotková kupní cena nemovitosti","7432","do 1 999 obyv.","399999632000000","Česko","CZ","Plzeňský kraj","CZ032","Rokycany","CZ0326","Rodinné domy [Kč/m2]","10302","2019-2021","2019-2021","28978"
"Průměrná jednotková kupní cena nemovitosti","7432","do 1 999 obyv.","399999632000000","Česko","CZ","Plzeňský kraj","CZ032","Rokycany","CZ0326","Rodinné domy [Kč/m2]","10302","2020-2022","2020-2022","32179"
"Průměrná jednotková kupní cena nemovitosti","7432","do 1 999 obyv.","399999632000000","Česko","CZ","Plzeňský kraj","CZ032","Rokycany","CZ0326","Rodinné domy [Kč/m2]","10302","2021-2023","2021-2023","37294"
"Průměrná jednotková kupní cena nemovitosti","7432","do 1 999 obyv.","399999632000000","Česko","CZ","Plzeňský kraj","CZ032","Rokycany","CZ0326","Rodinné domy [Kč/m2]","10302","2022-2024","2022-2024","38743"
"Průměrná jednotková kupní cena nemovitosti","7432","do 1 999 obyv.","399999632000000","Česko","CZ","Plzeňský kraj","CZ032","Rokycany","CZ0326","Byty [Kč/m2]","10602","2019-2021","2019-2021","28867"
"Průměrná jednotková kupní cena nemovitosti","7432","do 1 999 obyv.","399999632000000","Česko","CZ","Plzeňský kraj","CZ032","Rokycany","CZ0326","Byty [Kč/m2]","10602","2020-2022","2020-2022","34399"
"Průměrná jednotková kupní cena nemovitosti","7432","do 1 999 obyv.","399999632000000","Česko","CZ","Plzeňský kraj","CZ032","Rokycany","CZ0326","Byty [Kč/m2]","10602","2021-2023","2021-2023","38345"
"Průměrná jednotková kupní cena nemovitosti","7432","do 1 999 obyv.","399999632000000","Česko","CZ","Plzeňský kraj","CZ032","Rokycany","CZ0326","Byty [Kč/m2]","10602","2022-2024","2022-2024","42148"
"Průměrná jednotková kupní cena nemovitosti","7432","do 1 999 obyv.","399999632000000","Česko","CZ","Plzeňský kraj","CZ032","Tachov","CZ0327","Rodinné domy [Kč/m2]","10302","2019-2021","2019-2021","28683"
"Průměrná jednotková kupní cena nemovitosti","7432","do 1 999 obyv.","399999632000000","Česko","CZ","Plzeňský kraj","CZ032","Tachov","CZ0327","Rodinné domy [Kč/m2]","10302","2020-2022","2020-2022","32330"
"Průměrná jednotková kupní cena nemovitosti","7432","do 1 999 obyv.","399999632000000","Česko","CZ","Plzeňský kraj","CZ032","Tachov","CZ0327","Rodinné domy [Kč/m2]","10302","2021-2023","2021-2023","36129"
"Průměrná jednotková kupní cena nemovitosti","7432","do 1 999 obyv.","399999632000000","Česko","CZ","Plzeňský kraj","CZ032","Tachov","CZ0327","Rodinné domy [Kč/m2]","10302","2022-2024","2022-2024","38175"
"Průměrná jednotková kupní cena nemovitosti","7432","do 1 999 obyv.","399999632000000","Česko","CZ","Plzeňský kraj","CZ032","Tachov","CZ0327","Byty [Kč/m2]","10602","2019-2021","2019-2021","21042"
"Průměrná jednotková kupní cena nemovitosti","7432","do 1 999 obyv.","399999632000000","Česko","CZ","Plzeňský kraj","CZ032","Tachov","CZ0327","Byty [Kč/m2]","10602","2020-2022","2020-2022","24821"
"Průměrná jednotková kupní cena nemovitosti","7432","do 1 999 obyv.","399999632000000","Česko","CZ","Plzeňský kraj","CZ032","Tachov","CZ0327","Byty [Kč/m2]","10602","2021-2023","2021-2023","28422"
"Průměrná jednotková kupní cena nemovitosti","7432","do 1 999 obyv.","399999632000000","Česko","CZ","Plzeňský kraj","CZ032","Tachov","CZ0327","Byty [Kč/m2]","10602","2022-2024","2022-2024","31636"
"Průměrná jednotková kupní cena nemovitosti","7432","do 1 999 obyv.","399999632000000","Česko","CZ","Karlovarský kraj","CZ041","Cheb","CZ0411","Rodinné domy [Kč/m2]","10302","2019-2021","2019-2021","27370"
"Průměrná jednotková kupní cena nemovitosti","7432","do 1 999 obyv.","399999632000000","Česko","CZ","Karlovarský kraj","CZ041","Cheb","CZ0411","Rodinné domy [Kč/m2]","10302","2020-2022","2020-2022","30037"
"Průměrná jednotková kupní cena nemovitosti","7432","do 1 999 obyv.","399999632000000","Česko","CZ","Karlovarský kraj","CZ041","Cheb","CZ0411","Rodinné domy [Kč/m2]","10302","2021-2023","2021-2023","32145"
"Průměrná jednotková kupní cena nemovitosti","7432","do 1 999 obyv.","399999632000000","Česko","CZ","Karlovarský kraj","CZ041","Cheb","CZ0411","Rodinné domy [Kč/m2]","10302","2022-2024","2022-2024","34560"
"Průměrná jednotková kupní cena nemovitosti","7432","do 1 999 obyv.","399999632000000","Česko","CZ","Karlovarský kraj","CZ041","Cheb","CZ0411","Byty [Kč/m2]","10602","2019-2021","2019-2021","16549"
"Průměrná jednotková kupní cena nemovitosti","7432","do 1 999 obyv.","399999632000000","Česko","CZ","Karlovarský kraj","CZ041","Cheb","CZ0411","Byty [Kč/m2]","10602","2020-2022","2020-2022","19762"
"Průměrná jednotková kupní cena nemovitosti","7432","do 1 999 obyv.","399999632000000","Česko","CZ","Karlovarský kraj","CZ041","Cheb","CZ0411","Byty [Kč/m2]","10602","2021-2023","2021-2023","23511"
"Průměrná jednotková kupní cena nemovitosti","7432","do 1 999 obyv.","399999632000000","Česko","CZ","Karlovarský kraj","CZ041","Cheb","CZ0411","Byty [Kč/m2]","10602","2022-2024","2022-2024","26224"
"Průměrná jednotková kupní cena nemovitosti","7432","do 1 999 obyv.","399999632000000","Česko","CZ","Karlovarský kraj","CZ041","Karlovy Vary","CZ0412","Rodinné domy [Kč/m2]","10302","2019-2021","2019-2021","31730"
"Průměrná jednotková kupní cena nemovitosti","7432","do 1 999 obyv.","399999632000000","Česko","CZ","Karlovarský kraj","CZ041","Karlovy Vary","CZ0412","Rodinné domy [Kč/m2]","10302","2020-2022","2020-2022","36970"
"Průměrná jednotková kupní cena nemovitosti","7432","do 1 999 obyv.","399999632000000","Česko","CZ","Karlovarský kraj","CZ041","Karlovy Vary","CZ0412","Rodinné domy [Kč/m2]","10302","2021-2023","2021-2023","39141"
"Průměrná jednotková kupní cena nemovitosti","7432","do 1 999 obyv.","399999632000000","Česko","CZ","Karlovarský kraj","CZ041","Karlovy Vary","CZ0412","Rodinné domy [Kč/m2]","10302","2022-2024","2022-2024","42942"
"Průměrná jednotková kupní cena nemovitosti","7432","do 1 999 obyv.","399999632000000","Česko","CZ","Karlovarský kraj","CZ041","Karlovy Vary","CZ0412","Byty [Kč/m2]","10602","2019-2021","2019-2021","22425"
"Průměrná jednotková kupní cena nemovitosti","7432","do 1 999 obyv.","399999632000000","Česko","CZ","Karlovarský kraj","CZ041","Karlovy Vary","CZ0412","Byty [Kč/m2]","10602","2020-2022","2020-2022","26450"
"Průměrná jednotková kupní cena nemovitosti","7432","do 1 999 obyv.","399999632000000","Česko","CZ","Karlovarský kraj","CZ041","Karlovy Vary","CZ0412","Byty [Kč/m2]","10602","2021-2023","2021-2023","30128"
"Průměrná jednotková kupní cena nemovitosti","7432","do 1 999 obyv.","399999632000000","Česko","CZ","Karlovarský kraj","CZ041","Karlovy Vary","CZ0412","Byty [Kč/m2]","10602","2022-2024","2022-2024","31262"
"Průměrná jednotková kupní cena nemovitosti","7432","do 1 999 obyv.","399999632000000","Česko","CZ","Karlovarský kraj","CZ041","Sokolov","CZ0413","Rodinné domy [Kč/m2]","10302","2019-2021","2019-2021","26004"
"Průměrná jednotková kupní cena nemovitosti","7432","do 1 999 obyv.","399999632000000","Česko","CZ","Karlovarský kraj","CZ041","Sokolov","CZ0413","Rodinné domy [Kč/m2]","10302","2020-2022","2020-2022","30816"
"Průměrná jednotková kupní cena nemovitosti","7432","do 1 999 obyv.","399999632000000","Česko","CZ","Karlovarský kraj","CZ041","Sokolov","CZ0413","Rodinné domy [Kč/m2]","10302","2021-2023","2021-2023","33759"
"Průměrná jednotková kupní cena nemovitosti","7432","do 1 999 obyv.","399999632000000","Česko","CZ","Karlovarský kraj","CZ041","Sokolov","CZ0413","Rodinné domy [Kč/m2]","10302","2022-2024","2022-2024","35659"
"Průměrná jednotková kupní cena nemovitosti","7432","do 1 999 obyv.","399999632000000","Česko","CZ","Karlovarský kraj","CZ041","Sokolov","CZ0413","Byty [Kč/m2]","10602","2019-2021","2019-2021","18656"
"Průměrná jednotková kupní cena nemovitosti","7432","do 1 999 obyv.","399999632000000","Česko","CZ","Karlovarský kraj","CZ041","Sokolov","CZ0413","Byty [Kč/m2]","10602","2020-2022","2020-2022","19474"
"Průměrná jednotková kupní cena nemovitosti","7432","do 1 999 obyv.","399999632000000","Česko","CZ","Karlovarský kraj","CZ041","Sokolov","CZ0413","Byty [Kč/m2]","10602","2021-2023","2021-2023","20882"
"Průměrná jednotková kupní cena nemovitosti","7432","do 1 999 obyv.","399999632000000","Česko","CZ","Karlovarský kraj","CZ041","Sokolov","CZ0413","Byty [Kč/m2]","10602","2022-2024","2022-2024","21625"
"Průměrná jednotková kupní cena nemovitosti","7432","do 1 999 obyv.","399999632000000","Česko","CZ","Ústecký kraj","CZ042","Děčín","CZ0421","Rodinné domy [Kč/m2]","10302","2019-2021","2019-2021","28627"
"Průměrná jednotková kupní cena nemovitosti","7432","do 1 999 obyv.","399999632000000","Česko","CZ","Ústecký kraj","CZ042","Děčín","CZ0421","Rodinné domy [Kč/m2]","10302","2020-2022","2020-2022","33071"
"Průměrná jednotková kupní cena nemovitosti","7432","do 1 999 obyv.","399999632000000","Česko","CZ","Ústecký kraj","CZ042","Děčín","CZ0421","Rodinné domy [Kč/m2]","10302","2021-2023","2021-2023","35429"
"Průměrná jednotková kupní cena nemovitosti","7432","do 1 999 obyv.","399999632000000","Česko","CZ","Ústecký kraj","CZ042","Děčín","CZ0421","Rodinné domy [Kč/m2]","10302","2022-2024","2022-2024","37259"
"Průměrná jednotková kupní cena nemovitosti","7432","do 1 999 obyv.","399999632000000","Česko","CZ","Ústecký kraj","CZ042","Děčín","CZ0421","Byty [Kč/m2]","10602","2019-2021","2019-2021","21763"
"Průměrná jednotková kupní cena nemovitosti","7432","do 1 999 obyv.","399999632000000","Česko","CZ","Ústecký kraj","CZ042","Děčín","CZ0421","Byty [Kč/m2]","10602","2020-2022","2020-2022","24095"
"Průměrná jednotková kupní cena nemovitosti","7432","do 1 999 obyv.","399999632000000","Česko","CZ","Ústecký kraj","CZ042","Děčín","CZ0421","Byty [Kč/m2]","10602","2021-2023","2021-2023","25766"
"Průměrná jednotková kupní cena nemovitosti","7432","do 1 999 obyv.","399999632000000","Česko","CZ","Ústecký kraj","CZ042","Děčín","CZ0421","Byty [Kč/m2]","10602","2022-2024","2022-2024","24655"
"Průměrná jednotková kupní cena nemovitosti","7432","do 1 999 obyv.","399999632000000","Česko","CZ","Ústecký kraj","CZ042","Chomutov","CZ0422","Rodinné domy [Kč/m2]","10302","2019-2021","2019-2021","28261"
"Průměrná jednotková kupní cena nemovitosti","7432","do 1 999 obyv.","399999632000000","Česko","CZ","Ústecký kraj","CZ042","Chomutov","CZ0422","Rodinné domy [Kč/m2]","10302","2020-2022","2020-2022","31568"
"Průměrná jednotková kupní cena nemovitosti","7432","do 1 999 obyv.","399999632000000","Česko","CZ","Ústecký kraj","CZ042","Chomutov","CZ0422","Rodinné domy [Kč/m2]","10302","2021-2023","2021-2023","37055"
"Průměrná jednotková kupní cena nemovitosti","7432","do 1 999 obyv.","399999632000000","Česko","CZ","Ústecký kraj","CZ042","Chomutov","CZ0422","Rodinné domy [Kč/m2]","10302","2022-2024","2022-2024","39426"
"Průměrná jednotková kupní cena nemovitosti","7432","do 1 999 obyv.","399999632000000","Česko","CZ","Ústecký kraj","CZ042","Chomutov","CZ0422","Byty [Kč/m2]","10602","2019-2021","2019-2021","22530"
"Průměrná jednotková kupní cena nemovitosti","7432","do 1 999 obyv.","399999632000000","Česko","CZ","Ústecký kraj","CZ042","Chomutov","CZ0422","Byty [Kč/m2]","10602","2020-2022","2020-2022","30213"
"Průměrná jednotková kupní cena nemovitosti","7432","do 1 999 obyv.","399999632000000","Česko","CZ","Ústecký kraj","CZ042","Chomutov","CZ0422","Byty [Kč/m2]","10602","2021-2023","2021-2023","31967"
"Průměrná jednotková kupní cena nemovitosti","7432","do 1 999 obyv.","399999632000000","Česko","CZ","Ústecký kraj","CZ042","Chomutov","CZ0422","Byty [Kč/m2]","10602","2022-2024","2022-2024","35870"
"Průměrná jednotková kupní cena nemovitosti","7432","do 1 999 obyv.","399999632000000","Česko","CZ","Ústecký kraj","CZ042","Litoměřice","CZ0423","Rodinné domy [Kč/m2]","10302","2019-2021","2019-2021","26434"
"Průměrná jednotková kupní cena nemovitosti","7432","do 1 999 obyv.","399999632000000","Česko","CZ","Ústecký kraj","CZ042","Litoměřice","CZ0423","Rodinné domy [Kč/m2]","10302","2020-2022","2020-2022","31579"
"Průměrná jednotková kupní cena nemovitosti","7432","do 1 999 obyv.","399999632000000","Česko","CZ","Ústecký kraj","CZ042","Litoměřice","CZ0423","Rodinné domy [Kč/m2]","10302","2021-2023","2021-2023","35437"
"Průměrná jednotková kupní cena nemovitosti","7432","do 1 999 obyv.","399999632000000","Česko","CZ","Ústecký kraj","CZ042","Litoměřice","CZ0423","Rodinné domy [Kč/m2]","10302","2022-2024","2022-2024","39080"
"Průměrná jednotková kupní cena nemovitosti","7432","do 1 999 obyv.","399999632000000","Česko","CZ","Ústecký kraj","CZ042","Litoměřice","CZ0423","Byty [Kč/m2]","10602","2019-2021","2019-2021","22160"
"Průměrná jednotková kupní cena nemovitosti","7432","do 1 999 obyv.","399999632000000","Česko","CZ","Ústecký kraj","CZ042","Litoměřice","CZ0423","Byty [Kč/m2]","10602","2020-2022","2020-2022","27448"
"Průměrná jednotková kupní cena nemovitosti","7432","do 1 999 obyv.","399999632000000","Česko","CZ","Ústecký kraj","CZ042","Litoměřice","CZ0423","Byty [Kč/m2]","10602","2021-2023","2021-2023","31249"
"Průměrná jednotková kupní cena nemovitosti","7432","do 1 999 obyv.","399999632000000","Česko","CZ","Ústecký kraj","CZ042","Litoměřice","CZ0423","Byty [Kč/m2]","10602","2022-2024","2022-2024","34211"
"Průměrná jednotková kupní cena nemovitosti","7432","do 1 999 obyv.","399999632000000","Česko","CZ","Ústecký kraj","CZ042","Louny","CZ0424","Rodinné domy [Kč/m2]","10302","2019-2021","2019-2021","24328"
"Průměrná jednotková kupní cena nemovitosti","7432","do 1 999 obyv.","399999632000000","Česko","CZ","Ústecký kraj","CZ042","Louny","CZ0424","Rodinné domy [Kč/m2]","10302","2020-2022","2020-2022","27905"
"Průměrná jednotková kupní cena nemovitosti","7432","do 1 999 obyv.","399999632000000","Česko","CZ","Ústecký kraj","CZ042","Louny","CZ0424","Rodinné domy [Kč/m2]","10302","2021-2023","2021-2023","30080"
"Průměrná jednotková kupní cena nemovitosti","7432","do 1 999 obyv.","399999632000000","Česko","CZ","Ústecký kraj","CZ042","Louny","CZ0424","Rodinné domy [Kč/m2]","10302","2022-2024","2022-2024","36224"
"Průměrná jednotková kupní cena nemovitosti","7432","do 1 999 obyv.","399999632000000","Česko","CZ","Ústecký kraj","CZ042","Louny","CZ0424","Byty [Kč/m2]","10602","2019-2021","2019-2021","18415"
"Průměrná jednotková kupní cena nemovitosti","7432","do 1 999 obyv.","399999632000000","Česko","CZ","Ústecký kraj","CZ042","Louny","CZ0424","Byty [Kč/m2]","10602","2020-2022","2020-2022","24291"
"Průměrná jednotková kupní cena nemovitosti","7432","do 1 999 obyv.","399999632000000","Česko","CZ","Ústecký kraj","CZ042","Louny","CZ0424","Byty [Kč/m2]","10602","2021-2023","2021-2023","27062"
"Průměrná jednotková kupní cena nemovitosti","7432","do 1 999 obyv.","399999632000000","Česko","CZ","Ústecký kraj","CZ042","Louny","CZ0424","Byty [Kč/m2]","10602","2022-2024","2022-2024","27716"
"Průměrná jednotková kupní cena nemovitosti","7432","do 1 999 obyv.","399999632000000","Česko","CZ","Ústecký kraj","CZ042","Most","CZ0425","Rodinné domy [Kč/m2]","10302","2019-2021","2019-2021","23718"
"Průměrná jednotková kupní cena nemovitosti","7432","do 1 999 obyv.","399999632000000","Česko","CZ","Ústecký kraj","CZ042","Most","CZ0425","Rodinné domy [Kč/m2]","10302","2020-2022","2020-2022","30037"
"Průměrná jednotková kupní cena nemovitosti","7432","do 1 999 obyv.","399999632000000","Česko","CZ","Ústecký kraj","CZ042","Most","CZ0425","Rodinné domy [Kč/m2]","10302","2021-2023","2021-2023","34808"
"Průměrná jednotková kupní cena nemovitosti","7432","do 1 999 obyv.","399999632000000","Česko","CZ","Ústecký kraj","CZ042","Most","CZ0425","Rodinné domy [Kč/m2]","10302","2022-2024","2022-2024","39781"
"Průměrná jednotková kupní cena nemovitosti","7432","do 1 999 obyv.","399999632000000","Česko","CZ","Ústecký kraj","CZ042","Most","CZ0425","Byty [Kč/m2]","10602","2019-2021","2019-2021","21939"
"Průměrná jednotková kupní cena nemovitosti","7432","do 1 999 obyv.","399999632000000","Česko","CZ","Ústecký kraj","CZ042","Most","CZ0425","Byty [Kč/m2]","10602","2021-2023","2021-2023","25807"
"Průměrná jednotková kupní cena nemovitosti","7432","do 1 999 obyv.","399999632000000","Česko","CZ","Ústecký kraj","CZ042","Most","CZ0425","Byty [Kč/m2]","10602","2022-2024","2022-2024","26419"
"Průměrná jednotková kupní cena nemovitosti","7432","do 1 999 obyv.","399999632000000","Česko","CZ","Ústecký kraj","CZ042","Teplice","CZ0426","Rodinné domy [Kč/m2]","10302","2019-2021","2019-2021","27347"
"Průměrná jednotková kupní cena nemovitosti","7432","do 1 999 obyv.","399999632000000","Česko","CZ","Ústecký kraj","CZ042","Teplice","CZ0426","Rodinné domy [Kč/m2]","10302","2020-2022","2020-2022","30293"
"Průměrná jednotková kupní cena nemovitosti","7432","do 1 999 obyv.","399999632000000","Česko","CZ","Ústecký kraj","CZ042","Teplice","CZ0426","Rodinné domy [Kč/m2]","10302","2021-2023","2021-2023","35469"
"Průměrná jednotková kupní cena nemovitosti","7432","do 1 999 obyv.","399999632000000","Česko","CZ","Ústecký kraj","CZ042","Teplice","CZ0426","Rodinné domy [Kč/m2]","10302","2022-2024","2022-2024","37917"
"Průměrná jednotková kupní cena nemovitosti","7432","do 1 999 obyv.","399999632000000","Česko","CZ","Ústecký kraj","CZ042","Teplice","CZ0426","Byty [Kč/m2]","10602","2019-2021","2019-2021","15362"
"Průměrná jednotková kupní cena nemovitosti","7432","do 1 999 obyv.","399999632000000","Česko","CZ","Ústecký kraj","CZ042","Teplice","CZ0426","Byty [Kč/m2]","10602","2020-2022","2020-2022","18391"
"Průměrná jednotková kupní cena nemovitosti","7432","do 1 999 obyv.","399999632000000","Česko","CZ","Ústecký kraj","CZ042","Teplice","CZ0426","Byty [Kč/m2]","10602","2021-2023","2021-2023","22112"
"Průměrná jednotková kupní cena nemovitosti","7432","do 1 999 obyv.","399999632000000","Česko","CZ","Ústecký kraj","CZ042","Teplice","CZ0426","Byty [Kč/m2]","10602","2022-2024","2022-2024","24694"
"Průměrná jednotková kupní cena nemovitosti","7432","do 1 999 obyv.","399999632000000","Česko","CZ","Ústecký kraj","CZ042","Ústí nad Labem","CZ0427","Rodinné domy [Kč/m2]","10302","2019-2021","2019-2021","30060"
"Průměrná jednotková kupní cena nemovitosti","7432","do 1 999 obyv.","399999632000000","Česko","CZ","Ústecký kraj","CZ042","Ústí nad Labem","CZ0427","Rodinné domy [Kč/m2]","10302","2020-2022","2020-2022","34510"
"Průměrná jednotková kupní cena nemovitosti","7432","do 1 999 obyv.","399999632000000","Česko","CZ","Ústecký kraj","CZ042","Ústí nad Labem","CZ0427","Rodinné domy [Kč/m2]","10302","2021-2023","2021-2023","38589"
"Průměrná jednotková kupní cena nemovitosti","7432","do 1 999 obyv.","399999632000000","Česko","CZ","Ústecký kraj","CZ042","Ústí nad Labem","CZ0427","Rodinné domy [Kč/m2]","10302","2022-2024","2022-2024","44067"
"Průměrná jednotková kupní cena nemovitosti","7432","do 1 999 obyv.","399999632000000","Česko","CZ","Ústecký kraj","CZ042","Ústí nad Labem","CZ0427","Byty [Kč/m2]","10602","2019-2021","2019-2021","18551"
"Průměrná jednotková kupní cena nemovitosti","7432","do 1 999 obyv.","399999632000000","Česko","CZ","Ústecký kraj","CZ042","Ústí nad Labem","CZ0427","Byty [Kč/m2]","10602","2020-2022","2020-2022","26000"
"Průměrná jednotková kupní cena nemovitosti","7432","do 1 999 obyv.","399999632000000","Česko","CZ","Ústecký kraj","CZ042","Ústí nad Labem","CZ0427","Byty [Kč/m2]","10602","2021-2023","2021-2023","31295"
"Průměrná jednotková kupní cena nemovitosti","7432","do 1 999 obyv.","399999632000000","Česko","CZ","Ústecký kraj","CZ042","Ústí nad Labem","CZ0427","Byty [Kč/m2]","10602","2022-2024","2022-2024","34038"
"Průměrná jednotková kupní cena nemovitosti","7432","do 1 999 obyv.","399999632000000","Česko","CZ","Liberecký kraj","CZ051","Česká Lípa","CZ0511","Rodinné domy [Kč/m2]","10302","2019-2021","2019-2021","28521"
"Průměrná jednotková kupní cena nemovitosti","7432","do 1 999 obyv.","399999632000000","Česko","CZ","Liberecký kraj","CZ051","Česká Lípa","CZ0511","Rodinné domy [Kč/m2]","10302","2020-2022","2020-2022","31805"
"Průměrná jednotková kupní cena nemovitosti","7432","do 1 999 obyv.","399999632000000","Česko","CZ","Liberecký kraj","CZ051","Česká Lípa","CZ0511","Rodinné domy [Kč/m2]","10302","2021-2023","2021-2023","34096"
"Průměrná jednotková kupní cena nemovitosti","7432","do 1 999 obyv.","399999632000000","Česko","CZ","Liberecký kraj","CZ051","Česká Lípa","CZ0511","Rodinné domy [Kč/m2]","10302","2022-2024","2022-2024","38431"
"Průměrná jednotková kupní cena nemovitosti","7432","do 1 999 obyv.","399999632000000","Česko","CZ","Liberecký kraj","CZ051","Česká Lípa","CZ0511","Byty [Kč/m2]","10602","2019-2021","2019-2021","17697"
"Průměrná jednotková kupní cena nemovitosti","7432","do 1 999 obyv.","399999632000000","Česko","CZ","Liberecký kraj","CZ051","Česká Lípa","CZ0511","Byty [Kč/m2]","10602","2020-2022","2020-2022","20792"
"Průměrná jednotková kupní cena nemovitosti","7432","do 1 999 obyv.","399999632000000","Česko","CZ","Liberecký kraj","CZ051","Česká Lípa","CZ0511","Byty [Kč/m2]","10602","2021-2023","2021-2023","27273"
"Průměrná jednotková kupní cena nemovitosti","7432","do 1 999 obyv.","399999632000000","Česko","CZ","Liberecký kraj","CZ051","Česká Lípa","CZ0511","Byty [Kč/m2]","10602","2022-2024","2022-2024","29243"
"Průměrná jednotková kupní cena nemovitosti","7432","do 1 999 obyv.","399999632000000","Česko","CZ","Liberecký kraj","CZ051","Jablonec nad Nisou","CZ0512","Rodinné domy [Kč/m2]","10302","2019-2021","2019-2021","30571"
"Průměrná jednotková kupní cena nemovitosti","7432","do 1 999 obyv.","399999632000000","Česko","CZ","Liberecký kraj","CZ051","Jablonec nad Nisou","CZ0512","Rodinné domy [Kč/m2]","10302","2020-2022","2020-2022","36768"
"Průměrná jednotková kupní cena nemovitosti","7432","do 1 999 obyv.","399999632000000","Česko","CZ","Liberecký kraj","CZ051","Jablonec nad Nisou","CZ0512","Rodinné domy [Kč/m2]","10302","2021-2023","2021-2023","39348"
"Průměrná jednotková kupní cena nemovitosti","7432","do 1 999 obyv.","399999632000000","Česko","CZ","Liberecký kraj","CZ051","Jablonec nad Nisou","CZ0512","Rodinné domy [Kč/m2]","10302","2022-2024","2022-2024","43398"
"Průměrná jednotková kupní cena nemovitosti","7432","do 1 999 obyv.","399999632000000","Česko","CZ","Liberecký kraj","CZ051","Jablonec nad Nisou","CZ0512","Byty [Kč/m2]","10602","2019-2021","2019-2021","24511"
"Průměrná jednotková kupní cena nemovitosti","7432","do 1 999 obyv.","399999632000000","Česko","CZ","Liberecký kraj","CZ051","Jablonec nad Nisou","CZ0512","Byty [Kč/m2]","10602","2020-2022","2020-2022","30183"
"Průměrná jednotková kupní cena nemovitosti","7432","do 1 999 obyv.","399999632000000","Česko","CZ","Liberecký kraj","CZ051","Jablonec nad Nisou","CZ0512","Byty [Kč/m2]","10602","2021-2023","2021-2023","36005"
"Průměrná jednotková kupní cena nemovitosti","7432","do 1 999 obyv.","399999632000000","Česko","CZ","Liberecký kraj","CZ051","Jablonec nad Nisou","CZ0512","Byty [Kč/m2]","10602","2022-2024","2022-2024","35000"
"Průměrná jednotková kupní cena nemovitosti","7432","do 1 999 obyv.","399999632000000","Česko","CZ","Liberecký kraj","CZ051","Liberec","CZ0513","Rodinné domy [Kč/m2]","10302","2019-2021","2019-2021","26721"
"Průměrná jednotková kupní cena nemovitosti","7432","do 1 999 obyv.","399999632000000","Česko","CZ","Liberecký kraj","CZ051","Liberec","CZ0513","Rodinné domy [Kč/m2]","10302","2020-2022","2020-2022","32087"
"Průměrná jednotková kupní cena nemovitosti","7432","do 1 999 obyv.","399999632000000","Česko","CZ","Liberecký kraj","CZ051","Liberec","CZ0513","Rodinné domy [Kč/m2]","10302","2021-2023","2021-2023","34982"
"Průměrná jednotková kupní cena nemovitosti","7432","do 1 999 obyv.","399999632000000","Česko","CZ","Liberecký kraj","CZ051","Liberec","CZ0513","Rodinné domy [Kč/m2]","10302","2022-2024","2022-2024","40539"
"Průměrná jednotková kupní cena nemovitosti","7432","do 1 999 obyv.","399999632000000","Česko","CZ","Liberecký kraj","CZ051","Liberec","CZ0513","Byty [Kč/m2]","10602","2019-2021","2019-2021","25425"
"Průměrná jednotková kupní cena nemovitosti","7432","do 1 999 obyv.","399999632000000","Česko","CZ","Liberecký kraj","CZ051","Liberec","CZ0513","Byty [Kč/m2]","10602","2020-2022","2020-2022","27272"
"Průměrná jednotková kupní cena nemovitosti","7432","do 1 999 obyv.","399999632000000","Česko","CZ","Liberecký kraj","CZ051","Liberec","CZ0513","Byty [Kč/m2]","10602","2021-2023","2021-2023","32726"
"Průměrná jednotková kupní cena nemovitosti","7432","do 1 999 obyv.","399999632000000","Česko","CZ","Liberecký kraj","CZ051","Liberec","CZ0513","Byty [Kč/m2]","10602","2022-2024","2022-2024","35258"
"Průměrná jednotková kupní cena nemovitosti","7432","do 1 999 obyv.","399999632000000","Česko","CZ","Liberecký kraj","CZ051","Semily","CZ0514","Rodinné domy [Kč/m2]","10302","2019-2021","2019-2021","29147"
"Průměrná jednotková kupní cena nemovitosti","7432","do 1 999 obyv.","399999632000000","Česko","CZ","Liberecký kraj","CZ051","Semily","CZ0514","Rodinné domy [Kč/m2]","10302","2020-2022","2020-2022","33186"
"Průměrná jednotková kupní cena nemovitosti","7432","do 1 999 obyv.","399999632000000","Česko","CZ","Liberecký kraj","CZ051","Semily","CZ0514","Rodinné domy [Kč/m2]","10302","2021-2023","2021-2023","37103"
"Průměrná jednotková kupní cena nemovitosti","7432","do 1 999 obyv.","399999632000000","Česko","CZ","Liberecký kraj","CZ051","Semily","CZ0514","Rodinné domy [Kč/m2]","10302","2022-2024","2022-2024","39345"
"Průměrná jednotková kupní cena nemovitosti","7432","do 1 999 obyv.","399999632000000","Česko","CZ","Liberecký kraj","CZ051","Semily","CZ0514","Byty [Kč/m2]","10602","2019-2021","2019-2021","21997"
"Průměrná jednotková kupní cena nemovitosti","7432","do 1 999 obyv.","399999632000000","Česko","CZ","Liberecký kraj","CZ051","Semily","CZ0514","Byty [Kč/m2]","10602","2020-2022","2020-2022","25873"
"Průměrná jednotková kupní cena nemovitosti","7432","do 1 999 obyv.","399999632000000","Česko","CZ","Liberecký kraj","CZ051","Semily","CZ0514","Byty [Kč/m2]","10602","2021-2023","2021-2023","30464"
"Průměrná jednotková kupní cena nemovitosti","7432","do 1 999 obyv.","399999632000000","Česko","CZ","Liberecký kraj","CZ051","Semily","CZ0514","Byty [Kč/m2]","10602","2022-2024","2022-2024","36022"
"Průměrná jednotková kupní cena nemovitosti","7432","do 1 999 obyv.","399999632000000","Česko","CZ","Královéhradecký kraj","CZ052","Hradec Králové","CZ0521","Rodinné domy [Kč/m2]","10302","2019-2021","2019-2021","29870"
"Průměrná jednotková kupní cena nemovitosti","7432","do 1 999 obyv.","399999632000000","Česko","CZ","Královéhradecký kraj","CZ052","Hradec Králové","CZ0521","Rodinné domy [Kč/m2]","10302","2020-2022","2020-2022","34649"
"Průměrná jednotková kupní cena nemovitosti","7432","do 1 999 obyv.","399999632000000","Česko","CZ","Královéhradecký kraj","CZ052","Hradec Králové","CZ0521","Rodinné domy [Kč/m2]","10302","2021-2023","2021-2023","40163"
"Průměrná jednotková kupní cena nemovitosti","7432","do 1 999 obyv.","399999632000000","Česko","CZ","Královéhradecký kraj","CZ052","Hradec Králové","CZ0521","Rodinné domy [Kč/m2]","10302","2022-2024","2022-2024","44899"
"Průměrná jednotková kupní cena nemovitosti","7432","do 1 999 obyv.","399999632000000","Česko","CZ","Královéhradecký kraj","CZ052","Hradec Králové","CZ0521","Byty [Kč/m2]","10602","2019-2021","2019-2021","28308"
"Průměrná jednotková kupní cena nemovitosti","7432","do 1 999 obyv.","399999632000000","Česko","CZ","Královéhradecký kraj","CZ052","Hradec Králové","CZ0521","Byty [Kč/m2]","10602","2020-2022","2020-2022","35336"
"Průměrná jednotková kupní cena nemovitosti","7432","do 1 999 obyv.","399999632000000","Česko","CZ","Královéhradecký kraj","CZ052","Hradec Králové","CZ0521","Byty [Kč/m2]","10602","2021-2023","2021-2023","33234"
"Průměrná jednotková kupní cena nemovitosti","7432","do 1 999 obyv.","399999632000000","Česko","CZ","Královéhradecký kraj","CZ052","Hradec Králové","CZ0521","Byty [Kč/m2]","10602","2022-2024","2022-2024","37868"
"Průměrná jednotková kupní cena nemovitosti","7432","do 1 999 obyv.","399999632000000","Česko","CZ","Královéhradecký kraj","CZ052","Jičín","CZ0522","Rodinné domy [Kč/m2]","10302","2019-2021","2019-2021","27781"
"Průměrná jednotková kupní cena nemovitosti","7432","do 1 999 obyv.","399999632000000","Česko","CZ","Královéhradecký kraj","CZ052","Jičín","CZ0522","Rodinné domy [Kč/m2]","10302","2020-2022","2020-2022","30513"
"Průměrná jednotková kupní cena nemovitosti","7432","do 1 999 obyv.","399999632000000","Česko","CZ","Královéhradecký kraj","CZ052","Jičín","CZ0522","Rodinné domy [Kč/m2]","10302","2021-2023","2021-2023","35772"
"Průměrná jednotková kupní cena nemovitosti","7432","do 1 999 obyv.","399999632000000","Česko","CZ","Královéhradecký kraj","CZ052","Jičín","CZ0522","Rodinné domy [Kč/m2]","10302","2022-2024","2022-2024","39557"
"Průměrná jednotková kupní cena nemovitosti","7432","do 1 999 obyv.","399999632000000","Česko","CZ","Královéhradecký kraj","CZ052","Jičín","CZ0522","Byty [Kč/m2]","10602","2019-2021","2019-2021","25328"
"Průměrná jednotková kupní cena nemovitosti","7432","do 1 999 obyv.","399999632000000","Česko","CZ","Královéhradecký kraj","CZ052","Jičín","CZ0522","Byty [Kč/m2]","10602","2020-2022","2020-2022","29386"
"Průměrná jednotková kupní cena nemovitosti","7432","do 1 999 obyv.","399999632000000","Česko","CZ","Královéhradecký kraj","CZ052","Jičín","CZ0522","Byty [Kč/m2]","10602","2021-2023","2021-2023","33033"
"Průměrná jednotková kupní cena nemovitosti","7432","do 1 999 obyv.","399999632000000","Česko","CZ","Královéhradecký kraj","CZ052","Jičín","CZ0522","Byty [Kč/m2]","10602","2022-2024","2022-2024","36649"
"Průměrná jednotková kupní cena nemovitosti","7432","do 1 999 obyv.","399999632000000","Česko","CZ","Královéhradecký kraj","CZ052","Náchod","CZ0523","Rodinné domy [Kč/m2]","10302","2019-2021","2019-2021","29124"
"Průměrná jednotková kupní cena nemovitosti","7432","do 1 999 obyv.","399999632000000","Česko","CZ","Královéhradecký kraj","CZ052","Náchod","CZ0523","Rodinné domy [Kč/m2]","10302","2020-2022","2020-2022","32353"
"Průměrná jednotková kupní cena nemovitosti","7432","do 1 999 obyv.","399999632000000","Česko","CZ","Královéhradecký kraj","CZ052","Náchod","CZ0523","Rodinné domy [Kč/m2]","10302","2021-2023","2021-2023","38438"
"Průměrná jednotková kupní cena nemovitosti","7432","do 1 999 obyv.","399999632000000","Česko","CZ","Královéhradecký kraj","CZ052","Náchod","CZ0523","Rodinné domy [Kč/m2]","10302","2022-2024","2022-2024","41479"
"Průměrná jednotková kupní cena nemovitosti","7432","do 1 999 obyv.","399999632000000","Česko","CZ","Královéhradecký kraj","CZ052","Náchod","CZ0523","Byty [Kč/m2]","10602","2019-2021","2019-2021","21877"
"Průměrná jednotková kupní cena nemovitosti","7432","do 1 999 obyv.","399999632000000","Česko","CZ","Královéhradecký kraj","CZ052","Náchod","CZ0523","Byty [Kč/m2]","10602","2020-2022","2020-2022","24709"
"Průměrná jednotková kupní cena nemovitosti","7432","do 1 999 obyv.","399999632000000","Česko","CZ","Královéhradecký kraj","CZ052","Náchod","CZ0523","Byty [Kč/m2]","10602","2021-2023","2021-2023","28165"
"Průměrná jednotková kupní cena nemovitosti","7432","do 1 999 obyv.","399999632000000","Česko","CZ","Královéhradecký kraj","CZ052","Náchod","CZ0523","Byty [Kč/m2]","10602","2022-2024","2022-2024","31261"
"Průměrná jednotková kupní cena nemovitosti","7432","do 1 999 obyv.","399999632000000","Česko","CZ","Královéhradecký kraj","CZ052","Rychnov nad Kněžnou","CZ0524","Rodinné domy [Kč/m2]","10302","2019-2021","2019-2021","31539"
"Průměrná jednotková kupní cena nemovitosti","7432","do 1 999 obyv.","399999632000000","Česko","CZ","Královéhradecký kraj","CZ052","Rychnov nad Kněžnou","CZ0524","Rodinné domy [Kč/m2]","10302","2020-2022","2020-2022","33488"
"Průměrná jednotková kupní cena nemovitosti","7432","do 1 999 obyv.","399999632000000","Česko","CZ","Královéhradecký kraj","CZ052","Rychnov nad Kněžnou","CZ0524","Rodinné domy [Kč/m2]","10302","2021-2023","2021-2023","38361"
"Průměrná jednotková kupní cena nemovitosti","7432","do 1 999 obyv.","399999632000000","Česko","CZ","Královéhradecký kraj","CZ052","Rychnov nad Kněžnou","CZ0524","Rodinné domy [Kč/m2]","10302","2022-2024","2022-2024","45100"
"Průměrná jednotková kupní cena nemovitosti","7432","do 1 999 obyv.","399999632000000","Česko","CZ","Královéhradecký kraj","CZ052","Rychnov nad Kněžnou","CZ0524","Byty [Kč/m2]","10602","2019-2021","2019-2021","22672"
"Průměrná jednotková kupní cena nemovitosti","7432","do 1 999 obyv.","399999632000000","Česko","CZ","Královéhradecký kraj","CZ052","Rychnov nad Kněžnou","CZ0524","Byty [Kč/m2]","10602","2020-2022","2020-2022","29522"
"Průměrná jednotková kupní cena nemovitosti","7432","do 1 999 obyv.","399999632000000","Česko","CZ","Královéhradecký kraj","CZ052","Rychnov nad Kněžnou","CZ0524","Byty [Kč/m2]","10602","2021-2023","2021-2023","33948"
"Průměrná jednotková kupní cena nemovitosti","7432","do 1 999 obyv.","399999632000000","Česko","CZ","Královéhradecký kraj","CZ052","Rychnov nad Kněžnou","CZ0524","Byty [Kč/m2]","10602","2022-2024","2022-2024","33352"
"Průměrná jednotková kupní cena nemovitosti","7432","do 1 999 obyv.","399999632000000","Česko","CZ","Královéhradecký kraj","CZ052","Trutnov","CZ0525","Rodinné domy [Kč/m2]","10302","2019-2021","2019-2021","30023"
"Průměrná jednotková kupní cena nemovitosti","7432","do 1 999 obyv.","399999632000000","Česko","CZ","Královéhradecký kraj","CZ052","Trutnov","CZ0525","Rodinné domy [Kč/m2]","10302","2020-2022","2020-2022","35924"
"Průměrná jednotková kupní cena nemovitosti","7432","do 1 999 obyv.","399999632000000","Česko","CZ","Královéhradecký kraj","CZ052","Trutnov","CZ0525","Rodinné domy [Kč/m2]","10302","2021-2023","2021-2023","38900"
"Průměrná jednotková kupní cena nemovitosti","7432","do 1 999 obyv.","399999632000000","Česko","CZ","Královéhradecký kraj","CZ052","Trutnov","CZ0525","Rodinné domy [Kč/m2]","10302","2022-2024","2022-2024","43696"
"Průměrná jednotková kupní cena nemovitosti","7432","do 1 999 obyv.","399999632000000","Česko","CZ","Královéhradecký kraj","CZ052","Trutnov","CZ0525","Byty [Kč/m2]","10602","2019-2021","2019-2021","23339"
"Průměrná jednotková kupní cena nemovitosti","7432","do 1 999 obyv.","399999632000000","Česko","CZ","Královéhradecký kraj","CZ052","Trutnov","CZ0525","Byty [Kč/m2]","10602","2020-2022","2020-2022","28462"
"Průměrná jednotková kupní cena nemovitosti","7432","do 1 999 obyv.","399999632000000","Česko","CZ","Královéhradecký kraj","CZ052","Trutnov","CZ0525","Byty [Kč/m2]","10602","2021-2023","2021-2023","33546"
"Průměrná jednotková kupní cena nemovitosti","7432","do 1 999 obyv.","399999632000000","Česko","CZ","Královéhradecký kraj","CZ052","Trutnov","CZ0525","Byty [Kč/m2]","10602","2022-2024","2022-2024","35819"
"Průměrná jednotková kupní cena nemovitosti","7432","do 1 999 obyv.","399999632000000","Česko","CZ","Pardubický kraj","CZ053","Chrudim","CZ0531","Rodinné domy [Kč/m2]","10302","2019-2021","2019-2021","27974"
"Průměrná jednotková kupní cena nemovitosti","7432","do 1 999 obyv.","399999632000000","Česko","CZ","Pardubický kraj","CZ053","Chrudim","CZ0531","Rodinné domy [Kč/m2]","10302","2020-2022","2020-2022","32288"
"Průměrná jednotková kupní cena nemovitosti","7432","do 1 999 obyv.","399999632000000","Česko","CZ","Pardubický kraj","CZ053","Chrudim","CZ0531","Rodinné domy [Kč/m2]","10302","2021-2023","2021-2023","35287"
"Průměrná jednotková kupní cena nemovitosti","7432","do 1 999 obyv.","399999632000000","Česko","CZ","Pardubický kraj","CZ053","Chrudim","CZ0531","Rodinné domy [Kč/m2]","10302","2022-2024","2022-2024","38170"
"Průměrná jednotková kupní cena nemovitosti","7432","do 1 999 obyv.","399999632000000","Česko","CZ","Pardubický kraj","CZ053","Chrudim","CZ0531","Byty [Kč/m2]","10602","2019-2021","2019-2021","20076"
"Průměrná jednotková kupní cena nemovitosti","7432","do 1 999 obyv.","399999632000000","Česko","CZ","Pardubický kraj","CZ053","Chrudim","CZ0531","Byty [Kč/m2]","10602","2020-2022","2020-2022","25978"
"Průměrná jednotková kupní cena nemovitosti","7432","do 1 999 obyv.","399999632000000","Česko","CZ","Pardubický kraj","CZ053","Chrudim","CZ0531","Byty [Kč/m2]","10602","2021-2023","2021-2023","29946"
"Průměrná jednotková kupní cena nemovitosti","7432","do 1 999 obyv.","399999632000000","Česko","CZ","Pardubický kraj","CZ053","Chrudim","CZ0531","Byty [Kč/m2]","10602","2022-2024","2022-2024","33051"
"Průměrná jednotková kupní cena nemovitosti","7432","do 1 999 obyv.","399999632000000","Česko","CZ","Pardubický kraj","CZ053","Pardubice","CZ0532","Rodinné domy [Kč/m2]","10302","2019-2021","2019-2021","37652"
"Průměrná jednotková kupní cena nemovitosti","7432","do 1 999 obyv.","399999632000000","Česko","CZ","Pardubický kraj","CZ053","Pardubice","CZ0532","Rodinné domy [Kč/m2]","10302","2020-2022","2020-2022","41824"
"Průměrná jednotková kupní cena nemovitosti","7432","do 1 999 obyv.","399999632000000","Česko","CZ","Pardubický kraj","CZ053","Pardubice","CZ0532","Rodinné domy [Kč/m2]","10302","2021-2023","2021-2023","44452"
"Průměrná jednotková kupní cena nemovitosti","7432","do 1 999 obyv.","399999632000000","Česko","CZ","Pardubický kraj","CZ053","Pardubice","CZ0532","Rodinné domy [Kč/m2]","10302","2022-2024","2022-2024","50916"
"Průměrná jednotková kupní cena nemovitosti","7432","do 1 999 obyv.","399999632000000","Česko","CZ","Pardubický kraj","CZ053","Pardubice","CZ0532","Byty [Kč/m2]","10602","2019-2021","2019-2021","27746"
"Průměrná jednotková kupní cena nemovitosti","7432","do 1 999 obyv.","399999632000000","Česko","CZ","Pardubický kraj","CZ053","Pardubice","CZ0532","Byty [Kč/m2]","10602","2020-2022","2020-2022","32206"
"Průměrná jednotková kupní cena nemovitosti","7432","do 1 999 obyv.","399999632000000","Česko","CZ","Pardubický kraj","CZ053","Pardubice","CZ0532","Byty [Kč/m2]","10602","2021-2023","2021-2023","37359"
"Průměrná jednotková kupní cena nemovitosti","7432","do 1 999 obyv.","399999632000000","Česko","CZ","Pardubický kraj","CZ053","Pardubice","CZ0532","Byty [Kč/m2]","10602","2022-2024","2022-2024","42563"
"Průměrná jednotková kupní cena nemovitosti","7432","do 1 999 obyv.","399999632000000","Česko","CZ","Pardubický kraj","CZ053","Svitavy","CZ0533","Rodinné domy [Kč/m2]","10302","2019-2021","2019-2021","27895"
"Průměrná jednotková kupní cena nemovitosti","7432","do 1 999 obyv.","399999632000000","Česko","CZ","Pardubický kraj","CZ053","Svitavy","CZ0533","Rodinné domy [Kč/m2]","10302","2020-2022","2020-2022","31255"
"Průměrná jednotková kupní cena nemovitosti","7432","do 1 999 obyv.","399999632000000","Česko","CZ","Pardubický kraj","CZ053","Svitavy","CZ0533","Rodinné domy [Kč/m2]","10302","2021-2023","2021-2023","33800"
"Průměrná jednotková kupní cena nemovitosti","7432","do 1 999 obyv.","399999632000000","Česko","CZ","Pardubický kraj","CZ053","Svitavy","CZ0533","Rodinné domy [Kč/m2]","10302","2022-2024","2022-2024","33997"
"Průměrná jednotková kupní cena nemovitosti","7432","do 1 999 obyv.","399999632000000","Česko","CZ","Pardubický kraj","CZ053","Svitavy","CZ0533","Byty [Kč/m2]","10602","2019-2021","2019-2021","20701"
"Průměrná jednotková kupní cena nemovitosti","7432","do 1 999 obyv.","399999632000000","Česko","CZ","Pardubický kraj","CZ053","Svitavy","CZ0533","Byty [Kč/m2]","10602","2020-2022","2020-2022","25711"
"Průměrná jednotková kupní cena nemovitosti","7432","do 1 999 obyv.","399999632000000","Česko","CZ","Pardubický kraj","CZ053","Svitavy","CZ0533","Byty [Kč/m2]","10602","2021-2023","2021-2023","29226"
"Průměrná jednotková kupní cena nemovitosti","7432","do 1 999 obyv.","399999632000000","Česko","CZ","Pardubický kraj","CZ053","Svitavy","CZ0533","Byty [Kč/m2]","10602","2022-2024","2022-2024","33780"
"Průměrná jednotková kupní cena nemovitosti","7432","do 1 999 obyv.","399999632000000","Česko","CZ","Pardubický kraj","CZ053","Ústí nad Orlicí","CZ0534","Rodinné domy [Kč/m2]","10302","2019-2021","2019-2021","27481"
"Průměrná jednotková kupní cena nemovitosti","7432","do 1 999 obyv.","399999632000000","Česko","CZ","Pardubický kraj","CZ053","Ústí nad Orlicí","CZ0534","Rodinné domy [Kč/m2]","10302","2020-2022","2020-2022","30483"
"Průměrná jednotková kupní cena nemovitosti","7432","do 1 999 obyv.","399999632000000","Česko","CZ","Pardubický kraj","CZ053","Ústí nad Orlicí","CZ0534","Rodinné domy [Kč/m2]","10302","2021-2023","2021-2023","36188"
"Průměrná jednotková kupní cena nemovitosti","7432","do 1 999 obyv.","399999632000000","Česko","CZ","Pardubický kraj","CZ053","Ústí nad Orlicí","CZ0534","Rodinné domy [Kč/m2]","10302","2022-2024","2022-2024","38149"
"Průměrná jednotková kupní cena nemovitosti","7432","do 1 999 obyv.","399999632000000","Česko","CZ","Pardubický kraj","CZ053","Ústí nad Orlicí","CZ0534","Byty [Kč/m2]","10602","2019-2021","2019-2021","23539"
"Průměrná jednotková kupní cena nemovitosti","7432","do 1 999 obyv.","399999632000000","Česko","CZ","Pardubický kraj","CZ053","Ústí nad Orlicí","CZ0534","Byty [Kč/m2]","10602","2020-2022","2020-2022","26945"
"Průměrná jednotková kupní cena nemovitosti","7432","do 1 999 obyv.","399999632000000","Česko","CZ","Pardubický kraj","CZ053","Ústí nad Orlicí","CZ0534","Byty [Kč/m2]","10602","2021-2023","2021-2023","28831"
"Průměrná jednotková kupní cena nemovitosti","7432","do 1 999 obyv.","399999632000000","Česko","CZ","Pardubický kraj","CZ053","Ústí nad Orlicí","CZ0534","Byty [Kč/m2]","10602","2022-2024","2022-2024","32827"
"Průměrná jednotková kupní cena nemovitosti","7432","do 1 999 obyv.","399999632000000","Česko","CZ","Kraj Vysočina","CZ063","Havlíčkův Brod","CZ0631","Rodinné domy [Kč/m2]","10302","2019-2021","2019-2021","29829"
"Průměrná jednotková kupní cena nemovitosti","7432","do 1 999 obyv.","399999632000000","Česko","CZ","Kraj Vysočina","CZ063","Havlíčkův Brod","CZ0631","Rodinné domy [Kč/m2]","10302","2020-2022","2020-2022","33462"
"Průměrná jednotková kupní cena nemovitosti","7432","do 1 999 obyv.","399999632000000","Česko","CZ","Kraj Vysočina","CZ063","Havlíčkův Brod","CZ0631","Rodinné domy [Kč/m2]","10302","2021-2023","2021-2023","37479"
"Průměrná jednotková kupní cena nemovitosti","7432","do 1 999 obyv.","399999632000000","Česko","CZ","Kraj Vysočina","CZ063","Havlíčkův Brod","CZ0631","Rodinné domy [Kč/m2]","10302","2022-2024","2022-2024","39666"
"Průměrná jednotková kupní cena nemovitosti","7432","do 1 999 obyv.","399999632000000","Česko","CZ","Kraj Vysočina","CZ063","Havlíčkův Brod","CZ0631","Byty [Kč/m2]","10602","2019-2021","2019-2021","17504"
"Průměrná jednotková kupní cena nemovitosti","7432","do 1 999 obyv.","399999632000000","Česko","CZ","Kraj Vysočina","CZ063","Havlíčkův Brod","CZ0631","Byty [Kč/m2]","10602","2020-2022","2020-2022","21877"
"Průměrná jednotková kupní cena nemovitosti","7432","do 1 999 obyv.","399999632000000","Česko","CZ","Kraj Vysočina","CZ063","Havlíčkův Brod","CZ0631","Byty [Kč/m2]","10602","2021-2023","2021-2023","27398"
"Průměrná jednotková kupní cena nemovitosti","7432","do 1 999 obyv.","399999632000000","Česko","CZ","Kraj Vysočina","CZ063","Havlíčkův Brod","CZ0631","Byty [Kč/m2]","10602","2022-2024","2022-2024","34165"
"Průměrná jednotková kupní cena nemovitosti","7432","do 1 999 obyv.","399999632000000","Česko","CZ","Kraj Vysočina","CZ063","Jihlava","CZ0632","Rodinné domy [Kč/m2]","10302","2019-2021","2019-2021","26304"
"Průměrná jednotková kupní cena nemovitosti","7432","do 1 999 obyv.","399999632000000","Česko","CZ","Kraj Vysočina","CZ063","Jihlava","CZ0632","Rodinné domy [Kč/m2]","10302","2020-2022","2020-2022","31221"
"Průměrná jednotková kupní cena nemovitosti","7432","do 1 999 obyv.","399999632000000","Česko","CZ","Kraj Vysočina","CZ063","Jihlava","CZ0632","Rodinné domy [Kč/m2]","10302","2021-2023","2021-2023","37199"
"Průměrná jednotková kupní cena nemovitosti","7432","do 1 999 obyv.","399999632000000","Česko","CZ","Kraj Vysočina","CZ063","Jihlava","CZ0632","Rodinné domy [Kč/m2]","10302","2022-2024","2022-2024","42790"
"Průměrná jednotková kupní cena nemovitosti","7432","do 1 999 obyv.","399999632000000","Česko","CZ","Kraj Vysočina","CZ063","Jihlava","CZ0632","Byty [Kč/m2]","10602","2019-2021","2019-2021","24395"
"Průměrná jednotková kupní cena nemovitosti","7432","do 1 999 obyv.","399999632000000","Česko","CZ","Kraj Vysočina","CZ063","Jihlava","CZ0632","Byty [Kč/m2]","10602","2020-2022","2020-2022","30755"
"Průměrná jednotková kupní cena nemovitosti","7432","do 1 999 obyv.","399999632000000","Česko","CZ","Kraj Vysočina","CZ063","Jihlava","CZ0632","Byty [Kč/m2]","10602","2021-2023","2021-2023","39090"
"Průměrná jednotková kupní cena nemovitosti","7432","do 1 999 obyv.","399999632000000","Česko","CZ","Kraj Vysočina","CZ063","Jihlava","CZ0632","Byty [Kč/m2]","10602","2022-2024","2022-2024","36980"
"Průměrná jednotková kupní cena nemovitosti","7432","do 1 999 obyv.","399999632000000","Česko","CZ","Kraj Vysočina","CZ063","Pelhřimov","CZ0633","Rodinné domy [Kč/m2]","10302","2019-2021","2019-2021","29513"
"Průměrná jednotková kupní cena nemovitosti","7432","do 1 999 obyv.","399999632000000","Česko","CZ","Kraj Vysočina","CZ063","Pelhřimov","CZ0633","Rodinné domy [Kč/m2]","10302","2020-2022","2020-2022","32710"
"Průměrná jednotková kupní cena nemovitosti","7432","do 1 999 obyv.","399999632000000","Česko","CZ","Kraj Vysočina","CZ063","Pelhřimov","CZ0633","Rodinné domy [Kč/m2]","10302","2021-2023","2021-2023","34600"
"Průměrná jednotková kupní cena nemovitosti","7432","do 1 999 obyv.","399999632000000","Česko","CZ","Kraj Vysočina","CZ063","Pelhřimov","CZ0633","Rodinné domy [Kč/m2]","10302","2022-2024","2022-2024","36035"
"Průměrná jednotková kupní cena nemovitosti","7432","do 1 999 obyv.","399999632000000","Česko","CZ","Kraj Vysočina","CZ063","Pelhřimov","CZ0633","Byty [Kč/m2]","10602","2019-2021","2019-2021","20324"
"Průměrná jednotková kupní cena nemovitosti","7432","do 1 999 obyv.","399999632000000","Česko","CZ","Kraj Vysočina","CZ063","Pelhřimov","CZ0633","Byty [Kč/m2]","10602","2020-2022","2020-2022","23082"
"Průměrná jednotková kupní cena nemovitosti","7432","do 1 999 obyv.","399999632000000","Česko","CZ","Kraj Vysočina","CZ063","Pelhřimov","CZ0633","Byty [Kč/m2]","10602","2021-2023","2021-2023","25205"
"Průměrná jednotková kupní cena nemovitosti","7432","do 1 999 obyv.","399999632000000","Česko","CZ","Kraj Vysočina","CZ063","Pelhřimov","CZ0633","Byty [Kč/m2]","10602","2022-2024","2022-2024","30693"
"Průměrná jednotková kupní cena nemovitosti","7432","do 1 999 obyv.","399999632000000","Česko","CZ","Kraj Vysočina","CZ063","Třebíč","CZ0634","Rodinné domy [Kč/m2]","10302","2019-2021","2019-2021","27904"
"Průměrná jednotková kupní cena nemovitosti","7432","do 1 999 obyv.","399999632000000","Česko","CZ","Kraj Vysočina","CZ063","Třebíč","CZ0634","Rodinné domy [Kč/m2]","10302","2020-2022","2020-2022","32745"
"Průměrná jednotková kupní cena nemovitosti","7432","do 1 999 obyv.","399999632000000","Česko","CZ","Kraj Vysočina","CZ063","Třebíč","CZ0634","Rodinné domy [Kč/m2]","10302","2021-2023","2021-2023","35687"
"Průměrná jednotková kupní cena nemovitosti","7432","do 1 999 obyv.","399999632000000","Česko","CZ","Kraj Vysočina","CZ063","Třebíč","CZ0634","Rodinné domy [Kč/m2]","10302","2022-2024","2022-2024","41305"
"Průměrná jednotková kupní cena nemovitosti","7432","do 1 999 obyv.","399999632000000","Česko","CZ","Kraj Vysočina","CZ063","Třebíč","CZ0634","Byty [Kč/m2]","10602","2019-2021","2019-2021","22605"
"Průměrná jednotková kupní cena nemovitosti","7432","do 1 999 obyv.","399999632000000","Česko","CZ","Kraj Vysočina","CZ063","Třebíč","CZ0634","Byty [Kč/m2]","10602","2020-2022","2020-2022","27277"
"Průměrná jednotková kupní cena nemovitosti","7432","do 1 999 obyv.","399999632000000","Česko","CZ","Kraj Vysočina","CZ063","Třebíč","CZ0634","Byty [Kč/m2]","10602","2021-2023","2021-2023","32527"
"Průměrná jednotková kupní cena nemovitosti","7432","do 1 999 obyv.","399999632000000","Česko","CZ","Kraj Vysočina","CZ063","Třebíč","CZ0634","Byty [Kč/m2]","10602","2022-2024","2022-2024","39369"
"Průměrná jednotková kupní cena nemovitosti","7432","do 1 999 obyv.","399999632000000","Česko","CZ","Kraj Vysočina","CZ063","Žďár nad Sázavou","CZ0635","Rodinné domy [Kč/m2]","10302","2019-2021","2019-2021","29488"
"Průměrná jednotková kupní cena nemovitosti","7432","do 1 999 obyv.","399999632000000","Česko","CZ","Kraj Vysočina","CZ063","Žďár nad Sázavou","CZ0635","Rodinné domy [Kč/m2]","10302","2020-2022","2020-2022","34827"
"Průměrná jednotková kupní cena nemovitosti","7432","do 1 999 obyv.","399999632000000","Česko","CZ","Kraj Vysočina","CZ063","Žďár nad Sázavou","CZ0635","Rodinné domy [Kč/m2]","10302","2021-2023","2021-2023","38922"
"Průměrná jednotková kupní cena nemovitosti","7432","do 1 999 obyv.","399999632000000","Česko","CZ","Kraj Vysočina","CZ063","Žďár nad Sázavou","CZ0635","Rodinné domy [Kč/m2]","10302","2022-2024","2022-2024","41632"
"Průměrná jednotková kupní cena nemovitosti","7432","do 1 999 obyv.","399999632000000","Česko","CZ","Kraj Vysočina","CZ063","Žďár nad Sázavou","CZ0635","Byty [Kč/m2]","10602","2019-2021","2019-2021","25513"
"Průměrná jednotková kupní cena nemovitosti","7432","do 1 999 obyv.","399999632000000","Česko","CZ","Kraj Vysočina","CZ063","Žďár nad Sázavou","CZ0635","Byty [Kč/m2]","10602","2020-2022","2020-2022","30741"
"Průměrná jednotková kupní cena nemovitosti","7432","do 1 999 obyv.","399999632000000","Česko","CZ","Kraj Vysočina","CZ063","Žďár nad Sázavou","CZ0635","Byty [Kč/m2]","10602","2021-2023","2021-2023","33239"
"Průměrná jednotková kupní cena nemovitosti","7432","do 1 999 obyv.","399999632000000","Česko","CZ","Kraj Vysočina","CZ063","Žďár nad Sázavou","CZ0635","Byty [Kč/m2]","10602","2022-2024","2022-2024","34185"
"Průměrná jednotková kupní cena nemovitosti","7432","do 1 999 obyv.","399999632000000","Česko","CZ","Jihomoravský kraj","CZ064","Blansko","CZ0641","Rodinné domy [Kč/m2]","10302","2019-2021","2019-2021","30033"
"Průměrná jednotková kupní cena nemovitosti","7432","do 1 999 obyv.","399999632000000","Česko","CZ","Jihomoravský kraj","CZ064","Blansko","CZ0641","Rodinné domy [Kč/m2]","10302","2020-2022","2020-2022","33442"
"Průměrná jednotková kupní cena nemovitosti","7432","do 1 999 obyv.","399999632000000","Česko","CZ","Jihomoravský kraj","CZ064","Blansko","CZ0641","Rodinné domy [Kč/m2]","10302","2021-2023","2021-2023","37988"
"Průměrná jednotková kupní cena nemovitosti","7432","do 1 999 obyv.","399999632000000","Česko","CZ","Jihomoravský kraj","CZ064","Blansko","CZ0641","Rodinné domy [Kč/m2]","10302","2022-2024","2022-2024","40452"
"Průměrná jednotková kupní cena nemovitosti","7432","do 1 999 obyv.","399999632000000","Česko","CZ","Jihomoravský kraj","CZ064","Blansko","CZ0641","Byty [Kč/m2]","10602","2019-2021","2019-2021","23337"
"Průměrná jednotková kupní cena nemovitosti","7432","do 1 999 obyv.","399999632000000","Česko","CZ","Jihomoravský kraj","CZ064","Blansko","CZ0641","Byty [Kč/m2]","10602","2020-2022","2020-2022","26281"
"Průměrná jednotková kupní cena nemovitosti","7432","do 1 999 obyv.","399999632000000","Česko","CZ","Jihomoravský kraj","CZ064","Blansko","CZ0641","Byty [Kč/m2]","10602","2021-2023","2021-2023","28656"
"Průměrná jednotková kupní cena nemovitosti","7432","do 1 999 obyv.","399999632000000","Česko","CZ","Jihomoravský kraj","CZ064","Blansko","CZ0641","Byty [Kč/m2]","10602","2022-2024","2022-2024","38351"
"Průměrná jednotková kupní cena nemovitosti","7432","do 1 999 obyv.","399999632000000","Česko","CZ","Jihomoravský kraj","CZ064","Brno-venkov","CZ0643","Rodinné domy [Kč/m2]","10302","2019-2021","2019-2021","34127"
"Průměrná jednotková kupní cena nemovitosti","7432","do 1 999 obyv.","399999632000000","Česko","CZ","Jihomoravský kraj","CZ064","Brno-venkov","CZ0643","Rodinné domy [Kč/m2]","10302","2020-2022","2020-2022","38436"
"Průměrná jednotková kupní cena nemovitosti","7432","do 1 999 obyv.","399999632000000","Česko","CZ","Jihomoravský kraj","CZ064","Brno-venkov","CZ0643","Rodinné domy [Kč/m2]","10302","2021-2023","2021-2023","43932"
"Průměrná jednotková kupní cena nemovitosti","7432","do 1 999 obyv.","399999632000000","Česko","CZ","Jihomoravský kraj","CZ064","Brno-venkov","CZ0643","Rodinné domy [Kč/m2]","10302","2022-2024","2022-2024","45991"
"Průměrná jednotková kupní cena nemovitosti","7432","do 1 999 obyv.","399999632000000","Česko","CZ","Jihomoravský kraj","CZ064","Brno-venkov","CZ0643","Byty [Kč/m2]","10602","2019-2021","2019-2021","32946"
"Průměrná jednotková kupní cena nemovitosti","7432","do 1 999 obyv.","399999632000000","Česko","CZ","Jihomoravský kraj","CZ064","Brno-venkov","CZ0643","Byty [Kč/m2]","10602","2020-2022","2020-2022","36474"
"Průměrná jednotková kupní cena nemovitosti","7432","do 1 999 obyv.","399999632000000","Česko","CZ","Jihomoravský kraj","CZ064","Brno-venkov","CZ0643","Byty [Kč/m2]","10602","2021-2023","2021-2023","39955"
"Průměrná jednotková kupní cena nemovitosti","7432","do 1 999 obyv.","399999632000000","Česko","CZ","Jihomoravský kraj","CZ064","Brno-venkov","CZ0643","Byty [Kč/m2]","10602","2022-2024","2022-2024","44951"
"Průměrná jednotková kupní cena nemovitosti","7432","do 1 999 obyv.","399999632000000","Česko","CZ","Jihomoravský kraj","CZ064","Břeclav","CZ0644","Rodinné domy [Kč/m2]","10302","2019-2021","2019-2021","30717"
"Průměrná jednotková kupní cena nemovitosti","7432","do 1 999 obyv.","399999632000000","Česko","CZ","Jihomoravský kraj","CZ064","Břeclav","CZ0644","Rodinné domy [Kč/m2]","10302","2020-2022","2020-2022","34607"
"Průměrná jednotková kupní cena nemovitosti","7432","do 1 999 obyv.","399999632000000","Česko","CZ","Jihomoravský kraj","CZ064","Břeclav","CZ0644","Rodinné domy [Kč/m2]","10302","2021-2023","2021-2023","38456"
"Průměrná jednotková kupní cena nemovitosti","7432","do 1 999 obyv.","399999632000000","Česko","CZ","Jihomoravský kraj","CZ064","Břeclav","CZ0644","Rodinné domy [Kč/m2]","10302","2022-2024","2022-2024","40923"
"Průměrná jednotková kupní cena nemovitosti","7432","do 1 999 obyv.","399999632000000","Česko","CZ","Jihomoravský kraj","CZ064","Břeclav","CZ0644","Byty [Kč/m2]","10602","2019-2021","2019-2021","28638"
"Průměrná jednotková kupní cena nemovitosti","7432","do 1 999 obyv.","399999632000000","Česko","CZ","Jihomoravský kraj","CZ064","Břeclav","CZ0644","Byty [Kč/m2]","10602","2020-2022","2020-2022","33943"
"Průměrná jednotková kupní cena nemovitosti","7432","do 1 999 obyv.","399999632000000","Česko","CZ","Jihomoravský kraj","CZ064","Břeclav","CZ0644","Byty [Kč/m2]","10602","2021-2023","2021-2023","35637"
"Průměrná jednotková kupní cena nemovitosti","7432","do 1 999 obyv.","399999632000000","Česko","CZ","Jihomoravský kraj","CZ064","Břeclav","CZ0644","Byty [Kč/m2]","10602","2022-2024","2022-2024","43800"
"Průměrná jednotková kupní cena nemovitosti","7432","do 1 999 obyv.","399999632000000","Česko","CZ","Jihomoravský kraj","CZ064","Hodonín","CZ0645","Rodinné domy [Kč/m2]","10302","2019-2021","2019-2021","26784"
"Průměrná jednotková kupní cena nemovitosti","7432","do 1 999 obyv.","399999632000000","Česko","CZ","Jihomoravský kraj","CZ064","Hodonín","CZ0645","Rodinné domy [Kč/m2]","10302","2020-2022","2020-2022","30120"
"Průměrná jednotková kupní cena nemovitosti","7432","do 1 999 obyv.","399999632000000","Česko","CZ","Jihomoravský kraj","CZ064","Hodonín","CZ0645","Rodinné domy [Kč/m2]","10302","2021-2023","2021-2023","34503"
"Průměrná jednotková kupní cena nemovitosti","7432","do 1 999 obyv.","399999632000000","Česko","CZ","Jihomoravský kraj","CZ064","Hodonín","CZ0645","Rodinné domy [Kč/m2]","10302","2022-2024","2022-2024","35075"
"Průměrná jednotková kupní cena nemovitosti","7432","do 1 999 obyv.","399999632000000","Česko","CZ","Jihomoravský kraj","CZ064","Hodonín","CZ0645","Byty [Kč/m2]","10602","2019-2021","2019-2021","24732"
"Průměrná jednotková kupní cena nemovitosti","7432","do 1 999 obyv.","399999632000000","Česko","CZ","Jihomoravský kraj","CZ064","Hodonín","CZ0645","Byty [Kč/m2]","10602","2020-2022","2020-2022","30499"
"Průměrná jednotková kupní cena nemovitosti","7432","do 1 999 obyv.","399999632000000","Česko","CZ","Jihomoravský kraj","CZ064","Hodonín","CZ0645","Byty [Kč/m2]","10602","2021-2023","2021-2023","32882"
"Průměrná jednotková kupní cena nemovitosti","7432","do 1 999 obyv.","399999632000000","Česko","CZ","Jihomoravský kraj","CZ064","Hodonín","CZ0645","Byty [Kč/m2]","10602","2022-2024","2022-2024","35333"
"Průměrná jednotková kupní cena nemovitosti","7432","do 1 999 obyv.","399999632000000","Česko","CZ","Jihomoravský kraj","CZ064","Vyškov","CZ0646","Rodinné domy [Kč/m2]","10302","2019-2021","2019-2021","31722"
"Průměrná jednotková kupní cena nemovitosti","7432","do 1 999 obyv.","399999632000000","Česko","CZ","Jihomoravský kraj","CZ064","Vyškov","CZ0646","Rodinné domy [Kč/m2]","10302","2020-2022","2020-2022","35848"
"Průměrná jednotková kupní cena nemovitosti","7432","do 1 999 obyv.","399999632000000","Česko","CZ","Jihomoravský kraj","CZ064","Vyškov","CZ0646","Rodinné domy [Kč/m2]","10302","2021-2023","2021-2023","39252"
"Průměrná jednotková kupní cena nemovitosti","7432","do 1 999 obyv.","399999632000000","Česko","CZ","Jihomoravský kraj","CZ064","Vyškov","CZ0646","Rodinné domy [Kč/m2]","10302","2022-2024","2022-2024","42607"
"Průměrná jednotková kupní cena nemovitosti","7432","do 1 999 obyv.","399999632000000","Česko","CZ","Jihomoravský kraj","CZ064","Vyškov","CZ0646","Byty [Kč/m2]","10602","2019-2021","2019-2021","32762"
"Průměrná jednotková kupní cena nemovitosti","7432","do 1 999 obyv.","399999632000000","Česko","CZ","Jihomoravský kraj","CZ064","Vyškov","CZ0646","Byty [Kč/m2]","10602","2020-2022","2020-2022","34905"
"Průměrná jednotková kupní cena nemovitosti","7432","do 1 999 obyv.","399999632000000","Česko","CZ","Jihomoravský kraj","CZ064","Vyškov","CZ0646","Byty [Kč/m2]","10602","2021-2023","2021-2023","38421"
"Průměrná jednotková kupní cena nemovitosti","7432","do 1 999 obyv.","399999632000000","Česko","CZ","Jihomoravský kraj","CZ064","Vyškov","CZ0646","Byty [Kč/m2]","10602","2022-2024","2022-2024","39564"
"Průměrná jednotková kupní cena nemovitosti","7432","do 1 999 obyv.","399999632000000","Česko","CZ","Jihomoravský kraj","CZ064","Znojmo","CZ0647","Rodinné domy [Kč/m2]","10302","2019-2021","2019-2021","29478"
"Průměrná jednotková kupní cena nemovitosti","7432","do 1 999 obyv.","399999632000000","Česko","CZ","Jihomoravský kraj","CZ064","Znojmo","CZ0647","Rodinné domy [Kč/m2]","10302","2020-2022","2020-2022","33429"
"Průměrná jednotková kupní cena nemovitosti","7432","do 1 999 obyv.","399999632000000","Česko","CZ","Jihomoravský kraj","CZ064","Znojmo","CZ0647","Rodinné domy [Kč/m2]","10302","2021-2023","2021-2023","38032"
"Průměrná jednotková kupní cena nemovitosti","7432","do 1 999 obyv.","399999632000000","Česko","CZ","Jihomoravský kraj","CZ064","Znojmo","CZ0647","Rodinné domy [Kč/m2]","10302","2022-2024","2022-2024","40845"
"Průměrná jednotková kupní cena nemovitosti","7432","do 1 999 obyv.","399999632000000","Česko","CZ","Jihomoravský kraj","CZ064","Znojmo","CZ0647","Byty [Kč/m2]","10602","2019-2021","2019-2021","23475"
"Průměrná jednotková kupní cena nemovitosti","7432","do 1 999 obyv.","399999632000000","Česko","CZ","Jihomoravský kraj","CZ064","Znojmo","CZ0647","Byty [Kč/m2]","10602","2020-2022","2020-2022","28560"
"Průměrná jednotková kupní cena nemovitosti","7432","do 1 999 obyv.","399999632000000","Česko","CZ","Jihomoravský kraj","CZ064","Znojmo","CZ0647","Byty [Kč/m2]","10602","2021-2023","2021-2023","32186"
"Průměrná jednotková kupní cena nemovitosti","7432","do 1 999 obyv.","399999632000000","Česko","CZ","Jihomoravský kraj","CZ064","Znojmo","CZ0647","Byty [Kč/m2]","10602","2022-2024","2022-2024","35798"
"Průměrná jednotková kupní cena nemovitosti","7432","do 1 999 obyv.","399999632000000","Česko","CZ","Olomoucký kraj","CZ071","Jeseník","CZ0711","Rodinné domy [Kč/m2]","10302","2019-2021","2019-2021","25120"
"Průměrná jednotková kupní cena nemovitosti","7432","do 1 999 obyv.","399999632000000","Česko","CZ","Olomoucký kraj","CZ071","Jeseník","CZ0711","Rodinné domy [Kč/m2]","10302","2020-2022","2020-2022","28251"
"Průměrná jednotková kupní cena nemovitosti","7432","do 1 999 obyv.","399999632000000","Česko","CZ","Olomoucký kraj","CZ071","Jeseník","CZ0711","Rodinné domy [Kč/m2]","10302","2021-2023","2021-2023","28797"
"Průměrná jednotková kupní cena nemovitosti","7432","do 1 999 obyv.","399999632000000","Česko","CZ","Olomoucký kraj","CZ071","Jeseník","CZ0711","Rodinné domy [Kč/m2]","10302","2022-2024","2022-2024","30668"
"Průměrná jednotková kupní cena nemovitosti","7432","do 1 999 obyv.","399999632000000","Česko","CZ","Olomoucký kraj","CZ071","Jeseník","CZ0711","Byty [Kč/m2]","10602","2019-2021","2019-2021","17438"
"Průměrná jednotková kupní cena nemovitosti","7432","do 1 999 obyv.","399999632000000","Česko","CZ","Olomoucký kraj","CZ071","Jeseník","CZ0711","Byty [Kč/m2]","10602","2020-2022","2020-2022","21379"
"Průměrná jednotková kupní cena nemovitosti","7432","do 1 999 obyv.","399999632000000","Česko","CZ","Olomoucký kraj","CZ071","Jeseník","CZ0711","Byty [Kč/m2]","10602","2021-2023","2021-2023","22909"
"Průměrná jednotková kupní cena nemovitosti","7432","do 1 999 obyv.","399999632000000","Česko","CZ","Olomoucký kraj","CZ071","Jeseník","CZ0711","Byty [Kč/m2]","10602","2022-2024","2022-2024","25373"
"Průměrná jednotková kupní cena nemovitosti","7432","do 1 999 obyv.","399999632000000","Česko","CZ","Olomoucký kraj","CZ071","Olomouc","CZ0712","Rodinné domy [Kč/m2]","10302","2019-2021","2019-2021","29259"
"Průměrná jednotková kupní cena nemovitosti","7432","do 1 999 obyv.","399999632000000","Česko","CZ","Olomoucký kraj","CZ071","Olomouc","CZ0712","Rodinné domy [Kč/m2]","10302","2020-2022","2020-2022","32774"
"Průměrná jednotková kupní cena nemovitosti","7432","do 1 999 obyv.","399999632000000","Česko","CZ","Olomoucký kraj","CZ071","Olomouc","CZ0712","Rodinné domy [Kč/m2]","10302","2021-2023","2021-2023","35675"
"Průměrná jednotková kupní cena nemovitosti","7432","do 1 999 obyv.","399999632000000","Česko","CZ","Olomoucký kraj","CZ071","Olomouc","CZ0712","Rodinné domy [Kč/m2]","10302","2022-2024","2022-2024","39834"
"Průměrná jednotková kupní cena nemovitosti","7432","do 1 999 obyv.","399999632000000","Česko","CZ","Olomoucký kraj","CZ071","Olomouc","CZ0712","Byty [Kč/m2]","10602","2019-2021","2019-2021","22295"
"Průměrná jednotková kupní cena nemovitosti","7432","do 1 999 obyv.","399999632000000","Česko","CZ","Olomoucký kraj","CZ071","Olomouc","CZ0712","Byty [Kč/m2]","10602","2020-2022","2020-2022","26150"
"Průměrná jednotková kupní cena nemovitosti","7432","do 1 999 obyv.","399999632000000","Česko","CZ","Olomoucký kraj","CZ071","Olomouc","CZ0712","Byty [Kč/m2]","10602","2021-2023","2021-2023","28101"
"Průměrná jednotková kupní cena nemovitosti","7432","do 1 999 obyv.","399999632000000","Česko","CZ","Olomoucký kraj","CZ071","Olomouc","CZ0712","Byty [Kč/m2]","10602","2022-2024","2022-2024","34718"
"Průměrná jednotková kupní cena nemovitosti","7432","do 1 999 obyv.","399999632000000","Česko","CZ","Olomoucký kraj","CZ071","Prostějov","CZ0713","Rodinné domy [Kč/m2]","10302","2019-2021","2019-2021","25960"
"Průměrná jednotková kupní cena nemovitosti","7432","do 1 999 obyv.","399999632000000","Česko","CZ","Olomoucký kraj","CZ071","Prostějov","CZ0713","Rodinné domy [Kč/m2]","10302","2020-2022","2020-2022","30134"
"Průměrná jednotková kupní cena nemovitosti","7432","do 1 999 obyv.","399999632000000","Česko","CZ","Olomoucký kraj","CZ071","Prostějov","CZ0713","Rodinné domy [Kč/m2]","10302","2021-2023","2021-2023","33520"
"Průměrná jednotková kupní cena nemovitosti","7432","do 1 999 obyv.","399999632000000","Česko","CZ","Olomoucký kraj","CZ071","Prostějov","CZ0713","Rodinné domy [Kč/m2]","10302","2022-2024","2022-2024","36487"
"Průměrná jednotková kupní cena nemovitosti","7432","do 1 999 obyv.","399999632000000","Česko","CZ","Olomoucký kraj","CZ071","Prostějov","CZ0713","Byty [Kč/m2]","10602","2019-2021","2019-2021","20902"
"Průměrná jednotková kupní cena nemovitosti","7432","do 1 999 obyv.","399999632000000","Česko","CZ","Olomoucký kraj","CZ071","Prostějov","CZ0713","Byty [Kč/m2]","10602","2020-2022","2020-2022","25993"
"Průměrná jednotková kupní cena nemovitosti","7432","do 1 999 obyv.","399999632000000","Česko","CZ","Olomoucký kraj","CZ071","Prostějov","CZ0713","Byty [Kč/m2]","10602","2021-2023","2021-2023","31703"
"Průměrná jednotková kupní cena nemovitosti","7432","do 1 999 obyv.","399999632000000","Česko","CZ","Olomoucký kraj","CZ071","Prostějov","CZ0713","Byty [Kč/m2]","10602","2022-2024","2022-2024","35115"
"Průměrná jednotková kupní cena nemovitosti","7432","do 1 999 obyv.","399999632000000","Česko","CZ","Olomoucký kraj","CZ071","Přerov","CZ0714","Rodinné domy [Kč/m2]","10302","2019-2021","2019-2021","24514"
"Průměrná jednotková kupní cena nemovitosti","7432","do 1 999 obyv.","399999632000000","Česko","CZ","Olomoucký kraj","CZ071","Přerov","CZ0714","Rodinné domy [Kč/m2]","10302","2020-2022","2020-2022","29104"
"Průměrná jednotková kupní cena nemovitosti","7432","do 1 999 obyv.","399999632000000","Česko","CZ","Olomoucký kraj","CZ071","Přerov","CZ0714","Rodinné domy [Kč/m2]","10302","2021-2023","2021-2023","32156"
"Průměrná jednotková kupní cena nemovitosti","7432","do 1 999 obyv.","399999632000000","Česko","CZ","Olomoucký kraj","CZ071","Přerov","CZ0714","Rodinné domy [Kč/m2]","10302","2022-2024","2022-2024","32756"
"Průměrná jednotková kupní cena nemovitosti","7432","do 1 999 obyv.","399999632000000","Česko","CZ","Olomoucký kraj","CZ071","Přerov","CZ0714","Byty [Kč/m2]","10602","2019-2021","2019-2021","19189"
"Průměrná jednotková kupní cena nemovitosti","7432","do 1 999 obyv.","399999632000000","Česko","CZ","Olomoucký kraj","CZ071","Přerov","CZ0714","Byty [Kč/m2]","10602","2020-2022","2020-2022","23395"
"Průměrná jednotková kupní cena nemovitosti","7432","do 1 999 obyv.","399999632000000","Česko","CZ","Olomoucký kraj","CZ071","Přerov","CZ0714","Byty [Kč/m2]","10602","2021-2023","2021-2023","28366"
"Průměrná jednotková kupní cena nemovitosti","7432","do 1 999 obyv.","399999632000000","Česko","CZ","Olomoucký kraj","CZ071","Přerov","CZ0714","Byty [Kč/m2]","10602","2022-2024","2022-2024","34682"
"Průměrná jednotková kupní cena nemovitosti","7432","do 1 999 obyv.","399999632000000","Česko","CZ","Olomoucký kraj","CZ071","Šumperk","CZ0715","Rodinné domy [Kč/m2]","10302","2019-2021","2019-2021","24540"
"Průměrná jednotková kupní cena nemovitosti","7432","do 1 999 obyv.","399999632000000","Česko","CZ","Olomoucký kraj","CZ071","Šumperk","CZ0715","Rodinné domy [Kč/m2]","10302","2020-2022","2020-2022","29267"
"Průměrná jednotková kupní cena nemovitosti","7432","do 1 999 obyv.","399999632000000","Česko","CZ","Olomoucký kraj","CZ071","Šumperk","CZ0715","Rodinné domy [Kč/m2]","10302","2021-2023","2021-2023","33750"
"Průměrná jednotková kupní cena nemovitosti","7432","do 1 999 obyv.","399999632000000","Česko","CZ","Olomoucký kraj","CZ071","Šumperk","CZ0715","Rodinné domy [Kč/m2]","10302","2022-2024","2022-2024","36201"
"Průměrná jednotková kupní cena nemovitosti","7432","do 1 999 obyv.","399999632000000","Česko","CZ","Olomoucký kraj","CZ071","Šumperk","CZ0715","Byty [Kč/m2]","10602","2019-2021","2019-2021","19712"
"Průměrná jednotková kupní cena nemovitosti","7432","do 1 999 obyv.","399999632000000","Česko","CZ","Olomoucký kraj","CZ071","Šumperk","CZ0715","Byty [Kč/m2]","10602","2020-2022","2020-2022","23851"
"Průměrná jednotková kupní cena nemovitosti","7432","do 1 999 obyv.","399999632000000","Česko","CZ","Olomoucký kraj","CZ071","Šumperk","CZ0715","Byty [Kč/m2]","10602","2021-2023","2021-2023","27791"
"Průměrná jednotková kupní cena nemovitosti","7432","do 1 999 obyv.","399999632000000","Česko","CZ","Olomoucký kraj","CZ071","Šumperk","CZ0715","Byty [Kč/m2]","10602","2022-2024","2022-2024","31011"
"Průměrná jednotková kupní cena nemovitosti","7432","do 1 999 obyv.","399999632000000","Česko","CZ","Zlínský kraj","CZ072","Kroměříž","CZ0721","Rodinné domy [Kč/m2]","10302","2019-2021","2019-2021","23596"
"Průměrná jednotková kupní cena nemovitosti","7432","do 1 999 obyv.","399999632000000","Česko","CZ","Zlínský kraj","CZ072","Kroměříž","CZ0721","Rodinné domy [Kč/m2]","10302","2020-2022","2020-2022","26997"
"Průměrná jednotková kupní cena nemovitosti","7432","do 1 999 obyv.","399999632000000","Česko","CZ","Zlínský kraj","CZ072","Kroměříž","CZ0721","Rodinné domy [Kč/m2]","10302","2021-2023","2021-2023","31193"
"Průměrná jednotková kupní cena nemovitosti","7432","do 1 999 obyv.","399999632000000","Česko","CZ","Zlínský kraj","CZ072","Kroměříž","CZ0721","Rodinné domy [Kč/m2]","10302","2022-2024","2022-2024","33631"
"Průměrná jednotková kupní cena nemovitosti","7432","do 1 999 obyv.","399999632000000","Česko","CZ","Zlínský kraj","CZ072","Kroměříž","CZ0721","Byty [Kč/m2]","10602","2019-2021","2019-2021","21198"
"Průměrná jednotková kupní cena nemovitosti","7432","do 1 999 obyv.","399999632000000","Česko","CZ","Zlínský kraj","CZ072","Kroměříž","CZ0721","Byty [Kč/m2]","10602","2020-2022","2020-2022","27169"
"Průměrná jednotková kupní cena nemovitosti","7432","do 1 999 obyv.","399999632000000","Česko","CZ","Zlínský kraj","CZ072","Kroměříž","CZ0721","Byty [Kč/m2]","10602","2021-2023","2021-2023","32094"
"Průměrná jednotková kupní cena nemovitosti","7432","do 1 999 obyv.","399999632000000","Česko","CZ","Zlínský kraj","CZ072","Kroměříž","CZ0721","Byty [Kč/m2]","10602","2022-2024","2022-2024","34150"
"Průměrná jednotková kupní cena nemovitosti","7432","do 1 999 obyv.","399999632000000","Česko","CZ","Zlínský kraj","CZ072","Uherské Hradiště","CZ0722","Rodinné domy [Kč/m2]","10302","2019-2021","2019-2021","24822"
"Průměrná jednotková kupní cena nemovitosti","7432","do 1 999 obyv.","399999632000000","Česko","CZ","Zlínský kraj","CZ072","Uherské Hradiště","CZ0722","Rodinné domy [Kč/m2]","10302","2020-2022","2020-2022","27821"
"Průměrná jednotková kupní cena nemovitosti","7432","do 1 999 obyv.","399999632000000","Česko","CZ","Zlínský kraj","CZ072","Uherské Hradiště","CZ0722","Rodinné domy [Kč/m2]","10302","2021-2023","2021-2023","30876"
"Průměrná jednotková kupní cena nemovitosti","7432","do 1 999 obyv.","399999632000000","Česko","CZ","Zlínský kraj","CZ072","Uherské Hradiště","CZ0722","Rodinné domy [Kč/m2]","10302","2022-2024","2022-2024","34048"
"Průměrná jednotková kupní cena nemovitosti","7432","do 1 999 obyv.","399999632000000","Česko","CZ","Zlínský kraj","CZ072","Uherské Hradiště","CZ0722","Byty [Kč/m2]","10602","2019-2021","2019-2021","25340"
"Průměrná jednotková kupní cena nemovitosti","7432","do 1 999 obyv.","399999632000000","Česko","CZ","Zlínský kraj","CZ072","Uherské Hradiště","CZ0722","Byty [Kč/m2]","10602","2020-2022","2020-2022","28894"
"Průměrná jednotková kupní cena nemovitosti","7432","do 1 999 obyv.","399999632000000","Česko","CZ","Zlínský kraj","CZ072","Uherské Hradiště","CZ0722","Byty [Kč/m2]","10602","2021-2023","2021-2023","29351"
"Průměrná jednotková kupní cena nemovitosti","7432","do 1 999 obyv.","399999632000000","Česko","CZ","Zlínský kraj","CZ072","Uherské Hradiště","CZ0722","Byty [Kč/m2]","10602","2022-2024","2022-2024","33539"
"Průměrná jednotková kupní cena nemovitosti","7432","do 1 999 obyv.","399999632000000","Česko","CZ","Zlínský kraj","CZ072","Vsetín","CZ0723","Rodinné domy [Kč/m2]","10302","2019-2021","2019-2021","26354"
"Průměrná jednotková kupní cena nemovitosti","7432","do 1 999 obyv.","399999632000000","Česko","CZ","Zlínský kraj","CZ072","Vsetín","CZ0723","Rodinné domy [Kč/m2]","10302","2020-2022","2020-2022","31291"
"Průměrná jednotková kupní cena nemovitosti","7432","do 1 999 obyv.","399999632000000","Česko","CZ","Zlínský kraj","CZ072","Vsetín","CZ0723","Rodinné domy [Kč/m2]","10302","2021-2023","2021-2023","34242"
"Průměrná jednotková kupní cena nemovitosti","7432","do 1 999 obyv.","399999632000000","Česko","CZ","Zlínský kraj","CZ072","Vsetín","CZ0723","Rodinné domy [Kč/m2]","10302","2022-2024","2022-2024","37991"
"Průměrná jednotková kupní cena nemovitosti","7432","do 1 999 obyv.","399999632000000","Česko","CZ","Zlínský kraj","CZ072","Vsetín","CZ0723","Byty [Kč/m2]","10602","2019-2021","2019-2021","20403"
"Průměrná jednotková kupní cena nemovitosti","7432","do 1 999 obyv.","399999632000000","Česko","CZ","Zlínský kraj","CZ072","Vsetín","CZ0723","Byty [Kč/m2]","10602","2020-2022","2020-2022","24945"
"Průměrná jednotková kupní cena nemovitosti","7432","do 1 999 obyv.","399999632000000","Česko","CZ","Zlínský kraj","CZ072","Vsetín","CZ0723","Byty [Kč/m2]","10602","2021-2023","2021-2023","29857"
"Průměrná jednotková kupní cena nemovitosti","7432","do 1 999 obyv.","399999632000000","Česko","CZ","Zlínský kraj","CZ072","Vsetín","CZ0723","Byty [Kč/m2]","10602","2022-2024","2022-2024","33039"
"Průměrná jednotková kupní cena nemovitosti","7432","do 1 999 obyv.","399999632000000","Česko","CZ","Zlínský kraj","CZ072","Zlín","CZ0724","Rodinné domy [Kč/m2]","10302","2019-2021","2019-2021","25357"
"Průměrná jednotková kupní cena nemovitosti","7432","do 1 999 obyv.","399999632000000","Česko","CZ","Zlínský kraj","CZ072","Zlín","CZ0724","Rodinné domy [Kč/m2]","10302","2020-2022","2020-2022","29792"
"Průměrná jednotková kupní cena nemovitosti","7432","do 1 999 obyv.","399999632000000","Česko","CZ","Zlínský kraj","CZ072","Zlín","CZ0724","Rodinné domy [Kč/m2]","10302","2021-2023","2021-2023","33702"
"Průměrná jednotková kupní cena nemovitosti","7432","do 1 999 obyv.","399999632000000","Česko","CZ","Zlínský kraj","CZ072","Zlín","CZ0724","Rodinné domy [Kč/m2]","10302","2022-2024","2022-2024","37497"
"Průměrná jednotková kupní cena nemovitosti","7432","do 1 999 obyv.","399999632000000","Česko","CZ","Zlínský kraj","CZ072","Zlín","CZ0724","Byty [Kč/m2]","10602","2019-2021","2019-2021","23322"
"Průměrná jednotková kupní cena nemovitosti","7432","do 1 999 obyv.","399999632000000","Česko","CZ","Zlínský kraj","CZ072","Zlín","CZ0724","Byty [Kč/m2]","10602","2020-2022","2020-2022","29327"
"Průměrná jednotková kupní cena nemovitosti","7432","do 1 999 obyv.","399999632000000","Česko","CZ","Zlínský kraj","CZ072","Zlín","CZ0724","Byty [Kč/m2]","10602","2021-2023","2021-2023","29873"
"Průměrná jednotková kupní cena nemovitosti","7432","do 1 999 obyv.","399999632000000","Česko","CZ","Zlínský kraj","CZ072","Zlín","CZ0724","Byty [Kč/m2]","10602","2022-2024","2022-2024","32023"
"Průměrná jednotková kupní cena nemovitosti","7432","do 1 999 obyv.","399999632000000","Česko","CZ","Moravskoslezský kraj","CZ080","Bruntál","CZ0801","Rodinné domy [Kč/m2]","10302","2019-2021","2019-2021","25284"
"Průměrná jednotková kupní cena nemovitosti","7432","do 1 999 obyv.","399999632000000","Česko","CZ","Moravskoslezský kraj","CZ080","Bruntál","CZ0801","Rodinné domy [Kč/m2]","10302","2020-2022","2020-2022","28749"
"Průměrná jednotková kupní cena nemovitosti","7432","do 1 999 obyv.","399999632000000","Česko","CZ","Moravskoslezský kraj","CZ080","Bruntál","CZ0801","Rodinné domy [Kč/m2]","10302","2021-2023","2021-2023","31205"
"Průměrná jednotková kupní cena nemovitosti","7432","do 1 999 obyv.","399999632000000","Česko","CZ","Moravskoslezský kraj","CZ080","Bruntál","CZ0801","Rodinné domy [Kč/m2]","10302","2022-2024","2022-2024","33741"
"Průměrná jednotková kupní cena nemovitosti","7432","do 1 999 obyv.","399999632000000","Česko","CZ","Moravskoslezský kraj","CZ080","Bruntál","CZ0801","Byty [Kč/m2]","10602","2019-2021","2019-2021","16051"
"Průměrná jednotková kupní cena nemovitosti","7432","do 1 999 obyv.","399999632000000","Česko","CZ","Moravskoslezský kraj","CZ080","Bruntál","CZ0801","Byty [Kč/m2]","10602","2020-2022","2020-2022","21097"
"Průměrná jednotková kupní cena nemovitosti","7432","do 1 999 obyv.","399999632000000","Česko","CZ","Moravskoslezský kraj","CZ080","Bruntál","CZ0801","Byty [Kč/m2]","10602","2021-2023","2021-2023","23734"
"Průměrná jednotková kupní cena nemovitosti","7432","do 1 999 obyv.","399999632000000","Česko","CZ","Moravskoslezský kraj","CZ080","Bruntál","CZ0801","Byty [Kč/m2]","10602","2022-2024","2022-2024","27038"
"Průměrná jednotková kupní cena nemovitosti","7432","do 1 999 obyv.","399999632000000","Česko","CZ","Moravskoslezský kraj","CZ080","Frýdek-Místek","CZ0802","Rodinné domy [Kč/m2]","10302","2019-2021","2019-2021","28582"
"Průměrná jednotková kupní cena nemovitosti","7432","do 1 999 obyv.","399999632000000","Česko","CZ","Moravskoslezský kraj","CZ080","Frýdek-Místek","CZ0802","Rodinné domy [Kč/m2]","10302","2020-2022","2020-2022","32249"
"Průměrná jednotková kupní cena nemovitosti","7432","do 1 999 obyv.","399999632000000","Česko","CZ","Moravskoslezský kraj","CZ080","Frýdek-Místek","CZ0802","Rodinné domy [Kč/m2]","10302","2021-2023","2021-2023","35815"
"Průměrná jednotková kupní cena nemovitosti","7432","do 1 999 obyv.","399999632000000","Česko","CZ","Moravskoslezský kraj","CZ080","Frýdek-Místek","CZ0802","Rodinné domy [Kč/m2]","10302","2022-2024","2022-2024","40163"
"Průměrná jednotková kupní cena nemovitosti","7432","do 1 999 obyv.","399999632000000","Česko","CZ","Moravskoslezský kraj","CZ080","Frýdek-Místek","CZ0802","Byty [Kč/m2]","10602","2019-2021","2019-2021","22197"
"Průměrná jednotková kupní cena nemovitosti","7432","do 1 999 obyv.","399999632000000","Česko","CZ","Moravskoslezský kraj","CZ080","Frýdek-Místek","CZ0802","Byty [Kč/m2]","10602","2020-2022","2020-2022","31928"
"Průměrná jednotková kupní cena nemovitosti","7432","do 1 999 obyv.","399999632000000","Česko","CZ","Moravskoslezský kraj","CZ080","Frýdek-Místek","CZ0802","Byty [Kč/m2]","10602","2021-2023","2021-2023","35032"
"Průměrná jednotková kupní cena nemovitosti","7432","do 1 999 obyv.","399999632000000","Česko","CZ","Moravskoslezský kraj","CZ080","Frýdek-Místek","CZ0802","Byty [Kč/m2]","10602","2022-2024","2022-2024","35490"
"Průměrná jednotková kupní cena nemovitosti","7432","do 1 999 obyv.","399999632000000","Česko","CZ","Moravskoslezský kraj","CZ080","Karviná","CZ0803","Rodinné domy [Kč/m2]","10302","2019-2021","2019-2021","27564"
"Průměrná jednotková kupní cena nemovitosti","7432","do 1 999 obyv.","399999632000000","Česko","CZ","Moravskoslezský kraj","CZ080","Karviná","CZ0803","Rodinné domy [Kč/m2]","10302","2020-2022","2020-2022","32189"
"Průměrná jednotková kupní cena nemovitosti","7432","do 1 999 obyv.","399999632000000","Česko","CZ","Moravskoslezský kraj","CZ080","Karviná","CZ0803","Rodinné domy [Kč/m2]","10302","2021-2023","2021-2023","34488"
"Průměrná jednotková kupní cena nemovitosti","7432","do 1 999 obyv.","399999632000000","Česko","CZ","Moravskoslezský kraj","CZ080","Karviná","CZ0803","Rodinné domy [Kč/m2]","10302","2022-2024","2022-2024","33132"
"Průměrná jednotková kupní cena nemovitosti","7432","do 1 999 obyv.","399999632000000","Česko","CZ","Moravskoslezský kraj","CZ080","Nový Jičín","CZ0804","Rodinné domy [Kč/m2]","10302","2019-2021","2019-2021","27767"
"Průměrná jednotková kupní cena nemovitosti","7432","do 1 999 obyv.","399999632000000","Česko","CZ","Moravskoslezský kraj","CZ080","Nový Jičín","CZ0804","Rodinné domy [Kč/m2]","10302","2020-2022","2020-2022","31030"
"Průměrná jednotková kupní cena nemovitosti","7432","do 1 999 obyv.","399999632000000","Česko","CZ","Moravskoslezský kraj","CZ080","Nový Jičín","CZ0804","Rodinné domy [Kč/m2]","10302","2021-2023","2021-2023","35035"
"Průměrná jednotková kupní cena nemovitosti","7432","do 1 999 obyv.","399999632000000","Česko","CZ","Moravskoslezský kraj","CZ080","Nový Jičín","CZ0804","Rodinné domy [Kč/m2]","10302","2022-2024","2022-2024","38666"
"Průměrná jednotková kupní cena nemovitosti","7432","do 1 999 obyv.","399999632000000","Česko","CZ","Moravskoslezský kraj","CZ080","Nový Jičín","CZ0804","Byty [Kč/m2]","10602","2019-2021","2019-2021","18199"
"Průměrná jednotková kupní cena nemovitosti","7432","do 1 999 obyv.","399999632000000","Česko","CZ","Moravskoslezský kraj","CZ080","Nový Jičín","CZ0804","Byty [Kč/m2]","10602","2020-2022","2020-2022","28054"
"Průměrná jednotková kupní cena nemovitosti","7432","do 1 999 obyv.","399999632000000","Česko","CZ","Moravskoslezský kraj","CZ080","Nový Jičín","CZ0804","Byty [Kč/m2]","10602","2021-2023","2021-2023","34360"
"Průměrná jednotková kupní cena nemovitosti","7432","do 1 999 obyv.","399999632000000","Česko","CZ","Moravskoslezský kraj","CZ080","Nový Jičín","CZ0804","Byty [Kč/m2]","10602","2022-2024","2022-2024","34311"
"Průměrná jednotková kupní cena nemovitosti","7432","do 1 999 obyv.","399999632000000","Česko","CZ","Moravskoslezský kraj","CZ080","Opava","CZ0805","Rodinné domy [Kč/m2]","10302","2019-2021","2019-2021","27925"
"Průměrná jednotková kupní cena nemovitosti","7432","do 1 999 obyv.","399999632000000","Česko","CZ","Moravskoslezský kraj","CZ080","Opava","CZ0805","Rodinné domy [Kč/m2]","10302","2020-2022","2020-2022","31845"
"Průměrná jednotková kupní cena nemovitosti","7432","do 1 999 obyv.","399999632000000","Česko","CZ","Moravskoslezský kraj","CZ080","Opava","CZ0805","Rodinné domy [Kč/m2]","10302","2021-2023","2021-2023","33320"
"Průměrná jednotková kupní cena nemovitosti","7432","do 1 999 obyv.","399999632000000","Česko","CZ","Moravskoslezský kraj","CZ080","Opava","CZ0805","Rodinné domy [Kč/m2]","10302","2022-2024","2022-2024","34402"
"Průměrná jednotková kupní cena nemovitosti","7432","do 1 999 obyv.","399999632000000","Česko","CZ","Moravskoslezský kraj","CZ080","Opava","CZ0805","Byty [Kč/m2]","10602","2019-2021","2019-2021","23098"
"Průměrná jednotková kupní cena nemovitosti","7432","do 1 999 obyv.","399999632000000","Česko","CZ","Moravskoslezský kraj","CZ080","Opava","CZ0805","Byty [Kč/m2]","10602","2020-2022","2020-2022","29821"
"Průměrná jednotková kupní cena nemovitosti","7432","do 1 999 obyv.","399999632000000","Česko","CZ","Moravskoslezský kraj","CZ080","Opava","CZ0805","Byty [Kč/m2]","10602","2021-2023","2021-2023","30876"
"Průměrná jednotková kupní cena nemovitosti","7432","do 1 999 obyv.","399999632000000","Česko","CZ","Moravskoslezský kraj","CZ080","Opava","CZ0805","Byty [Kč/m2]","10602","2022-2024","2022-2024","33249"
"Průměrná jednotková kupní cena nemovitosti","7432","do 1 999 obyv.","399999632000000","Česko","CZ","Moravskoslezský kraj","CZ080","Ostrava-město","CZ0806","Rodinné domy [Kč/m2]","10302","2019-2021","2019-2021","33397"
"Průměrná jednotková kupní cena nemovitosti","7432","do 1 999 obyv.","399999632000000","Česko","CZ","Moravskoslezský kraj","CZ080","Ostrava-město","CZ0806","Rodinné domy [Kč/m2]","10302","2020-2022","2020-2022","35757"
"Průměrná jednotková kupní cena nemovitosti","7432","do 1 999 obyv.","399999632000000","Česko","CZ","Moravskoslezský kraj","CZ080","Ostrava-město","CZ0806","Rodinné domy [Kč/m2]","10302","2021-2023","2021-2023","37084"
"Průměrná jednotková kupní cena nemovitosti","7432","do 1 999 obyv.","399999632000000","Česko","CZ","Moravskoslezský kraj","CZ080","Ostrava-město","CZ0806","Rodinné domy [Kč/m2]","10302","2022-2024","2022-2024","43480"
"Průměrná jednotková kupní cena nemovitosti","7432","2 000 - 9 999 obyv.","432000641000000","Česko","CZ","","","","","Rodinné domy [Kč/m2]","10302","2019-2021","2019-2021","37252"
"Průměrná jednotková kupní cena nemovitosti","7432","2 000 - 9 999 obyv.","432000641000000","Česko","CZ","","","","","Rodinné domy [Kč/m2]","10302","2020-2022","2020-2022","41318"
"Průměrná jednotková kupní cena nemovitosti","7432","2 000 - 9 999 obyv.","432000641000000","Česko","CZ","","","","","Rodinné domy [Kč/m2]","10302","2021-2023","2021-2023","45117"
"Průměrná jednotková kupní cena nemovitosti","7432","2 000 - 9 999 obyv.","432000641000000","Česko","CZ","","","","","Rodinné domy [Kč/m2]","10302","2022-2024","2022-2024","48363"
"Průměrná jednotková kupní cena nemovitosti","7432","2 000 - 9 999 obyv.","432000641000000","Česko","CZ","","","","","Byty [Kč/m2]","10602","2019-2021","2019-2021","28472"
"Průměrná jednotková kupní cena nemovitosti","7432","2 000 - 9 999 obyv.","432000641000000","Česko","CZ","","","","","Byty [Kč/m2]","10602","2020-2022","2020-2022","34188"
"Průměrná jednotková kupní cena nemovitosti","7432","2 000 - 9 999 obyv.","432000641000000","Česko","CZ","","","","","Byty [Kč/m2]","10602","2021-2023","2021-2023","38895"
"Průměrná jednotková kupní cena nemovitosti","7432","2 000 - 9 999 obyv.","432000641000000","Česko","CZ","","","","","Byty [Kč/m2]","10602","2022-2024","2022-2024","42819"
"Průměrná jednotková kupní cena nemovitosti","7432","2 000 - 9 999 obyv.","432000641000000","Česko","CZ","Středočeský kraj","CZ020","","","Rodinné domy [Kč/m2]","10302","2019","2019","49407"
"Průměrná jednotková kupní cena nemovitosti","7432","2 000 - 9 999 obyv.","432000641000000","Česko","CZ","Středočeský kraj","CZ020","","","Rodinné domy [Kč/m2]","10302","2020","2020","56419"
"Průměrná jednotková kupní cena nemovitosti","7432","2 000 - 9 999 obyv.","432000641000000","Česko","CZ","Středočeský kraj","CZ020","","","Rodinné domy [Kč/m2]","10302","2021","2021","67997"
"Průměrná jednotková kupní cena nemovitosti","7432","2 000 - 9 999 obyv.","432000641000000","Česko","CZ","Středočeský kraj","CZ020","","","Rodinné domy [Kč/m2]","10302","2019-2021","2019-2021","56792"
"Průměrná jednotková kupní cena nemovitosti","7432","2 000 - 9 999 obyv.","432000641000000","Česko","CZ","Středočeský kraj","CZ020","","","Rodinné domy [Kč/m2]","10302","2022","2022","78126"
"Průměrná jednotková kupní cena nemovitosti","7432","2 000 - 9 999 obyv.","432000641000000","Česko","CZ","Středočeský kraj","CZ020","","","Rodinné domy [Kč/m2]","10302","2020-2022","2020-2022","65395"
"Průměrná jednotková kupní cena nemovitosti","7432","2 000 - 9 999 obyv.","432000641000000","Česko","CZ","Středočeský kraj","CZ020","","","Rodinné domy [Kč/m2]","10302","2023","2023","75606"
"Průměrná jednotková kupní cena nemovitosti","7432","2 000 - 9 999 obyv.","432000641000000","Česko","CZ","Středočeský kraj","CZ020","","","Rodinné domy [Kč/m2]","10302","2021-2023","2021-2023","73186"
"Průměrná jednotková kupní cena nemovitosti","7432","2 000 - 9 999 obyv.","432000641000000","Česko","CZ","Středočeský kraj","CZ020","","","Rodinné domy [Kč/m2]","10302","2024","2024","77976"
"Průměrná jednotková kupní cena nemovitosti","7432","2 000 - 9 999 obyv.","432000641000000","Česko","CZ","Středočeský kraj","CZ020","","","Rodinné domy [Kč/m2]","10302","2022-2024","2022-2024","77348"
"Průměrná jednotková kupní cena nemovitosti","7432","2 000 - 9 999 obyv.","432000641000000","Česko","CZ","Středočeský kraj","CZ020","","","Rodinné domy [Kč/m2]","10302","2025","2025","85552"
"Průměrná jednotková kupní cena nemovitosti","7432","2 000 - 9 999 obyv.","432000641000000","Česko","CZ","Středočeský kraj","CZ020","","","Byty [Kč/m2]","10602","2019","2019","27924"
"Průměrná jednotková kupní cena nemovitosti","7432","2 000 - 9 999 obyv.","432000641000000","Česko","CZ","Středočeský kraj","CZ020","","","Byty [Kč/m2]","10602","2020","2020","32587"
"Průměrná jednotková kupní cena nemovitosti","7432","2 000 - 9 999 obyv.","432000641000000","Česko","CZ","Středočeský kraj","CZ020","","","Byty [Kč/m2]","10602","2021","2021","43866"
"Průměrná jednotková kupní cena nemovitosti","7432","2 000 - 9 999 obyv.","432000641000000","Česko","CZ","Středočeský kraj","CZ020","","","Byty [Kč/m2]","10602","2019-2021","2019-2021","34573"
"Průměrná jednotková kupní cena nemovitosti","7432","2 000 - 9 999 obyv.","432000641000000","Česko","CZ","Středočeský kraj","CZ020","","","Byty [Kč/m2]","10602","2022","2022","51156"
"Průměrná jednotková kupní cena nemovitosti","7432","2 000 - 9 999 obyv.","432000641000000","Česko","CZ","Středočeský kraj","CZ020","","","Byty [Kč/m2]","10602","2020-2022","2020-2022","41747"
"Průměrná jednotková kupní cena nemovitosti","7432","2 000 - 9 999 obyv.","432000641000000","Česko","CZ","Středočeský kraj","CZ020","","","Byty [Kč/m2]","10602","2023","2023","50546"
"Průměrná jednotková kupní cena nemovitosti","7432","2 000 - 9 999 obyv.","432000641000000","Česko","CZ","Středočeský kraj","CZ020","","","Byty [Kč/m2]","10602","2021-2023","2021-2023","48074"
"Průměrná jednotková kupní cena nemovitosti","7432","2 000 - 9 999 obyv.","432000641000000","Česko","CZ","Středočeský kraj","CZ020","","","Byty [Kč/m2]","10602","2024","2024","56903"
"Průměrná jednotková kupní cena nemovitosti","7432","2 000 - 9 999 obyv.","432000641000000","Česko","CZ","Středočeský kraj","CZ020","","","Byty [Kč/m2]","10602","2022-2024","2022-2024","53435"
"Průměrná jednotková kupní cena nemovitosti","7432","2 000 - 9 999 obyv.","432000641000000","Česko","CZ","Středočeský kraj","CZ020","","","Byty [Kč/m2]","10602","2025","2025","63175"
"Průměrná jednotková kupní cena nemovitosti","7432","2 000 - 9 999 obyv.","432000641000000","Česko","CZ","Jihočeský kraj","CZ031","","","Rodinné domy [Kč/m2]","10302","2019","2019","29817"
"Průměrná jednotková kupní cena nemovitosti","7432","2 000 - 9 999 obyv.","432000641000000","Česko","CZ","Jihočeský kraj","CZ031","","","Rodinné domy [Kč/m2]","10302","2020","2020","31870"
"Průměrná jednotková kupní cena nemovitosti","7432","2 000 - 9 999 obyv.","432000641000000","Česko","CZ","Jihočeský kraj","CZ031","","","Rodinné domy [Kč/m2]","10302","2021","2021","36610"
"Průměrná jednotková kupní cena nemovitosti","7432","2 000 - 9 999 obyv.","432000641000000","Česko","CZ","Jihočeský kraj","CZ031","","","Rodinné domy [Kč/m2]","10302","2019-2021","2019-2021","32528"
"Průměrná jednotková kupní cena nemovitosti","7432","2 000 - 9 999 obyv.","432000641000000","Česko","CZ","Jihočeský kraj","CZ031","","","Rodinné domy [Kč/m2]","10302","2022","2022","42828"
"Průměrná jednotková kupní cena nemovitosti","7432","2 000 - 9 999 obyv.","432000641000000","Česko","CZ","Jihočeský kraj","CZ031","","","Rodinné domy [Kč/m2]","10302","2020-2022","2020-2022","36248"
"Průměrná jednotková kupní cena nemovitosti","7432","2 000 - 9 999 obyv.","432000641000000","Česko","CZ","Jihočeský kraj","CZ031","","","Rodinné domy [Kč/m2]","10302","2023","2023","44995"
"Průměrná jednotková kupní cena nemovitosti","7432","2 000 - 9 999 obyv.","432000641000000","Česko","CZ","Jihočeský kraj","CZ031","","","Rodinné domy [Kč/m2]","10302","2021-2023","2021-2023","40941"
"Průměrná jednotková kupní cena nemovitosti","7432","2 000 - 9 999 obyv.","432000641000000","Česko","CZ","Jihočeský kraj","CZ031","","","Rodinné domy [Kč/m2]","10302","2024","2024","44798"
"Průměrná jednotková kupní cena nemovitosti","7432","2 000 - 9 999 obyv.","432000641000000","Česko","CZ","Jihočeský kraj","CZ031","","","Rodinné domy [Kč/m2]","10302","2022-2024","2022-2024","44277"
"Průměrná jednotková kupní cena nemovitosti","7432","2 000 - 9 999 obyv.","432000641000000","Česko","CZ","Jihočeský kraj","CZ031","","","Rodinné domy [Kč/m2]","10302","2025","2025","51407"
"Průměrná jednotková kupní cena nemovitosti","7432","2 000 - 9 999 obyv.","432000641000000","Česko","CZ","Jihočeský kraj","CZ031","","","Byty [Kč/m2]","10602","2019","2019","21417"
"Průměrná jednotková kupní cena nemovitosti","7432","2 000 - 9 999 obyv.","432000641000000","Česko","CZ","Jihočeský kraj","CZ031","","","Byty [Kč/m2]","10602","2020","2020","26266"
"Průměrná jednotková kupní cena nemovitosti","7432","2 000 - 9 999 obyv.","432000641000000","Česko","CZ","Jihočeský kraj","CZ031","","","Byty [Kč/m2]","10602","2021","2021","34409"
"Průměrná jednotková kupní cena nemovitosti","7432","2 000 - 9 999 obyv.","432000641000000","Česko","CZ","Jihočeský kraj","CZ031","","","Byty [Kč/m2]","10602","2019-2021","2019-2021","27342"
"Průměrná jednotková kupní cena nemovitosti","7432","2 000 - 9 999 obyv.","432000641000000","Česko","CZ","Jihočeský kraj","CZ031","","","Byty [Kč/m2]","10602","2022","2022","43946"
"Průměrná jednotková kupní cena nemovitosti","7432","2 000 - 9 999 obyv.","432000641000000","Česko","CZ","Jihočeský kraj","CZ031","","","Byty [Kč/m2]","10602","2020-2022","2020-2022","34211"
"Průměrná jednotková kupní cena nemovitosti","7432","2 000 - 9 999 obyv.","432000641000000","Česko","CZ","Jihočeský kraj","CZ031","","","Byty [Kč/m2]","10602","2023","2023","39370"
"Průměrná jednotková kupní cena nemovitosti","7432","2 000 - 9 999 obyv.","432000641000000","Česko","CZ","Jihočeský kraj","CZ031","","","Byty [Kč/m2]","10602","2021-2023","2021-2023","39018"
"Průměrná jednotková kupní cena nemovitosti","7432","2 000 - 9 999 obyv.","432000641000000","Česko","CZ","Jihočeský kraj","CZ031","","","Byty [Kč/m2]","10602","2024","2024","42195"
"Průměrná jednotková kupní cena nemovitosti","7432","2 000 - 9 999 obyv.","432000641000000","Česko","CZ","Jihočeský kraj","CZ031","","","Byty [Kč/m2]","10602","2022-2024","2022-2024","41937"
"Průměrná jednotková kupní cena nemovitosti","7432","2 000 - 9 999 obyv.","432000641000000","Česko","CZ","Jihočeský kraj","CZ031","","","Byty [Kč/m2]","10602","2025","2025","48689"
"Průměrná jednotková kupní cena nemovitosti","7432","2 000 - 9 999 obyv.","432000641000000","Česko","CZ","Plzeňský kraj","CZ032","","","Rodinné domy [Kč/m2]","10302","2019","2019","30929"
"Průměrná jednotková kupní cena nemovitosti","7432","2 000 - 9 999 obyv.","432000641000000","Česko","CZ","Plzeňský kraj","CZ032","","","Rodinné domy [Kč/m2]","10302","2020","2020","33526"
"Průměrná jednotková kupní cena nemovitosti","7432","2 000 - 9 999 obyv.","432000641000000","Česko","CZ","Plzeňský kraj","CZ032","","","Rodinné domy [Kč/m2]","10302","2021","2021","36852"
"Průměrná jednotková kupní cena nemovitosti","7432","2 000 - 9 999 obyv.","432000641000000","Česko","CZ","Plzeňský kraj","CZ032","","","Rodinné domy [Kč/m2]","10302","2019-2021","2019-2021","33756"
"Průměrná jednotková kupní cena nemovitosti","7432","2 000 - 9 999 obyv.","432000641000000","Česko","CZ","Plzeňský kraj","CZ032","","","Rodinné domy [Kč/m2]","10302","2022","2022","43203"
"Průměrná jednotková kupní cena nemovitosti","7432","2 000 - 9 999 obyv.","432000641000000","Česko","CZ","Plzeňský kraj","CZ032","","","Rodinné domy [Kč/m2]","10302","2020-2022","2020-2022","37317"
"Průměrná jednotková kupní cena nemovitosti","7432","2 000 - 9 999 obyv.","432000641000000","Česko","CZ","Plzeňský kraj","CZ032","","","Rodinné domy [Kč/m2]","10302","2023","2023","42232"
"Průměrná jednotková kupní cena nemovitosti","7432","2 000 - 9 999 obyv.","432000641000000","Česko","CZ","Plzeňský kraj","CZ032","","","Rodinné domy [Kč/m2]","10302","2021-2023","2021-2023","40388"
"Průměrná jednotková kupní cena nemovitosti","7432","2 000 - 9 999 obyv.","432000641000000","Česko","CZ","Plzeňský kraj","CZ032","","","Rodinné domy [Kč/m2]","10302","2024","2024","47091"
"Průměrná jednotková kupní cena nemovitosti","7432","2 000 - 9 999 obyv.","432000641000000","Česko","CZ","Plzeňský kraj","CZ032","","","Rodinné domy [Kč/m2]","10302","2022-2024","2022-2024","44630"
"Průměrná jednotková kupní cena nemovitosti","7432","2 000 - 9 999 obyv.","432000641000000","Česko","CZ","Plzeňský kraj","CZ032","","","Rodinné domy [Kč/m2]","10302","2025","2025","48513"
"Průměrná jednotková kupní cena nemovitosti","7432","2 000 - 9 999 obyv.","432000641000000","Česko","CZ","Plzeňský kraj","CZ032","","","Byty [Kč/m2]","10602","2019","2019","24448"
"Průměrná jednotková kupní cena nemovitosti","7432","2 000 - 9 999 obyv.","432000641000000","Česko","CZ","Plzeňský kraj","CZ032","","","Byty [Kč/m2]","10602","2020","2020","27172"
"Průměrná jednotková kupní cena nemovitosti","7432","2 000 - 9 999 obyv.","432000641000000","Česko","CZ","Plzeňský kraj","CZ032","","","Byty [Kč/m2]","10602","2021","2021","35356"
"Průměrná jednotková kupní cena nemovitosti","7432","2 000 - 9 999 obyv.","432000641000000","Česko","CZ","Plzeňský kraj","CZ032","","","Byty [Kč/m2]","10602","2019-2021","2019-2021","29306"
"Průměrná jednotková kupní cena nemovitosti","7432","2 000 - 9 999 obyv.","432000641000000","Česko","CZ","Plzeňský kraj","CZ032","","","Byty [Kč/m2]","10602","2022","2022","43775"
"Průměrná jednotková kupní cena nemovitosti","7432","2 000 - 9 999 obyv.","432000641000000","Česko","CZ","Plzeňský kraj","CZ032","","","Byty [Kč/m2]","10602","2020-2022","2020-2022","34839"
"Průměrná jednotková kupní cena nemovitosti","7432","2 000 - 9 999 obyv.","432000641000000","Česko","CZ","Plzeňský kraj","CZ032","","","Byty [Kč/m2]","10602","2023","2023","40824"
"Průměrná jednotková kupní cena nemovitosti","7432","2 000 - 9 999 obyv.","432000641000000","Česko","CZ","Plzeňský kraj","CZ032","","","Byty [Kč/m2]","10602","2021-2023","2021-2023","39383"
"Průměrná jednotková kupní cena nemovitosti","7432","2 000 - 9 999 obyv.","432000641000000","Česko","CZ","Plzeňský kraj","CZ032","","","Byty [Kč/m2]","10602","2024","2024","44298"
"Průměrná jednotková kupní cena nemovitosti","7432","2 000 - 9 999 obyv.","432000641000000","Česko","CZ","Plzeňský kraj","CZ032","","","Byty [Kč/m2]","10602","2022-2024","2022-2024","43136"
"Průměrná jednotková kupní cena nemovitosti","7432","2 000 - 9 999 obyv.","432000641000000","Česko","CZ","Plzeňský kraj","CZ032","","","Byty [Kč/m2]","10602","2025","2025","49919"
"Průměrná jednotková kupní cena nemovitosti","7432","2 000 - 9 999 obyv.","432000641000000","Česko","CZ","Karlovarský kraj","CZ041","","","Rodinné domy [Kč/m2]","10302","2019","2019","23725"
"Průměrná jednotková kupní cena nemovitosti","7432","2 000 - 9 999 obyv.","432000641000000","Česko","CZ","Karlovarský kraj","CZ041","","","Rodinné domy [Kč/m2]","10302","2020","2020","28612"
"Průměrná jednotková kupní cena nemovitosti","7432","2 000 - 9 999 obyv.","432000641000000","Česko","CZ","Karlovarský kraj","CZ041","","","Rodinné domy [Kč/m2]","10302","2021","2021","31171"
"Průměrná jednotková kupní cena nemovitosti","7432","2 000 - 9 999 obyv.","432000641000000","Česko","CZ","Karlovarský kraj","CZ041","","","Rodinné domy [Kč/m2]","10302","2019-2021","2019-2021","28253"
"Průměrná jednotková kupní cena nemovitosti","7432","2 000 - 9 999 obyv.","432000641000000","Česko","CZ","Karlovarský kraj","CZ041","","","Rodinné domy [Kč/m2]","10302","2022","2022","34948"
"Průměrná jednotková kupní cena nemovitosti","7432","2 000 - 9 999 obyv.","432000641000000","Česko","CZ","Karlovarský kraj","CZ041","","","Rodinné domy [Kč/m2]","10302","2020-2022","2020-2022","31689"
"Průměrná jednotková kupní cena nemovitosti","7432","2 000 - 9 999 obyv.","432000641000000","Česko","CZ","Karlovarský kraj","CZ041","","","Rodinné domy [Kč/m2]","10302","2023","2023","35593"
"Průměrná jednotková kupní cena nemovitosti","7432","2 000 - 9 999 obyv.","432000641000000","Česko","CZ","Karlovarský kraj","CZ041","","","Rodinné domy [Kč/m2]","10302","2021-2023","2021-2023","33948"
"Průměrná jednotková kupní cena nemovitosti","7432","2 000 - 9 999 obyv.","432000641000000","Česko","CZ","Karlovarský kraj","CZ041","","","Rodinné domy [Kč/m2]","10302","2024","2024","35776"
"Průměrná jednotková kupní cena nemovitosti","7432","2 000 - 9 999 obyv.","432000641000000","Česko","CZ","Karlovarský kraj","CZ041","","","Rodinné domy [Kč/m2]","10302","2022-2024","2022-2024","35413"
"Průměrná jednotková kupní cena nemovitosti","7432","2 000 - 9 999 obyv.","432000641000000","Česko","CZ","Karlovarský kraj","CZ041","","","Rodinné domy [Kč/m2]","10302","2025","2025","41552"
"Průměrná jednotková kupní cena nemovitosti","7432","2 000 - 9 999 obyv.","432000641000000","Česko","CZ","Karlovarský kraj","CZ041","","","Byty [Kč/m2]","10602","2019","2019","16428"
"Průměrná jednotková kupní cena nemovitosti","7432","2 000 - 9 999 obyv.","432000641000000","Česko","CZ","Karlovarský kraj","CZ041","","","Byty [Kč/m2]","10602","2020","2020","18219"
"Průměrná jednotková kupní cena nemovitosti","7432","2 000 - 9 999 obyv.","432000641000000","Česko","CZ","Karlovarský kraj","CZ041","","","Byty [Kč/m2]","10602","2021","2021","24680"
"Průměrná jednotková kupní cena nemovitosti","7432","2 000 - 9 999 obyv.","432000641000000","Česko","CZ","Karlovarský kraj","CZ041","","","Byty [Kč/m2]","10602","2019-2021","2019-2021","19799"
"Průměrná jednotková kupní cena nemovitosti","7432","2 000 - 9 999 obyv.","432000641000000","Česko","CZ","Karlovarský kraj","CZ041","","","Byty [Kč/m2]","10602","2022","2022","28714"
"Průměrná jednotková kupní cena nemovitosti","7432","2 000 - 9 999 obyv.","432000641000000","Česko","CZ","Karlovarský kraj","CZ041","","","Byty [Kč/m2]","10602","2020-2022","2020-2022","24144"
"Průměrná jednotková kupní cena nemovitosti","7432","2 000 - 9 999 obyv.","432000641000000","Česko","CZ","Karlovarský kraj","CZ041","","","Byty [Kč/m2]","10602","2023","2023","27529"
"Průměrná jednotková kupní cena nemovitosti","7432","2 000 - 9 999 obyv.","432000641000000","Česko","CZ","Karlovarský kraj","CZ041","","","Byty [Kč/m2]","10602","2021-2023","2021-2023","27014"
"Průměrná jednotková kupní cena nemovitosti","7432","2 000 - 9 999 obyv.","432000641000000","Česko","CZ","Karlovarský kraj","CZ041","","","Byty [Kč/m2]","10602","2024","2024","30531"
"Průměrná jednotková kupní cena nemovitosti","7432","2 000 - 9 999 obyv.","432000641000000","Česko","CZ","Karlovarský kraj","CZ041","","","Byty [Kč/m2]","10602","2022-2024","2022-2024","28946"
"Průměrná jednotková kupní cena nemovitosti","7432","2 000 - 9 999 obyv.","432000641000000","Česko","CZ","Karlovarský kraj","CZ041","","","Byty [Kč/m2]","10602","2025","2025","34372"
"Průměrná jednotková kupní cena nemovitosti","7432","2 000 - 9 999 obyv.","432000641000000","Česko","CZ","Ústecký kraj","CZ042","","","Rodinné domy [Kč/m2]","10302","2019","2019","25392"
"Průměrná jednotková kupní cena nemovitosti","7432","2 000 - 9 999 obyv.","432000641000000","Česko","CZ","Ústecký kraj","CZ042","","","Rodinné domy [Kč/m2]","10302","2020","2020","28080"
"Průměrná jednotková kupní cena nemovitosti","7432","2 000 - 9 999 obyv.","432000641000000","Česko","CZ","Ústecký kraj","CZ042","","","Rodinné domy [Kč/m2]","10302","2021","2021","31767"
"Průměrná jednotková kupní cena nemovitosti","7432","2 000 - 9 999 obyv.","432000641000000","Česko","CZ","Ústecký kraj","CZ042","","","Rodinné domy [Kč/m2]","10302","2019-2021","2019-2021","29163"
"Průměrná jednotková kupní cena nemovitosti","7432","2 000 - 9 999 obyv.","432000641000000","Česko","CZ","Ústecký kraj","CZ042","","","Rodinné domy [Kč/m2]","10302","2022","2022","37637"
"Průměrná jednotková kupní cena nemovitosti","7432","2 000 - 9 999 obyv.","432000641000000","Česko","CZ","Ústecký kraj","CZ042","","","Rodinné domy [Kč/m2]","10302","2020-2022","2020-2022","32538"
"Průměrná jednotková kupní cena nemovitosti","7432","2 000 - 9 999 obyv.","432000641000000","Česko","CZ","Ústecký kraj","CZ042","","","Rodinné domy [Kč/m2]","10302","2023","2023","34732"
"Průměrná jednotková kupní cena nemovitosti","7432","2 000 - 9 999 obyv.","432000641000000","Česko","CZ","Ústecký kraj","CZ042","","","Rodinné domy [Kč/m2]","10302","2021-2023","2021-2023","34482"
"Průměrná jednotková kupní cena nemovitosti","7432","2 000 - 9 999 obyv.","432000641000000","Česko","CZ","Ústecký kraj","CZ042","","","Rodinné domy [Kč/m2]","10302","2024","2024","39797"
"Průměrná jednotková kupní cena nemovitosti","7432","2 000 - 9 999 obyv.","432000641000000","Česko","CZ","Ústecký kraj","CZ042","","","Rodinné domy [Kč/m2]","10302","2022-2024","2022-2024","37734"
"Průměrná jednotková kupní cena nemovitosti","7432","2 000 - 9 999 obyv.","432000641000000","Česko","CZ","Ústecký kraj","CZ042","","","Rodinné domy [Kč/m2]","10302","2025","2025","41658"
"Průměrná jednotková kupní cena nemovitosti","7432","2 000 - 9 999 obyv.","432000641000000","Česko","CZ","Ústecký kraj","CZ042","","","Byty [Kč/m2]","10602","2019","2019","17979"
"Průměrná jednotková kupní cena nemovitosti","7432","2 000 - 9 999 obyv.","432000641000000","Česko","CZ","Ústecký kraj","CZ042","","","Byty [Kč/m2]","10602","2020","2020","19756"
"Průměrná jednotková kupní cena nemovitosti","7432","2 000 - 9 999 obyv.","432000641000000","Česko","CZ","Ústecký kraj","CZ042","","","Byty [Kč/m2]","10602","2021","2021","28349"
"Průměrná jednotková kupní cena nemovitosti","7432","2 000 - 9 999 obyv.","432000641000000","Česko","CZ","Ústecký kraj","CZ042","","","Byty [Kč/m2]","10602","2019-2021","2019-2021","22449"
"Průměrná jednotková kupní cena nemovitosti","7432","2 000 - 9 999 obyv.","432000641000000","Česko","CZ","Ústecký kraj","CZ042","","","Byty [Kč/m2]","10602","2022","2022","35163"
"Průměrná jednotková kupní cena nemovitosti","7432","2 000 - 9 999 obyv.","432000641000000","Česko","CZ","Ústecký kraj","CZ042","","","Byty [Kč/m2]","10602","2020-2022","2020-2022","27695"
"Průměrná jednotková kupní cena nemovitosti","7432","2 000 - 9 999 obyv.","432000641000000","Česko","CZ","Ústecký kraj","CZ042","","","Byty [Kč/m2]","10602","2023","2023","31469"
"Průměrná jednotková kupní cena nemovitosti","7432","2 000 - 9 999 obyv.","432000641000000","Česko","CZ","Ústecký kraj","CZ042","","","Byty [Kč/m2]","10602","2021-2023","2021-2023","31403"
"Průměrná jednotková kupní cena nemovitosti","7432","2 000 - 9 999 obyv.","432000641000000","Česko","CZ","Ústecký kraj","CZ042","","","Byty [Kč/m2]","10602","2024","2024","33130"
"Průměrná jednotková kupní cena nemovitosti","7432","2 000 - 9 999 obyv.","432000641000000","Česko","CZ","Ústecký kraj","CZ042","","","Byty [Kč/m2]","10602","2022-2024","2022-2024","33315"
"Průměrná jednotková kupní cena nemovitosti","7432","2 000 - 9 999 obyv.","432000641000000","Česko","CZ","Ústecký kraj","CZ042","","","Byty [Kč/m2]","10602","2025","2025","38356"
"Průměrná jednotková kupní cena nemovitosti","7432","2 000 - 9 999 obyv.","432000641000000","Česko","CZ","Liberecký kraj","CZ051","","","Rodinné domy [Kč/m2]","10302","2019","2019","27051"
"Průměrná jednotková kupní cena nemovitosti","7432","2 000 - 9 999 obyv.","432000641000000","Česko","CZ","Liberecký kraj","CZ051","","","Rodinné domy [Kč/m2]","10302","2020","2020","30111"
"Průměrná jednotková kupní cena nemovitosti","7432","2 000 - 9 999 obyv.","432000641000000","Česko","CZ","Liberecký kraj","CZ051","","","Rodinné domy [Kč/m2]","10302","2021","2021","36941"
"Průměrná jednotková kupní cena nemovitosti","7432","2 000 - 9 999 obyv.","432000641000000","Česko","CZ","Liberecký kraj","CZ051","","","Rodinné domy [Kč/m2]","10302","2019-2021","2019-2021","31363"
"Průměrná jednotková kupní cena nemovitosti","7432","2 000 - 9 999 obyv.","432000641000000","Česko","CZ","Liberecký kraj","CZ051","","","Rodinné domy [Kč/m2]","10302","2022","2022","40213"
"Průměrná jednotková kupní cena nemovitosti","7432","2 000 - 9 999 obyv.","432000641000000","Česko","CZ","Liberecký kraj","CZ051","","","Rodinné domy [Kč/m2]","10302","2020-2022","2020-2022","35850"
"Průměrná jednotková kupní cena nemovitosti","7432","2 000 - 9 999 obyv.","432000641000000","Česko","CZ","Liberecký kraj","CZ051","","","Rodinné domy [Kč/m2]","10302","2023","2023","42787"
"Průměrná jednotková kupní cena nemovitosti","7432","2 000 - 9 999 obyv.","432000641000000","Česko","CZ","Liberecký kraj","CZ051","","","Rodinné domy [Kč/m2]","10302","2021-2023","2021-2023","39699"
"Průměrná jednotková kupní cena nemovitosti","7432","2 000 - 9 999 obyv.","432000641000000","Česko","CZ","Liberecký kraj","CZ051","","","Rodinné domy [Kč/m2]","10302","2024","2024","43943"
"Průměrná jednotková kupní cena nemovitosti","7432","2 000 - 9 999 obyv.","432000641000000","Česko","CZ","Liberecký kraj","CZ051","","","Rodinné domy [Kč/m2]","10302","2022-2024","2022-2024","42511"
"Průměrná jednotková kupní cena nemovitosti","7432","2 000 - 9 999 obyv.","432000641000000","Česko","CZ","Liberecký kraj","CZ051","","","Rodinné domy [Kč/m2]","10302","2025","2025","46964"
"Průměrná jednotková kupní cena nemovitosti","7432","2 000 - 9 999 obyv.","432000641000000","Česko","CZ","Liberecký kraj","CZ051","","","Byty [Kč/m2]","10602","2019","2019","21029"
"Průměrná jednotková kupní cena nemovitosti","7432","2 000 - 9 999 obyv.","432000641000000","Česko","CZ","Liberecký kraj","CZ051","","","Byty [Kč/m2]","10602","2020","2020","24289"
"Průměrná jednotková kupní cena nemovitosti","7432","2 000 - 9 999 obyv.","432000641000000","Česko","CZ","Liberecký kraj","CZ051","","","Byty [Kč/m2]","10602","2021","2021","29296"
"Průměrná jednotková kupní cena nemovitosti","7432","2 000 - 9 999 obyv.","432000641000000","Česko","CZ","Liberecký kraj","CZ051","","","Byty [Kč/m2]","10602","2019-2021","2019-2021","25096"
"Průměrná jednotková kupní cena nemovitosti","7432","2 000 - 9 999 obyv.","432000641000000","Česko","CZ","Liberecký kraj","CZ051","","","Byty [Kč/m2]","10602","2022","2022","41630"
"Průměrná jednotková kupní cena nemovitosti","7432","2 000 - 9 999 obyv.","432000641000000","Česko","CZ","Liberecký kraj","CZ051","","","Byty [Kč/m2]","10602","2020-2022","2020-2022","31130"
"Průměrná jednotková kupní cena nemovitosti","7432","2 000 - 9 999 obyv.","432000641000000","Česko","CZ","Liberecký kraj","CZ051","","","Byty [Kč/m2]","10602","2023","2023","38014"
"Průměrná jednotková kupní cena nemovitosti","7432","2 000 - 9 999 obyv.","432000641000000","Česko","CZ","Liberecký kraj","CZ051","","","Byty [Kč/m2]","10602","2021-2023","2021-2023","35620"
"Průměrná jednotková kupní cena nemovitosti","7432","2 000 - 9 999 obyv.","432000641000000","Česko","CZ","Liberecký kraj","CZ051","","","Byty [Kč/m2]","10602","2024","2024","39273"
"Průměrná jednotková kupní cena nemovitosti","7432","2 000 - 9 999 obyv.","432000641000000","Česko","CZ","Liberecký kraj","CZ051","","","Byty [Kč/m2]","10602","2022-2024","2022-2024","39679"
"Průměrná jednotková kupní cena nemovitosti","7432","2 000 - 9 999 obyv.","432000641000000","Česko","CZ","Liberecký kraj","CZ051","","","Byty [Kč/m2]","10602","2025","2025","45262"
"Průměrná jednotková kupní cena nemovitosti","7432","2 000 - 9 999 obyv.","432000641000000","Česko","CZ","Královéhradecký kraj","CZ052","","","Rodinné domy [Kč/m2]","10302","2019","2019","25842"
"Průměrná jednotková kupní cena nemovitosti","7432","2 000 - 9 999 obyv.","432000641000000","Česko","CZ","Královéhradecký kraj","CZ052","","","Rodinné domy [Kč/m2]","10302","2020","2020","29374"
"Průměrná jednotková kupní cena nemovitosti","7432","2 000 - 9 999 obyv.","432000641000000","Česko","CZ","Královéhradecký kraj","CZ052","","","Rodinné domy [Kč/m2]","10302","2021","2021","33843"
"Průměrná jednotková kupní cena nemovitosti","7432","2 000 - 9 999 obyv.","432000641000000","Česko","CZ","Královéhradecký kraj","CZ052","","","Rodinné domy [Kč/m2]","10302","2019-2021","2019-2021","30050"
"Průměrná jednotková kupní cena nemovitosti","7432","2 000 - 9 999 obyv.","432000641000000","Česko","CZ","Královéhradecký kraj","CZ052","","","Rodinné domy [Kč/m2]","10302","2022","2022","42523"
"Průměrná jednotková kupní cena nemovitosti","7432","2 000 - 9 999 obyv.","432000641000000","Česko","CZ","Královéhradecký kraj","CZ052","","","Rodinné domy [Kč/m2]","10302","2020-2022","2020-2022","34184"
"Průměrná jednotková kupní cena nemovitosti","7432","2 000 - 9 999 obyv.","432000641000000","Česko","CZ","Královéhradecký kraj","CZ052","","","Rodinné domy [Kč/m2]","10302","2023","2023","40588"
"Průměrná jednotková kupní cena nemovitosti","7432","2 000 - 9 999 obyv.","432000641000000","Česko","CZ","Královéhradecký kraj","CZ052","","","Rodinné domy [Kč/m2]","10302","2021-2023","2021-2023","38038"
"Průměrná jednotková kupní cena nemovitosti","7432","2 000 - 9 999 obyv.","432000641000000","Česko","CZ","Královéhradecký kraj","CZ052","","","Rodinné domy [Kč/m2]","10302","2024","2024","39481"
"Průměrná jednotková kupní cena nemovitosti","7432","2 000 - 9 999 obyv.","432000641000000","Česko","CZ","Královéhradecký kraj","CZ052","","","Rodinné domy [Kč/m2]","10302","2022-2024","2022-2024","40779"
"Průměrná jednotková kupní cena nemovitosti","7432","2 000 - 9 999 obyv.","432000641000000","Česko","CZ","Královéhradecký kraj","CZ052","","","Rodinné domy [Kč/m2]","10302","2025","2025","47028"
"Průměrná jednotková kupní cena nemovitosti","7432","2 000 - 9 999 obyv.","432000641000000","Česko","CZ","Královéhradecký kraj","CZ052","","","Byty [Kč/m2]","10602","2019","2019","23156"
"Průměrná jednotková kupní cena nemovitosti","7432","2 000 - 9 999 obyv.","432000641000000","Česko","CZ","Královéhradecký kraj","CZ052","","","Byty [Kč/m2]","10602","2020","2020","25510"
"Průměrná jednotková kupní cena nemovitosti","7432","2 000 - 9 999 obyv.","432000641000000","Česko","CZ","Královéhradecký kraj","CZ052","","","Byty [Kč/m2]","10602","2021","2021","34387"
"Průměrná jednotková kupní cena nemovitosti","7432","2 000 - 9 999 obyv.","432000641000000","Česko","CZ","Královéhradecký kraj","CZ052","","","Byty [Kč/m2]","10602","2019-2021","2019-2021","28022"
"Průměrná jednotková kupní cena nemovitosti","7432","2 000 - 9 999 obyv.","432000641000000","Česko","CZ","Královéhradecký kraj","CZ052","","","Byty [Kč/m2]","10602","2022","2022","38789"
"Průměrná jednotková kupní cena nemovitosti","7432","2 000 - 9 999 obyv.","432000641000000","Česko","CZ","Královéhradecký kraj","CZ052","","","Byty [Kč/m2]","10602","2020-2022","2020-2022","32760"
"Průměrná jednotková kupní cena nemovitosti","7432","2 000 - 9 999 obyv.","432000641000000","Česko","CZ","Královéhradecký kraj","CZ052","","","Byty [Kč/m2]","10602","2023","2023","39663"
"Průměrná jednotková kupní cena nemovitosti","7432","2 000 - 9 999 obyv.","432000641000000","Česko","CZ","Královéhradecký kraj","CZ052","","","Byty [Kč/m2]","10602","2021-2023","2021-2023","37412"
"Průměrná jednotková kupní cena nemovitosti","7432","2 000 - 9 999 obyv.","432000641000000","Česko","CZ","Královéhradecký kraj","CZ052","","","Byty [Kč/m2]","10602","2024","2024","44828"
"Průměrná jednotková kupní cena nemovitosti","7432","2 000 - 9 999 obyv.","432000641000000","Česko","CZ","Královéhradecký kraj","CZ052","","","Byty [Kč/m2]","10602","2022-2024","2022-2024","41289"
"Průměrná jednotková kupní cena nemovitosti","7432","2 000 - 9 999 obyv.","432000641000000","Česko","CZ","Královéhradecký kraj","CZ052","","","Byty [Kč/m2]","10602","2025","2025","46981"
"Průměrná jednotková kupní cena nemovitosti","7432","2 000 - 9 999 obyv.","432000641000000","Česko","CZ","Pardubický kraj","CZ053","","","Rodinné domy [Kč/m2]","10302","2019","2019","27201"
"Průměrná jednotková kupní cena nemovitosti","7432","2 000 - 9 999 obyv.","432000641000000","Česko","CZ","Pardubický kraj","CZ053","","","Rodinné domy [Kč/m2]","10302","2020","2020","29639"
"Průměrná jednotková kupní cena nemovitosti","7432","2 000 - 9 999 obyv.","432000641000000","Česko","CZ","Pardubický kraj","CZ053","","","Rodinné domy [Kč/m2]","10302","2021","2021","37152"
"Průměrná jednotková kupní cena nemovitosti","7432","2 000 - 9 999 obyv.","432000641000000","Česko","CZ","Pardubický kraj","CZ053","","","Rodinné domy [Kč/m2]","10302","2019-2021","2019-2021","30972"
"Průměrná jednotková kupní cena nemovitosti","7432","2 000 - 9 999 obyv.","432000641000000","Česko","CZ","Pardubický kraj","CZ053","","","Rodinné domy [Kč/m2]","10302","2022","2022","42933"
"Průměrná jednotková kupní cena nemovitosti","7432","2 000 - 9 999 obyv.","432000641000000","Česko","CZ","Pardubický kraj","CZ053","","","Rodinné domy [Kč/m2]","10302","2020-2022","2020-2022","35864"
"Průměrná jednotková kupní cena nemovitosti","7432","2 000 - 9 999 obyv.","432000641000000","Česko","CZ","Pardubický kraj","CZ053","","","Rodinné domy [Kč/m2]","10302","2023","2023","40156"
"Průměrná jednotková kupní cena nemovitosti","7432","2 000 - 9 999 obyv.","432000641000000","Česko","CZ","Pardubický kraj","CZ053","","","Rodinné domy [Kč/m2]","10302","2021-2023","2021-2023","39980"
"Průměrná jednotková kupní cena nemovitosti","7432","2 000 - 9 999 obyv.","432000641000000","Česko","CZ","Pardubický kraj","CZ053","","","Rodinné domy [Kč/m2]","10302","2024","2024","42883"
"Průměrná jednotková kupní cena nemovitosti","7432","2 000 - 9 999 obyv.","432000641000000","Česko","CZ","Pardubický kraj","CZ053","","","Rodinné domy [Kč/m2]","10302","2022-2024","2022-2024","42110"
"Průměrná jednotková kupní cena nemovitosti","7432","2 000 - 9 999 obyv.","432000641000000","Česko","CZ","Pardubický kraj","CZ053","","","Rodinné domy [Kč/m2]","10302","2025","2025","47036"
"Průměrná jednotková kupní cena nemovitosti","7432","2 000 - 9 999 obyv.","432000641000000","Česko","CZ","Pardubický kraj","CZ053","","","Byty [Kč/m2]","10602","2019","2019","23533"
"Průměrná jednotková kupní cena nemovitosti","7432","2 000 - 9 999 obyv.","432000641000000","Česko","CZ","Pardubický kraj","CZ053","","","Byty [Kč/m2]","10602","2020","2020","29108"
"Průměrná jednotková kupní cena nemovitosti","7432","2 000 - 9 999 obyv.","432000641000000","Česko","CZ","Pardubický kraj","CZ053","","","Byty [Kč/m2]","10602","2021","2021","35877"
"Průměrná jednotková kupní cena nemovitosti","7432","2 000 - 9 999 obyv.","432000641000000","Česko","CZ","Pardubický kraj","CZ053","","","Byty [Kč/m2]","10602","2019-2021","2019-2021","29497"
"Průměrná jednotková kupní cena nemovitosti","7432","2 000 - 9 999 obyv.","432000641000000","Česko","CZ","Pardubický kraj","CZ053","","","Byty [Kč/m2]","10602","2022","2022","43364"
"Průměrná jednotková kupní cena nemovitosti","7432","2 000 - 9 999 obyv.","432000641000000","Česko","CZ","Pardubický kraj","CZ053","","","Byty [Kč/m2]","10602","2020-2022","2020-2022","35627"
"Průměrná jednotková kupní cena nemovitosti","7432","2 000 - 9 999 obyv.","432000641000000","Česko","CZ","Pardubický kraj","CZ053","","","Byty [Kč/m2]","10602","2023","2023","42155"
"Průměrná jednotková kupní cena nemovitosti","7432","2 000 - 9 999 obyv.","432000641000000","Česko","CZ","Pardubický kraj","CZ053","","","Byty [Kč/m2]","10602","2021-2023","2021-2023","40045"
"Průměrná jednotková kupní cena nemovitosti","7432","2 000 - 9 999 obyv.","432000641000000","Česko","CZ","Pardubický kraj","CZ053","","","Byty [Kč/m2]","10602","2024","2024","44627"
"Průměrná jednotková kupní cena nemovitosti","7432","2 000 - 9 999 obyv.","432000641000000","Česko","CZ","Pardubický kraj","CZ053","","","Byty [Kč/m2]","10602","2022-2024","2022-2024","43422"
"Průměrná jednotková kupní cena nemovitosti","7432","2 000 - 9 999 obyv.","432000641000000","Česko","CZ","Pardubický kraj","CZ053","","","Byty [Kč/m2]","10602","2025","2025","49846"
"Průměrná jednotková kupní cena nemovitosti","7432","2 000 - 9 999 obyv.","432000641000000","Česko","CZ","Kraj Vysočina","CZ063","","","Rodinné domy [Kč/m2]","10302","2019","2019","25748"
"Průměrná jednotková kupní cena nemovitosti","7432","2 000 - 9 999 obyv.","432000641000000","Česko","CZ","Kraj Vysočina","CZ063","","","Rodinné domy [Kč/m2]","10302","2020","2020","29606"
"Průměrná jednotková kupní cena nemovitosti","7432","2 000 - 9 999 obyv.","432000641000000","Česko","CZ","Kraj Vysočina","CZ063","","","Rodinné domy [Kč/m2]","10302","2021","2021","32735"
"Průměrná jednotková kupní cena nemovitosti","7432","2 000 - 9 999 obyv.","432000641000000","Česko","CZ","Kraj Vysočina","CZ063","","","Rodinné domy [Kč/m2]","10302","2019-2021","2019-2021","29942"
"Průměrná jednotková kupní cena nemovitosti","7432","2 000 - 9 999 obyv.","432000641000000","Česko","CZ","Kraj Vysočina","CZ063","","","Rodinné domy [Kč/m2]","10302","2022","2022","37568"
"Průměrná jednotková kupní cena nemovitosti","7432","2 000 - 9 999 obyv.","432000641000000","Česko","CZ","Kraj Vysočina","CZ063","","","Rodinné domy [Kč/m2]","10302","2020-2022","2020-2022","33215"
"Průměrná jednotková kupní cena nemovitosti","7432","2 000 - 9 999 obyv.","432000641000000","Česko","CZ","Kraj Vysočina","CZ063","","","Rodinné domy [Kč/m2]","10302","2023","2023","39632"
"Průměrná jednotková kupní cena nemovitosti","7432","2 000 - 9 999 obyv.","432000641000000","Česko","CZ","Kraj Vysočina","CZ063","","","Rodinné domy [Kč/m2]","10302","2021-2023","2021-2023","36223"
"Průměrná jednotková kupní cena nemovitosti","7432","2 000 - 9 999 obyv.","432000641000000","Česko","CZ","Kraj Vysočina","CZ063","","","Rodinné domy [Kč/m2]","10302","2024","2024","44643"
"Průměrná jednotková kupní cena nemovitosti","7432","2 000 - 9 999 obyv.","432000641000000","Česko","CZ","Kraj Vysočina","CZ063","","","Rodinné domy [Kč/m2]","10302","2022-2024","2022-2024","41040"
"Průměrná jednotková kupní cena nemovitosti","7432","2 000 - 9 999 obyv.","432000641000000","Česko","CZ","Kraj Vysočina","CZ063","","","Rodinné domy [Kč/m2]","10302","2025","2025","43735"
"Průměrná jednotková kupní cena nemovitosti","7432","2 000 - 9 999 obyv.","432000641000000","Česko","CZ","Kraj Vysočina","CZ063","","","Byty [Kč/m2]","10602","2019","2019","22305"
"Průměrná jednotková kupní cena nemovitosti","7432","2 000 - 9 999 obyv.","432000641000000","Česko","CZ","Kraj Vysočina","CZ063","","","Byty [Kč/m2]","10602","2020","2020","25953"
"Průměrná jednotková kupní cena nemovitosti","7432","2 000 - 9 999 obyv.","432000641000000","Česko","CZ","Kraj Vysočina","CZ063","","","Byty [Kč/m2]","10602","2021","2021","31640"
"Průměrná jednotková kupní cena nemovitosti","7432","2 000 - 9 999 obyv.","432000641000000","Česko","CZ","Kraj Vysočina","CZ063","","","Byty [Kč/m2]","10602","2019-2021","2019-2021","27303"
"Průměrná jednotková kupní cena nemovitosti","7432","2 000 - 9 999 obyv.","432000641000000","Česko","CZ","Kraj Vysočina","CZ063","","","Byty [Kč/m2]","10602","2022","2022","43322"
"Průměrná jednotková kupní cena nemovitosti","7432","2 000 - 9 999 obyv.","432000641000000","Česko","CZ","Kraj Vysočina","CZ063","","","Byty [Kč/m2]","10602","2020-2022","2020-2022","33335"
"Průměrná jednotková kupní cena nemovitosti","7432","2 000 - 9 999 obyv.","432000641000000","Česko","CZ","Kraj Vysočina","CZ063","","","Byty [Kč/m2]","10602","2023","2023","42979"
"Průměrná jednotková kupní cena nemovitosti","7432","2 000 - 9 999 obyv.","432000641000000","Česko","CZ","Kraj Vysočina","CZ063","","","Byty [Kč/m2]","10602","2021-2023","2021-2023","38210"
"Průměrná jednotková kupní cena nemovitosti","7432","2 000 - 9 999 obyv.","432000641000000","Česko","CZ","Kraj Vysočina","CZ063","","","Byty [Kč/m2]","10602","2024","2024","45559"
"Průměrná jednotková kupní cena nemovitosti","7432","2 000 - 9 999 obyv.","432000641000000","Česko","CZ","Kraj Vysočina","CZ063","","","Byty [Kč/m2]","10602","2022-2024","2022-2024","44189"
"Průměrná jednotková kupní cena nemovitosti","7432","2 000 - 9 999 obyv.","432000641000000","Česko","CZ","Kraj Vysočina","CZ063","","","Byty [Kč/m2]","10602","2025","2025","49621"
"Průměrná jednotková kupní cena nemovitosti","7432","2 000 - 9 999 obyv.","432000641000000","Česko","CZ","Jihomoravský kraj","CZ064","","","Rodinné domy [Kč/m2]","10302","2019","2019","31425"
"Průměrná jednotková kupní cena nemovitosti","7432","2 000 - 9 999 obyv.","432000641000000","Česko","CZ","Jihomoravský kraj","CZ064","","","Rodinné domy [Kč/m2]","10302","2020","2020","34400"
"Průměrná jednotková kupní cena nemovitosti","7432","2 000 - 9 999 obyv.","432000641000000","Česko","CZ","Jihomoravský kraj","CZ064","","","Rodinné domy [Kč/m2]","10302","2021","2021","38796"
"Průměrná jednotková kupní cena nemovitosti","7432","2 000 - 9 999 obyv.","432000641000000","Česko","CZ","Jihomoravský kraj","CZ064","","","Rodinné domy [Kč/m2]","10302","2019-2021","2019-2021","34830"
"Průměrná jednotková kupní cena nemovitosti","7432","2 000 - 9 999 obyv.","432000641000000","Česko","CZ","Jihomoravský kraj","CZ064","","","Rodinné domy [Kč/m2]","10302","2022","2022","44105"
"Průměrná jednotková kupní cena nemovitosti","7432","2 000 - 9 999 obyv.","432000641000000","Česko","CZ","Jihomoravský kraj","CZ064","","","Rodinné domy [Kč/m2]","10302","2020-2022","2020-2022","38135"
"Průměrná jednotková kupní cena nemovitosti","7432","2 000 - 9 999 obyv.","432000641000000","Česko","CZ","Jihomoravský kraj","CZ064","","","Rodinné domy [Kč/m2]","10302","2023","2023","43279"
"Průměrná jednotková kupní cena nemovitosti","7432","2 000 - 9 999 obyv.","432000641000000","Česko","CZ","Jihomoravský kraj","CZ064","","","Rodinné domy [Kč/m2]","10302","2021-2023","2021-2023","41753"
"Průměrná jednotková kupní cena nemovitosti","7432","2 000 - 9 999 obyv.","432000641000000","Česko","CZ","Jihomoravský kraj","CZ064","","","Rodinné domy [Kč/m2]","10302","2024","2024","47040"
"Průměrná jednotková kupní cena nemovitosti","7432","2 000 - 9 999 obyv.","432000641000000","Česko","CZ","Jihomoravský kraj","CZ064","","","Rodinné domy [Kč/m2]","10302","2022-2024","2022-2024","45115"
"Průměrná jednotková kupní cena nemovitosti","7432","2 000 - 9 999 obyv.","432000641000000","Česko","CZ","Jihomoravský kraj","CZ064","","","Rodinné domy [Kč/m2]","10302","2025","2025","49190"
"Průměrná jednotková kupní cena nemovitosti","7432","2 000 - 9 999 obyv.","432000641000000","Česko","CZ","Jihomoravský kraj","CZ064","","","Byty [Kč/m2]","10602","2019","2019","28794"
"Průměrná jednotková kupní cena nemovitosti","7432","2 000 - 9 999 obyv.","432000641000000","Česko","CZ","Jihomoravský kraj","CZ064","","","Byty [Kč/m2]","10602","2020","2020","32584"
"Průměrná jednotková kupní cena nemovitosti","7432","2 000 - 9 999 obyv.","432000641000000","Česko","CZ","Jihomoravský kraj","CZ064","","","Byty [Kč/m2]","10602","2021","2021","40824"
"Průměrná jednotková kupní cena nemovitosti","7432","2 000 - 9 999 obyv.","432000641000000","Česko","CZ","Jihomoravský kraj","CZ064","","","Byty [Kč/m2]","10602","2019-2021","2019-2021","34426"
"Průměrná jednotková kupní cena nemovitosti","7432","2 000 - 9 999 obyv.","432000641000000","Česko","CZ","Jihomoravský kraj","CZ064","","","Byty [Kč/m2]","10602","2022","2022","51175"
"Průměrná jednotková kupní cena nemovitosti","7432","2 000 - 9 999 obyv.","432000641000000","Česko","CZ","Jihomoravský kraj","CZ064","","","Byty [Kč/m2]","10602","2020-2022","2020-2022","40381"
"Průměrná jednotková kupní cena nemovitosti","7432","2 000 - 9 999 obyv.","432000641000000","Česko","CZ","Jihomoravský kraj","CZ064","","","Byty [Kč/m2]","10602","2023","2023","50762"
"Průměrná jednotková kupní cena nemovitosti","7432","2 000 - 9 999 obyv.","432000641000000","Česko","CZ","Jihomoravský kraj","CZ064","","","Byty [Kč/m2]","10602","2021-2023","2021-2023","46578"
"Průměrná jednotková kupní cena nemovitosti","7432","2 000 - 9 999 obyv.","432000641000000","Česko","CZ","Jihomoravský kraj","CZ064","","","Byty [Kč/m2]","10602","2024","2024","54726"
"Průměrná jednotková kupní cena nemovitosti","7432","2 000 - 9 999 obyv.","432000641000000","Česko","CZ","Jihomoravský kraj","CZ064","","","Byty [Kč/m2]","10602","2022-2024","2022-2024","52573"
"Průměrná jednotková kupní cena nemovitosti","7432","2 000 - 9 999 obyv.","432000641000000","Česko","CZ","Jihomoravský kraj","CZ064","","","Byty [Kč/m2]","10602","2025","2025","63561"
"Průměrná jednotková kupní cena nemovitosti","7432","2 000 - 9 999 obyv.","432000641000000","Česko","CZ","Olomoucký kraj","CZ071","","","Rodinné domy [Kč/m2]","10302","2019","2019","27041"
"Průměrná jednotková kupní cena nemovitosti","7432","2 000 - 9 999 obyv.","432000641000000","Česko","CZ","Olomoucký kraj","CZ071","","","Rodinné domy [Kč/m2]","10302","2020","2020","27726"
"Průměrná jednotková kupní cena nemovitosti","7432","2 000 - 9 999 obyv.","432000641000000","Česko","CZ","Olomoucký kraj","CZ071","","","Rodinné domy [Kč/m2]","10302","2021","2021","32506"
"Průměrná jednotková kupní cena nemovitosti","7432","2 000 - 9 999 obyv.","432000641000000","Česko","CZ","Olomoucký kraj","CZ071","","","Rodinné domy [Kč/m2]","10302","2019-2021","2019-2021","29259"
"Průměrná jednotková kupní cena nemovitosti","7432","2 000 - 9 999 obyv.","432000641000000","Česko","CZ","Olomoucký kraj","CZ071","","","Rodinné domy [Kč/m2]","10302","2022","2022","40277"
"Průměrná jednotková kupní cena nemovitosti","7432","2 000 - 9 999 obyv.","432000641000000","Česko","CZ","Olomoucký kraj","CZ071","","","Rodinné domy [Kč/m2]","10302","2020-2022","2020-2022","32851"
"Průměrná jednotková kupní cena nemovitosti","7432","2 000 - 9 999 obyv.","432000641000000","Česko","CZ","Olomoucký kraj","CZ071","","","Rodinné domy [Kč/m2]","10302","2023","2023","38412"
"Průměrná jednotková kupní cena nemovitosti","7432","2 000 - 9 999 obyv.","432000641000000","Česko","CZ","Olomoucký kraj","CZ071","","","Rodinné domy [Kč/m2]","10302","2021-2023","2021-2023","36692"
"Průměrná jednotková kupní cena nemovitosti","7432","2 000 - 9 999 obyv.","432000641000000","Česko","CZ","Olomoucký kraj","CZ071","","","Rodinné domy [Kč/m2]","10302","2024","2024","39111"
"Průměrná jednotková kupní cena nemovitosti","7432","2 000 - 9 999 obyv.","432000641000000","Česko","CZ","Olomoucký kraj","CZ071","","","Rodinné domy [Kč/m2]","10302","2022-2024","2022-2024","39311"
"Průměrná jednotková kupní cena nemovitosti","7432","2 000 - 9 999 obyv.","432000641000000","Česko","CZ","Olomoucký kraj","CZ071","","","Rodinné domy [Kč/m2]","10302","2025","2025","44480"
"Průměrná jednotková kupní cena nemovitosti","7432","2 000 - 9 999 obyv.","432000641000000","Česko","CZ","Olomoucký kraj","CZ071","","","Byty [Kč/m2]","10602","2019","2019","21968"
"Průměrná jednotková kupní cena nemovitosti","7432","2 000 - 9 999 obyv.","432000641000000","Česko","CZ","Olomoucký kraj","CZ071","","","Byty [Kč/m2]","10602","2020","2020","24070"
"Průměrná jednotková kupní cena nemovitosti","7432","2 000 - 9 999 obyv.","432000641000000","Česko","CZ","Olomoucký kraj","CZ071","","","Byty [Kč/m2]","10602","2021","2021","33083"
"Průměrná jednotková kupní cena nemovitosti","7432","2 000 - 9 999 obyv.","432000641000000","Česko","CZ","Olomoucký kraj","CZ071","","","Byty [Kč/m2]","10602","2019-2021","2019-2021","26443"
"Průměrná jednotková kupní cena nemovitosti","7432","2 000 - 9 999 obyv.","432000641000000","Česko","CZ","Olomoucký kraj","CZ071","","","Byty [Kč/m2]","10602","2022","2022","40213"
"Průměrná jednotková kupní cena nemovitosti","7432","2 000 - 9 999 obyv.","432000641000000","Česko","CZ","Olomoucký kraj","CZ071","","","Byty [Kč/m2]","10602","2020-2022","2020-2022","32475"
"Průměrná jednotková kupní cena nemovitosti","7432","2 000 - 9 999 obyv.","432000641000000","Česko","CZ","Olomoucký kraj","CZ071","","","Byty [Kč/m2]","10602","2023","2023","39684"
"Průměrná jednotková kupní cena nemovitosti","7432","2 000 - 9 999 obyv.","432000641000000","Česko","CZ","Olomoucký kraj","CZ071","","","Byty [Kč/m2]","10602","2021-2023","2021-2023","37714"
"Průměrná jednotková kupní cena nemovitosti","7432","2 000 - 9 999 obyv.","432000641000000","Česko","CZ","Olomoucký kraj","CZ071","","","Byty [Kč/m2]","10602","2024","2024","40655"
"Průměrná jednotková kupní cena nemovitosti","7432","2 000 - 9 999 obyv.","432000641000000","Česko","CZ","Olomoucký kraj","CZ071","","","Byty [Kč/m2]","10602","2022-2024","2022-2024","40206"
"Průměrná jednotková kupní cena nemovitosti","7432","2 000 - 9 999 obyv.","432000641000000","Česko","CZ","Olomoucký kraj","CZ071","","","Byty [Kč/m2]","10602","2025","2025","43891"
"Průměrná jednotková kupní cena nemovitosti","7432","2 000 - 9 999 obyv.","432000641000000","Česko","CZ","Zlínský kraj","CZ072","","","Rodinné domy [Kč/m2]","10302","2019","2019","22478"
"Průměrná jednotková kupní cena nemovitosti","7432","2 000 - 9 999 obyv.","432000641000000","Česko","CZ","Zlínský kraj","CZ072","","","Rodinné domy [Kč/m2]","10302","2020","2020","27829"
"Průměrná jednotková kupní cena nemovitosti","7432","2 000 - 9 999 obyv.","432000641000000","Česko","CZ","Zlínský kraj","CZ072","","","Rodinné domy [Kč/m2]","10302","2021","2021","29730"
"Průměrná jednotková kupní cena nemovitosti","7432","2 000 - 9 999 obyv.","432000641000000","Česko","CZ","Zlínský kraj","CZ072","","","Rodinné domy [Kč/m2]","10302","2019-2021","2019-2021","26917"
"Průměrná jednotková kupní cena nemovitosti","7432","2 000 - 9 999 obyv.","432000641000000","Česko","CZ","Zlínský kraj","CZ072","","","Rodinné domy [Kč/m2]","10302","2022","2022","36665"
"Průměrná jednotková kupní cena nemovitosti","7432","2 000 - 9 999 obyv.","432000641000000","Česko","CZ","Zlínský kraj","CZ072","","","Rodinné domy [Kč/m2]","10302","2020-2022","2020-2022","30773"
"Průměrná jednotková kupní cena nemovitosti","7432","2 000 - 9 999 obyv.","432000641000000","Česko","CZ","Zlínský kraj","CZ072","","","Rodinné domy [Kč/m2]","10302","2023","2023","34451"
"Průměrná jednotková kupní cena nemovitosti","7432","2 000 - 9 999 obyv.","432000641000000","Česko","CZ","Zlínský kraj","CZ072","","","Rodinné domy [Kč/m2]","10302","2021-2023","2021-2023","33010"
"Průměrná jednotková kupní cena nemovitosti","7432","2 000 - 9 999 obyv.","432000641000000","Česko","CZ","Zlínský kraj","CZ072","","","Rodinné domy [Kč/m2]","10302","2024","2024","37382"
"Průměrná jednotková kupní cena nemovitosti","7432","2 000 - 9 999 obyv.","432000641000000","Česko","CZ","Zlínský kraj","CZ072","","","Rodinné domy [Kč/m2]","10302","2022-2024","2022-2024","36396"
"Průměrná jednotková kupní cena nemovitosti","7432","2 000 - 9 999 obyv.","432000641000000","Česko","CZ","Zlínský kraj","CZ072","","","Rodinné domy [Kč/m2]","10302","2025","2025","42307"
"Průměrná jednotková kupní cena nemovitosti","7432","2 000 - 9 999 obyv.","432000641000000","Česko","CZ","Zlínský kraj","CZ072","","","Byty [Kč/m2]","10602","2019","2019","24299"
"Průměrná jednotková kupní cena nemovitosti","7432","2 000 - 9 999 obyv.","432000641000000","Česko","CZ","Zlínský kraj","CZ072","","","Byty [Kč/m2]","10602","2020","2020","25589"
"Průměrná jednotková kupní cena nemovitosti","7432","2 000 - 9 999 obyv.","432000641000000","Česko","CZ","Zlínský kraj","CZ072","","","Byty [Kč/m2]","10602","2021","2021","34606"
"Průměrná jednotková kupní cena nemovitosti","7432","2 000 - 9 999 obyv.","432000641000000","Česko","CZ","Zlínský kraj","CZ072","","","Byty [Kč/m2]","10602","2019-2021","2019-2021","28839"
"Průměrná jednotková kupní cena nemovitosti","7432","2 000 - 9 999 obyv.","432000641000000","Česko","CZ","Zlínský kraj","CZ072","","","Byty [Kč/m2]","10602","2022","2022","43126"
"Průměrná jednotková kupní cena nemovitosti","7432","2 000 - 9 999 obyv.","432000641000000","Česko","CZ","Zlínský kraj","CZ072","","","Byty [Kč/m2]","10602","2020-2022","2020-2022","34293"
"Průměrná jednotková kupní cena nemovitosti","7432","2 000 - 9 999 obyv.","432000641000000","Česko","CZ","Zlínský kraj","CZ072","","","Byty [Kč/m2]","10602","2023","2023","41279"
"Průměrná jednotková kupní cena nemovitosti","7432","2 000 - 9 999 obyv.","432000641000000","Česko","CZ","Zlínský kraj","CZ072","","","Byty [Kč/m2]","10602","2021-2023","2021-2023","39047"
"Průměrná jednotková kupní cena nemovitosti","7432","2 000 - 9 999 obyv.","432000641000000","Česko","CZ","Zlínský kraj","CZ072","","","Byty [Kč/m2]","10602","2024","2024","44884"
"Průměrná jednotková kupní cena nemovitosti","7432","2 000 - 9 999 obyv.","432000641000000","Česko","CZ","Zlínský kraj","CZ072","","","Byty [Kč/m2]","10602","2022-2024","2022-2024","43299"
"Průměrná jednotková kupní cena nemovitosti","7432","2 000 - 9 999 obyv.","432000641000000","Česko","CZ","Zlínský kraj","CZ072","","","Byty [Kč/m2]","10602","2025","2025","48743"
"Průměrná jednotková kupní cena nemovitosti","7432","2 000 - 9 999 obyv.","432000641000000","Česko","CZ","Moravskoslezský kraj","CZ080","","","Rodinné domy [Kč/m2]","10302","2019","2019","27124"
"Průměrná jednotková kupní cena nemovitosti","7432","2 000 - 9 999 obyv.","432000641000000","Česko","CZ","Moravskoslezský kraj","CZ080","","","Rodinné domy [Kč/m2]","10302","2020","2020","29274"
"Průměrná jednotková kupní cena nemovitosti","7432","2 000 - 9 999 obyv.","432000641000000","Česko","CZ","Moravskoslezský kraj","CZ080","","","Rodinné domy [Kč/m2]","10302","2021","2021","33943"
"Průměrná jednotková kupní cena nemovitosti","7432","2 000 - 9 999 obyv.","432000641000000","Česko","CZ","Moravskoslezský kraj","CZ080","","","Rodinné domy [Kč/m2]","10302","2019-2021","2019-2021","30187"
"Průměrná jednotková kupní cena nemovitosti","7432","2 000 - 9 999 obyv.","432000641000000","Česko","CZ","Moravskoslezský kraj","CZ080","","","Rodinné domy [Kč/m2]","10302","2022","2022","41754"
"Průměrná jednotková kupní cena nemovitosti","7432","2 000 - 9 999 obyv.","432000641000000","Česko","CZ","Moravskoslezský kraj","CZ080","","","Rodinné domy [Kč/m2]","10302","2020-2022","2020-2022","34017"
"Průměrná jednotková kupní cena nemovitosti","7432","2 000 - 9 999 obyv.","432000641000000","Česko","CZ","Moravskoslezský kraj","CZ080","","","Rodinné domy [Kč/m2]","10302","2023","2023","40139"
"Průměrná jednotková kupní cena nemovitosti","7432","2 000 - 9 999 obyv.","432000641000000","Česko","CZ","Moravskoslezský kraj","CZ080","","","Rodinné domy [Kč/m2]","10302","2021-2023","2021-2023","38015"
"Průměrná jednotková kupní cena nemovitosti","7432","2 000 - 9 999 obyv.","432000641000000","Česko","CZ","Moravskoslezský kraj","CZ080","","","Rodinné domy [Kč/m2]","10302","2024","2024","40611"
"Průměrná jednotková kupní cena nemovitosti","7432","2 000 - 9 999 obyv.","432000641000000","Česko","CZ","Moravskoslezský kraj","CZ080","","","Rodinné domy [Kč/m2]","10302","2022-2024","2022-2024","40817"
"Průměrná jednotková kupní cena nemovitosti","7432","2 000 - 9 999 obyv.","432000641000000","Česko","CZ","Moravskoslezský kraj","CZ080","","","Rodinné domy [Kč/m2]","10302","2025","2025","45255"
"Průměrná jednotková kupní cena nemovitosti","7432","2 000 - 9 999 obyv.","432000641000000","Česko","CZ","Moravskoslezský kraj","CZ080","","","Byty [Kč/m2]","10602","2019","2019","20381"
"Průměrná jednotková kupní cena nemovitosti","7432","2 000 - 9 999 obyv.","432000641000000","Česko","CZ","Moravskoslezský kraj","CZ080","","","Byty [Kč/m2]","10602","2020","2020","23093"
"Průměrná jednotková kupní cena nemovitosti","7432","2 000 - 9 999 obyv.","432000641000000","Česko","CZ","Moravskoslezský kraj","CZ080","","","Byty [Kč/m2]","10602","2021","2021","31792"
"Průměrná jednotková kupní cena nemovitosti","7432","2 000 - 9 999 obyv.","432000641000000","Česko","CZ","Moravskoslezský kraj","CZ080","","","Byty [Kč/m2]","10602","2019-2021","2019-2021","25804"
"Průměrná jednotková kupní cena nemovitosti","7432","2 000 - 9 999 obyv.","432000641000000","Česko","CZ","Moravskoslezský kraj","CZ080","","","Byty [Kč/m2]","10602","2022","2022","38041"
"Průměrná jednotková kupní cena nemovitosti","7432","2 000 - 9 999 obyv.","432000641000000","Česko","CZ","Moravskoslezský kraj","CZ080","","","Byty [Kč/m2]","10602","2020-2022","2020-2022","30947"
"Průměrná jednotková kupní cena nemovitosti","7432","2 000 - 9 999 obyv.","432000641000000","Česko","CZ","Moravskoslezský kraj","CZ080","","","Byty [Kč/m2]","10602","2023","2023","35749"
"Průměrná jednotková kupní cena nemovitosti","7432","2 000 - 9 999 obyv.","432000641000000","Česko","CZ","Moravskoslezský kraj","CZ080","","","Byty [Kč/m2]","10602","2021-2023","2021-2023","34975"
"Průměrná jednotková kupní cena nemovitosti","7432","2 000 - 9 999 obyv.","432000641000000","Česko","CZ","Moravskoslezský kraj","CZ080","","","Byty [Kč/m2]","10602","2024","2024","39571"
"Průměrná jednotková kupní cena nemovitosti","7432","2 000 - 9 999 obyv.","432000641000000","Česko","CZ","Moravskoslezský kraj","CZ080","","","Byty [Kč/m2]","10602","2022-2024","2022-2024","37953"
"Průměrná jednotková kupní cena nemovitosti","7432","2 000 - 9 999 obyv.","432000641000000","Česko","CZ","Moravskoslezský kraj","CZ080","","","Byty [Kč/m2]","10602","2025","2025","44992"
"Průměrná jednotková kupní cena nemovitosti","7432","2 000 - 9 999 obyv.","432000641000000","Česko","CZ","Středočeský kraj","CZ020","Benešov","CZ0201","Rodinné domy [Kč/m2]","10302","2019-2021","2019-2021","37403"
"Průměrná jednotková kupní cena nemovitosti","7432","2 000 - 9 999 obyv.","432000641000000","Česko","CZ","Středočeský kraj","CZ020","Benešov","CZ0201","Rodinné domy [Kč/m2]","10302","2020-2022","2020-2022","42446"
"Průměrná jednotková kupní cena nemovitosti","7432","2 000 - 9 999 obyv.","432000641000000","Česko","CZ","Středočeský kraj","CZ020","Benešov","CZ0201","Rodinné domy [Kč/m2]","10302","2021-2023","2021-2023","47448"
"Průměrná jednotková kupní cena nemovitosti","7432","2 000 - 9 999 obyv.","432000641000000","Česko","CZ","Středočeský kraj","CZ020","Benešov","CZ0201","Rodinné domy [Kč/m2]","10302","2022-2024","2022-2024","51354"
"Průměrná jednotková kupní cena nemovitosti","7432","2 000 - 9 999 obyv.","432000641000000","Česko","CZ","Středočeský kraj","CZ020","Benešov","CZ0201","Byty [Kč/m2]","10602","2019-2021","2019-2021","35470"
"Průměrná jednotková kupní cena nemovitosti","7432","2 000 - 9 999 obyv.","432000641000000","Česko","CZ","Středočeský kraj","CZ020","Benešov","CZ0201","Byty [Kč/m2]","10602","2020-2022","2020-2022","43517"
"Průměrná jednotková kupní cena nemovitosti","7432","2 000 - 9 999 obyv.","432000641000000","Česko","CZ","Středočeský kraj","CZ020","Benešov","CZ0201","Byty [Kč/m2]","10602","2021-2023","2021-2023","48225"
"Průměrná jednotková kupní cena nemovitosti","7432","2 000 - 9 999 obyv.","432000641000000","Česko","CZ","Středočeský kraj","CZ020","Benešov","CZ0201","Byty [Kč/m2]","10602","2022-2024","2022-2024","53001"
"Průměrná jednotková kupní cena nemovitosti","7432","2 000 - 9 999 obyv.","432000641000000","Česko","CZ","Středočeský kraj","CZ020","Beroun","CZ0202","Rodinné domy [Kč/m2]","10302","2019-2021","2019-2021","43160"
"Průměrná jednotková kupní cena nemovitosti","7432","2 000 - 9 999 obyv.","432000641000000","Česko","CZ","Středočeský kraj","CZ020","Beroun","CZ0202","Rodinné domy [Kč/m2]","10302","2020-2022","2020-2022","47127"
"Průměrná jednotková kupní cena nemovitosti","7432","2 000 - 9 999 obyv.","432000641000000","Česko","CZ","Středočeský kraj","CZ020","Beroun","CZ0202","Rodinné domy [Kč/m2]","10302","2021-2023","2021-2023","51191"
"Průměrná jednotková kupní cena nemovitosti","7432","2 000 - 9 999 obyv.","432000641000000","Česko","CZ","Středočeský kraj","CZ020","Beroun","CZ0202","Rodinné domy [Kč/m2]","10302","2022-2024","2022-2024","51202"
"Průměrná jednotková kupní cena nemovitosti","7432","2 000 - 9 999 obyv.","432000641000000","Česko","CZ","Středočeský kraj","CZ020","Beroun","CZ0202","Byty [Kč/m2]","10602","2019-2021","2019-2021","35833"
"Průměrná jednotková kupní cena nemovitosti","7432","2 000 - 9 999 obyv.","432000641000000","Česko","CZ","Středočeský kraj","CZ020","Beroun","CZ0202","Byty [Kč/m2]","10602","2020-2022","2020-2022","42580"
"Průměrná jednotková kupní cena nemovitosti","7432","2 000 - 9 999 obyv.","432000641000000","Česko","CZ","Středočeský kraj","CZ020","Beroun","CZ0202","Byty [Kč/m2]","10602","2021-2023","2021-2023","49653"
"Průměrná jednotková kupní cena nemovitosti","7432","2 000 - 9 999 obyv.","432000641000000","Česko","CZ","Středočeský kraj","CZ020","Beroun","CZ0202","Byty [Kč/m2]","10602","2022-2024","2022-2024","54493"
"Průměrná jednotková kupní cena nemovitosti","7432","2 000 - 9 999 obyv.","432000641000000","Česko","CZ","Středočeský kraj","CZ020","Kladno","CZ0203","Rodinné domy [Kč/m2]","10302","2019-2021","2019-2021","40389"
"Průměrná jednotková kupní cena nemovitosti","7432","2 000 - 9 999 obyv.","432000641000000","Česko","CZ","Středočeský kraj","CZ020","Kladno","CZ0203","Rodinné domy [Kč/m2]","10302","2020-2022","2020-2022","47195"
"Průměrná jednotková kupní cena nemovitosti","7432","2 000 - 9 999 obyv.","432000641000000","Česko","CZ","Středočeský kraj","CZ020","Kladno","CZ0203","Rodinné domy [Kč/m2]","10302","2021-2023","2021-2023","51740"
"Průměrná jednotková kupní cena nemovitosti","7432","2 000 - 9 999 obyv.","432000641000000","Česko","CZ","Středočeský kraj","CZ020","Kladno","CZ0203","Rodinné domy [Kč/m2]","10302","2022-2024","2022-2024","54917"
"Průměrná jednotková kupní cena nemovitosti","7432","2 000 - 9 999 obyv.","432000641000000","Česko","CZ","Středočeský kraj","CZ020","Kladno","CZ0203","Byty [Kč/m2]","10602","2019-2021","2019-2021","34506"
"Průměrná jednotková kupní cena nemovitosti","7432","2 000 - 9 999 obyv.","432000641000000","Česko","CZ","Středočeský kraj","CZ020","Kladno","CZ0203","Byty [Kč/m2]","10602","2020-2022","2020-2022","41343"
"Průměrná jednotková kupní cena nemovitosti","7432","2 000 - 9 999 obyv.","432000641000000","Česko","CZ","Středočeský kraj","CZ020","Kladno","CZ0203","Byty [Kč/m2]","10602","2021-2023","2021-2023","49266"
"Průměrná jednotková kupní cena nemovitosti","7432","2 000 - 9 999 obyv.","432000641000000","Česko","CZ","Středočeský kraj","CZ020","Kladno","CZ0203","Byty [Kč/m2]","10602","2022-2024","2022-2024","56081"
"Průměrná jednotková kupní cena nemovitosti","7432","2 000 - 9 999 obyv.","432000641000000","Česko","CZ","Středočeský kraj","CZ020","Kolín","CZ0204","Rodinné domy [Kč/m2]","10302","2019-2021","2019-2021","34338"
"Průměrná jednotková kupní cena nemovitosti","7432","2 000 - 9 999 obyv.","432000641000000","Česko","CZ","Středočeský kraj","CZ020","Kolín","CZ0204","Rodinné domy [Kč/m2]","10302","2020-2022","2020-2022","40199"
"Průměrná jednotková kupní cena nemovitosti","7432","2 000 - 9 999 obyv.","432000641000000","Česko","CZ","Středočeský kraj","CZ020","Kolín","CZ0204","Rodinné domy [Kč/m2]","10302","2021-2023","2021-2023","43834"
"Průměrná jednotková kupní cena nemovitosti","7432","2 000 - 9 999 obyv.","432000641000000","Česko","CZ","Středočeský kraj","CZ020","Kolín","CZ0204","Rodinné domy [Kč/m2]","10302","2022-2024","2022-2024","48228"
"Průměrná jednotková kupní cena nemovitosti","7432","2 000 - 9 999 obyv.","432000641000000","Česko","CZ","Středočeský kraj","CZ020","Kolín","CZ0204","Byty [Kč/m2]","10602","2019-2021","2019-2021","32007"
"Průměrná jednotková kupní cena nemovitosti","7432","2 000 - 9 999 obyv.","432000641000000","Česko","CZ","Středočeský kraj","CZ020","Kolín","CZ0204","Byty [Kč/m2]","10602","2020-2022","2020-2022","41737"
"Průměrná jednotková kupní cena nemovitosti","7432","2 000 - 9 999 obyv.","432000641000000","Česko","CZ","Středočeský kraj","CZ020","Kolín","CZ0204","Byty [Kč/m2]","10602","2021-2023","2021-2023","47805"
"Průměrná jednotková kupní cena nemovitosti","7432","2 000 - 9 999 obyv.","432000641000000","Česko","CZ","Středočeský kraj","CZ020","Kolín","CZ0204","Byty [Kč/m2]","10602","2022-2024","2022-2024","52629"
"Průměrná jednotková kupní cena nemovitosti","7432","2 000 - 9 999 obyv.","432000641000000","Česko","CZ","Středočeský kraj","CZ020","Kutná Hora","CZ0205","Rodinné domy [Kč/m2]","10302","2019-2021","2019-2021","30007"
"Průměrná jednotková kupní cena nemovitosti","7432","2 000 - 9 999 obyv.","432000641000000","Česko","CZ","Středočeský kraj","CZ020","Kutná Hora","CZ0205","Rodinné domy [Kč/m2]","10302","2020-2022","2020-2022","27497"
"Průměrná jednotková kupní cena nemovitosti","7432","2 000 - 9 999 obyv.","432000641000000","Česko","CZ","Středočeský kraj","CZ020","Kutná Hora","CZ0205","Rodinné domy [Kč/m2]","10302","2021-2023","2021-2023","35043"
"Průměrná jednotková kupní cena nemovitosti","7432","2 000 - 9 999 obyv.","432000641000000","Česko","CZ","Středočeský kraj","CZ020","Kutná Hora","CZ0205","Rodinné domy [Kč/m2]","10302","2022-2024","2022-2024","45459"
"Průměrná jednotková kupní cena nemovitosti","7432","2 000 - 9 999 obyv.","432000641000000","Česko","CZ","Středočeský kraj","CZ020","Kutná Hora","CZ0205","Byty [Kč/m2]","10602","2019-2021","2019-2021","28724"
"Průměrná jednotková kupní cena nemovitosti","7432","2 000 - 9 999 obyv.","432000641000000","Česko","CZ","Středočeský kraj","CZ020","Kutná Hora","CZ0205","Byty [Kč/m2]","10602","2020-2022","2020-2022","35755"
"Průměrná jednotková kupní cena nemovitosti","7432","2 000 - 9 999 obyv.","432000641000000","Česko","CZ","Středočeský kraj","CZ020","Kutná Hora","CZ0205","Byty [Kč/m2]","10602","2021-2023","2021-2023","41927"
"Průměrná jednotková kupní cena nemovitosti","7432","2 000 - 9 999 obyv.","432000641000000","Česko","CZ","Středočeský kraj","CZ020","Kutná Hora","CZ0205","Byty [Kč/m2]","10602","2022-2024","2022-2024","47643"
"Průměrná jednotková kupní cena nemovitosti","7432","2 000 - 9 999 obyv.","432000641000000","Česko","CZ","Středočeský kraj","CZ020","Mělník","CZ0206","Rodinné domy [Kč/m2]","10302","2019-2021","2019-2021","41867"
"Průměrná jednotková kupní cena nemovitosti","7432","2 000 - 9 999 obyv.","432000641000000","Česko","CZ","Středočeský kraj","CZ020","Mělník","CZ0206","Rodinné domy [Kč/m2]","10302","2020-2022","2020-2022","45331"
"Průměrná jednotková kupní cena nemovitosti","7432","2 000 - 9 999 obyv.","432000641000000","Česko","CZ","Středočeský kraj","CZ020","Mělník","CZ0206","Rodinné domy [Kč/m2]","10302","2021-2023","2021-2023","52400"
"Průměrná jednotková kupní cena nemovitosti","7432","2 000 - 9 999 obyv.","432000641000000","Česko","CZ","Středočeský kraj","CZ020","Mělník","CZ0206","Rodinné domy [Kč/m2]","10302","2022-2024","2022-2024","57658"
"Průměrná jednotková kupní cena nemovitosti","7432","2 000 - 9 999 obyv.","432000641000000","Česko","CZ","Středočeský kraj","CZ020","Mělník","CZ0206","Byty [Kč/m2]","10602","2019-2021","2019-2021","33712"
"Průměrná jednotková kupní cena nemovitosti","7432","2 000 - 9 999 obyv.","432000641000000","Česko","CZ","Středočeský kraj","CZ020","Mělník","CZ0206","Byty [Kč/m2]","10602","2020-2022","2020-2022","44977"
"Průměrná jednotková kupní cena nemovitosti","7432","2 000 - 9 999 obyv.","432000641000000","Česko","CZ","Středočeský kraj","CZ020","Mělník","CZ0206","Byty [Kč/m2]","10602","2021-2023","2021-2023","51709"
"Průměrná jednotková kupní cena nemovitosti","7432","2 000 - 9 999 obyv.","432000641000000","Česko","CZ","Středočeský kraj","CZ020","Mělník","CZ0206","Byty [Kč/m2]","10602","2022-2024","2022-2024","59085"
"Průměrná jednotková kupní cena nemovitosti","7432","2 000 - 9 999 obyv.","432000641000000","Česko","CZ","Středočeský kraj","CZ020","Mladá Boleslav","CZ0207","Rodinné domy [Kč/m2]","10302","2019-2021","2019-2021","38590"
"Průměrná jednotková kupní cena nemovitosti","7432","2 000 - 9 999 obyv.","432000641000000","Česko","CZ","Středočeský kraj","CZ020","Mladá Boleslav","CZ0207","Rodinné domy [Kč/m2]","10302","2020-2022","2020-2022","43504"
"Průměrná jednotková kupní cena nemovitosti","7432","2 000 - 9 999 obyv.","432000641000000","Česko","CZ","Středočeský kraj","CZ020","Mladá Boleslav","CZ0207","Rodinné domy [Kč/m2]","10302","2021-2023","2021-2023","49557"
"Průměrná jednotková kupní cena nemovitosti","7432","2 000 - 9 999 obyv.","432000641000000","Česko","CZ","Středočeský kraj","CZ020","Mladá Boleslav","CZ0207","Rodinné domy [Kč/m2]","10302","2022-2024","2022-2024","50740"
"Průměrná jednotková kupní cena nemovitosti","7432","2 000 - 9 999 obyv.","432000641000000","Česko","CZ","Středočeský kraj","CZ020","Mladá Boleslav","CZ0207","Byty [Kč/m2]","10602","2019-2021","2019-2021","31334"
"Průměrná jednotková kupní cena nemovitosti","7432","2 000 - 9 999 obyv.","432000641000000","Česko","CZ","Středočeský kraj","CZ020","Mladá Boleslav","CZ0207","Byty [Kč/m2]","10602","2020-2022","2020-2022","39064"
"Průměrná jednotková kupní cena nemovitosti","7432","2 000 - 9 999 obyv.","432000641000000","Česko","CZ","Středočeský kraj","CZ020","Mladá Boleslav","CZ0207","Byty [Kč/m2]","10602","2021-2023","2021-2023","48058"
"Průměrná jednotková kupní cena nemovitosti","7432","2 000 - 9 999 obyv.","432000641000000","Česko","CZ","Středočeský kraj","CZ020","Mladá Boleslav","CZ0207","Byty [Kč/m2]","10602","2022-2024","2022-2024","53265"
"Průměrná jednotková kupní cena nemovitosti","7432","2 000 - 9 999 obyv.","432000641000000","Česko","CZ","Středočeský kraj","CZ020","Nymburk","CZ0208","Rodinné domy [Kč/m2]","10302","2019-2021","2019-2021","34691"
"Průměrná jednotková kupní cena nemovitosti","7432","2 000 - 9 999 obyv.","432000641000000","Česko","CZ","Středočeský kraj","CZ020","Nymburk","CZ0208","Rodinné domy [Kč/m2]","10302","2020-2022","2020-2022","40498"
"Průměrná jednotková kupní cena nemovitosti","7432","2 000 - 9 999 obyv.","432000641000000","Česko","CZ","Středočeský kraj","CZ020","Nymburk","CZ0208","Rodinné domy [Kč/m2]","10302","2021-2023","2021-2023","47179"
"Průměrná jednotková kupní cena nemovitosti","7432","2 000 - 9 999 obyv.","432000641000000","Česko","CZ","Středočeský kraj","CZ020","Nymburk","CZ0208","Rodinné domy [Kč/m2]","10302","2022-2024","2022-2024","46896"
"Průměrná jednotková kupní cena nemovitosti","7432","2 000 - 9 999 obyv.","432000641000000","Česko","CZ","Středočeský kraj","CZ020","Nymburk","CZ0208","Byty [Kč/m2]","10602","2019-2021","2019-2021","35323"
"Průměrná jednotková kupní cena nemovitosti","7432","2 000 - 9 999 obyv.","432000641000000","Česko","CZ","Středočeský kraj","CZ020","Nymburk","CZ0208","Byty [Kč/m2]","10602","2020-2022","2020-2022","41531"
"Průměrná jednotková kupní cena nemovitosti","7432","2 000 - 9 999 obyv.","432000641000000","Česko","CZ","Středočeský kraj","CZ020","Nymburk","CZ0208","Byty [Kč/m2]","10602","2021-2023","2021-2023","45941"
"Průměrná jednotková kupní cena nemovitosti","7432","2 000 - 9 999 obyv.","432000641000000","Česko","CZ","Středočeský kraj","CZ020","Nymburk","CZ0208","Byty [Kč/m2]","10602","2022-2024","2022-2024","54228"
"Průměrná jednotková kupní cena nemovitosti","7432","2 000 - 9 999 obyv.","432000641000000","Česko","CZ","Středočeský kraj","CZ020","Praha-východ","CZ0209","Rodinné domy [Kč/m2]","10302","2019-2021","2019-2021","69404"
"Průměrná jednotková kupní cena nemovitosti","7432","2 000 - 9 999 obyv.","432000641000000","Česko","CZ","Středočeský kraj","CZ020","Praha-východ","CZ0209","Rodinné domy [Kč/m2]","10302","2020-2022","2020-2022","80837"
"Průměrná jednotková kupní cena nemovitosti","7432","2 000 - 9 999 obyv.","432000641000000","Česko","CZ","Středočeský kraj","CZ020","Praha-východ","CZ0209","Rodinné domy [Kč/m2]","10302","2021-2023","2021-2023","88594"
"Průměrná jednotková kupní cena nemovitosti","7432","2 000 - 9 999 obyv.","432000641000000","Česko","CZ","Středočeský kraj","CZ020","Praha-východ","CZ0209","Rodinné domy [Kč/m2]","10302","2022-2024","2022-2024","93324"
"Průměrná jednotková kupní cena nemovitosti","7432","2 000 - 9 999 obyv.","432000641000000","Česko","CZ","Středočeský kraj","CZ020","Praha-východ","CZ0209","Byty [Kč/m2]","10602","2019-2021","2019-2021","39940"
"Průměrná jednotková kupní cena nemovitosti","7432","2 000 - 9 999 obyv.","432000641000000","Česko","CZ","Středočeský kraj","CZ020","Praha-východ","CZ0209","Byty [Kč/m2]","10602","2020-2022","2020-2022","46285"
"Průměrná jednotková kupní cena nemovitosti","7432","2 000 - 9 999 obyv.","432000641000000","Česko","CZ","Středočeský kraj","CZ020","Praha-východ","CZ0209","Byty [Kč/m2]","10602","2021-2023","2021-2023","51291"
"Průměrná jednotková kupní cena nemovitosti","7432","2 000 - 9 999 obyv.","432000641000000","Česko","CZ","Středočeský kraj","CZ020","Praha-východ","CZ0209","Byty [Kč/m2]","10602","2022-2024","2022-2024","56077"
"Průměrná jednotková kupní cena nemovitosti","7432","2 000 - 9 999 obyv.","432000641000000","Česko","CZ","Středočeský kraj","CZ020","Praha-západ","CZ020A","Rodinné domy [Kč/m2]","10302","2019-2021","2019-2021","65238"
"Průměrná jednotková kupní cena nemovitosti","7432","2 000 - 9 999 obyv.","432000641000000","Česko","CZ","Středočeský kraj","CZ020","Praha-západ","CZ020A","Rodinné domy [Kč/m2]","10302","2020-2022","2020-2022","76355"
"Průměrná jednotková kupní cena nemovitosti","7432","2 000 - 9 999 obyv.","432000641000000","Česko","CZ","Středočeský kraj","CZ020","Praha-západ","CZ020A","Rodinné domy [Kč/m2]","10302","2021-2023","2021-2023","86409"
"Průměrná jednotková kupní cena nemovitosti","7432","2 000 - 9 999 obyv.","432000641000000","Česko","CZ","Středočeský kraj","CZ020","Praha-západ","CZ020A","Rodinné domy [Kč/m2]","10302","2022-2024","2022-2024","92580"
"Průměrná jednotková kupní cena nemovitosti","7432","2 000 - 9 999 obyv.","432000641000000","Česko","CZ","Středočeský kraj","CZ020","Praha-západ","CZ020A","Byty [Kč/m2]","10602","2019-2021","2019-2021","41510"
"Průměrná jednotková kupní cena nemovitosti","7432","2 000 - 9 999 obyv.","432000641000000","Česko","CZ","Středočeský kraj","CZ020","Praha-západ","CZ020A","Byty [Kč/m2]","10602","2020-2022","2020-2022","47871"
"Průměrná jednotková kupní cena nemovitosti","7432","2 000 - 9 999 obyv.","432000641000000","Česko","CZ","Středočeský kraj","CZ020","Praha-západ","CZ020A","Byty [Kč/m2]","10602","2021-2023","2021-2023","51125"
"Průměrná jednotková kupní cena nemovitosti","7432","2 000 - 9 999 obyv.","432000641000000","Česko","CZ","Středočeský kraj","CZ020","Praha-západ","CZ020A","Byty [Kč/m2]","10602","2022-2024","2022-2024","56741"
"Průměrná jednotková kupní cena nemovitosti","7432","2 000 - 9 999 obyv.","432000641000000","Česko","CZ","Středočeský kraj","CZ020","Příbram","CZ020B","Rodinné domy [Kč/m2]","10302","2019-2021","2019-2021","33929"
"Průměrná jednotková kupní cena nemovitosti","7432","2 000 - 9 999 obyv.","432000641000000","Česko","CZ","Středočeský kraj","CZ020","Příbram","CZ020B","Rodinné domy [Kč/m2]","10302","2020-2022","2020-2022","36229"
"Průměrná jednotková kupní cena nemovitosti","7432","2 000 - 9 999 obyv.","432000641000000","Česko","CZ","Středočeský kraj","CZ020","Příbram","CZ020B","Rodinné domy [Kč/m2]","10302","2021-2023","2021-2023","39268"
"Průměrná jednotková kupní cena nemovitosti","7432","2 000 - 9 999 obyv.","432000641000000","Česko","CZ","Středočeský kraj","CZ020","Příbram","CZ020B","Rodinné domy [Kč/m2]","10302","2022-2024","2022-2024","43023"
"Průměrná jednotková kupní cena nemovitosti","7432","2 000 - 9 999 obyv.","432000641000000","Česko","CZ","Středočeský kraj","CZ020","Příbram","CZ020B","Byty [Kč/m2]","10602","2019-2021","2019-2021","31381"
"Průměrná jednotková kupní cena nemovitosti","7432","2 000 - 9 999 obyv.","432000641000000","Česko","CZ","Středočeský kraj","CZ020","Příbram","CZ020B","Byty [Kč/m2]","10602","2020-2022","2020-2022","37709"
"Průměrná jednotková kupní cena nemovitosti","7432","2 000 - 9 999 obyv.","432000641000000","Česko","CZ","Středočeský kraj","CZ020","Příbram","CZ020B","Byty [Kč/m2]","10602","2021-2023","2021-2023","44275"
"Průměrná jednotková kupní cena nemovitosti","7432","2 000 - 9 999 obyv.","432000641000000","Česko","CZ","Středočeský kraj","CZ020","Příbram","CZ020B","Byty [Kč/m2]","10602","2022-2024","2022-2024","49084"
"Průměrná jednotková kupní cena nemovitosti","7432","2 000 - 9 999 obyv.","432000641000000","Česko","CZ","Středočeský kraj","CZ020","Rakovník","CZ020C","Rodinné domy [Kč/m2]","10302","2019-2021","2019-2021","45511"
"Průměrná jednotková kupní cena nemovitosti","7432","2 000 - 9 999 obyv.","432000641000000","Česko","CZ","Středočeský kraj","CZ020","Rakovník","CZ020C","Rodinné domy [Kč/m2]","10302","2020-2022","2020-2022","60091"
"Průměrná jednotková kupní cena nemovitosti","7432","2 000 - 9 999 obyv.","432000641000000","Česko","CZ","Středočeský kraj","CZ020","Rakovník","CZ020C","Rodinné domy [Kč/m2]","10302","2021-2023","2021-2023","60091"
"Průměrná jednotková kupní cena nemovitosti","7432","2 000 - 9 999 obyv.","432000641000000","Česko","CZ","Středočeský kraj","CZ020","Rakovník","CZ020C","Rodinné domy [Kč/m2]","10302","2022-2024","2022-2024","53443"
"Průměrná jednotková kupní cena nemovitosti","7432","2 000 - 9 999 obyv.","432000641000000","Česko","CZ","Středočeský kraj","CZ020","Rakovník","CZ020C","Byty [Kč/m2]","10602","2019-2021","2019-2021","39848"
"Průměrná jednotková kupní cena nemovitosti","7432","2 000 - 9 999 obyv.","432000641000000","Česko","CZ","Středočeský kraj","CZ020","Rakovník","CZ020C","Byty [Kč/m2]","10602","2020-2022","2020-2022","44151"
"Průměrná jednotková kupní cena nemovitosti","7432","2 000 - 9 999 obyv.","432000641000000","Česko","CZ","Středočeský kraj","CZ020","Rakovník","CZ020C","Byty [Kč/m2]","10602","2021-2023","2021-2023","52196"
"Průměrná jednotková kupní cena nemovitosti","7432","2 000 - 9 999 obyv.","432000641000000","Česko","CZ","Středočeský kraj","CZ020","Rakovník","CZ020C","Byty [Kč/m2]","10602","2022-2024","2022-2024","53513"
"Průměrná jednotková kupní cena nemovitosti","7432","2 000 - 9 999 obyv.","432000641000000","Česko","CZ","Jihočeský kraj","CZ031","České Budějovice","CZ0311","Rodinné domy [Kč/m2]","10302","2019-2021","2019-2021","36371"
"Průměrná jednotková kupní cena nemovitosti","7432","2 000 - 9 999 obyv.","432000641000000","Česko","CZ","Jihočeský kraj","CZ031","České Budějovice","CZ0311","Rodinné domy [Kč/m2]","10302","2020-2022","2020-2022","38769"
"Průměrná jednotková kupní cena nemovitosti","7432","2 000 - 9 999 obyv.","432000641000000","Česko","CZ","Jihočeský kraj","CZ031","České Budějovice","CZ0311","Rodinné domy [Kč/m2]","10302","2021-2023","2021-2023","43118"
"Průměrná jednotková kupní cena nemovitosti","7432","2 000 - 9 999 obyv.","432000641000000","Česko","CZ","Jihočeský kraj","CZ031","České Budějovice","CZ0311","Rodinné domy [Kč/m2]","10302","2022-2024","2022-2024","48221"
"Průměrná jednotková kupní cena nemovitosti","7432","2 000 - 9 999 obyv.","432000641000000","Česko","CZ","Jihočeský kraj","CZ031","České Budějovice","CZ0311","Byty [Kč/m2]","10602","2019-2021","2019-2021","30303"
"Průměrná jednotková kupní cena nemovitosti","7432","2 000 - 9 999 obyv.","432000641000000","Česko","CZ","Jihočeský kraj","CZ031","České Budějovice","CZ0311","Byty [Kč/m2]","10602","2020-2022","2020-2022","37835"
"Průměrná jednotková kupní cena nemovitosti","7432","2 000 - 9 999 obyv.","432000641000000","Česko","CZ","Jihočeský kraj","CZ031","České Budějovice","CZ0311","Byty [Kč/m2]","10602","2021-2023","2021-2023","41493"
"Průměrná jednotková kupní cena nemovitosti","7432","2 000 - 9 999 obyv.","432000641000000","Česko","CZ","Jihočeský kraj","CZ031","České Budějovice","CZ0311","Byty [Kč/m2]","10602","2022-2024","2022-2024","45777"
"Průměrná jednotková kupní cena nemovitosti","7432","2 000 - 9 999 obyv.","432000641000000","Česko","CZ","Jihočeský kraj","CZ031","Český Krumlov","CZ0312","Rodinné domy [Kč/m2]","10302","2019-2021","2019-2021","30203"
"Průměrná jednotková kupní cena nemovitosti","7432","2 000 - 9 999 obyv.","432000641000000","Česko","CZ","Jihočeský kraj","CZ031","Český Krumlov","CZ0312","Rodinné domy [Kč/m2]","10302","2020-2022","2020-2022","34090"
"Průměrná jednotková kupní cena nemovitosti","7432","2 000 - 9 999 obyv.","432000641000000","Česko","CZ","Jihočeský kraj","CZ031","Český Krumlov","CZ0312","Rodinné domy [Kč/m2]","10302","2021-2023","2021-2023","42116"
"Průměrná jednotková kupní cena nemovitosti","7432","2 000 - 9 999 obyv.","432000641000000","Česko","CZ","Jihočeský kraj","CZ031","Český Krumlov","CZ0312","Rodinné domy [Kč/m2]","10302","2022-2024","2022-2024","47923"
"Průměrná jednotková kupní cena nemovitosti","7432","2 000 - 9 999 obyv.","432000641000000","Česko","CZ","Jihočeský kraj","CZ031","Český Krumlov","CZ0312","Byty [Kč/m2]","10602","2019-2021","2019-2021","27549"
"Průměrná jednotková kupní cena nemovitosti","7432","2 000 - 9 999 obyv.","432000641000000","Česko","CZ","Jihočeský kraj","CZ031","Český Krumlov","CZ0312","Byty [Kč/m2]","10602","2020-2022","2020-2022","33577"
"Průměrná jednotková kupní cena nemovitosti","7432","2 000 - 9 999 obyv.","432000641000000","Česko","CZ","Jihočeský kraj","CZ031","Český Krumlov","CZ0312","Byty [Kč/m2]","10602","2021-2023","2021-2023","40247"
"Průměrná jednotková kupní cena nemovitosti","7432","2 000 - 9 999 obyv.","432000641000000","Česko","CZ","Jihočeský kraj","CZ031","Český Krumlov","CZ0312","Byty [Kč/m2]","10602","2022-2024","2022-2024","43606"
"Průměrná jednotková kupní cena nemovitosti","7432","2 000 - 9 999 obyv.","432000641000000","Česko","CZ","Jihočeský kraj","CZ031","Jindřichův Hradec","CZ0313","Rodinné domy [Kč/m2]","10302","2019-2021","2019-2021","28278"
"Průměrná jednotková kupní cena nemovitosti","7432","2 000 - 9 999 obyv.","432000641000000","Česko","CZ","Jihočeský kraj","CZ031","Jindřichův Hradec","CZ0313","Rodinné domy [Kč/m2]","10302","2020-2022","2020-2022","34995"
"Průměrná jednotková kupní cena nemovitosti","7432","2 000 - 9 999 obyv.","432000641000000","Česko","CZ","Jihočeský kraj","CZ031","Jindřichův Hradec","CZ0313","Rodinné domy [Kč/m2]","10302","2021-2023","2021-2023","39473"
"Průměrná jednotková kupní cena nemovitosti","7432","2 000 - 9 999 obyv.","432000641000000","Česko","CZ","Jihočeský kraj","CZ031","Jindřichův Hradec","CZ0313","Rodinné domy [Kč/m2]","10302","2022-2024","2022-2024","41224"
"Průměrná jednotková kupní cena nemovitosti","7432","2 000 - 9 999 obyv.","432000641000000","Česko","CZ","Jihočeský kraj","CZ031","Jindřichův Hradec","CZ0313","Byty [Kč/m2]","10602","2019-2021","2019-2021","26549"
"Průměrná jednotková kupní cena nemovitosti","7432","2 000 - 9 999 obyv.","432000641000000","Česko","CZ","Jihočeský kraj","CZ031","Jindřichův Hradec","CZ0313","Byty [Kč/m2]","10602","2020-2022","2020-2022","33558"
"Průměrná jednotková kupní cena nemovitosti","7432","2 000 - 9 999 obyv.","432000641000000","Česko","CZ","Jihočeský kraj","CZ031","Jindřichův Hradec","CZ0313","Byty [Kč/m2]","10602","2021-2023","2021-2023","37062"
"Průměrná jednotková kupní cena nemovitosti","7432","2 000 - 9 999 obyv.","432000641000000","Česko","CZ","Jihočeský kraj","CZ031","Jindřichův Hradec","CZ0313","Byty [Kč/m2]","10602","2022-2024","2022-2024","40034"
"Průměrná jednotková kupní cena nemovitosti","7432","2 000 - 9 999 obyv.","432000641000000","Česko","CZ","Jihočeský kraj","CZ031","Písek","CZ0314","Rodinné domy [Kč/m2]","10302","2021-2023","2021-2023","36389"
"Průměrná jednotková kupní cena nemovitosti","7432","2 000 - 9 999 obyv.","432000641000000","Česko","CZ","Jihočeský kraj","CZ031","Písek","CZ0314","Rodinné domy [Kč/m2]","10302","2022-2024","2022-2024","38574"
"Průměrná jednotková kupní cena nemovitosti","7432","2 000 - 9 999 obyv.","432000641000000","Česko","CZ","Jihočeský kraj","CZ031","Písek","CZ0314","Byty [Kč/m2]","10602","2019-2021","2019-2021","23384"
"Průměrná jednotková kupní cena nemovitosti","7432","2 000 - 9 999 obyv.","432000641000000","Česko","CZ","Jihočeský kraj","CZ031","Písek","CZ0314","Byty [Kč/m2]","10602","2020-2022","2020-2022","33089"
"Průměrná jednotková kupní cena nemovitosti","7432","2 000 - 9 999 obyv.","432000641000000","Česko","CZ","Jihočeský kraj","CZ031","Písek","CZ0314","Byty [Kč/m2]","10602","2021-2023","2021-2023","41174"
"Průměrná jednotková kupní cena nemovitosti","7432","2 000 - 9 999 obyv.","432000641000000","Česko","CZ","Jihočeský kraj","CZ031","Písek","CZ0314","Byty [Kč/m2]","10602","2022-2024","2022-2024","43368"
"Průměrná jednotková kupní cena nemovitosti","7432","2 000 - 9 999 obyv.","432000641000000","Česko","CZ","Jihočeský kraj","CZ031","Prachatice","CZ0315","Rodinné domy [Kč/m2]","10302","2019-2021","2019-2021","27959"
"Průměrná jednotková kupní cena nemovitosti","7432","2 000 - 9 999 obyv.","432000641000000","Česko","CZ","Jihočeský kraj","CZ031","Prachatice","CZ0315","Rodinné domy [Kč/m2]","10302","2020-2022","2020-2022","31217"
"Průměrná jednotková kupní cena nemovitosti","7432","2 000 - 9 999 obyv.","432000641000000","Česko","CZ","Jihočeský kraj","CZ031","Prachatice","CZ0315","Rodinné domy [Kč/m2]","10302","2021-2023","2021-2023","32353"
"Průměrná jednotková kupní cena nemovitosti","7432","2 000 - 9 999 obyv.","432000641000000","Česko","CZ","Jihočeský kraj","CZ031","Prachatice","CZ0315","Rodinné domy [Kč/m2]","10302","2022-2024","2022-2024","40448"
"Průměrná jednotková kupní cena nemovitosti","7432","2 000 - 9 999 obyv.","432000641000000","Česko","CZ","Jihočeský kraj","CZ031","Prachatice","CZ0315","Byty [Kč/m2]","10602","2019-2021","2019-2021","22535"
"Průměrná jednotková kupní cena nemovitosti","7432","2 000 - 9 999 obyv.","432000641000000","Česko","CZ","Jihočeský kraj","CZ031","Prachatice","CZ0315","Byty [Kč/m2]","10602","2020-2022","2020-2022","27530"
"Průměrná jednotková kupní cena nemovitosti","7432","2 000 - 9 999 obyv.","432000641000000","Česko","CZ","Jihočeský kraj","CZ031","Prachatice","CZ0315","Byty [Kč/m2]","10602","2021-2023","2021-2023","32782"
"Průměrná jednotková kupní cena nemovitosti","7432","2 000 - 9 999 obyv.","432000641000000","Česko","CZ","Jihočeský kraj","CZ031","Prachatice","CZ0315","Byty [Kč/m2]","10602","2022-2024","2022-2024","36510"
"Průměrná jednotková kupní cena nemovitosti","7432","2 000 - 9 999 obyv.","432000641000000","Česko","CZ","Jihočeský kraj","CZ031","Strakonice","CZ0316","Rodinné domy [Kč/m2]","10302","2019-2021","2019-2021","33239"
"Průměrná jednotková kupní cena nemovitosti","7432","2 000 - 9 999 obyv.","432000641000000","Česko","CZ","Jihočeský kraj","CZ031","Strakonice","CZ0316","Rodinné domy [Kč/m2]","10302","2020-2022","2020-2022","33587"
"Průměrná jednotková kupní cena nemovitosti","7432","2 000 - 9 999 obyv.","432000641000000","Česko","CZ","Jihočeský kraj","CZ031","Strakonice","CZ0316","Rodinné domy [Kč/m2]","10302","2021-2023","2021-2023","33912"
"Průměrná jednotková kupní cena nemovitosti","7432","2 000 - 9 999 obyv.","432000641000000","Česko","CZ","Jihočeský kraj","CZ031","Strakonice","CZ0316","Rodinné domy [Kč/m2]","10302","2022-2024","2022-2024","32258"
"Průměrná jednotková kupní cena nemovitosti","7432","2 000 - 9 999 obyv.","432000641000000","Česko","CZ","Jihočeský kraj","CZ031","Strakonice","CZ0316","Byty [Kč/m2]","10602","2019-2021","2019-2021","27885"
"Průměrná jednotková kupní cena nemovitosti","7432","2 000 - 9 999 obyv.","432000641000000","Česko","CZ","Jihočeský kraj","CZ031","Strakonice","CZ0316","Byty [Kč/m2]","10602","2020-2022","2020-2022","36726"
"Průměrná jednotková kupní cena nemovitosti","7432","2 000 - 9 999 obyv.","432000641000000","Česko","CZ","Jihočeský kraj","CZ031","Strakonice","CZ0316","Byty [Kč/m2]","10602","2021-2023","2021-2023","41271"
"Průměrná jednotková kupní cena nemovitosti","7432","2 000 - 9 999 obyv.","432000641000000","Česko","CZ","Jihočeský kraj","CZ031","Strakonice","CZ0316","Byty [Kč/m2]","10602","2022-2024","2022-2024","43333"
"Průměrná jednotková kupní cena nemovitosti","7432","2 000 - 9 999 obyv.","432000641000000","Česko","CZ","Jihočeský kraj","CZ031","Tábor","CZ0317","Rodinné domy [Kč/m2]","10302","2019-2021","2019-2021","31571"
"Průměrná jednotková kupní cena nemovitosti","7432","2 000 - 9 999 obyv.","432000641000000","Česko","CZ","Jihočeský kraj","CZ031","Tábor","CZ0317","Rodinné domy [Kč/m2]","10302","2020-2022","2020-2022","35674"
"Průměrná jednotková kupní cena nemovitosti","7432","2 000 - 9 999 obyv.","432000641000000","Česko","CZ","Jihočeský kraj","CZ031","Tábor","CZ0317","Rodinné domy [Kč/m2]","10302","2021-2023","2021-2023","42580"
"Průměrná jednotková kupní cena nemovitosti","7432","2 000 - 9 999 obyv.","432000641000000","Česko","CZ","Jihočeský kraj","CZ031","Tábor","CZ0317","Rodinné domy [Kč/m2]","10302","2022-2024","2022-2024","43496"
"Průměrná jednotková kupní cena nemovitosti","7432","2 000 - 9 999 obyv.","432000641000000","Česko","CZ","Jihočeský kraj","CZ031","Tábor","CZ0317","Byty [Kč/m2]","10602","2019-2021","2019-2021","27110"
"Průměrná jednotková kupní cena nemovitosti","7432","2 000 - 9 999 obyv.","432000641000000","Česko","CZ","Jihočeský kraj","CZ031","Tábor","CZ0317","Byty [Kč/m2]","10602","2020-2022","2020-2022","33307"
"Průměrná jednotková kupní cena nemovitosti","7432","2 000 - 9 999 obyv.","432000641000000","Česko","CZ","Jihočeský kraj","CZ031","Tábor","CZ0317","Byty [Kč/m2]","10602","2021-2023","2021-2023","37135"
"Průměrná jednotková kupní cena nemovitosti","7432","2 000 - 9 999 obyv.","432000641000000","Česko","CZ","Jihočeský kraj","CZ031","Tábor","CZ0317","Byty [Kč/m2]","10602","2022-2024","2022-2024","38548"
"Průměrná jednotková kupní cena nemovitosti","7432","2 000 - 9 999 obyv.","432000641000000","Česko","CZ","Plzeňský kraj","CZ032","Domažlice","CZ0321","Rodinné domy [Kč/m2]","10302","2019-2021","2019-2021","29867"
"Průměrná jednotková kupní cena nemovitosti","7432","2 000 - 9 999 obyv.","432000641000000","Česko","CZ","Plzeňský kraj","CZ032","Domažlice","CZ0321","Rodinné domy [Kč/m2]","10302","2020-2022","2020-2022","31908"
"Průměrná jednotková kupní cena nemovitosti","7432","2 000 - 9 999 obyv.","432000641000000","Česko","CZ","Plzeňský kraj","CZ032","Domažlice","CZ0321","Rodinné domy [Kč/m2]","10302","2021-2023","2021-2023","37661"
"Průměrná jednotková kupní cena nemovitosti","7432","2 000 - 9 999 obyv.","432000641000000","Česko","CZ","Plzeňský kraj","CZ032","Domažlice","CZ0321","Rodinné domy [Kč/m2]","10302","2022-2024","2022-2024","41518"
"Průměrná jednotková kupní cena nemovitosti","7432","2 000 - 9 999 obyv.","432000641000000","Česko","CZ","Plzeňský kraj","CZ032","Domažlice","CZ0321","Byty [Kč/m2]","10602","2019-2021","2019-2021","26174"
"Průměrná jednotková kupní cena nemovitosti","7432","2 000 - 9 999 obyv.","432000641000000","Česko","CZ","Plzeňský kraj","CZ032","Domažlice","CZ0321","Byty [Kč/m2]","10602","2020-2022","2020-2022","32831"
"Průměrná jednotková kupní cena nemovitosti","7432","2 000 - 9 999 obyv.","432000641000000","Česko","CZ","Plzeňský kraj","CZ032","Domažlice","CZ0321","Byty [Kč/m2]","10602","2021-2023","2021-2023","35494"
"Průměrná jednotková kupní cena nemovitosti","7432","2 000 - 9 999 obyv.","432000641000000","Česko","CZ","Plzeňský kraj","CZ032","Domažlice","CZ0321","Byty [Kč/m2]","10602","2022-2024","2022-2024","37481"
"Průměrná jednotková kupní cena nemovitosti","7432","2 000 - 9 999 obyv.","432000641000000","Česko","CZ","Plzeňský kraj","CZ032","Klatovy","CZ0322","Rodinné domy [Kč/m2]","10302","2019-2021","2019-2021","26243"
"Průměrná jednotková kupní cena nemovitosti","7432","2 000 - 9 999 obyv.","432000641000000","Česko","CZ","Plzeňský kraj","CZ032","Klatovy","CZ0322","Rodinné domy [Kč/m2]","10302","2020-2022","2020-2022","27494"
"Průměrná jednotková kupní cena nemovitosti","7432","2 000 - 9 999 obyv.","432000641000000","Česko","CZ","Plzeňský kraj","CZ032","Klatovy","CZ0322","Rodinné domy [Kč/m2]","10302","2021-2023","2021-2023","29262"
"Průměrná jednotková kupní cena nemovitosti","7432","2 000 - 9 999 obyv.","432000641000000","Česko","CZ","Plzeňský kraj","CZ032","Klatovy","CZ0322","Rodinné domy [Kč/m2]","10302","2022-2024","2022-2024","36110"
"Průměrná jednotková kupní cena nemovitosti","7432","2 000 - 9 999 obyv.","432000641000000","Česko","CZ","Plzeňský kraj","CZ032","Klatovy","CZ0322","Byty [Kč/m2]","10602","2019-2021","2019-2021","22431"
"Průměrná jednotková kupní cena nemovitosti","7432","2 000 - 9 999 obyv.","432000641000000","Česko","CZ","Plzeňský kraj","CZ032","Klatovy","CZ0322","Byty [Kč/m2]","10602","2020-2022","2020-2022","28960"
"Průměrná jednotková kupní cena nemovitosti","7432","2 000 - 9 999 obyv.","432000641000000","Česko","CZ","Plzeňský kraj","CZ032","Klatovy","CZ0322","Byty [Kč/m2]","10602","2021-2023","2021-2023","33292"
"Průměrná jednotková kupní cena nemovitosti","7432","2 000 - 9 999 obyv.","432000641000000","Česko","CZ","Plzeňský kraj","CZ032","Klatovy","CZ0322","Byty [Kč/m2]","10602","2022-2024","2022-2024","38525"
"Průměrná jednotková kupní cena nemovitosti","7432","2 000 - 9 999 obyv.","432000641000000","Česko","CZ","Plzeňský kraj","CZ032","Plzeň-město","CZ0323","Rodinné domy [Kč/m2]","10302","2019-2021","2019-2021","40286"
"Průměrná jednotková kupní cena nemovitosti","7432","2 000 - 9 999 obyv.","432000641000000","Česko","CZ","Plzeňský kraj","CZ032","Plzeň-město","CZ0323","Rodinné domy [Kč/m2]","10302","2020-2022","2020-2022","45484"
"Průměrná jednotková kupní cena nemovitosti","7432","2 000 - 9 999 obyv.","432000641000000","Česko","CZ","Plzeňský kraj","CZ032","Plzeň-město","CZ0323","Rodinné domy [Kč/m2]","10302","2021-2023","2021-2023","47528"
"Průměrná jednotková kupní cena nemovitosti","7432","2 000 - 9 999 obyv.","432000641000000","Česko","CZ","Plzeňský kraj","CZ032","Plzeň-město","CZ0323","Rodinné domy [Kč/m2]","10302","2022-2024","2022-2024","54203"
"Průměrná jednotková kupní cena nemovitosti","7432","2 000 - 9 999 obyv.","432000641000000","Česko","CZ","Plzeňský kraj","CZ032","Plzeň-město","CZ0323","Byty [Kč/m2]","10602","2019-2021","2019-2021","32384"
"Průměrná jednotková kupní cena nemovitosti","7432","2 000 - 9 999 obyv.","432000641000000","Česko","CZ","Plzeňský kraj","CZ032","Plzeň-město","CZ0323","Byty [Kč/m2]","10602","2020-2022","2020-2022","41008"
"Průměrná jednotková kupní cena nemovitosti","7432","2 000 - 9 999 obyv.","432000641000000","Česko","CZ","Plzeňský kraj","CZ032","Plzeň-město","CZ0323","Byty [Kč/m2]","10602","2021-2023","2021-2023","48562"
"Průměrná jednotková kupní cena nemovitosti","7432","2 000 - 9 999 obyv.","432000641000000","Česko","CZ","Plzeňský kraj","CZ032","Plzeň-město","CZ0323","Byty [Kč/m2]","10602","2022-2024","2022-2024","53153"
"Průměrná jednotková kupní cena nemovitosti","7432","2 000 - 9 999 obyv.","432000641000000","Česko","CZ","Plzeňský kraj","CZ032","Plzeň-jih","CZ0324","Rodinné domy [Kč/m2]","10302","2019-2021","2019-2021","32286"
"Průměrná jednotková kupní cena nemovitosti","7432","2 000 - 9 999 obyv.","432000641000000","Česko","CZ","Plzeňský kraj","CZ032","Plzeň-jih","CZ0324","Rodinné domy [Kč/m2]","10302","2020-2022","2020-2022","36695"
"Průměrná jednotková kupní cena nemovitosti","7432","2 000 - 9 999 obyv.","432000641000000","Česko","CZ","Plzeňský kraj","CZ032","Plzeň-jih","CZ0324","Rodinné domy [Kč/m2]","10302","2021-2023","2021-2023","40521"
"Průměrná jednotková kupní cena nemovitosti","7432","2 000 - 9 999 obyv.","432000641000000","Česko","CZ","Plzeňský kraj","CZ032","Plzeň-jih","CZ0324","Rodinné domy [Kč/m2]","10302","2022-2024","2022-2024","44655"
"Průměrná jednotková kupní cena nemovitosti","7432","2 000 - 9 999 obyv.","432000641000000","Česko","CZ","Plzeňský kraj","CZ032","Plzeň-jih","CZ0324","Byty [Kč/m2]","10602","2019-2021","2019-2021","28486"
"Průměrná jednotková kupní cena nemovitosti","7432","2 000 - 9 999 obyv.","432000641000000","Česko","CZ","Plzeňský kraj","CZ032","Plzeň-jih","CZ0324","Byty [Kč/m2]","10602","2020-2022","2020-2022","33542"
"Průměrná jednotková kupní cena nemovitosti","7432","2 000 - 9 999 obyv.","432000641000000","Česko","CZ","Plzeňský kraj","CZ032","Plzeň-jih","CZ0324","Byty [Kč/m2]","10602","2021-2023","2021-2023","38873"
"Průměrná jednotková kupní cena nemovitosti","7432","2 000 - 9 999 obyv.","432000641000000","Česko","CZ","Plzeňský kraj","CZ032","Plzeň-jih","CZ0324","Byty [Kč/m2]","10602","2022-2024","2022-2024","43138"
"Průměrná jednotková kupní cena nemovitosti","7432","2 000 - 9 999 obyv.","432000641000000","Česko","CZ","Plzeňský kraj","CZ032","Plzeň-sever","CZ0325","Rodinné domy [Kč/m2]","10302","2019-2021","2019-2021","36893"
"Průměrná jednotková kupní cena nemovitosti","7432","2 000 - 9 999 obyv.","432000641000000","Česko","CZ","Plzeňský kraj","CZ032","Plzeň-sever","CZ0325","Rodinné domy [Kč/m2]","10302","2020-2022","2020-2022","40702"
"Průměrná jednotková kupní cena nemovitosti","7432","2 000 - 9 999 obyv.","432000641000000","Česko","CZ","Plzeňský kraj","CZ032","Plzeň-sever","CZ0325","Rodinné domy [Kč/m2]","10302","2021-2023","2021-2023","44474"
"Průměrná jednotková kupní cena nemovitosti","7432","2 000 - 9 999 obyv.","432000641000000","Česko","CZ","Plzeňský kraj","CZ032","Plzeň-sever","CZ0325","Rodinné domy [Kč/m2]","10302","2022-2024","2022-2024","46637"
"Průměrná jednotková kupní cena nemovitosti","7432","2 000 - 9 999 obyv.","432000641000000","Česko","CZ","Plzeňský kraj","CZ032","Plzeň-sever","CZ0325","Byty [Kč/m2]","10602","2019-2021","2019-2021","33361"
"Průměrná jednotková kupní cena nemovitosti","7432","2 000 - 9 999 obyv.","432000641000000","Česko","CZ","Plzeňský kraj","CZ032","Plzeň-sever","CZ0325","Byty [Kč/m2]","10602","2020-2022","2020-2022","39507"
"Průměrná jednotková kupní cena nemovitosti","7432","2 000 - 9 999 obyv.","432000641000000","Česko","CZ","Plzeňský kraj","CZ032","Plzeň-sever","CZ0325","Byty [Kč/m2]","10602","2021-2023","2021-2023","43830"
"Průměrná jednotková kupní cena nemovitosti","7432","2 000 - 9 999 obyv.","432000641000000","Česko","CZ","Plzeňský kraj","CZ032","Plzeň-sever","CZ0325","Byty [Kč/m2]","10602","2022-2024","2022-2024","46778"
"Průměrná jednotková kupní cena nemovitosti","7432","2 000 - 9 999 obyv.","432000641000000","Česko","CZ","Plzeňský kraj","CZ032","Rokycany","CZ0326","Rodinné domy [Kč/m2]","10302","2019-2021","2019-2021","30473"
"Průměrná jednotková kupní cena nemovitosti","7432","2 000 - 9 999 obyv.","432000641000000","Česko","CZ","Plzeňský kraj","CZ032","Rokycany","CZ0326","Rodinné domy [Kč/m2]","10302","2020-2022","2020-2022","31727"
"Průměrná jednotková kupní cena nemovitosti","7432","2 000 - 9 999 obyv.","432000641000000","Česko","CZ","Plzeňský kraj","CZ032","Rokycany","CZ0326","Rodinné domy [Kč/m2]","10302","2021-2023","2021-2023","37085"
"Průměrná jednotková kupní cena nemovitosti","7432","2 000 - 9 999 obyv.","432000641000000","Česko","CZ","Plzeňský kraj","CZ032","Rokycany","CZ0326","Rodinné domy [Kč/m2]","10302","2022-2024","2022-2024","41684"
"Průměrná jednotková kupní cena nemovitosti","7432","2 000 - 9 999 obyv.","432000641000000","Česko","CZ","Plzeňský kraj","CZ032","Rokycany","CZ0326","Byty [Kč/m2]","10602","2019-2021","2019-2021","27759"
"Průměrná jednotková kupní cena nemovitosti","7432","2 000 - 9 999 obyv.","432000641000000","Česko","CZ","Plzeňský kraj","CZ032","Rokycany","CZ0326","Byty [Kč/m2]","10602","2020-2022","2020-2022","33688"
"Průměrná jednotková kupní cena nemovitosti","7432","2 000 - 9 999 obyv.","432000641000000","Česko","CZ","Plzeňský kraj","CZ032","Rokycany","CZ0326","Byty [Kč/m2]","10602","2021-2023","2021-2023","38726"
"Průměrná jednotková kupní cena nemovitosti","7432","2 000 - 9 999 obyv.","432000641000000","Česko","CZ","Plzeňský kraj","CZ032","Rokycany","CZ0326","Byty [Kč/m2]","10602","2022-2024","2022-2024","43870"
"Průměrná jednotková kupní cena nemovitosti","7432","2 000 - 9 999 obyv.","432000641000000","Česko","CZ","Plzeňský kraj","CZ032","Tachov","CZ0327","Rodinné domy [Kč/m2]","10302","2019-2021","2019-2021","30160"
"Průměrná jednotková kupní cena nemovitosti","7432","2 000 - 9 999 obyv.","432000641000000","Česko","CZ","Plzeňský kraj","CZ032","Tachov","CZ0327","Rodinné domy [Kč/m2]","10302","2020-2022","2020-2022","34461"
"Průměrná jednotková kupní cena nemovitosti","7432","2 000 - 9 999 obyv.","432000641000000","Česko","CZ","Plzeňský kraj","CZ032","Tachov","CZ0327","Rodinné domy [Kč/m2]","10302","2021-2023","2021-2023","35181"
"Průměrná jednotková kupní cena nemovitosti","7432","2 000 - 9 999 obyv.","432000641000000","Česko","CZ","Plzeňský kraj","CZ032","Tachov","CZ0327","Rodinné domy [Kč/m2]","10302","2022-2024","2022-2024","40714"
"Průměrná jednotková kupní cena nemovitosti","7432","2 000 - 9 999 obyv.","432000641000000","Česko","CZ","Plzeňský kraj","CZ032","Tachov","CZ0327","Byty [Kč/m2]","10602","2019-2021","2019-2021","26622"
"Průměrná jednotková kupní cena nemovitosti","7432","2 000 - 9 999 obyv.","432000641000000","Česko","CZ","Plzeňský kraj","CZ032","Tachov","CZ0327","Byty [Kč/m2]","10602","2020-2022","2020-2022","31500"
"Průměrná jednotková kupní cena nemovitosti","7432","2 000 - 9 999 obyv.","432000641000000","Česko","CZ","Plzeňský kraj","CZ032","Tachov","CZ0327","Byty [Kč/m2]","10602","2021-2023","2021-2023","35208"
"Průměrná jednotková kupní cena nemovitosti","7432","2 000 - 9 999 obyv.","432000641000000","Česko","CZ","Plzeňský kraj","CZ032","Tachov","CZ0327","Byty [Kč/m2]","10602","2022-2024","2022-2024","38775"
"Průměrná jednotková kupní cena nemovitosti","7432","2 000 - 9 999 obyv.","432000641000000","Česko","CZ","Karlovarský kraj","CZ041","Cheb","CZ0411","Rodinné domy [Kč/m2]","10302","2019-2021","2019-2021","27130"
"Průměrná jednotková kupní cena nemovitosti","7432","2 000 - 9 999 obyv.","432000641000000","Česko","CZ","Karlovarský kraj","CZ041","Cheb","CZ0411","Rodinné domy [Kč/m2]","10302","2020-2022","2020-2022","29928"
"Průměrná jednotková kupní cena nemovitosti","7432","2 000 - 9 999 obyv.","432000641000000","Česko","CZ","Karlovarský kraj","CZ041","Cheb","CZ0411","Rodinné domy [Kč/m2]","10302","2021-2023","2021-2023","30897"
"Průměrná jednotková kupní cena nemovitosti","7432","2 000 - 9 999 obyv.","432000641000000","Česko","CZ","Karlovarský kraj","CZ041","Cheb","CZ0411","Rodinné domy [Kč/m2]","10302","2022-2024","2022-2024","32971"
"Průměrná jednotková kupní cena nemovitosti","7432","2 000 - 9 999 obyv.","432000641000000","Česko","CZ","Karlovarský kraj","CZ041","Cheb","CZ0411","Byty [Kč/m2]","10602","2019-2021","2019-2021","26716"
"Průměrná jednotková kupní cena nemovitosti","7432","2 000 - 9 999 obyv.","432000641000000","Česko","CZ","Karlovarský kraj","CZ041","Cheb","CZ0411","Byty [Kč/m2]","10602","2020-2022","2020-2022","29368"
"Průměrná jednotková kupní cena nemovitosti","7432","2 000 - 9 999 obyv.","432000641000000","Česko","CZ","Karlovarský kraj","CZ041","Cheb","CZ0411","Byty [Kč/m2]","10602","2021-2023","2021-2023","32256"
"Průměrná jednotková kupní cena nemovitosti","7432","2 000 - 9 999 obyv.","432000641000000","Česko","CZ","Karlovarský kraj","CZ041","Cheb","CZ0411","Byty [Kč/m2]","10602","2022-2024","2022-2024","33247"
"Průměrná jednotková kupní cena nemovitosti","7432","2 000 - 9 999 obyv.","432000641000000","Česko","CZ","Karlovarský kraj","CZ041","Karlovy Vary","CZ0412","Rodinné domy [Kč/m2]","10302","2019-2021","2019-2021","31996"
"Průměrná jednotková kupní cena nemovitosti","7432","2 000 - 9 999 obyv.","432000641000000","Česko","CZ","Karlovarský kraj","CZ041","Karlovy Vary","CZ0412","Rodinné domy [Kč/m2]","10302","2020-2022","2020-2022","36001"
"Průměrná jednotková kupní cena nemovitosti","7432","2 000 - 9 999 obyv.","432000641000000","Česko","CZ","Karlovarský kraj","CZ041","Karlovy Vary","CZ0412","Rodinné domy [Kč/m2]","10302","2021-2023","2021-2023","41103"
"Průměrná jednotková kupní cena nemovitosti","7432","2 000 - 9 999 obyv.","432000641000000","Česko","CZ","Karlovarský kraj","CZ041","Karlovy Vary","CZ0412","Rodinné domy [Kč/m2]","10302","2022-2024","2022-2024","42422"
"Průměrná jednotková kupní cena nemovitosti","7432","2 000 - 9 999 obyv.","432000641000000","Česko","CZ","Karlovarský kraj","CZ041","Karlovy Vary","CZ0412","Byty [Kč/m2]","10602","2019-2021","2019-2021","18209"
"Průměrná jednotková kupní cena nemovitosti","7432","2 000 - 9 999 obyv.","432000641000000","Česko","CZ","Karlovarský kraj","CZ041","Karlovy Vary","CZ0412","Byty [Kč/m2]","10602","2020-2022","2020-2022","23655"
"Průměrná jednotková kupní cena nemovitosti","7432","2 000 - 9 999 obyv.","432000641000000","Česko","CZ","Karlovarský kraj","CZ041","Karlovy Vary","CZ0412","Byty [Kč/m2]","10602","2021-2023","2021-2023","27232"
"Průměrná jednotková kupní cena nemovitosti","7432","2 000 - 9 999 obyv.","432000641000000","Česko","CZ","Karlovarský kraj","CZ041","Karlovy Vary","CZ0412","Byty [Kč/m2]","10602","2022-2024","2022-2024","30025"
"Průměrná jednotková kupní cena nemovitosti","7432","2 000 - 9 999 obyv.","432000641000000","Česko","CZ","Karlovarský kraj","CZ041","Sokolov","CZ0413","Rodinné domy [Kč/m2]","10302","2019-2021","2019-2021","26996"
"Průměrná jednotková kupní cena nemovitosti","7432","2 000 - 9 999 obyv.","432000641000000","Česko","CZ","Karlovarský kraj","CZ041","Sokolov","CZ0413","Rodinné domy [Kč/m2]","10302","2020-2022","2020-2022","30823"
"Průměrná jednotková kupní cena nemovitosti","7432","2 000 - 9 999 obyv.","432000641000000","Česko","CZ","Karlovarský kraj","CZ041","Sokolov","CZ0413","Rodinné domy [Kč/m2]","10302","2021-2023","2021-2023","32814"
"Průměrná jednotková kupní cena nemovitosti","7432","2 000 - 9 999 obyv.","432000641000000","Česko","CZ","Karlovarský kraj","CZ041","Sokolov","CZ0413","Rodinné domy [Kč/m2]","10302","2022-2024","2022-2024","34790"
"Průměrná jednotková kupní cena nemovitosti","7432","2 000 - 9 999 obyv.","432000641000000","Česko","CZ","Karlovarský kraj","CZ041","Sokolov","CZ0413","Byty [Kč/m2]","10602","2019-2021","2019-2021","17843"
"Průměrná jednotková kupní cena nemovitosti","7432","2 000 - 9 999 obyv.","432000641000000","Česko","CZ","Karlovarský kraj","CZ041","Sokolov","CZ0413","Byty [Kč/m2]","10602","2020-2022","2020-2022","21940"
"Průměrná jednotková kupní cena nemovitosti","7432","2 000 - 9 999 obyv.","432000641000000","Česko","CZ","Karlovarský kraj","CZ041","Sokolov","CZ0413","Byty [Kč/m2]","10602","2021-2023","2021-2023","24698"
"Průměrná jednotková kupní cena nemovitosti","7432","2 000 - 9 999 obyv.","432000641000000","Česko","CZ","Karlovarský kraj","CZ041","Sokolov","CZ0413","Byty [Kč/m2]","10602","2022-2024","2022-2024","26707"
"Průměrná jednotková kupní cena nemovitosti","7432","2 000 - 9 999 obyv.","432000641000000","Česko","CZ","Ústecký kraj","CZ042","Děčín","CZ0421","Rodinné domy [Kč/m2]","10302","2019-2021","2019-2021","24186"
"Průměrná jednotková kupní cena nemovitosti","7432","2 000 - 9 999 obyv.","432000641000000","Česko","CZ","Ústecký kraj","CZ042","Děčín","CZ0421","Rodinné domy [Kč/m2]","10302","2020-2022","2020-2022","27431"
"Průměrná jednotková kupní cena nemovitosti","7432","2 000 - 9 999 obyv.","432000641000000","Česko","CZ","Ústecký kraj","CZ042","Děčín","CZ0421","Rodinné domy [Kč/m2]","10302","2021-2023","2021-2023","29909"
"Průměrná jednotková kupní cena nemovitosti","7432","2 000 - 9 999 obyv.","432000641000000","Česko","CZ","Ústecký kraj","CZ042","Děčín","CZ0421","Rodinné domy [Kč/m2]","10302","2022-2024","2022-2024","33215"
"Průměrná jednotková kupní cena nemovitosti","7432","2 000 - 9 999 obyv.","432000641000000","Česko","CZ","Ústecký kraj","CZ042","Děčín","CZ0421","Byty [Kč/m2]","10602","2019-2021","2019-2021","18349"
"Průměrná jednotková kupní cena nemovitosti","7432","2 000 - 9 999 obyv.","432000641000000","Česko","CZ","Ústecký kraj","CZ042","Děčín","CZ0421","Byty [Kč/m2]","10602","2020-2022","2020-2022","23505"
"Průměrná jednotková kupní cena nemovitosti","7432","2 000 - 9 999 obyv.","432000641000000","Česko","CZ","Ústecký kraj","CZ042","Děčín","CZ0421","Byty [Kč/m2]","10602","2021-2023","2021-2023","27840"
"Průměrná jednotková kupní cena nemovitosti","7432","2 000 - 9 999 obyv.","432000641000000","Česko","CZ","Ústecký kraj","CZ042","Děčín","CZ0421","Byty [Kč/m2]","10602","2022-2024","2022-2024","30496"
"Průměrná jednotková kupní cena nemovitosti","7432","2 000 - 9 999 obyv.","432000641000000","Česko","CZ","Ústecký kraj","CZ042","Chomutov","CZ0422","Rodinné domy [Kč/m2]","10302","2019-2021","2019-2021","28314"
"Průměrná jednotková kupní cena nemovitosti","7432","2 000 - 9 999 obyv.","432000641000000","Česko","CZ","Ústecký kraj","CZ042","Chomutov","CZ0422","Rodinné domy [Kč/m2]","10302","2020-2022","2020-2022","41374"
"Průměrná jednotková kupní cena nemovitosti","7432","2 000 - 9 999 obyv.","432000641000000","Česko","CZ","Ústecký kraj","CZ042","Chomutov","CZ0422","Rodinné domy [Kč/m2]","10302","2021-2023","2021-2023","35522"
"Průměrná jednotková kupní cena nemovitosti","7432","2 000 - 9 999 obyv.","432000641000000","Česko","CZ","Ústecký kraj","CZ042","Chomutov","CZ0422","Rodinné domy [Kč/m2]","10302","2022-2024","2022-2024","31217"
"Průměrná jednotková kupní cena nemovitosti","7432","2 000 - 9 999 obyv.","432000641000000","Česko","CZ","Ústecký kraj","CZ042","Chomutov","CZ0422","Byty [Kč/m2]","10602","2019-2021","2019-2021","16076"
"Průměrná jednotková kupní cena nemovitosti","7432","2 000 - 9 999 obyv.","432000641000000","Česko","CZ","Ústecký kraj","CZ042","Chomutov","CZ0422","Byty [Kč/m2]","10602","2020-2022","2020-2022","18715"
"Průměrná jednotková kupní cena nemovitosti","7432","2 000 - 9 999 obyv.","432000641000000","Česko","CZ","Ústecký kraj","CZ042","Chomutov","CZ0422","Byty [Kč/m2]","10602","2022-2024","2022-2024","24667"
"Průměrná jednotková kupní cena nemovitosti","7432","2 000 - 9 999 obyv.","432000641000000","Česko","CZ","Ústecký kraj","CZ042","Litoměřice","CZ0423","Rodinné domy [Kč/m2]","10302","2019-2021","2019-2021","28411"
"Průměrná jednotková kupní cena nemovitosti","7432","2 000 - 9 999 obyv.","432000641000000","Česko","CZ","Ústecký kraj","CZ042","Litoměřice","CZ0423","Rodinné domy [Kč/m2]","10302","2020-2022","2020-2022","31495"
"Průměrná jednotková kupní cena nemovitosti","7432","2 000 - 9 999 obyv.","432000641000000","Česko","CZ","Ústecký kraj","CZ042","Litoměřice","CZ0423","Rodinné domy [Kč/m2]","10302","2021-2023","2021-2023","34469"
"Průměrná jednotková kupní cena nemovitosti","7432","2 000 - 9 999 obyv.","432000641000000","Česko","CZ","Ústecký kraj","CZ042","Litoměřice","CZ0423","Rodinné domy [Kč/m2]","10302","2022-2024","2022-2024","37594"
"Průměrná jednotková kupní cena nemovitosti","7432","2 000 - 9 999 obyv.","432000641000000","Česko","CZ","Ústecký kraj","CZ042","Litoměřice","CZ0423","Byty [Kč/m2]","10602","2019-2021","2019-2021","27416"
"Průměrná jednotková kupní cena nemovitosti","7432","2 000 - 9 999 obyv.","432000641000000","Česko","CZ","Ústecký kraj","CZ042","Litoměřice","CZ0423","Byty [Kč/m2]","10602","2020-2022","2020-2022","34290"
"Průměrná jednotková kupní cena nemovitosti","7432","2 000 - 9 999 obyv.","432000641000000","Česko","CZ","Ústecký kraj","CZ042","Litoměřice","CZ0423","Byty [Kč/m2]","10602","2021-2023","2021-2023","39055"
"Průměrná jednotková kupní cena nemovitosti","7432","2 000 - 9 999 obyv.","432000641000000","Česko","CZ","Ústecký kraj","CZ042","Litoměřice","CZ0423","Byty [Kč/m2]","10602","2022-2024","2022-2024","41347"
"Průměrná jednotková kupní cena nemovitosti","7432","2 000 - 9 999 obyv.","432000641000000","Česko","CZ","Ústecký kraj","CZ042","Louny","CZ0424","Rodinné domy [Kč/m2]","10302","2019-2021","2019-2021","27850"
"Průměrná jednotková kupní cena nemovitosti","7432","2 000 - 9 999 obyv.","432000641000000","Česko","CZ","Ústecký kraj","CZ042","Louny","CZ0424","Rodinné domy [Kč/m2]","10302","2020-2022","2020-2022","32004"
"Průměrná jednotková kupní cena nemovitosti","7432","2 000 - 9 999 obyv.","432000641000000","Česko","CZ","Ústecký kraj","CZ042","Louny","CZ0424","Rodinné domy [Kč/m2]","10302","2021-2023","2021-2023","34140"
"Průměrná jednotková kupní cena nemovitosti","7432","2 000 - 9 999 obyv.","432000641000000","Česko","CZ","Ústecký kraj","CZ042","Louny","CZ0424","Rodinné domy [Kč/m2]","10302","2022-2024","2022-2024","40113"
"Průměrná jednotková kupní cena nemovitosti","7432","2 000 - 9 999 obyv.","432000641000000","Česko","CZ","Ústecký kraj","CZ042","Louny","CZ0424","Byty [Kč/m2]","10602","2019-2021","2019-2021","20056"
"Průměrná jednotková kupní cena nemovitosti","7432","2 000 - 9 999 obyv.","432000641000000","Česko","CZ","Ústecký kraj","CZ042","Louny","CZ0424","Byty [Kč/m2]","10602","2020-2022","2020-2022","24534"
"Průměrná jednotková kupní cena nemovitosti","7432","2 000 - 9 999 obyv.","432000641000000","Česko","CZ","Ústecký kraj","CZ042","Louny","CZ0424","Byty [Kč/m2]","10602","2021-2023","2021-2023","28128"
"Průměrná jednotková kupní cena nemovitosti","7432","2 000 - 9 999 obyv.","432000641000000","Česko","CZ","Ústecký kraj","CZ042","Louny","CZ0424","Byty [Kč/m2]","10602","2022-2024","2022-2024","30149"
"Průměrná jednotková kupní cena nemovitosti","7432","2 000 - 9 999 obyv.","432000641000000","Česko","CZ","Ústecký kraj","CZ042","Most","CZ0425","Rodinné domy [Kč/m2]","10302","2019-2021","2019-2021","33744"
"Průměrná jednotková kupní cena nemovitosti","7432","2 000 - 9 999 obyv.","432000641000000","Česko","CZ","Ústecký kraj","CZ042","Most","CZ0425","Rodinné domy [Kč/m2]","10302","2020-2022","2020-2022","35767"
"Průměrná jednotková kupní cena nemovitosti","7432","2 000 - 9 999 obyv.","432000641000000","Česko","CZ","Ústecký kraj","CZ042","Most","CZ0425","Rodinné domy [Kč/m2]","10302","2021-2023","2021-2023","36826"
"Průměrná jednotková kupní cena nemovitosti","7432","2 000 - 9 999 obyv.","432000641000000","Česko","CZ","Ústecký kraj","CZ042","Most","CZ0425","Rodinné domy [Kč/m2]","10302","2022-2024","2022-2024","38228"
"Průměrná jednotková kupní cena nemovitosti","7432","2 000 - 9 999 obyv.","432000641000000","Česko","CZ","Ústecký kraj","CZ042","Most","CZ0425","Byty [Kč/m2]","10602","2019-2021","2019-2021","18341"
"Průměrná jednotková kupní cena nemovitosti","7432","2 000 - 9 999 obyv.","432000641000000","Česko","CZ","Ústecký kraj","CZ042","Most","CZ0425","Byty [Kč/m2]","10602","2020-2022","2020-2022","22335"
"Průměrná jednotková kupní cena nemovitosti","7432","2 000 - 9 999 obyv.","432000641000000","Česko","CZ","Ústecký kraj","CZ042","Most","CZ0425","Byty [Kč/m2]","10602","2021-2023","2021-2023","26114"
"Průměrná jednotková kupní cena nemovitosti","7432","2 000 - 9 999 obyv.","432000641000000","Česko","CZ","Ústecký kraj","CZ042","Most","CZ0425","Byty [Kč/m2]","10602","2022-2024","2022-2024","27631"
"Průměrná jednotková kupní cena nemovitosti","7432","2 000 - 9 999 obyv.","432000641000000","Česko","CZ","Ústecký kraj","CZ042","Teplice","CZ0426","Rodinné domy [Kč/m2]","10302","2019-2021","2019-2021","34450"
"Průměrná jednotková kupní cena nemovitosti","7432","2 000 - 9 999 obyv.","432000641000000","Česko","CZ","Ústecký kraj","CZ042","Teplice","CZ0426","Rodinné domy [Kč/m2]","10302","2020-2022","2020-2022","36196"
"Průměrná jednotková kupní cena nemovitosti","7432","2 000 - 9 999 obyv.","432000641000000","Česko","CZ","Ústecký kraj","CZ042","Teplice","CZ0426","Rodinné domy [Kč/m2]","10302","2021-2023","2021-2023","39412"
"Průměrná jednotková kupní cena nemovitosti","7432","2 000 - 9 999 obyv.","432000641000000","Česko","CZ","Ústecký kraj","CZ042","Teplice","CZ0426","Rodinné domy [Kč/m2]","10302","2022-2024","2022-2024","44546"
"Průměrná jednotková kupní cena nemovitosti","7432","2 000 - 9 999 obyv.","432000641000000","Česko","CZ","Ústecký kraj","CZ042","Teplice","CZ0426","Byty [Kč/m2]","10602","2019-2021","2019-2021","19885"
"Průměrná jednotková kupní cena nemovitosti","7432","2 000 - 9 999 obyv.","432000641000000","Česko","CZ","Ústecký kraj","CZ042","Teplice","CZ0426","Byty [Kč/m2]","10602","2020-2022","2020-2022","24305"
"Průměrná jednotková kupní cena nemovitosti","7432","2 000 - 9 999 obyv.","432000641000000","Česko","CZ","Ústecký kraj","CZ042","Teplice","CZ0426","Byty [Kč/m2]","10602","2021-2023","2021-2023","28448"
"Průměrná jednotková kupní cena nemovitosti","7432","2 000 - 9 999 obyv.","432000641000000","Česko","CZ","Ústecký kraj","CZ042","Teplice","CZ0426","Byty [Kč/m2]","10602","2022-2024","2022-2024","30928"
"Průměrná jednotková kupní cena nemovitosti","7432","2 000 - 9 999 obyv.","432000641000000","Česko","CZ","Ústecký kraj","CZ042","Ústí nad Labem","CZ0427","Rodinné domy [Kč/m2]","10302","2019-2021","2019-2021","31390"
"Průměrná jednotková kupní cena nemovitosti","7432","2 000 - 9 999 obyv.","432000641000000","Česko","CZ","Ústecký kraj","CZ042","Ústí nad Labem","CZ0427","Rodinné domy [Kč/m2]","10302","2020-2022","2020-2022","38072"
"Průměrná jednotková kupní cena nemovitosti","7432","2 000 - 9 999 obyv.","432000641000000","Česko","CZ","Ústecký kraj","CZ042","Ústí nad Labem","CZ0427","Rodinné domy [Kč/m2]","10302","2021-2023","2021-2023","39978"
"Průměrná jednotková kupní cena nemovitosti","7432","2 000 - 9 999 obyv.","432000641000000","Česko","CZ","Ústecký kraj","CZ042","Ústí nad Labem","CZ0427","Rodinné domy [Kč/m2]","10302","2022-2024","2022-2024","43388"
"Průměrná jednotková kupní cena nemovitosti","7432","2 000 - 9 999 obyv.","432000641000000","Česko","CZ","Ústecký kraj","CZ042","Ústí nad Labem","CZ0427","Byty [Kč/m2]","10602","2019-2021","2019-2021","23592"
"Průměrná jednotková kupní cena nemovitosti","7432","2 000 - 9 999 obyv.","432000641000000","Česko","CZ","Ústecký kraj","CZ042","Ústí nad Labem","CZ0427","Byty [Kč/m2]","10602","2020-2022","2020-2022","28887"
"Průměrná jednotková kupní cena nemovitosti","7432","2 000 - 9 999 obyv.","432000641000000","Česko","CZ","Ústecký kraj","CZ042","Ústí nad Labem","CZ0427","Byty [Kč/m2]","10602","2021-2023","2021-2023","31328"
"Průměrná jednotková kupní cena nemovitosti","7432","2 000 - 9 999 obyv.","432000641000000","Česko","CZ","Ústecký kraj","CZ042","Ústí nad Labem","CZ0427","Byty [Kč/m2]","10602","2022-2024","2022-2024","34030"
"Průměrná jednotková kupní cena nemovitosti","7432","2 000 - 9 999 obyv.","432000641000000","Česko","CZ","Liberecký kraj","CZ051","Česká Lípa","CZ0511","Rodinné domy [Kč/m2]","10302","2019-2021","2019-2021","31396"
"Průměrná jednotková kupní cena nemovitosti","7432","2 000 - 9 999 obyv.","432000641000000","Česko","CZ","Liberecký kraj","CZ051","Česká Lípa","CZ0511","Rodinné domy [Kč/m2]","10302","2020-2022","2020-2022","41275"
"Průměrná jednotková kupní cena nemovitosti","7432","2 000 - 9 999 obyv.","432000641000000","Česko","CZ","Liberecký kraj","CZ051","Česká Lípa","CZ0511","Rodinné domy [Kč/m2]","10302","2021-2023","2021-2023","41197"
"Průměrná jednotková kupní cena nemovitosti","7432","2 000 - 9 999 obyv.","432000641000000","Česko","CZ","Liberecký kraj","CZ051","Česká Lípa","CZ0511","Rodinné domy [Kč/m2]","10302","2022-2024","2022-2024","40440"
"Průměrná jednotková kupní cena nemovitosti","7432","2 000 - 9 999 obyv.","432000641000000","Česko","CZ","Liberecký kraj","CZ051","Česká Lípa","CZ0511","Byty [Kč/m2]","10602","2019-2021","2019-2021","22633"
"Průměrná jednotková kupní cena nemovitosti","7432","2 000 - 9 999 obyv.","432000641000000","Česko","CZ","Liberecký kraj","CZ051","Česká Lípa","CZ0511","Byty [Kč/m2]","10602","2020-2022","2020-2022","28485"
"Průměrná jednotková kupní cena nemovitosti","7432","2 000 - 9 999 obyv.","432000641000000","Česko","CZ","Liberecký kraj","CZ051","Česká Lípa","CZ0511","Byty [Kč/m2]","10602","2021-2023","2021-2023","33140"
"Průměrná jednotková kupní cena nemovitosti","7432","2 000 - 9 999 obyv.","432000641000000","Česko","CZ","Liberecký kraj","CZ051","Česká Lípa","CZ0511","Byty [Kč/m2]","10602","2022-2024","2022-2024","34935"
"Průměrná jednotková kupní cena nemovitosti","7432","2 000 - 9 999 obyv.","432000641000000","Česko","CZ","Liberecký kraj","CZ051","Jablonec nad Nisou","CZ0512","Rodinné domy [Kč/m2]","10302","2019-2021","2019-2021","30604"
"Průměrná jednotková kupní cena nemovitosti","7432","2 000 - 9 999 obyv.","432000641000000","Česko","CZ","Liberecký kraj","CZ051","Jablonec nad Nisou","CZ0512","Rodinné domy [Kč/m2]","10302","2020-2022","2020-2022","34824"
"Průměrná jednotková kupní cena nemovitosti","7432","2 000 - 9 999 obyv.","432000641000000","Česko","CZ","Liberecký kraj","CZ051","Jablonec nad Nisou","CZ0512","Rodinné domy [Kč/m2]","10302","2021-2023","2021-2023","39943"
"Průměrná jednotková kupní cena nemovitosti","7432","2 000 - 9 999 obyv.","432000641000000","Česko","CZ","Liberecký kraj","CZ051","Jablonec nad Nisou","CZ0512","Rodinné domy [Kč/m2]","10302","2022-2024","2022-2024","43052"
"Průměrná jednotková kupní cena nemovitosti","7432","2 000 - 9 999 obyv.","432000641000000","Česko","CZ","Liberecký kraj","CZ051","Jablonec nad Nisou","CZ0512","Byty [Kč/m2]","10602","2019-2021","2019-2021","23336"
"Průměrná jednotková kupní cena nemovitosti","7432","2 000 - 9 999 obyv.","432000641000000","Česko","CZ","Liberecký kraj","CZ051","Jablonec nad Nisou","CZ0512","Byty [Kč/m2]","10602","2020-2022","2020-2022","30465"
"Průměrná jednotková kupní cena nemovitosti","7432","2 000 - 9 999 obyv.","432000641000000","Česko","CZ","Liberecký kraj","CZ051","Jablonec nad Nisou","CZ0512","Byty [Kč/m2]","10602","2021-2023","2021-2023","34662"
"Průměrná jednotková kupní cena nemovitosti","7432","2 000 - 9 999 obyv.","432000641000000","Česko","CZ","Liberecký kraj","CZ051","Jablonec nad Nisou","CZ0512","Byty [Kč/m2]","10602","2022-2024","2022-2024","38444"
"Průměrná jednotková kupní cena nemovitosti","7432","2 000 - 9 999 obyv.","432000641000000","Česko","CZ","Liberecký kraj","CZ051","Liberec","CZ0513","Rodinné domy [Kč/m2]","10302","2019-2021","2019-2021","32329"
"Průměrná jednotková kupní cena nemovitosti","7432","2 000 - 9 999 obyv.","432000641000000","Česko","CZ","Liberecký kraj","CZ051","Liberec","CZ0513","Rodinné domy [Kč/m2]","10302","2020-2022","2020-2022","36190"
"Průměrná jednotková kupní cena nemovitosti","7432","2 000 - 9 999 obyv.","432000641000000","Česko","CZ","Liberecký kraj","CZ051","Liberec","CZ0513","Rodinné domy [Kč/m2]","10302","2021-2023","2021-2023","39517"
"Průměrná jednotková kupní cena nemovitosti","7432","2 000 - 9 999 obyv.","432000641000000","Česko","CZ","Liberecký kraj","CZ051","Liberec","CZ0513","Rodinné domy [Kč/m2]","10302","2022-2024","2022-2024","42273"
"Průměrná jednotková kupní cena nemovitosti","7432","2 000 - 9 999 obyv.","432000641000000","Česko","CZ","Liberecký kraj","CZ051","Liberec","CZ0513","Byty [Kč/m2]","10602","2019-2021","2019-2021","26420"
"Průměrná jednotková kupní cena nemovitosti","7432","2 000 - 9 999 obyv.","432000641000000","Česko","CZ","Liberecký kraj","CZ051","Liberec","CZ0513","Byty [Kč/m2]","10602","2020-2022","2020-2022","32758"
"Průměrná jednotková kupní cena nemovitosti","7432","2 000 - 9 999 obyv.","432000641000000","Česko","CZ","Liberecký kraj","CZ051","Liberec","CZ0513","Byty [Kč/m2]","10602","2021-2023","2021-2023","35825"
"Průměrná jednotková kupní cena nemovitosti","7432","2 000 - 9 999 obyv.","432000641000000","Česko","CZ","Liberecký kraj","CZ051","Liberec","CZ0513","Byty [Kč/m2]","10602","2022-2024","2022-2024","40860"
"Průměrná jednotková kupní cena nemovitosti","7432","2 000 - 9 999 obyv.","432000641000000","Česko","CZ","Liberecký kraj","CZ051","Semily","CZ0514","Rodinné domy [Kč/m2]","10302","2019-2021","2019-2021","30574"
"Průměrná jednotková kupní cena nemovitosti","7432","2 000 - 9 999 obyv.","432000641000000","Česko","CZ","Liberecký kraj","CZ051","Semily","CZ0514","Rodinné domy [Kč/m2]","10302","2020-2022","2020-2022","35031"
"Průměrná jednotková kupní cena nemovitosti","7432","2 000 - 9 999 obyv.","432000641000000","Česko","CZ","Liberecký kraj","CZ051","Semily","CZ0514","Rodinné domy [Kč/m2]","10302","2021-2023","2021-2023","39131"
"Průměrná jednotková kupní cena nemovitosti","7432","2 000 - 9 999 obyv.","432000641000000","Česko","CZ","Liberecký kraj","CZ051","Semily","CZ0514","Rodinné domy [Kč/m2]","10302","2022-2024","2022-2024","44056"
"Průměrná jednotková kupní cena nemovitosti","7432","2 000 - 9 999 obyv.","432000641000000","Česko","CZ","Liberecký kraj","CZ051","Semily","CZ0514","Byty [Kč/m2]","10602","2019-2021","2019-2021","27365"
"Průměrná jednotková kupní cena nemovitosti","7432","2 000 - 9 999 obyv.","432000641000000","Česko","CZ","Liberecký kraj","CZ051","Semily","CZ0514","Byty [Kč/m2]","10602","2020-2022","2020-2022","32503"
"Průměrná jednotková kupní cena nemovitosti","7432","2 000 - 9 999 obyv.","432000641000000","Česko","CZ","Liberecký kraj","CZ051","Semily","CZ0514","Byty [Kč/m2]","10602","2021-2023","2021-2023","40815"
"Průměrná jednotková kupní cena nemovitosti","7432","2 000 - 9 999 obyv.","432000641000000","Česko","CZ","Liberecký kraj","CZ051","Semily","CZ0514","Byty [Kč/m2]","10602","2022-2024","2022-2024","48598"
"Průměrná jednotková kupní cena nemovitosti","7432","2 000 - 9 999 obyv.","432000641000000","Česko","CZ","Královéhradecký kraj","CZ052","Hradec Králové","CZ0521","Rodinné domy [Kč/m2]","10302","2019-2021","2019-2021","36388"
"Průměrná jednotková kupní cena nemovitosti","7432","2 000 - 9 999 obyv.","432000641000000","Česko","CZ","Královéhradecký kraj","CZ052","Hradec Králové","CZ0521","Rodinné domy [Kč/m2]","10302","2020-2022","2020-2022","39469"
"Průměrná jednotková kupní cena nemovitosti","7432","2 000 - 9 999 obyv.","432000641000000","Česko","CZ","Královéhradecký kraj","CZ052","Hradec Králové","CZ0521","Rodinné domy [Kč/m2]","10302","2021-2023","2021-2023","40501"
"Průměrná jednotková kupní cena nemovitosti","7432","2 000 - 9 999 obyv.","432000641000000","Česko","CZ","Královéhradecký kraj","CZ052","Hradec Králové","CZ0521","Rodinné domy [Kč/m2]","10302","2022-2024","2022-2024","43231"
"Průměrná jednotková kupní cena nemovitosti","7432","2 000 - 9 999 obyv.","432000641000000","Česko","CZ","Královéhradecký kraj","CZ052","Hradec Králové","CZ0521","Byty [Kč/m2]","10602","2019-2021","2019-2021","32664"
"Průměrná jednotková kupní cena nemovitosti","7432","2 000 - 9 999 obyv.","432000641000000","Česko","CZ","Královéhradecký kraj","CZ052","Hradec Králové","CZ0521","Byty [Kč/m2]","10602","2020-2022","2020-2022","38390"
"Průměrná jednotková kupní cena nemovitosti","7432","2 000 - 9 999 obyv.","432000641000000","Česko","CZ","Královéhradecký kraj","CZ052","Hradec Králové","CZ0521","Byty [Kč/m2]","10602","2021-2023","2021-2023","42696"
"Průměrná jednotková kupní cena nemovitosti","7432","2 000 - 9 999 obyv.","432000641000000","Česko","CZ","Královéhradecký kraj","CZ052","Hradec Králové","CZ0521","Byty [Kč/m2]","10602","2022-2024","2022-2024","46555"
"Průměrná jednotková kupní cena nemovitosti","7432","2 000 - 9 999 obyv.","432000641000000","Česko","CZ","Královéhradecký kraj","CZ052","Jičín","CZ0522","Rodinné domy [Kč/m2]","10302","2019-2021","2019-2021","28778"
"Průměrná jednotková kupní cena nemovitosti","7432","2 000 - 9 999 obyv.","432000641000000","Česko","CZ","Královéhradecký kraj","CZ052","Jičín","CZ0522","Rodinné domy [Kč/m2]","10302","2020-2022","2020-2022","34073"
"Průměrná jednotková kupní cena nemovitosti","7432","2 000 - 9 999 obyv.","432000641000000","Česko","CZ","Královéhradecký kraj","CZ052","Jičín","CZ0522","Rodinné domy [Kč/m2]","10302","2021-2023","2021-2023","39981"
"Průměrná jednotková kupní cena nemovitosti","7432","2 000 - 9 999 obyv.","432000641000000","Česko","CZ","Královéhradecký kraj","CZ052","Jičín","CZ0522","Rodinné domy [Kč/m2]","10302","2022-2024","2022-2024","42558"
"Průměrná jednotková kupní cena nemovitosti","7432","2 000 - 9 999 obyv.","432000641000000","Česko","CZ","Královéhradecký kraj","CZ052","Jičín","CZ0522","Byty [Kč/m2]","10602","2019-2021","2019-2021","31379"
"Průměrná jednotková kupní cena nemovitosti","7432","2 000 - 9 999 obyv.","432000641000000","Česko","CZ","Královéhradecký kraj","CZ052","Jičín","CZ0522","Byty [Kč/m2]","10602","2020-2022","2020-2022","35815"
"Průměrná jednotková kupní cena nemovitosti","7432","2 000 - 9 999 obyv.","432000641000000","Česko","CZ","Královéhradecký kraj","CZ052","Jičín","CZ0522","Byty [Kč/m2]","10602","2021-2023","2021-2023","44029"
"Průměrná jednotková kupní cena nemovitosti","7432","2 000 - 9 999 obyv.","432000641000000","Česko","CZ","Královéhradecký kraj","CZ052","Jičín","CZ0522","Byty [Kč/m2]","10602","2022-2024","2022-2024","48910"
"Průměrná jednotková kupní cena nemovitosti","7432","2 000 - 9 999 obyv.","432000641000000","Česko","CZ","Královéhradecký kraj","CZ052","Náchod","CZ0523","Rodinné domy [Kč/m2]","10302","2019-2021","2019-2021","26615"
"Průměrná jednotková kupní cena nemovitosti","7432","2 000 - 9 999 obyv.","432000641000000","Česko","CZ","Královéhradecký kraj","CZ052","Náchod","CZ0523","Rodinné domy [Kč/m2]","10302","2020-2022","2020-2022","29726"
"Průměrná jednotková kupní cena nemovitosti","7432","2 000 - 9 999 obyv.","432000641000000","Česko","CZ","Královéhradecký kraj","CZ052","Náchod","CZ0523","Rodinné domy [Kč/m2]","10302","2021-2023","2021-2023","34091"
"Průměrná jednotková kupní cena nemovitosti","7432","2 000 - 9 999 obyv.","432000641000000","Česko","CZ","Královéhradecký kraj","CZ052","Náchod","CZ0523","Rodinné domy [Kč/m2]","10302","2022-2024","2022-2024","38845"
"Průměrná jednotková kupní cena nemovitosti","7432","2 000 - 9 999 obyv.","432000641000000","Česko","CZ","Královéhradecký kraj","CZ052","Náchod","CZ0523","Byty [Kč/m2]","10602","2019-2021","2019-2021","23295"
"Průměrná jednotková kupní cena nemovitosti","7432","2 000 - 9 999 obyv.","432000641000000","Česko","CZ","Královéhradecký kraj","CZ052","Náchod","CZ0523","Byty [Kč/m2]","10602","2020-2022","2020-2022","28000"
"Průměrná jednotková kupní cena nemovitosti","7432","2 000 - 9 999 obyv.","432000641000000","Česko","CZ","Královéhradecký kraj","CZ052","Náchod","CZ0523","Byty [Kč/m2]","10602","2021-2023","2021-2023","33882"
"Průměrná jednotková kupní cena nemovitosti","7432","2 000 - 9 999 obyv.","432000641000000","Česko","CZ","Královéhradecký kraj","CZ052","Náchod","CZ0523","Byty [Kč/m2]","10602","2022-2024","2022-2024","36837"
"Průměrná jednotková kupní cena nemovitosti","7432","2 000 - 9 999 obyv.","432000641000000","Česko","CZ","Královéhradecký kraj","CZ052","Rychnov nad Kněžnou","CZ0524","Rodinné domy [Kč/m2]","10302","2019-2021","2019-2021","28015"
"Průměrná jednotková kupní cena nemovitosti","7432","2 000 - 9 999 obyv.","432000641000000","Česko","CZ","Královéhradecký kraj","CZ052","Rychnov nad Kněžnou","CZ0524","Rodinné domy [Kč/m2]","10302","2020-2022","2020-2022","33511"
"Průměrná jednotková kupní cena nemovitosti","7432","2 000 - 9 999 obyv.","432000641000000","Česko","CZ","Královéhradecký kraj","CZ052","Rychnov nad Kněžnou","CZ0524","Rodinné domy [Kč/m2]","10302","2021-2023","2021-2023","38583"
"Průměrná jednotková kupní cena nemovitosti","7432","2 000 - 9 999 obyv.","432000641000000","Česko","CZ","Královéhradecký kraj","CZ052","Rychnov nad Kněžnou","CZ0524","Rodinné domy [Kč/m2]","10302","2022-2024","2022-2024","42369"
"Průměrná jednotková kupní cena nemovitosti","7432","2 000 - 9 999 obyv.","432000641000000","Česko","CZ","Královéhradecký kraj","CZ052","Rychnov nad Kněžnou","CZ0524","Byty [Kč/m2]","10602","2019-2021","2019-2021","31279"
"Průměrná jednotková kupní cena nemovitosti","7432","2 000 - 9 999 obyv.","432000641000000","Česko","CZ","Královéhradecký kraj","CZ052","Rychnov nad Kněžnou","CZ0524","Byty [Kč/m2]","10602","2020-2022","2020-2022","35956"
"Průměrná jednotková kupní cena nemovitosti","7432","2 000 - 9 999 obyv.","432000641000000","Česko","CZ","Královéhradecký kraj","CZ052","Rychnov nad Kněžnou","CZ0524","Byty [Kč/m2]","10602","2021-2023","2021-2023","38758"
"Průměrná jednotková kupní cena nemovitosti","7432","2 000 - 9 999 obyv.","432000641000000","Česko","CZ","Královéhradecký kraj","CZ052","Rychnov nad Kněžnou","CZ0524","Byty [Kč/m2]","10602","2022-2024","2022-2024","42775"
"Průměrná jednotková kupní cena nemovitosti","7432","2 000 - 9 999 obyv.","432000641000000","Česko","CZ","Královéhradecký kraj","CZ052","Trutnov","CZ0525","Rodinné domy [Kč/m2]","10302","2019-2021","2019-2021","32830"
"Průměrná jednotková kupní cena nemovitosti","7432","2 000 - 9 999 obyv.","432000641000000","Česko","CZ","Královéhradecký kraj","CZ052","Trutnov","CZ0525","Rodinné domy [Kč/m2]","10302","2020-2022","2020-2022","35659"
"Průměrná jednotková kupní cena nemovitosti","7432","2 000 - 9 999 obyv.","432000641000000","Česko","CZ","Královéhradecký kraj","CZ052","Trutnov","CZ0525","Rodinné domy [Kč/m2]","10302","2021-2023","2021-2023","36852"
"Průměrná jednotková kupní cena nemovitosti","7432","2 000 - 9 999 obyv.","432000641000000","Česko","CZ","Královéhradecký kraj","CZ052","Trutnov","CZ0525","Rodinné domy [Kč/m2]","10302","2022-2024","2022-2024","34018"
"Průměrná jednotková kupní cena nemovitosti","7432","2 000 - 9 999 obyv.","432000641000000","Česko","CZ","Královéhradecký kraj","CZ052","Trutnov","CZ0525","Byty [Kč/m2]","10602","2019-2021","2019-2021","22822"
"Průměrná jednotková kupní cena nemovitosti","7432","2 000 - 9 999 obyv.","432000641000000","Česko","CZ","Královéhradecký kraj","CZ052","Trutnov","CZ0525","Byty [Kč/m2]","10602","2020-2022","2020-2022","27643"
"Průměrná jednotková kupní cena nemovitosti","7432","2 000 - 9 999 obyv.","432000641000000","Česko","CZ","Královéhradecký kraj","CZ052","Trutnov","CZ0525","Byty [Kč/m2]","10602","2021-2023","2021-2023","32422"
"Průměrná jednotková kupní cena nemovitosti","7432","2 000 - 9 999 obyv.","432000641000000","Česko","CZ","Královéhradecký kraj","CZ052","Trutnov","CZ0525","Byty [Kč/m2]","10602","2022-2024","2022-2024","35896"
"Průměrná jednotková kupní cena nemovitosti","7432","2 000 - 9 999 obyv.","432000641000000","Česko","CZ","Pardubický kraj","CZ053","Chrudim","CZ0531","Rodinné domy [Kč/m2]","10302","2019-2021","2019-2021","27409"
"Průměrná jednotková kupní cena nemovitosti","7432","2 000 - 9 999 obyv.","432000641000000","Česko","CZ","Pardubický kraj","CZ053","Chrudim","CZ0531","Rodinné domy [Kč/m2]","10302","2020-2022","2020-2022","32607"
"Průměrná jednotková kupní cena nemovitosti","7432","2 000 - 9 999 obyv.","432000641000000","Česko","CZ","Pardubický kraj","CZ053","Chrudim","CZ0531","Rodinné domy [Kč/m2]","10302","2021-2023","2021-2023","37853"
"Průměrná jednotková kupní cena nemovitosti","7432","2 000 - 9 999 obyv.","432000641000000","Česko","CZ","Pardubický kraj","CZ053","Chrudim","CZ0531","Rodinné domy [Kč/m2]","10302","2022-2024","2022-2024","39037"
"Průměrná jednotková kupní cena nemovitosti","7432","2 000 - 9 999 obyv.","432000641000000","Česko","CZ","Pardubický kraj","CZ053","Chrudim","CZ0531","Byty [Kč/m2]","10602","2019-2021","2019-2021","25646"
"Průměrná jednotková kupní cena nemovitosti","7432","2 000 - 9 999 obyv.","432000641000000","Česko","CZ","Pardubický kraj","CZ053","Chrudim","CZ0531","Byty [Kč/m2]","10602","2020-2022","2020-2022","32308"
"Průměrná jednotková kupní cena nemovitosti","7432","2 000 - 9 999 obyv.","432000641000000","Česko","CZ","Pardubický kraj","CZ053","Chrudim","CZ0531","Byty [Kč/m2]","10602","2021-2023","2021-2023","35981"
"Průměrná jednotková kupní cena nemovitosti","7432","2 000 - 9 999 obyv.","432000641000000","Česko","CZ","Pardubický kraj","CZ053","Chrudim","CZ0531","Byty [Kč/m2]","10602","2022-2024","2022-2024","39192"
"Průměrná jednotková kupní cena nemovitosti","7432","2 000 - 9 999 obyv.","432000641000000","Česko","CZ","Pardubický kraj","CZ053","Pardubice","CZ0532","Rodinné domy [Kč/m2]","10302","2019-2021","2019-2021","37432"
"Průměrná jednotková kupní cena nemovitosti","7432","2 000 - 9 999 obyv.","432000641000000","Česko","CZ","Pardubický kraj","CZ053","Pardubice","CZ0532","Rodinné domy [Kč/m2]","10302","2020-2022","2020-2022","44792"
"Průměrná jednotková kupní cena nemovitosti","7432","2 000 - 9 999 obyv.","432000641000000","Česko","CZ","Pardubický kraj","CZ053","Pardubice","CZ0532","Rodinné domy [Kč/m2]","10302","2021-2023","2021-2023","48560"
"Průměrná jednotková kupní cena nemovitosti","7432","2 000 - 9 999 obyv.","432000641000000","Česko","CZ","Pardubický kraj","CZ053","Pardubice","CZ0532","Rodinné domy [Kč/m2]","10302","2022-2024","2022-2024","53687"
"Průměrná jednotková kupní cena nemovitosti","7432","2 000 - 9 999 obyv.","432000641000000","Česko","CZ","Pardubický kraj","CZ053","Pardubice","CZ0532","Byty [Kč/m2]","10602","2019-2021","2019-2021","31671"
"Průměrná jednotková kupní cena nemovitosti","7432","2 000 - 9 999 obyv.","432000641000000","Česko","CZ","Pardubický kraj","CZ053","Pardubice","CZ0532","Byty [Kč/m2]","10602","2020-2022","2020-2022","37828"
"Průměrná jednotková kupní cena nemovitosti","7432","2 000 - 9 999 obyv.","432000641000000","Česko","CZ","Pardubický kraj","CZ053","Pardubice","CZ0532","Byty [Kč/m2]","10602","2021-2023","2021-2023","43441"
"Průměrná jednotková kupní cena nemovitosti","7432","2 000 - 9 999 obyv.","432000641000000","Česko","CZ","Pardubický kraj","CZ053","Pardubice","CZ0532","Byty [Kč/m2]","10602","2022-2024","2022-2024","47041"
"Průměrná jednotková kupní cena nemovitosti","7432","2 000 - 9 999 obyv.","432000641000000","Česko","CZ","Pardubický kraj","CZ053","Svitavy","CZ0533","Rodinné domy [Kč/m2]","10302","2019-2021","2019-2021","31632"
"Průměrná jednotková kupní cena nemovitosti","7432","2 000 - 9 999 obyv.","432000641000000","Česko","CZ","Pardubický kraj","CZ053","Svitavy","CZ0533","Rodinné domy [Kč/m2]","10302","2020-2022","2020-2022","35705"
"Průměrná jednotková kupní cena nemovitosti","7432","2 000 - 9 999 obyv.","432000641000000","Česko","CZ","Pardubický kraj","CZ053","Svitavy","CZ0533","Rodinné domy [Kč/m2]","10302","2021-2023","2021-2023","39344"
"Průměrná jednotková kupní cena nemovitosti","7432","2 000 - 9 999 obyv.","432000641000000","Česko","CZ","Pardubický kraj","CZ053","Svitavy","CZ0533","Rodinné domy [Kč/m2]","10302","2022-2024","2022-2024","40828"
"Průměrná jednotková kupní cena nemovitosti","7432","2 000 - 9 999 obyv.","432000641000000","Česko","CZ","Pardubický kraj","CZ053","Svitavy","CZ0533","Byty [Kč/m2]","10602","2019-2021","2019-2021","30520"
"Průměrná jednotková kupní cena nemovitosti","7432","2 000 - 9 999 obyv.","432000641000000","Česko","CZ","Pardubický kraj","CZ053","Svitavy","CZ0533","Byty [Kč/m2]","10602","2020-2022","2020-2022","35728"
"Průměrná jednotková kupní cena nemovitosti","7432","2 000 - 9 999 obyv.","432000641000000","Česko","CZ","Pardubický kraj","CZ053","Svitavy","CZ0533","Byty [Kč/m2]","10602","2021-2023","2021-2023","41056"
"Průměrná jednotková kupní cena nemovitosti","7432","2 000 - 9 999 obyv.","432000641000000","Česko","CZ","Pardubický kraj","CZ053","Svitavy","CZ0533","Byty [Kč/m2]","10602","2022-2024","2022-2024","45087"
"Průměrná jednotková kupní cena nemovitosti","7432","2 000 - 9 999 obyv.","432000641000000","Česko","CZ","Pardubický kraj","CZ053","Ústí nad Orlicí","CZ0534","Rodinné domy [Kč/m2]","10302","2019-2021","2019-2021","30270"
"Průměrná jednotková kupní cena nemovitosti","7432","2 000 - 9 999 obyv.","432000641000000","Česko","CZ","Pardubický kraj","CZ053","Ústí nad Orlicí","CZ0534","Rodinné domy [Kč/m2]","10302","2020-2022","2020-2022","34171"
"Průměrná jednotková kupní cena nemovitosti","7432","2 000 - 9 999 obyv.","432000641000000","Česko","CZ","Pardubický kraj","CZ053","Ústí nad Orlicí","CZ0534","Rodinné domy [Kč/m2]","10302","2021-2023","2021-2023","37774"
"Průměrná jednotková kupní cena nemovitosti","7432","2 000 - 9 999 obyv.","432000641000000","Česko","CZ","Pardubický kraj","CZ053","Ústí nad Orlicí","CZ0534","Rodinné domy [Kč/m2]","10302","2022-2024","2022-2024","39113"
"Průměrná jednotková kupní cena nemovitosti","7432","2 000 - 9 999 obyv.","432000641000000","Česko","CZ","Pardubický kraj","CZ053","Ústí nad Orlicí","CZ0534","Byty [Kč/m2]","10602","2019-2021","2019-2021","29044"
"Průměrná jednotková kupní cena nemovitosti","7432","2 000 - 9 999 obyv.","432000641000000","Česko","CZ","Pardubický kraj","CZ053","Ústí nad Orlicí","CZ0534","Byty [Kč/m2]","10602","2020-2022","2020-2022","35474"
"Průměrná jednotková kupní cena nemovitosti","7432","2 000 - 9 999 obyv.","432000641000000","Česko","CZ","Pardubický kraj","CZ053","Ústí nad Orlicí","CZ0534","Byty [Kč/m2]","10602","2021-2023","2021-2023","38600"
"Průměrná jednotková kupní cena nemovitosti","7432","2 000 - 9 999 obyv.","432000641000000","Česko","CZ","Pardubický kraj","CZ053","Ústí nad Orlicí","CZ0534","Byty [Kč/m2]","10602","2022-2024","2022-2024","40987"
"Průměrná jednotková kupní cena nemovitosti","7432","2 000 - 9 999 obyv.","432000641000000","Česko","CZ","Kraj Vysočina","CZ063","Havlíčkův Brod","CZ0631","Rodinné domy [Kč/m2]","10302","2019-2021","2019-2021","30551"
"Průměrná jednotková kupní cena nemovitosti","7432","2 000 - 9 999 obyv.","432000641000000","Česko","CZ","Kraj Vysočina","CZ063","Havlíčkův Brod","CZ0631","Rodinné domy [Kč/m2]","10302","2020-2022","2020-2022","32376"
"Průměrná jednotková kupní cena nemovitosti","7432","2 000 - 9 999 obyv.","432000641000000","Česko","CZ","Kraj Vysočina","CZ063","Havlíčkův Brod","CZ0631","Rodinné domy [Kč/m2]","10302","2021-2023","2021-2023","35887"
"Průměrná jednotková kupní cena nemovitosti","7432","2 000 - 9 999 obyv.","432000641000000","Česko","CZ","Kraj Vysočina","CZ063","Havlíčkův Brod","CZ0631","Rodinné domy [Kč/m2]","10302","2022-2024","2022-2024","39779"
"Průměrná jednotková kupní cena nemovitosti","7432","2 000 - 9 999 obyv.","432000641000000","Česko","CZ","Kraj Vysočina","CZ063","Havlíčkův Brod","CZ0631","Byty [Kč/m2]","10602","2019-2021","2019-2021","26488"
"Průměrná jednotková kupní cena nemovitosti","7432","2 000 - 9 999 obyv.","432000641000000","Česko","CZ","Kraj Vysočina","CZ063","Havlíčkův Brod","CZ0631","Byty [Kč/m2]","10602","2020-2022","2020-2022","32655"
"Průměrná jednotková kupní cena nemovitosti","7432","2 000 - 9 999 obyv.","432000641000000","Česko","CZ","Kraj Vysočina","CZ063","Havlíčkův Brod","CZ0631","Byty [Kč/m2]","10602","2021-2023","2021-2023","37968"
"Průměrná jednotková kupní cena nemovitosti","7432","2 000 - 9 999 obyv.","432000641000000","Česko","CZ","Kraj Vysočina","CZ063","Havlíčkův Brod","CZ0631","Byty [Kč/m2]","10602","2022-2024","2022-2024","41450"
"Průměrná jednotková kupní cena nemovitosti","7432","2 000 - 9 999 obyv.","432000641000000","Česko","CZ","Kraj Vysočina","CZ063","Jihlava","CZ0632","Rodinné domy [Kč/m2]","10302","2019-2021","2019-2021","31072"
"Průměrná jednotková kupní cena nemovitosti","7432","2 000 - 9 999 obyv.","432000641000000","Česko","CZ","Kraj Vysočina","CZ063","Jihlava","CZ0632","Rodinné domy [Kč/m2]","10302","2020-2022","2020-2022","34796"
"Průměrná jednotková kupní cena nemovitosti","7432","2 000 - 9 999 obyv.","432000641000000","Česko","CZ","Kraj Vysočina","CZ063","Jihlava","CZ0632","Rodinné domy [Kč/m2]","10302","2021-2023","2021-2023","36617"
"Průměrná jednotková kupní cena nemovitosti","7432","2 000 - 9 999 obyv.","432000641000000","Česko","CZ","Kraj Vysočina","CZ063","Jihlava","CZ0632","Rodinné domy [Kč/m2]","10302","2022-2024","2022-2024","40082"
"Průměrná jednotková kupní cena nemovitosti","7432","2 000 - 9 999 obyv.","432000641000000","Česko","CZ","Kraj Vysočina","CZ063","Jihlava","CZ0632","Byty [Kč/m2]","10602","2019-2021","2019-2021","28063"
"Průměrná jednotková kupní cena nemovitosti","7432","2 000 - 9 999 obyv.","432000641000000","Česko","CZ","Kraj Vysočina","CZ063","Jihlava","CZ0632","Byty [Kč/m2]","10602","2020-2022","2020-2022","34047"
"Průměrná jednotková kupní cena nemovitosti","7432","2 000 - 9 999 obyv.","432000641000000","Česko","CZ","Kraj Vysočina","CZ063","Jihlava","CZ0632","Byty [Kč/m2]","10602","2021-2023","2021-2023","37016"
"Průměrná jednotková kupní cena nemovitosti","7432","2 000 - 9 999 obyv.","432000641000000","Česko","CZ","Kraj Vysočina","CZ063","Jihlava","CZ0632","Byty [Kč/m2]","10602","2022-2024","2022-2024","46906"
"Průměrná jednotková kupní cena nemovitosti","7432","2 000 - 9 999 obyv.","432000641000000","Česko","CZ","Kraj Vysočina","CZ063","Pelhřimov","CZ0633","Rodinné domy [Kč/m2]","10302","2019-2021","2019-2021","30019"
"Průměrná jednotková kupní cena nemovitosti","7432","2 000 - 9 999 obyv.","432000641000000","Česko","CZ","Kraj Vysočina","CZ063","Pelhřimov","CZ0633","Rodinné domy [Kč/m2]","10302","2020-2022","2020-2022","32734"
"Průměrná jednotková kupní cena nemovitosti","7432","2 000 - 9 999 obyv.","432000641000000","Česko","CZ","Kraj Vysočina","CZ063","Pelhřimov","CZ0633","Rodinné domy [Kč/m2]","10302","2021-2023","2021-2023","36677"
"Průměrná jednotková kupní cena nemovitosti","7432","2 000 - 9 999 obyv.","432000641000000","Česko","CZ","Kraj Vysočina","CZ063","Pelhřimov","CZ0633","Rodinné domy [Kč/m2]","10302","2022-2024","2022-2024","37225"
"Průměrná jednotková kupní cena nemovitosti","7432","2 000 - 9 999 obyv.","432000641000000","Česko","CZ","Kraj Vysočina","CZ063","Pelhřimov","CZ0633","Byty [Kč/m2]","10602","2019-2021","2019-2021","22635"
"Průměrná jednotková kupní cena nemovitosti","7432","2 000 - 9 999 obyv.","432000641000000","Česko","CZ","Kraj Vysočina","CZ063","Pelhřimov","CZ0633","Byty [Kč/m2]","10602","2020-2022","2020-2022","27730"
"Průměrná jednotková kupní cena nemovitosti","7432","2 000 - 9 999 obyv.","432000641000000","Česko","CZ","Kraj Vysočina","CZ063","Pelhřimov","CZ0633","Byty [Kč/m2]","10602","2021-2023","2021-2023","33197"
"Průměrná jednotková kupní cena nemovitosti","7432","2 000 - 9 999 obyv.","432000641000000","Česko","CZ","Kraj Vysočina","CZ063","Pelhřimov","CZ0633","Byty [Kč/m2]","10602","2022-2024","2022-2024","38940"
"Průměrná jednotková kupní cena nemovitosti","7432","2 000 - 9 999 obyv.","432000641000000","Česko","CZ","Kraj Vysočina","CZ063","Třebíč","CZ0634","Rodinné domy [Kč/m2]","10302","2019-2021","2019-2021","26421"
"Průměrná jednotková kupní cena nemovitosti","7432","2 000 - 9 999 obyv.","432000641000000","Česko","CZ","Kraj Vysočina","CZ063","Třebíč","CZ0634","Rodinné domy [Kč/m2]","10302","2020-2022","2020-2022","30441"
"Průměrná jednotková kupní cena nemovitosti","7432","2 000 - 9 999 obyv.","432000641000000","Česko","CZ","Kraj Vysočina","CZ063","Třebíč","CZ0634","Rodinné domy [Kč/m2]","10302","2021-2023","2021-2023","33341"
"Průměrná jednotková kupní cena nemovitosti","7432","2 000 - 9 999 obyv.","432000641000000","Česko","CZ","Kraj Vysočina","CZ063","Třebíč","CZ0634","Rodinné domy [Kč/m2]","10302","2022-2024","2022-2024","40137"
"Průměrná jednotková kupní cena nemovitosti","7432","2 000 - 9 999 obyv.","432000641000000","Česko","CZ","Kraj Vysočina","CZ063","Třebíč","CZ0634","Byty [Kč/m2]","10602","2019-2021","2019-2021","28365"
"Průměrná jednotková kupní cena nemovitosti","7432","2 000 - 9 999 obyv.","432000641000000","Česko","CZ","Kraj Vysočina","CZ063","Třebíč","CZ0634","Byty [Kč/m2]","10602","2020-2022","2020-2022","35116"
"Průměrná jednotková kupní cena nemovitosti","7432","2 000 - 9 999 obyv.","432000641000000","Česko","CZ","Kraj Vysočina","CZ063","Třebíč","CZ0634","Byty [Kč/m2]","10602","2021-2023","2021-2023","40582"
"Průměrná jednotková kupní cena nemovitosti","7432","2 000 - 9 999 obyv.","432000641000000","Česko","CZ","Kraj Vysočina","CZ063","Třebíč","CZ0634","Byty [Kč/m2]","10602","2022-2024","2022-2024","44536"
"Průměrná jednotková kupní cena nemovitosti","7432","2 000 - 9 999 obyv.","432000641000000","Česko","CZ","Kraj Vysočina","CZ063","Žďár nad Sázavou","CZ0635","Rodinné domy [Kč/m2]","10302","2019-2021","2019-2021","32730"
"Průměrná jednotková kupní cena nemovitosti","7432","2 000 - 9 999 obyv.","432000641000000","Česko","CZ","Kraj Vysočina","CZ063","Žďár nad Sázavou","CZ0635","Rodinné domy [Kč/m2]","10302","2020-2022","2020-2022","36220"
"Průměrná jednotková kupní cena nemovitosti","7432","2 000 - 9 999 obyv.","432000641000000","Česko","CZ","Kraj Vysočina","CZ063","Žďár nad Sázavou","CZ0635","Rodinné domy [Kč/m2]","10302","2021-2023","2021-2023","39628"
"Průměrná jednotková kupní cena nemovitosti","7432","2 000 - 9 999 obyv.","432000641000000","Česko","CZ","Kraj Vysočina","CZ063","Žďár nad Sázavou","CZ0635","Rodinné domy [Kč/m2]","10302","2022-2024","2022-2024","46886"
"Průměrná jednotková kupní cena nemovitosti","7432","2 000 - 9 999 obyv.","432000641000000","Česko","CZ","Kraj Vysočina","CZ063","Žďár nad Sázavou","CZ0635","Byty [Kč/m2]","10602","2019-2021","2019-2021","30200"
"Průměrná jednotková kupní cena nemovitosti","7432","2 000 - 9 999 obyv.","432000641000000","Česko","CZ","Kraj Vysočina","CZ063","Žďár nad Sázavou","CZ0635","Byty [Kč/m2]","10602","2020-2022","2020-2022","36553"
"Průměrná jednotková kupní cena nemovitosti","7432","2 000 - 9 999 obyv.","432000641000000","Česko","CZ","Kraj Vysočina","CZ063","Žďár nad Sázavou","CZ0635","Byty [Kč/m2]","10602","2021-2023","2021-2023","41760"
"Průměrná jednotková kupní cena nemovitosti","7432","2 000 - 9 999 obyv.","432000641000000","Česko","CZ","Kraj Vysočina","CZ063","Žďár nad Sázavou","CZ0635","Byty [Kč/m2]","10602","2022-2024","2022-2024","50575"
"Průměrná jednotková kupní cena nemovitosti","7432","2 000 - 9 999 obyv.","432000641000000","Česko","CZ","Jihomoravský kraj","CZ064","Blansko","CZ0641","Rodinné domy [Kč/m2]","10302","2019-2021","2019-2021","34255"
"Průměrná jednotková kupní cena nemovitosti","7432","2 000 - 9 999 obyv.","432000641000000","Česko","CZ","Jihomoravský kraj","CZ064","Blansko","CZ0641","Rodinné domy [Kč/m2]","10302","2020-2022","2020-2022","36884"
"Průměrná jednotková kupní cena nemovitosti","7432","2 000 - 9 999 obyv.","432000641000000","Česko","CZ","Jihomoravský kraj","CZ064","Blansko","CZ0641","Rodinné domy [Kč/m2]","10302","2021-2023","2021-2023","40176"
"Průměrná jednotková kupní cena nemovitosti","7432","2 000 - 9 999 obyv.","432000641000000","Česko","CZ","Jihomoravský kraj","CZ064","Blansko","CZ0641","Rodinné domy [Kč/m2]","10302","2022-2024","2022-2024","42038"
"Průměrná jednotková kupní cena nemovitosti","7432","2 000 - 9 999 obyv.","432000641000000","Česko","CZ","Jihomoravský kraj","CZ064","Blansko","CZ0641","Byty [Kč/m2]","10602","2019-2021","2019-2021","30992"
"Průměrná jednotková kupní cena nemovitosti","7432","2 000 - 9 999 obyv.","432000641000000","Česko","CZ","Jihomoravský kraj","CZ064","Blansko","CZ0641","Byty [Kč/m2]","10602","2020-2022","2020-2022","37640"
"Průměrná jednotková kupní cena nemovitosti","7432","2 000 - 9 999 obyv.","432000641000000","Česko","CZ","Jihomoravský kraj","CZ064","Blansko","CZ0641","Byty [Kč/m2]","10602","2021-2023","2021-2023","43191"
"Průměrná jednotková kupní cena nemovitosti","7432","2 000 - 9 999 obyv.","432000641000000","Česko","CZ","Jihomoravský kraj","CZ064","Blansko","CZ0641","Byty [Kč/m2]","10602","2022-2024","2022-2024","49159"
"Průměrná jednotková kupní cena nemovitosti","7432","2 000 - 9 999 obyv.","432000641000000","Česko","CZ","Jihomoravský kraj","CZ064","Brno-venkov","CZ0643","Rodinné domy [Kč/m2]","10302","2019-2021","2019-2021","39193"
"Průměrná jednotková kupní cena nemovitosti","7432","2 000 - 9 999 obyv.","432000641000000","Česko","CZ","Jihomoravský kraj","CZ064","Brno-venkov","CZ0643","Rodinné domy [Kč/m2]","10302","2020-2022","2020-2022","42650"
"Průměrná jednotková kupní cena nemovitosti","7432","2 000 - 9 999 obyv.","432000641000000","Česko","CZ","Jihomoravský kraj","CZ064","Brno-venkov","CZ0643","Rodinné domy [Kč/m2]","10302","2021-2023","2021-2023","46169"
"Průměrná jednotková kupní cena nemovitosti","7432","2 000 - 9 999 obyv.","432000641000000","Česko","CZ","Jihomoravský kraj","CZ064","Brno-venkov","CZ0643","Rodinné domy [Kč/m2]","10302","2022-2024","2022-2024","51099"
"Průměrná jednotková kupní cena nemovitosti","7432","2 000 - 9 999 obyv.","432000641000000","Česko","CZ","Jihomoravský kraj","CZ064","Brno-venkov","CZ0643","Byty [Kč/m2]","10602","2019-2021","2019-2021","37306"
"Průměrná jednotková kupní cena nemovitosti","7432","2 000 - 9 999 obyv.","432000641000000","Česko","CZ","Jihomoravský kraj","CZ064","Brno-venkov","CZ0643","Byty [Kč/m2]","10602","2020-2022","2020-2022","42759"
"Průměrná jednotková kupní cena nemovitosti","7432","2 000 - 9 999 obyv.","432000641000000","Česko","CZ","Jihomoravský kraj","CZ064","Brno-venkov","CZ0643","Byty [Kč/m2]","10602","2021-2023","2021-2023","49053"
"Průměrná jednotková kupní cena nemovitosti","7432","2 000 - 9 999 obyv.","432000641000000","Česko","CZ","Jihomoravský kraj","CZ064","Brno-venkov","CZ0643","Byty [Kč/m2]","10602","2022-2024","2022-2024","56218"
"Průměrná jednotková kupní cena nemovitosti","7432","2 000 - 9 999 obyv.","432000641000000","Česko","CZ","Jihomoravský kraj","CZ064","Břeclav","CZ0644","Rodinné domy [Kč/m2]","10302","2019-2021","2019-2021","35693"
"Průměrná jednotková kupní cena nemovitosti","7432","2 000 - 9 999 obyv.","432000641000000","Česko","CZ","Jihomoravský kraj","CZ064","Břeclav","CZ0644","Rodinné domy [Kč/m2]","10302","2020-2022","2020-2022","39809"
"Průměrná jednotková kupní cena nemovitosti","7432","2 000 - 9 999 obyv.","432000641000000","Česko","CZ","Jihomoravský kraj","CZ064","Břeclav","CZ0644","Rodinné domy [Kč/m2]","10302","2021-2023","2021-2023","43960"
"Průměrná jednotková kupní cena nemovitosti","7432","2 000 - 9 999 obyv.","432000641000000","Česko","CZ","Jihomoravský kraj","CZ064","Břeclav","CZ0644","Rodinné domy [Kč/m2]","10302","2022-2024","2022-2024","46712"
"Průměrná jednotková kupní cena nemovitosti","7432","2 000 - 9 999 obyv.","432000641000000","Česko","CZ","Jihomoravský kraj","CZ064","Břeclav","CZ0644","Byty [Kč/m2]","10602","2019-2021","2019-2021","37158"
"Průměrná jednotková kupní cena nemovitosti","7432","2 000 - 9 999 obyv.","432000641000000","Česko","CZ","Jihomoravský kraj","CZ064","Břeclav","CZ0644","Byty [Kč/m2]","10602","2020-2022","2020-2022","45680"
"Průměrná jednotková kupní cena nemovitosti","7432","2 000 - 9 999 obyv.","432000641000000","Česko","CZ","Jihomoravský kraj","CZ064","Břeclav","CZ0644","Byty [Kč/m2]","10602","2021-2023","2021-2023","49976"
"Průměrná jednotková kupní cena nemovitosti","7432","2 000 - 9 999 obyv.","432000641000000","Česko","CZ","Jihomoravský kraj","CZ064","Břeclav","CZ0644","Byty [Kč/m2]","10602","2022-2024","2022-2024","56285"
"Průměrná jednotková kupní cena nemovitosti","7432","2 000 - 9 999 obyv.","432000641000000","Česko","CZ","Jihomoravský kraj","CZ064","Hodonín","CZ0645","Rodinné domy [Kč/m2]","10302","2019-2021","2019-2021","28803"
"Průměrná jednotková kupní cena nemovitosti","7432","2 000 - 9 999 obyv.","432000641000000","Česko","CZ","Jihomoravský kraj","CZ064","Hodonín","CZ0645","Rodinné domy [Kč/m2]","10302","2020-2022","2020-2022","32214"
"Průměrná jednotková kupní cena nemovitosti","7432","2 000 - 9 999 obyv.","432000641000000","Česko","CZ","Jihomoravský kraj","CZ064","Hodonín","CZ0645","Rodinné domy [Kč/m2]","10302","2021-2023","2021-2023","35893"
"Průměrná jednotková kupní cena nemovitosti","7432","2 000 - 9 999 obyv.","432000641000000","Česko","CZ","Jihomoravský kraj","CZ064","Hodonín","CZ0645","Rodinné domy [Kč/m2]","10302","2022-2024","2022-2024","39193"
"Průměrná jednotková kupní cena nemovitosti","7432","2 000 - 9 999 obyv.","432000641000000","Česko","CZ","Jihomoravský kraj","CZ064","Hodonín","CZ0645","Byty [Kč/m2]","10602","2019-2021","2019-2021","27472"
"Průměrná jednotková kupní cena nemovitosti","7432","2 000 - 9 999 obyv.","432000641000000","Česko","CZ","Jihomoravský kraj","CZ064","Hodonín","CZ0645","Byty [Kč/m2]","10602","2020-2022","2020-2022","33405"
"Průměrná jednotková kupní cena nemovitosti","7432","2 000 - 9 999 obyv.","432000641000000","Česko","CZ","Jihomoravský kraj","CZ064","Hodonín","CZ0645","Byty [Kč/m2]","10602","2021-2023","2021-2023","40303"
"Průměrná jednotková kupní cena nemovitosti","7432","2 000 - 9 999 obyv.","432000641000000","Česko","CZ","Jihomoravský kraj","CZ064","Hodonín","CZ0645","Byty [Kč/m2]","10602","2022-2024","2022-2024","44119"
"Průměrná jednotková kupní cena nemovitosti","7432","2 000 - 9 999 obyv.","432000641000000","Česko","CZ","Jihomoravský kraj","CZ064","Vyškov","CZ0646","Rodinné domy [Kč/m2]","10302","2019-2021","2019-2021","35604"
"Průměrná jednotková kupní cena nemovitosti","7432","2 000 - 9 999 obyv.","432000641000000","Česko","CZ","Jihomoravský kraj","CZ064","Vyškov","CZ0646","Rodinné domy [Kč/m2]","10302","2020-2022","2020-2022","39505"
"Průměrná jednotková kupní cena nemovitosti","7432","2 000 - 9 999 obyv.","432000641000000","Česko","CZ","Jihomoravský kraj","CZ064","Vyškov","CZ0646","Rodinné domy [Kč/m2]","10302","2021-2023","2021-2023","43909"
"Průměrná jednotková kupní cena nemovitosti","7432","2 000 - 9 999 obyv.","432000641000000","Česko","CZ","Jihomoravský kraj","CZ064","Vyškov","CZ0646","Rodinné domy [Kč/m2]","10302","2022-2024","2022-2024","49252"
"Průměrná jednotková kupní cena nemovitosti","7432","2 000 - 9 999 obyv.","432000641000000","Česko","CZ","Jihomoravský kraj","CZ064","Vyškov","CZ0646","Byty [Kč/m2]","10602","2019-2021","2019-2021","34982"
"Průměrná jednotková kupní cena nemovitosti","7432","2 000 - 9 999 obyv.","432000641000000","Česko","CZ","Jihomoravský kraj","CZ064","Vyškov","CZ0646","Byty [Kč/m2]","10602","2020-2022","2020-2022","39401"
"Průměrná jednotková kupní cena nemovitosti","7432","2 000 - 9 999 obyv.","432000641000000","Česko","CZ","Jihomoravský kraj","CZ064","Vyškov","CZ0646","Byty [Kč/m2]","10602","2021-2023","2021-2023","47551"
"Průměrná jednotková kupní cena nemovitosti","7432","2 000 - 9 999 obyv.","432000641000000","Česko","CZ","Jihomoravský kraj","CZ064","Vyškov","CZ0646","Byty [Kč/m2]","10602","2022-2024","2022-2024","50662"
"Průměrná jednotková kupní cena nemovitosti","7432","2 000 - 9 999 obyv.","432000641000000","Česko","CZ","Jihomoravský kraj","CZ064","Znojmo","CZ0647","Rodinné domy [Kč/m2]","10302","2019-2021","2019-2021","31383"
"Průměrná jednotková kupní cena nemovitosti","7432","2 000 - 9 999 obyv.","432000641000000","Česko","CZ","Jihomoravský kraj","CZ064","Znojmo","CZ0647","Rodinné domy [Kč/m2]","10302","2020-2022","2020-2022","34289"
"Průměrná jednotková kupní cena nemovitosti","7432","2 000 - 9 999 obyv.","432000641000000","Česko","CZ","Jihomoravský kraj","CZ064","Znojmo","CZ0647","Rodinné domy [Kč/m2]","10302","2021-2023","2021-2023","40097"
"Průměrná jednotková kupní cena nemovitosti","7432","2 000 - 9 999 obyv.","432000641000000","Česko","CZ","Jihomoravský kraj","CZ064","Znojmo","CZ0647","Rodinné domy [Kč/m2]","10302","2022-2024","2022-2024","43525"
"Průměrná jednotková kupní cena nemovitosti","7432","2 000 - 9 999 obyv.","432000641000000","Česko","CZ","Jihomoravský kraj","CZ064","Znojmo","CZ0647","Byty [Kč/m2]","10602","2019-2021","2019-2021","31642"
"Průměrná jednotková kupní cena nemovitosti","7432","2 000 - 9 999 obyv.","432000641000000","Česko","CZ","Jihomoravský kraj","CZ064","Znojmo","CZ0647","Byty [Kč/m2]","10602","2020-2022","2020-2022","36635"
"Průměrná jednotková kupní cena nemovitosti","7432","2 000 - 9 999 obyv.","432000641000000","Česko","CZ","Jihomoravský kraj","CZ064","Znojmo","CZ0647","Byty [Kč/m2]","10602","2021-2023","2021-2023","41266"
"Průměrná jednotková kupní cena nemovitosti","7432","2 000 - 9 999 obyv.","432000641000000","Česko","CZ","Jihomoravský kraj","CZ064","Znojmo","CZ0647","Byty [Kč/m2]","10602","2022-2024","2022-2024","47423"
"Průměrná jednotková kupní cena nemovitosti","7432","2 000 - 9 999 obyv.","432000641000000","Česko","CZ","Olomoucký kraj","CZ071","Jeseník","CZ0711","Rodinné domy [Kč/m2]","10302","2019-2021","2019-2021","24566"
"Průměrná jednotková kupní cena nemovitosti","7432","2 000 - 9 999 obyv.","432000641000000","Česko","CZ","Olomoucký kraj","CZ071","Jeseník","CZ0711","Rodinné domy [Kč/m2]","10302","2020-2022","2020-2022","29961"
"Průměrná jednotková kupní cena nemovitosti","7432","2 000 - 9 999 obyv.","432000641000000","Česko","CZ","Olomoucký kraj","CZ071","Jeseník","CZ0711","Rodinné domy [Kč/m2]","10302","2021-2023","2021-2023","32105"
"Průměrná jednotková kupní cena nemovitosti","7432","2 000 - 9 999 obyv.","432000641000000","Česko","CZ","Olomoucký kraj","CZ071","Jeseník","CZ0711","Rodinné domy [Kč/m2]","10302","2022-2024","2022-2024","35485"
"Průměrná jednotková kupní cena nemovitosti","7432","2 000 - 9 999 obyv.","432000641000000","Česko","CZ","Olomoucký kraj","CZ071","Jeseník","CZ0711","Byty [Kč/m2]","10602","2019-2021","2019-2021","19070"
"Průměrná jednotková kupní cena nemovitosti","7432","2 000 - 9 999 obyv.","432000641000000","Česko","CZ","Olomoucký kraj","CZ071","Jeseník","CZ0711","Byty [Kč/m2]","10602","2020-2022","2020-2022","24142"
"Průměrná jednotková kupní cena nemovitosti","7432","2 000 - 9 999 obyv.","432000641000000","Česko","CZ","Olomoucký kraj","CZ071","Jeseník","CZ0711","Byty [Kč/m2]","10602","2021-2023","2021-2023","28726"
"Průměrná jednotková kupní cena nemovitosti","7432","2 000 - 9 999 obyv.","432000641000000","Česko","CZ","Olomoucký kraj","CZ071","Jeseník","CZ0711","Byty [Kč/m2]","10602","2022-2024","2022-2024","32673"
"Průměrná jednotková kupní cena nemovitosti","7432","2 000 - 9 999 obyv.","432000641000000","Česko","CZ","Olomoucký kraj","CZ071","Olomouc","CZ0712","Rodinné domy [Kč/m2]","10302","2019-2021","2019-2021","33804"
"Průměrná jednotková kupní cena nemovitosti","7432","2 000 - 9 999 obyv.","432000641000000","Česko","CZ","Olomoucký kraj","CZ071","Olomouc","CZ0712","Rodinné domy [Kč/m2]","10302","2020-2022","2020-2022","36577"
"Průměrná jednotková kupní cena nemovitosti","7432","2 000 - 9 999 obyv.","432000641000000","Česko","CZ","Olomoucký kraj","CZ071","Olomouc","CZ0712","Rodinné domy [Kč/m2]","10302","2021-2023","2021-2023","40366"
"Průměrná jednotková kupní cena nemovitosti","7432","2 000 - 9 999 obyv.","432000641000000","Česko","CZ","Olomoucký kraj","CZ071","Olomouc","CZ0712","Rodinné domy [Kč/m2]","10302","2022-2024","2022-2024","43169"
"Průměrná jednotková kupní cena nemovitosti","7432","2 000 - 9 999 obyv.","432000641000000","Česko","CZ","Olomoucký kraj","CZ071","Olomouc","CZ0712","Byty [Kč/m2]","10602","2019-2021","2019-2021","29928"
"Průměrná jednotková kupní cena nemovitosti","7432","2 000 - 9 999 obyv.","432000641000000","Česko","CZ","Olomoucký kraj","CZ071","Olomouc","CZ0712","Byty [Kč/m2]","10602","2020-2022","2020-2022","36405"
"Průměrná jednotková kupní cena nemovitosti","7432","2 000 - 9 999 obyv.","432000641000000","Česko","CZ","Olomoucký kraj","CZ071","Olomouc","CZ0712","Byty [Kč/m2]","10602","2021-2023","2021-2023","41627"
"Průměrná jednotková kupní cena nemovitosti","7432","2 000 - 9 999 obyv.","432000641000000","Česko","CZ","Olomoucký kraj","CZ071","Olomouc","CZ0712","Byty [Kč/m2]","10602","2022-2024","2022-2024","43785"
"Průměrná jednotková kupní cena nemovitosti","7432","2 000 - 9 999 obyv.","432000641000000","Česko","CZ","Olomoucký kraj","CZ071","Prostějov","CZ0713","Rodinné domy [Kč/m2]","10302","2019-2021","2019-2021","27177"
"Průměrná jednotková kupní cena nemovitosti","7432","2 000 - 9 999 obyv.","432000641000000","Česko","CZ","Olomoucký kraj","CZ071","Prostějov","CZ0713","Rodinné domy [Kč/m2]","10302","2020-2022","2020-2022","32240"
"Průměrná jednotková kupní cena nemovitosti","7432","2 000 - 9 999 obyv.","432000641000000","Česko","CZ","Olomoucký kraj","CZ071","Prostějov","CZ0713","Rodinné domy [Kč/m2]","10302","2021-2023","2021-2023","37441"
"Průměrná jednotková kupní cena nemovitosti","7432","2 000 - 9 999 obyv.","432000641000000","Česko","CZ","Olomoucký kraj","CZ071","Prostějov","CZ0713","Rodinné domy [Kč/m2]","10302","2022-2024","2022-2024","38244"
"Průměrná jednotková kupní cena nemovitosti","7432","2 000 - 9 999 obyv.","432000641000000","Česko","CZ","Olomoucký kraj","CZ071","Prostějov","CZ0713","Byty [Kč/m2]","10602","2019-2021","2019-2021","25154"
"Průměrná jednotková kupní cena nemovitosti","7432","2 000 - 9 999 obyv.","432000641000000","Česko","CZ","Olomoucký kraj","CZ071","Prostějov","CZ0713","Byty [Kč/m2]","10602","2020-2022","2020-2022","32069"
"Průměrná jednotková kupní cena nemovitosti","7432","2 000 - 9 999 obyv.","432000641000000","Česko","CZ","Olomoucký kraj","CZ071","Prostějov","CZ0713","Byty [Kč/m2]","10602","2021-2023","2021-2023","37505"
"Průměrná jednotková kupní cena nemovitosti","7432","2 000 - 9 999 obyv.","432000641000000","Česko","CZ","Olomoucký kraj","CZ071","Prostějov","CZ0713","Byty [Kč/m2]","10602","2022-2024","2022-2024","38872"
"Průměrná jednotková kupní cena nemovitosti","7432","2 000 - 9 999 obyv.","432000641000000","Česko","CZ","Olomoucký kraj","CZ071","Přerov","CZ0714","Rodinné domy [Kč/m2]","10302","2019-2021","2019-2021","24137"
"Průměrná jednotková kupní cena nemovitosti","7432","2 000 - 9 999 obyv.","432000641000000","Česko","CZ","Olomoucký kraj","CZ071","Přerov","CZ0714","Rodinné domy [Kč/m2]","10302","2020-2022","2020-2022","26971"
"Průměrná jednotková kupní cena nemovitosti","7432","2 000 - 9 999 obyv.","432000641000000","Česko","CZ","Olomoucký kraj","CZ071","Přerov","CZ0714","Rodinné domy [Kč/m2]","10302","2021-2023","2021-2023","32830"
"Průměrná jednotková kupní cena nemovitosti","7432","2 000 - 9 999 obyv.","432000641000000","Česko","CZ","Olomoucký kraj","CZ071","Přerov","CZ0714","Rodinné domy [Kč/m2]","10302","2022-2024","2022-2024","37888"
"Průměrná jednotková kupní cena nemovitosti","7432","2 000 - 9 999 obyv.","432000641000000","Česko","CZ","Olomoucký kraj","CZ071","Přerov","CZ0714","Byty [Kč/m2]","10602","2019-2021","2019-2021","24042"
"Průměrná jednotková kupní cena nemovitosti","7432","2 000 - 9 999 obyv.","432000641000000","Česko","CZ","Olomoucký kraj","CZ071","Přerov","CZ0714","Byty [Kč/m2]","10602","2020-2022","2020-2022","29849"
"Průměrná jednotková kupní cena nemovitosti","7432","2 000 - 9 999 obyv.","432000641000000","Česko","CZ","Olomoucký kraj","CZ071","Přerov","CZ0714","Byty [Kč/m2]","10602","2021-2023","2021-2023","36972"
"Průměrná jednotková kupní cena nemovitosti","7432","2 000 - 9 999 obyv.","432000641000000","Česko","CZ","Olomoucký kraj","CZ071","Přerov","CZ0714","Byty [Kč/m2]","10602","2022-2024","2022-2024","38921"
"Průměrná jednotková kupní cena nemovitosti","7432","2 000 - 9 999 obyv.","432000641000000","Česko","CZ","Olomoucký kraj","CZ071","Šumperk","CZ0715","Rodinné domy [Kč/m2]","10302","2019-2021","2019-2021","28905"
"Průměrná jednotková kupní cena nemovitosti","7432","2 000 - 9 999 obyv.","432000641000000","Česko","CZ","Olomoucký kraj","CZ071","Šumperk","CZ0715","Rodinné domy [Kč/m2]","10302","2020-2022","2020-2022","33425"
"Průměrná jednotková kupní cena nemovitosti","7432","2 000 - 9 999 obyv.","432000641000000","Česko","CZ","Olomoucký kraj","CZ071","Šumperk","CZ0715","Rodinné domy [Kč/m2]","10302","2021-2023","2021-2023","37264"
"Průměrná jednotková kupní cena nemovitosti","7432","2 000 - 9 999 obyv.","432000641000000","Česko","CZ","Olomoucký kraj","CZ071","Šumperk","CZ0715","Rodinné domy [Kč/m2]","10302","2022-2024","2022-2024","39575"
"Průměrná jednotková kupní cena nemovitosti","7432","2 000 - 9 999 obyv.","432000641000000","Česko","CZ","Olomoucký kraj","CZ071","Šumperk","CZ0715","Byty [Kč/m2]","10602","2019-2021","2019-2021","26816"
"Průměrná jednotková kupní cena nemovitosti","7432","2 000 - 9 999 obyv.","432000641000000","Česko","CZ","Olomoucký kraj","CZ071","Šumperk","CZ0715","Byty [Kč/m2]","10602","2020-2022","2020-2022","32388"
"Průměrná jednotková kupní cena nemovitosti","7432","2 000 - 9 999 obyv.","432000641000000","Česko","CZ","Olomoucký kraj","CZ071","Šumperk","CZ0715","Byty [Kč/m2]","10602","2021-2023","2021-2023","36046"
"Průměrná jednotková kupní cena nemovitosti","7432","2 000 - 9 999 obyv.","432000641000000","Česko","CZ","Olomoucký kraj","CZ071","Šumperk","CZ0715","Byty [Kč/m2]","10602","2022-2024","2022-2024","39829"
"Průměrná jednotková kupní cena nemovitosti","7432","2 000 - 9 999 obyv.","432000641000000","Česko","CZ","Zlínský kraj","CZ072","Kroměříž","CZ0721","Rodinné domy [Kč/m2]","10302","2019-2021","2019-2021","23679"
"Průměrná jednotková kupní cena nemovitosti","7432","2 000 - 9 999 obyv.","432000641000000","Česko","CZ","Zlínský kraj","CZ072","Kroměříž","CZ0721","Rodinné domy [Kč/m2]","10302","2020-2022","2020-2022","30052"
"Průměrná jednotková kupní cena nemovitosti","7432","2 000 - 9 999 obyv.","432000641000000","Česko","CZ","Zlínský kraj","CZ072","Kroměříž","CZ0721","Rodinné domy [Kč/m2]","10302","2021-2023","2021-2023","32829"
"Průměrná jednotková kupní cena nemovitosti","7432","2 000 - 9 999 obyv.","432000641000000","Česko","CZ","Zlínský kraj","CZ072","Kroměříž","CZ0721","Rodinné domy [Kč/m2]","10302","2022-2024","2022-2024","35364"
"Průměrná jednotková kupní cena nemovitosti","7432","2 000 - 9 999 obyv.","432000641000000","Česko","CZ","Zlínský kraj","CZ072","Kroměříž","CZ0721","Byty [Kč/m2]","10602","2019-2021","2019-2021","27089"
"Průměrná jednotková kupní cena nemovitosti","7432","2 000 - 9 999 obyv.","432000641000000","Česko","CZ","Zlínský kraj","CZ072","Kroměříž","CZ0721","Byty [Kč/m2]","10602","2020-2022","2020-2022","31905"
"Průměrná jednotková kupní cena nemovitosti","7432","2 000 - 9 999 obyv.","432000641000000","Česko","CZ","Zlínský kraj","CZ072","Kroměříž","CZ0721","Byty [Kč/m2]","10602","2021-2023","2021-2023","36543"
"Průměrná jednotková kupní cena nemovitosti","7432","2 000 - 9 999 obyv.","432000641000000","Česko","CZ","Zlínský kraj","CZ072","Kroměříž","CZ0721","Byty [Kč/m2]","10602","2022-2024","2022-2024","39924"
"Průměrná jednotková kupní cena nemovitosti","7432","2 000 - 9 999 obyv.","432000641000000","Česko","CZ","Zlínský kraj","CZ072","Uherské Hradiště","CZ0722","Rodinné domy [Kč/m2]","10302","2019-2021","2019-2021","26727"
"Průměrná jednotková kupní cena nemovitosti","7432","2 000 - 9 999 obyv.","432000641000000","Česko","CZ","Zlínský kraj","CZ072","Uherské Hradiště","CZ0722","Rodinné domy [Kč/m2]","10302","2020-2022","2020-2022","29747"
"Průměrná jednotková kupní cena nemovitosti","7432","2 000 - 9 999 obyv.","432000641000000","Česko","CZ","Zlínský kraj","CZ072","Uherské Hradiště","CZ0722","Rodinné domy [Kč/m2]","10302","2021-2023","2021-2023","31152"
"Průměrná jednotková kupní cena nemovitosti","7432","2 000 - 9 999 obyv.","432000641000000","Česko","CZ","Zlínský kraj","CZ072","Uherské Hradiště","CZ0722","Rodinné domy [Kč/m2]","10302","2022-2024","2022-2024","33963"
"Průměrná jednotková kupní cena nemovitosti","7432","2 000 - 9 999 obyv.","432000641000000","Česko","CZ","Zlínský kraj","CZ072","Uherské Hradiště","CZ0722","Byty [Kč/m2]","10602","2019-2021","2019-2021","30686"
"Průměrná jednotková kupní cena nemovitosti","7432","2 000 - 9 999 obyv.","432000641000000","Česko","CZ","Zlínský kraj","CZ072","Uherské Hradiště","CZ0722","Byty [Kč/m2]","10602","2020-2022","2020-2022","38634"
"Průměrná jednotková kupní cena nemovitosti","7432","2 000 - 9 999 obyv.","432000641000000","Česko","CZ","Zlínský kraj","CZ072","Uherské Hradiště","CZ0722","Byty [Kč/m2]","10602","2021-2023","2021-2023","41504"
"Průměrná jednotková kupní cena nemovitosti","7432","2 000 - 9 999 obyv.","432000641000000","Česko","CZ","Zlínský kraj","CZ072","Uherské Hradiště","CZ0722","Byty [Kč/m2]","10602","2022-2024","2022-2024","46663"
"Průměrná jednotková kupní cena nemovitosti","7432","2 000 - 9 999 obyv.","432000641000000","Česko","CZ","Zlínský kraj","CZ072","Vsetín","CZ0723","Rodinné domy [Kč/m2]","10302","2019-2021","2019-2021","28034"
"Průměrná jednotková kupní cena nemovitosti","7432","2 000 - 9 999 obyv.","432000641000000","Česko","CZ","Zlínský kraj","CZ072","Vsetín","CZ0723","Rodinné domy [Kč/m2]","10302","2020-2022","2020-2022","31696"
"Průměrná jednotková kupní cena nemovitosti","7432","2 000 - 9 999 obyv.","432000641000000","Česko","CZ","Zlínský kraj","CZ072","Vsetín","CZ0723","Rodinné domy [Kč/m2]","10302","2021-2023","2021-2023","35388"
"Průměrná jednotková kupní cena nemovitosti","7432","2 000 - 9 999 obyv.","432000641000000","Česko","CZ","Zlínský kraj","CZ072","Vsetín","CZ0723","Rodinné domy [Kč/m2]","10302","2022-2024","2022-2024","37950"
"Průměrná jednotková kupní cena nemovitosti","7432","2 000 - 9 999 obyv.","432000641000000","Česko","CZ","Zlínský kraj","CZ072","Vsetín","CZ0723","Byty [Kč/m2]","10602","2019-2021","2019-2021","27251"
"Průměrná jednotková kupní cena nemovitosti","7432","2 000 - 9 999 obyv.","432000641000000","Česko","CZ","Zlínský kraj","CZ072","Vsetín","CZ0723","Byty [Kč/m2]","10602","2020-2022","2020-2022","33841"
"Průměrná jednotková kupní cena nemovitosti","7432","2 000 - 9 999 obyv.","432000641000000","Česko","CZ","Zlínský kraj","CZ072","Vsetín","CZ0723","Byty [Kč/m2]","10602","2021-2023","2021-2023","38602"
"Průměrná jednotková kupní cena nemovitosti","7432","2 000 - 9 999 obyv.","432000641000000","Česko","CZ","Zlínský kraj","CZ072","Vsetín","CZ0723","Byty [Kč/m2]","10602","2022-2024","2022-2024","45024"
"Průměrná jednotková kupní cena nemovitosti","7432","2 000 - 9 999 obyv.","432000641000000","Česko","CZ","Zlínský kraj","CZ072","Zlín","CZ0724","Rodinné domy [Kč/m2]","10302","2019-2021","2019-2021","27658"
"Průměrná jednotková kupní cena nemovitosti","7432","2 000 - 9 999 obyv.","432000641000000","Česko","CZ","Zlínský kraj","CZ072","Zlín","CZ0724","Rodinné domy [Kč/m2]","10302","2020-2022","2020-2022","31947"
"Průměrná jednotková kupní cena nemovitosti","7432","2 000 - 9 999 obyv.","432000641000000","Česko","CZ","Zlínský kraj","CZ072","Zlín","CZ0724","Rodinné domy [Kč/m2]","10302","2021-2023","2021-2023","34596"
"Průměrná jednotková kupní cena nemovitosti","7432","2 000 - 9 999 obyv.","432000641000000","Česko","CZ","Zlínský kraj","CZ072","Zlín","CZ0724","Rodinné domy [Kč/m2]","10302","2022-2024","2022-2024","39229"
"Průměrná jednotková kupní cena nemovitosti","7432","2 000 - 9 999 obyv.","432000641000000","Česko","CZ","Zlínský kraj","CZ072","Zlín","CZ0724","Byty [Kč/m2]","10602","2019-2021","2019-2021","31334"
"Průměrná jednotková kupní cena nemovitosti","7432","2 000 - 9 999 obyv.","432000641000000","Česko","CZ","Zlínský kraj","CZ072","Zlín","CZ0724","Byty [Kč/m2]","10602","2020-2022","2020-2022","35776"
"Průměrná jednotková kupní cena nemovitosti","7432","2 000 - 9 999 obyv.","432000641000000","Česko","CZ","Zlínský kraj","CZ072","Zlín","CZ0724","Byty [Kč/m2]","10602","2021-2023","2021-2023","42190"
"Průměrná jednotková kupní cena nemovitosti","7432","2 000 - 9 999 obyv.","432000641000000","Česko","CZ","Zlínský kraj","CZ072","Zlín","CZ0724","Byty [Kč/m2]","10602","2022-2024","2022-2024","46330"
"Průměrná jednotková kupní cena nemovitosti","7432","2 000 - 9 999 obyv.","432000641000000","Česko","CZ","Moravskoslezský kraj","CZ080","Bruntál","CZ0801","Rodinné domy [Kč/m2]","10302","2019-2021","2019-2021","23190"
"Průměrná jednotková kupní cena nemovitosti","7432","2 000 - 9 999 obyv.","432000641000000","Česko","CZ","Moravskoslezský kraj","CZ080","Bruntál","CZ0801","Rodinné domy [Kč/m2]","10302","2020-2022","2020-2022","25033"
"Průměrná jednotková kupní cena nemovitosti","7432","2 000 - 9 999 obyv.","432000641000000","Česko","CZ","Moravskoslezský kraj","CZ080","Bruntál","CZ0801","Rodinné domy [Kč/m2]","10302","2021-2023","2021-2023","27676"
"Průměrná jednotková kupní cena nemovitosti","7432","2 000 - 9 999 obyv.","432000641000000","Česko","CZ","Moravskoslezský kraj","CZ080","Bruntál","CZ0801","Rodinné domy [Kč/m2]","10302","2022-2024","2022-2024","30188"
"Průměrná jednotková kupní cena nemovitosti","7432","2 000 - 9 999 obyv.","432000641000000","Česko","CZ","Moravskoslezský kraj","CZ080","Bruntál","CZ0801","Byty [Kč/m2]","10602","2019-2021","2019-2021","18591"
"Průměrná jednotková kupní cena nemovitosti","7432","2 000 - 9 999 obyv.","432000641000000","Česko","CZ","Moravskoslezský kraj","CZ080","Bruntál","CZ0801","Byty [Kč/m2]","10602","2020-2022","2020-2022","24035"
"Průměrná jednotková kupní cena nemovitosti","7432","2 000 - 9 999 obyv.","432000641000000","Česko","CZ","Moravskoslezský kraj","CZ080","Bruntál","CZ0801","Byty [Kč/m2]","10602","2021-2023","2021-2023","27057"
"Průměrná jednotková kupní cena nemovitosti","7432","2 000 - 9 999 obyv.","432000641000000","Česko","CZ","Moravskoslezský kraj","CZ080","Bruntál","CZ0801","Byty [Kč/m2]","10602","2022-2024","2022-2024","28149"
"Průměrná jednotková kupní cena nemovitosti","7432","2 000 - 9 999 obyv.","432000641000000","Česko","CZ","Moravskoslezský kraj","CZ080","Frýdek-Místek","CZ0802","Rodinné domy [Kč/m2]","10302","2019-2021","2019-2021","32214"
"Průměrná jednotková kupní cena nemovitosti","7432","2 000 - 9 999 obyv.","432000641000000","Česko","CZ","Moravskoslezský kraj","CZ080","Frýdek-Místek","CZ0802","Rodinné domy [Kč/m2]","10302","2020-2022","2020-2022","36549"
"Průměrná jednotková kupní cena nemovitosti","7432","2 000 - 9 999 obyv.","432000641000000","Česko","CZ","Moravskoslezský kraj","CZ080","Frýdek-Místek","CZ0802","Rodinné domy [Kč/m2]","10302","2021-2023","2021-2023","40798"
"Průměrná jednotková kupní cena nemovitosti","7432","2 000 - 9 999 obyv.","432000641000000","Česko","CZ","Moravskoslezský kraj","CZ080","Frýdek-Místek","CZ0802","Rodinné domy [Kč/m2]","10302","2022-2024","2022-2024","45014"
"Průměrná jednotková kupní cena nemovitosti","7432","2 000 - 9 999 obyv.","432000641000000","Česko","CZ","Moravskoslezský kraj","CZ080","Frýdek-Místek","CZ0802","Byty [Kč/m2]","10602","2019-2021","2019-2021","29039"
"Průměrná jednotková kupní cena nemovitosti","7432","2 000 - 9 999 obyv.","432000641000000","Česko","CZ","Moravskoslezský kraj","CZ080","Frýdek-Místek","CZ0802","Byty [Kč/m2]","10602","2020-2022","2020-2022","34735"
"Průměrná jednotková kupní cena nemovitosti","7432","2 000 - 9 999 obyv.","432000641000000","Česko","CZ","Moravskoslezský kraj","CZ080","Frýdek-Místek","CZ0802","Byty [Kč/m2]","10602","2021-2023","2021-2023","41906"
"Průměrná jednotková kupní cena nemovitosti","7432","2 000 - 9 999 obyv.","432000641000000","Česko","CZ","Moravskoslezský kraj","CZ080","Frýdek-Místek","CZ0802","Byty [Kč/m2]","10602","2022-2024","2022-2024","46582"
"Průměrná jednotková kupní cena nemovitosti","7432","2 000 - 9 999 obyv.","432000641000000","Česko","CZ","Moravskoslezský kraj","CZ080","Karviná","CZ0803","Rodinné domy [Kč/m2]","10302","2019-2021","2019-2021","30471"
"Průměrná jednotková kupní cena nemovitosti","7432","2 000 - 9 999 obyv.","432000641000000","Česko","CZ","Moravskoslezský kraj","CZ080","Karviná","CZ0803","Rodinné domy [Kč/m2]","10302","2020-2022","2020-2022","33954"
"Průměrná jednotková kupní cena nemovitosti","7432","2 000 - 9 999 obyv.","432000641000000","Česko","CZ","Moravskoslezský kraj","CZ080","Karviná","CZ0803","Rodinné domy [Kč/m2]","10302","2021-2023","2021-2023","37782"
"Průměrná jednotková kupní cena nemovitosti","7432","2 000 - 9 999 obyv.","432000641000000","Česko","CZ","Moravskoslezský kraj","CZ080","Karviná","CZ0803","Rodinné domy [Kč/m2]","10302","2022-2024","2022-2024","39913"
"Průměrná jednotková kupní cena nemovitosti","7432","2 000 - 9 999 obyv.","432000641000000","Česko","CZ","Moravskoslezský kraj","CZ080","Karviná","CZ0803","Byty [Kč/m2]","10602","2019-2021","2019-2021","28049"
"Průměrná jednotková kupní cena nemovitosti","7432","2 000 - 9 999 obyv.","432000641000000","Česko","CZ","Moravskoslezský kraj","CZ080","Karviná","CZ0803","Byty [Kč/m2]","10602","2020-2022","2020-2022","29719"
"Průměrná jednotková kupní cena nemovitosti","7432","2 000 - 9 999 obyv.","432000641000000","Česko","CZ","Moravskoslezský kraj","CZ080","Karviná","CZ0803","Byty [Kč/m2]","10602","2021-2023","2021-2023","30138"
"Průměrná jednotková kupní cena nemovitosti","7432","2 000 - 9 999 obyv.","432000641000000","Česko","CZ","Moravskoslezský kraj","CZ080","Karviná","CZ0803","Byty [Kč/m2]","10602","2022-2024","2022-2024","35579"
"Průměrná jednotková kupní cena nemovitosti","7432","2 000 - 9 999 obyv.","432000641000000","Česko","CZ","Moravskoslezský kraj","CZ080","Nový Jičín","CZ0804","Rodinné domy [Kč/m2]","10302","2019-2021","2019-2021","27486"
"Průměrná jednotková kupní cena nemovitosti","7432","2 000 - 9 999 obyv.","432000641000000","Česko","CZ","Moravskoslezský kraj","CZ080","Nový Jičín","CZ0804","Rodinné domy [Kč/m2]","10302","2020-2022","2020-2022","31807"
"Průměrná jednotková kupní cena nemovitosti","7432","2 000 - 9 999 obyv.","432000641000000","Česko","CZ","Moravskoslezský kraj","CZ080","Nový Jičín","CZ0804","Rodinné domy [Kč/m2]","10302","2021-2023","2021-2023","35464"
"Průměrná jednotková kupní cena nemovitosti","7432","2 000 - 9 999 obyv.","432000641000000","Česko","CZ","Moravskoslezský kraj","CZ080","Nový Jičín","CZ0804","Rodinné domy [Kč/m2]","10302","2022-2024","2022-2024","36805"
"Průměrná jednotková kupní cena nemovitosti","7432","2 000 - 9 999 obyv.","432000641000000","Česko","CZ","Moravskoslezský kraj","CZ080","Nový Jičín","CZ0804","Byty [Kč/m2]","10602","2019-2021","2019-2021","23227"
"Průměrná jednotková kupní cena nemovitosti","7432","2 000 - 9 999 obyv.","432000641000000","Česko","CZ","Moravskoslezský kraj","CZ080","Nový Jičín","CZ0804","Byty [Kč/m2]","10602","2020-2022","2020-2022","29575"
"Průměrná jednotková kupní cena nemovitosti","7432","2 000 - 9 999 obyv.","432000641000000","Česko","CZ","Moravskoslezský kraj","CZ080","Nový Jičín","CZ0804","Byty [Kč/m2]","10602","2021-2023","2021-2023","33218"
"Průměrná jednotková kupní cena nemovitosti","7432","2 000 - 9 999 obyv.","432000641000000","Česko","CZ","Moravskoslezský kraj","CZ080","Nový Jičín","CZ0804","Byty [Kč/m2]","10602","2022-2024","2022-2024","36948"
"Průměrná jednotková kupní cena nemovitosti","7432","2 000 - 9 999 obyv.","432000641000000","Česko","CZ","Moravskoslezský kraj","CZ080","Opava","CZ0805","Rodinné domy [Kč/m2]","10302","2019-2021","2019-2021","28637"
"Průměrná jednotková kupní cena nemovitosti","7432","2 000 - 9 999 obyv.","432000641000000","Česko","CZ","Moravskoslezský kraj","CZ080","Opava","CZ0805","Rodinné domy [Kč/m2]","10302","2020-2022","2020-2022","31667"
"Průměrná jednotková kupní cena nemovitosti","7432","2 000 - 9 999 obyv.","432000641000000","Česko","CZ","Moravskoslezský kraj","CZ080","Opava","CZ0805","Rodinné domy [Kč/m2]","10302","2021-2023","2021-2023","35612"
"Průměrná jednotková kupní cena nemovitosti","7432","2 000 - 9 999 obyv.","432000641000000","Česko","CZ","Moravskoslezský kraj","CZ080","Opava","CZ0805","Rodinné domy [Kč/m2]","10302","2022-2024","2022-2024","38191"
"Průměrná jednotková kupní cena nemovitosti","7432","2 000 - 9 999 obyv.","432000641000000","Česko","CZ","Moravskoslezský kraj","CZ080","Opava","CZ0805","Byty [Kč/m2]","10602","2019-2021","2019-2021","26775"
"Průměrná jednotková kupní cena nemovitosti","7432","2 000 - 9 999 obyv.","432000641000000","Česko","CZ","Moravskoslezský kraj","CZ080","Opava","CZ0805","Byty [Kč/m2]","10602","2020-2022","2020-2022","30273"
"Průměrná jednotková kupní cena nemovitosti","7432","2 000 - 9 999 obyv.","432000641000000","Česko","CZ","Moravskoslezský kraj","CZ080","Opava","CZ0805","Byty [Kč/m2]","10602","2021-2023","2021-2023","35287"
"Průměrná jednotková kupní cena nemovitosti","7432","2 000 - 9 999 obyv.","432000641000000","Česko","CZ","Moravskoslezský kraj","CZ080","Opava","CZ0805","Byty [Kč/m2]","10602","2022-2024","2022-2024","38780"
"Průměrná jednotková kupní cena nemovitosti","7432","2 000 - 9 999 obyv.","432000641000000","Česko","CZ","Moravskoslezský kraj","CZ080","Ostrava-město","CZ0806","Rodinné domy [Kč/m2]","10302","2019-2021","2019-2021","32240"
"Průměrná jednotková kupní cena nemovitosti","7432","2 000 - 9 999 obyv.","432000641000000","Česko","CZ","Moravskoslezský kraj","CZ080","Ostrava-město","CZ0806","Rodinné domy [Kč/m2]","10302","2020-2022","2020-2022","36389"
"Průměrná jednotková kupní cena nemovitosti","7432","2 000 - 9 999 obyv.","432000641000000","Česko","CZ","Moravskoslezský kraj","CZ080","Ostrava-město","CZ0806","Rodinné domy [Kč/m2]","10302","2021-2023","2021-2023","40870"
"Průměrná jednotková kupní cena nemovitosti","7432","2 000 - 9 999 obyv.","432000641000000","Česko","CZ","Moravskoslezský kraj","CZ080","Ostrava-město","CZ0806","Rodinné domy [Kč/m2]","10302","2022-2024","2022-2024","44450"
"Průměrná jednotková kupní cena nemovitosti","7432","2 000 - 9 999 obyv.","432000641000000","Česko","CZ","Moravskoslezský kraj","CZ080","Ostrava-město","CZ0806","Byty [Kč/m2]","10602","2019-2021","2019-2021","31002"
"Průměrná jednotková kupní cena nemovitosti","7432","2 000 - 9 999 obyv.","432000641000000","Česko","CZ","Moravskoslezský kraj","CZ080","Ostrava-město","CZ0806","Byty [Kč/m2]","10602","2020-2022","2020-2022","35645"
"Průměrná jednotková kupní cena nemovitosti","7432","2 000 - 9 999 obyv.","432000641000000","Česko","CZ","Moravskoslezský kraj","CZ080","Ostrava-město","CZ0806","Byty [Kč/m2]","10602","2021-2023","2021-2023","38754"
"Průměrná jednotková kupní cena nemovitosti","7432","2 000 - 9 999 obyv.","432000641000000","Česko","CZ","Moravskoslezský kraj","CZ080","Ostrava-město","CZ0806","Byty [Kč/m2]","10602","2022-2024","2022-2024","39715"
"Průměrná jednotková kupní cena nemovitosti","7432","10 000 - 49 999 obyv.","441000645000000","Česko","CZ","","","","","Rodinné domy [Kč/m2]","10302","2019-2021","2019-2021","34934"
"Průměrná jednotková kupní cena nemovitosti","7432","10 000 - 49 999 obyv.","441000645000000","Česko","CZ","","","","","Rodinné domy [Kč/m2]","10302","2020-2022","2020-2022","38853"
"Průměrná jednotková kupní cena nemovitosti","7432","10 000 - 49 999 obyv.","441000645000000","Česko","CZ","","","","","Rodinné domy [Kč/m2]","10302","2021-2023","2021-2023","42520"
"Průměrná jednotková kupní cena nemovitosti","7432","10 000 - 49 999 obyv.","441000645000000","Česko","CZ","","","","","Rodinné domy [Kč/m2]","10302","2022-2024","2022-2024","46755"
"Průměrná jednotková kupní cena nemovitosti","7432","10 000 - 49 999 obyv.","441000645000000","Česko","CZ","","","","","Byty [Kč/m2]","10602","2019-2021","2019-2021","30907"
"Průměrná jednotková kupní cena nemovitosti","7432","10 000 - 49 999 obyv.","441000645000000","Česko","CZ","","","","","Byty [Kč/m2]","10602","2020-2022","2020-2022","36522"
"Průměrná jednotková kupní cena nemovitosti","7432","10 000 - 49 999 obyv.","441000645000000","Česko","CZ","","","","","Byty [Kč/m2]","10602","2021-2023","2021-2023","40466"
"Průměrná jednotková kupní cena nemovitosti","7432","10 000 - 49 999 obyv.","441000645000000","Česko","CZ","","","","","Byty [Kč/m2]","10602","2022-2024","2022-2024","43483"
"Průměrná jednotková kupní cena nemovitosti","7432","10 000 - 49 999 obyv.","441000645000000","Česko","CZ","Středočeský kraj","CZ020","","","Rodinné domy [Kč/m2]","10302","2019","2019","39129"
"Průměrná jednotková kupní cena nemovitosti","7432","10 000 - 49 999 obyv.","441000645000000","Česko","CZ","Středočeský kraj","CZ020","","","Rodinné domy [Kč/m2]","10302","2020","2020","43867"
"Průměrná jednotková kupní cena nemovitosti","7432","10 000 - 49 999 obyv.","441000645000000","Česko","CZ","Středočeský kraj","CZ020","","","Rodinné domy [Kč/m2]","10302","2021","2021","54927"
"Průměrná jednotková kupní cena nemovitosti","7432","10 000 - 49 999 obyv.","441000645000000","Česko","CZ","Středočeský kraj","CZ020","","","Rodinné domy [Kč/m2]","10302","2019-2021","2019-2021","45763"
"Průměrná jednotková kupní cena nemovitosti","7432","10 000 - 49 999 obyv.","441000645000000","Česko","CZ","Středočeský kraj","CZ020","","","Rodinné domy [Kč/m2]","10302","2022","2022","62468"
"Průměrná jednotková kupní cena nemovitosti","7432","10 000 - 49 999 obyv.","441000645000000","Česko","CZ","Středočeský kraj","CZ020","","","Rodinné domy [Kč/m2]","10302","2020-2022","2020-2022","51985"
"Průměrná jednotková kupní cena nemovitosti","7432","10 000 - 49 999 obyv.","441000645000000","Česko","CZ","Středočeský kraj","CZ020","","","Rodinné domy [Kč/m2]","10302","2023","2023","61351"
"Průměrná jednotková kupní cena nemovitosti","7432","10 000 - 49 999 obyv.","441000645000000","Česko","CZ","Středočeský kraj","CZ020","","","Rodinné domy [Kč/m2]","10302","2021-2023","2021-2023","58565"
"Průměrná jednotková kupní cena nemovitosti","7432","10 000 - 49 999 obyv.","441000645000000","Česko","CZ","Středočeský kraj","CZ020","","","Rodinné domy [Kč/m2]","10302","2024","2024","64827"
"Průměrná jednotková kupní cena nemovitosti","7432","10 000 - 49 999 obyv.","441000645000000","Česko","CZ","Středočeský kraj","CZ020","","","Rodinné domy [Kč/m2]","10302","2022-2024","2022-2024","63169"
"Průměrná jednotková kupní cena nemovitosti","7432","10 000 - 49 999 obyv.","441000645000000","Česko","CZ","Středočeský kraj","CZ020","","","Rodinné domy [Kč/m2]","10302","2025","2025","74198"
"Průměrná jednotková kupní cena nemovitosti","7432","10 000 - 49 999 obyv.","441000645000000","Česko","CZ","Středočeský kraj","CZ020","","","Byty [Kč/m2]","10602","2019","2019","31784"
"Průměrná jednotková kupní cena nemovitosti","7432","10 000 - 49 999 obyv.","441000645000000","Česko","CZ","Středočeský kraj","CZ020","","","Byty [Kč/m2]","10602","2020","2020","38473"
"Průměrná jednotková kupní cena nemovitosti","7432","10 000 - 49 999 obyv.","441000645000000","Česko","CZ","Středočeský kraj","CZ020","","","Byty [Kč/m2]","10602","2021","2021","47396"
"Průměrná jednotková kupní cena nemovitosti","7432","10 000 - 49 999 obyv.","441000645000000","Česko","CZ","Středočeský kraj","CZ020","","","Byty [Kč/m2]","10602","2019-2021","2019-2021","39227"
"Průměrná jednotková kupní cena nemovitosti","7432","10 000 - 49 999 obyv.","441000645000000","Česko","CZ","Středočeský kraj","CZ020","","","Byty [Kč/m2]","10602","2022","2022","56554"
"Průměrná jednotková kupní cena nemovitosti","7432","10 000 - 49 999 obyv.","441000645000000","Česko","CZ","Středočeský kraj","CZ020","","","Byty [Kč/m2]","10602","2020-2022","2020-2022","46709"
"Průměrná jednotková kupní cena nemovitosti","7432","10 000 - 49 999 obyv.","441000645000000","Česko","CZ","Středočeský kraj","CZ020","","","Byty [Kč/m2]","10602","2023","2023","53471"
"Průměrná jednotková kupní cena nemovitosti","7432","10 000 - 49 999 obyv.","441000645000000","Česko","CZ","Středočeský kraj","CZ020","","","Byty [Kč/m2]","10602","2021-2023","2021-2023","52049"
"Průměrná jednotková kupní cena nemovitosti","7432","10 000 - 49 999 obyv.","441000645000000","Česko","CZ","Středočeský kraj","CZ020","","","Byty [Kč/m2]","10602","2024","2024","58440"
"Průměrná jednotková kupní cena nemovitosti","7432","10 000 - 49 999 obyv.","441000645000000","Česko","CZ","Středočeský kraj","CZ020","","","Byty [Kč/m2]","10602","2022-2024","2022-2024","56295"
"Průměrná jednotková kupní cena nemovitosti","7432","10 000 - 49 999 obyv.","441000645000000","Česko","CZ","Středočeský kraj","CZ020","","","Byty [Kč/m2]","10602","2025","2025","67181"
"Průměrná jednotková kupní cena nemovitosti","7432","10 000 - 49 999 obyv.","441000645000000","Česko","CZ","Jihočeský kraj","CZ031","","","Rodinné domy [Kč/m2]","10302","2019","2019","29036"
"Průměrná jednotková kupní cena nemovitosti","7432","10 000 - 49 999 obyv.","441000645000000","Česko","CZ","Jihočeský kraj","CZ031","","","Rodinné domy [Kč/m2]","10302","2020","2020","36520"
"Průměrná jednotková kupní cena nemovitosti","7432","10 000 - 49 999 obyv.","441000645000000","Česko","CZ","Jihočeský kraj","CZ031","","","Rodinné domy [Kč/m2]","10302","2021","2021","42509"
"Průměrná jednotková kupní cena nemovitosti","7432","10 000 - 49 999 obyv.","441000645000000","Česko","CZ","Jihočeský kraj","CZ031","","","Rodinné domy [Kč/m2]","10302","2019-2021","2019-2021","36138"
"Průměrná jednotková kupní cena nemovitosti","7432","10 000 - 49 999 obyv.","441000645000000","Česko","CZ","Jihočeský kraj","CZ031","","","Rodinné domy [Kč/m2]","10302","2022","2022","47850"
"Průměrná jednotková kupní cena nemovitosti","7432","10 000 - 49 999 obyv.","441000645000000","Česko","CZ","Jihočeský kraj","CZ031","","","Rodinné domy [Kč/m2]","10302","2020-2022","2020-2022","41163"
"Průměrná jednotková kupní cena nemovitosti","7432","10 000 - 49 999 obyv.","441000645000000","Česko","CZ","Jihočeský kraj","CZ031","","","Rodinné domy [Kč/m2]","10302","2023","2023","49832"
"Průměrná jednotková kupní cena nemovitosti","7432","10 000 - 49 999 obyv.","441000645000000","Česko","CZ","Jihočeský kraj","CZ031","","","Rodinné domy [Kč/m2]","10302","2021-2023","2021-2023","46290"
"Průměrná jednotková kupní cena nemovitosti","7432","10 000 - 49 999 obyv.","441000645000000","Česko","CZ","Jihočeský kraj","CZ031","","","Rodinné domy [Kč/m2]","10302","2024","2024","51828"
"Průměrná jednotková kupní cena nemovitosti","7432","10 000 - 49 999 obyv.","441000645000000","Česko","CZ","Jihočeský kraj","CZ031","","","Rodinné domy [Kč/m2]","10302","2022-2024","2022-2024","50115"
"Průměrná jednotková kupní cena nemovitosti","7432","10 000 - 49 999 obyv.","441000645000000","Česko","CZ","Jihočeský kraj","CZ031","","","Rodinné domy [Kč/m2]","10302","2025","2025","53425"
"Průměrná jednotková kupní cena nemovitosti","7432","10 000 - 49 999 obyv.","441000645000000","Česko","CZ","Jihočeský kraj","CZ031","","","Byty [Kč/m2]","10602","2019","2019","26401"
"Průměrná jednotková kupní cena nemovitosti","7432","10 000 - 49 999 obyv.","441000645000000","Česko","CZ","Jihočeský kraj","CZ031","","","Byty [Kč/m2]","10602","2020","2020","32572"
"Průměrná jednotková kupní cena nemovitosti","7432","10 000 - 49 999 obyv.","441000645000000","Česko","CZ","Jihočeský kraj","CZ031","","","Byty [Kč/m2]","10602","2021","2021","41004"
"Průměrná jednotková kupní cena nemovitosti","7432","10 000 - 49 999 obyv.","441000645000000","Česko","CZ","Jihočeský kraj","CZ031","","","Byty [Kč/m2]","10602","2019-2021","2019-2021","33424"
"Průměrná jednotková kupní cena nemovitosti","7432","10 000 - 49 999 obyv.","441000645000000","Česko","CZ","Jihočeský kraj","CZ031","","","Byty [Kč/m2]","10602","2022","2022","50306"
"Průměrná jednotková kupní cena nemovitosti","7432","10 000 - 49 999 obyv.","441000645000000","Česko","CZ","Jihočeský kraj","CZ031","","","Byty [Kč/m2]","10602","2020-2022","2020-2022","40523"
"Průměrná jednotková kupní cena nemovitosti","7432","10 000 - 49 999 obyv.","441000645000000","Česko","CZ","Jihočeský kraj","CZ031","","","Byty [Kč/m2]","10602","2023","2023","45231"
"Průměrná jednotková kupní cena nemovitosti","7432","10 000 - 49 999 obyv.","441000645000000","Česko","CZ","Jihočeský kraj","CZ031","","","Byty [Kč/m2]","10602","2021-2023","2021-2023","45012"
"Průměrná jednotková kupní cena nemovitosti","7432","10 000 - 49 999 obyv.","441000645000000","Česko","CZ","Jihočeský kraj","CZ031","","","Byty [Kč/m2]","10602","2024","2024","49443"
"Průměrná jednotková kupní cena nemovitosti","7432","10 000 - 49 999 obyv.","441000645000000","Česko","CZ","Jihočeský kraj","CZ031","","","Byty [Kč/m2]","10602","2022-2024","2022-2024","48463"
"Průměrná jednotková kupní cena nemovitosti","7432","10 000 - 49 999 obyv.","441000645000000","Česko","CZ","Jihočeský kraj","CZ031","","","Byty [Kč/m2]","10602","2025","2025","55796"
"Průměrná jednotková kupní cena nemovitosti","7432","10 000 - 49 999 obyv.","441000645000000","Česko","CZ","Plzeňský kraj","CZ032","","","Rodinné domy [Kč/m2]","10302","2019","2019","31319"
"Průměrná jednotková kupní cena nemovitosti","7432","10 000 - 49 999 obyv.","441000645000000","Česko","CZ","Plzeňský kraj","CZ032","","","Rodinné domy [Kč/m2]","10302","2020","2020","35374"
"Průměrná jednotková kupní cena nemovitosti","7432","10 000 - 49 999 obyv.","441000645000000","Česko","CZ","Plzeňský kraj","CZ032","","","Rodinné domy [Kč/m2]","10302","2021","2021","42478"
"Průměrná jednotková kupní cena nemovitosti","7432","10 000 - 49 999 obyv.","441000645000000","Česko","CZ","Plzeňský kraj","CZ032","","","Rodinné domy [Kč/m2]","10302","2019-2021","2019-2021","36079"
"Průměrná jednotková kupní cena nemovitosti","7432","10 000 - 49 999 obyv.","441000645000000","Česko","CZ","Plzeňský kraj","CZ032","","","Rodinné domy [Kč/m2]","10302","2022","2022","47792"
"Průměrná jednotková kupní cena nemovitosti","7432","10 000 - 49 999 obyv.","441000645000000","Česko","CZ","Plzeňský kraj","CZ032","","","Rodinné domy [Kč/m2]","10302","2020-2022","2020-2022","40492"
"Průměrná jednotková kupní cena nemovitosti","7432","10 000 - 49 999 obyv.","441000645000000","Česko","CZ","Plzeňský kraj","CZ032","","","Rodinné domy [Kč/m2]","10302","2023","2023","42218"
"Průměrná jednotková kupní cena nemovitosti","7432","10 000 - 49 999 obyv.","441000645000000","Česko","CZ","Plzeňský kraj","CZ032","","","Rodinné domy [Kč/m2]","10302","2021-2023","2021-2023","43835"
"Průměrná jednotková kupní cena nemovitosti","7432","10 000 - 49 999 obyv.","441000645000000","Česko","CZ","Plzeňský kraj","CZ032","","","Rodinné domy [Kč/m2]","10302","2024","2024","51828"
"Průměrná jednotková kupní cena nemovitosti","7432","10 000 - 49 999 obyv.","441000645000000","Česko","CZ","Plzeňský kraj","CZ032","","","Rodinné domy [Kč/m2]","10302","2022-2024","2022-2024","47185"
"Průměrná jednotková kupní cena nemovitosti","7432","10 000 - 49 999 obyv.","441000645000000","Česko","CZ","Plzeňský kraj","CZ032","","","Rodinné domy [Kč/m2]","10302","2025","2025","50962"
"Průměrná jednotková kupní cena nemovitosti","7432","10 000 - 49 999 obyv.","441000645000000","Česko","CZ","Plzeňský kraj","CZ032","","","Byty [Kč/m2]","10602","2019","2019","26557"
"Průměrná jednotková kupní cena nemovitosti","7432","10 000 - 49 999 obyv.","441000645000000","Česko","CZ","Plzeňský kraj","CZ032","","","Byty [Kč/m2]","10602","2020","2020","29945"
"Průměrná jednotková kupní cena nemovitosti","7432","10 000 - 49 999 obyv.","441000645000000","Česko","CZ","Plzeňský kraj","CZ032","","","Byty [Kč/m2]","10602","2021","2021","37749"
"Průměrná jednotková kupní cena nemovitosti","7432","10 000 - 49 999 obyv.","441000645000000","Česko","CZ","Plzeňský kraj","CZ032","","","Byty [Kč/m2]","10602","2019-2021","2019-2021","31227"
"Průměrná jednotková kupní cena nemovitosti","7432","10 000 - 49 999 obyv.","441000645000000","Česko","CZ","Plzeňský kraj","CZ032","","","Byty [Kč/m2]","10602","2022","2022","46997"
"Průměrná jednotková kupní cena nemovitosti","7432","10 000 - 49 999 obyv.","441000645000000","Česko","CZ","Plzeňský kraj","CZ032","","","Byty [Kč/m2]","10602","2020-2022","2020-2022","37404"
"Průměrná jednotková kupní cena nemovitosti","7432","10 000 - 49 999 obyv.","441000645000000","Česko","CZ","Plzeňský kraj","CZ032","","","Byty [Kč/m2]","10602","2023","2023","43950"
"Průměrná jednotková kupní cena nemovitosti","7432","10 000 - 49 999 obyv.","441000645000000","Česko","CZ","Plzeňský kraj","CZ032","","","Byty [Kč/m2]","10602","2021-2023","2021-2023","42580"
"Průměrná jednotková kupní cena nemovitosti","7432","10 000 - 49 999 obyv.","441000645000000","Česko","CZ","Plzeňský kraj","CZ032","","","Byty [Kč/m2]","10602","2024","2024","47437"
"Průměrná jednotková kupní cena nemovitosti","7432","10 000 - 49 999 obyv.","441000645000000","Česko","CZ","Plzeňský kraj","CZ032","","","Byty [Kč/m2]","10602","2022-2024","2022-2024","46136"
"Průměrná jednotková kupní cena nemovitosti","7432","10 000 - 49 999 obyv.","441000645000000","Česko","CZ","Plzeňský kraj","CZ032","","","Byty [Kč/m2]","10602","2025","2025","53242"
"Průměrná jednotková kupní cena nemovitosti","7432","10 000 - 49 999 obyv.","441000645000000","Česko","CZ","Karlovarský kraj","CZ041","","","Rodinné domy [Kč/m2]","10302","2019","2019","29386"
"Průměrná jednotková kupní cena nemovitosti","7432","10 000 - 49 999 obyv.","441000645000000","Česko","CZ","Karlovarský kraj","CZ041","","","Rodinné domy [Kč/m2]","10302","2020","2020","28446"
"Průměrná jednotková kupní cena nemovitosti","7432","10 000 - 49 999 obyv.","441000645000000","Česko","CZ","Karlovarský kraj","CZ041","","","Rodinné domy [Kč/m2]","10302","2021","2021","34321"
"Průměrná jednotková kupní cena nemovitosti","7432","10 000 - 49 999 obyv.","441000645000000","Česko","CZ","Karlovarský kraj","CZ041","","","Rodinné domy [Kč/m2]","10302","2019-2021","2019-2021","30746"
"Průměrná jednotková kupní cena nemovitosti","7432","10 000 - 49 999 obyv.","441000645000000","Česko","CZ","Karlovarský kraj","CZ041","","","Rodinné domy [Kč/m2]","10302","2022","2022","42291"
"Průměrná jednotková kupní cena nemovitosti","7432","10 000 - 49 999 obyv.","441000645000000","Česko","CZ","Karlovarský kraj","CZ041","","","Rodinné domy [Kč/m2]","10302","2020-2022","2020-2022","34704"
"Průměrná jednotková kupní cena nemovitosti","7432","10 000 - 49 999 obyv.","441000645000000","Česko","CZ","Karlovarský kraj","CZ041","","","Rodinné domy [Kč/m2]","10302","2023","2023","40554"
"Průměrná jednotková kupní cena nemovitosti","7432","10 000 - 49 999 obyv.","441000645000000","Česko","CZ","Karlovarský kraj","CZ041","","","Rodinné domy [Kč/m2]","10302","2021-2023","2021-2023","38599"
"Průměrná jednotková kupní cena nemovitosti","7432","10 000 - 49 999 obyv.","441000645000000","Česko","CZ","Karlovarský kraj","CZ041","","","Rodinné domy [Kč/m2]","10302","2024","2024","44659"
"Průměrná jednotková kupní cena nemovitosti","7432","10 000 - 49 999 obyv.","441000645000000","Česko","CZ","Karlovarský kraj","CZ041","","","Rodinné domy [Kč/m2]","10302","2022-2024","2022-2024","42952"
"Průměrná jednotková kupní cena nemovitosti","7432","10 000 - 49 999 obyv.","441000645000000","Česko","CZ","Karlovarský kraj","CZ041","","","Rodinné domy [Kč/m2]","10302","2025","2025","45102"
"Průměrná jednotková kupní cena nemovitosti","7432","10 000 - 49 999 obyv.","441000645000000","Česko","CZ","Karlovarský kraj","CZ041","","","Byty [Kč/m2]","10602","2019","2019","22473"
"Průměrná jednotková kupní cena nemovitosti","7432","10 000 - 49 999 obyv.","441000645000000","Česko","CZ","Karlovarský kraj","CZ041","","","Byty [Kč/m2]","10602","2020","2020","25268"
"Průměrná jednotková kupní cena nemovitosti","7432","10 000 - 49 999 obyv.","441000645000000","Česko","CZ","Karlovarský kraj","CZ041","","","Byty [Kč/m2]","10602","2021","2021","31186"
"Průměrná jednotková kupní cena nemovitosti","7432","10 000 - 49 999 obyv.","441000645000000","Česko","CZ","Karlovarský kraj","CZ041","","","Byty [Kč/m2]","10602","2019-2021","2019-2021","26836"
"Průměrná jednotková kupní cena nemovitosti","7432","10 000 - 49 999 obyv.","441000645000000","Česko","CZ","Karlovarský kraj","CZ041","","","Byty [Kč/m2]","10602","2022","2022","38278"
"Průměrná jednotková kupní cena nemovitosti","7432","10 000 - 49 999 obyv.","441000645000000","Česko","CZ","Karlovarský kraj","CZ041","","","Byty [Kč/m2]","10602","2020-2022","2020-2022","31770"
"Průměrná jednotková kupní cena nemovitosti","7432","10 000 - 49 999 obyv.","441000645000000","Česko","CZ","Karlovarský kraj","CZ041","","","Byty [Kč/m2]","10602","2023","2023","35428"
"Průměrná jednotková kupní cena nemovitosti","7432","10 000 - 49 999 obyv.","441000645000000","Česko","CZ","Karlovarský kraj","CZ041","","","Byty [Kč/m2]","10602","2021-2023","2021-2023","34637"
"Průměrná jednotková kupní cena nemovitosti","7432","10 000 - 49 999 obyv.","441000645000000","Česko","CZ","Karlovarský kraj","CZ041","","","Byty [Kč/m2]","10602","2024","2024","37897"
"Průměrná jednotková kupní cena nemovitosti","7432","10 000 - 49 999 obyv.","441000645000000","Česko","CZ","Karlovarský kraj","CZ041","","","Byty [Kč/m2]","10602","2022-2024","2022-2024","37348"
"Průměrná jednotková kupní cena nemovitosti","7432","10 000 - 49 999 obyv.","441000645000000","Česko","CZ","Karlovarský kraj","CZ041","","","Byty [Kč/m2]","10602","2025","2025","44134"
"Průměrná jednotková kupní cena nemovitosti","7432","10 000 - 49 999 obyv.","441000645000000","Česko","CZ","Ústecký kraj","CZ042","","","Rodinné domy [Kč/m2]","10302","2019","2019","27244"
"Průměrná jednotková kupní cena nemovitosti","7432","10 000 - 49 999 obyv.","441000645000000","Česko","CZ","Ústecký kraj","CZ042","","","Rodinné domy [Kč/m2]","10302","2020","2020","29274"
"Průměrná jednotková kupní cena nemovitosti","7432","10 000 - 49 999 obyv.","441000645000000","Česko","CZ","Ústecký kraj","CZ042","","","Rodinné domy [Kč/m2]","10302","2021","2021","34107"
"Průměrná jednotková kupní cena nemovitosti","7432","10 000 - 49 999 obyv.","441000645000000","Česko","CZ","Ústecký kraj","CZ042","","","Rodinné domy [Kč/m2]","10302","2019-2021","2019-2021","30408"
"Průměrná jednotková kupní cena nemovitosti","7432","10 000 - 49 999 obyv.","441000645000000","Česko","CZ","Ústecký kraj","CZ042","","","Rodinné domy [Kč/m2]","10302","2022","2022","40164"
"Průměrná jednotková kupní cena nemovitosti","7432","10 000 - 49 999 obyv.","441000645000000","Česko","CZ","Ústecký kraj","CZ042","","","Rodinné domy [Kč/m2]","10302","2020-2022","2020-2022","33878"
"Průměrná jednotková kupní cena nemovitosti","7432","10 000 - 49 999 obyv.","441000645000000","Česko","CZ","Ústecký kraj","CZ042","","","Rodinné domy [Kč/m2]","10302","2023","2023","40185"
"Průměrná jednotková kupní cena nemovitosti","7432","10 000 - 49 999 obyv.","441000645000000","Česko","CZ","Ústecký kraj","CZ042","","","Rodinné domy [Kč/m2]","10302","2021-2023","2021-2023","37498"
"Průměrná jednotková kupní cena nemovitosti","7432","10 000 - 49 999 obyv.","441000645000000","Česko","CZ","Ústecký kraj","CZ042","","","Rodinné domy [Kč/m2]","10302","2024","2024","41844"
"Průměrná jednotková kupní cena nemovitosti","7432","10 000 - 49 999 obyv.","441000645000000","Česko","CZ","Ústecký kraj","CZ042","","","Rodinné domy [Kč/m2]","10302","2022-2024","2022-2024","40793"
"Průměrná jednotková kupní cena nemovitosti","7432","10 000 - 49 999 obyv.","441000645000000","Česko","CZ","Ústecký kraj","CZ042","","","Rodinné domy [Kč/m2]","10302","2025","2025","49440"
"Průměrná jednotková kupní cena nemovitosti","7432","10 000 - 49 999 obyv.","441000645000000","Česko","CZ","Ústecký kraj","CZ042","","","Byty [Kč/m2]","10602","2019","2019","19642"
"Průměrná jednotková kupní cena nemovitosti","7432","10 000 - 49 999 obyv.","441000645000000","Česko","CZ","Ústecký kraj","CZ042","","","Byty [Kč/m2]","10602","2020","2020","23101"
"Průměrná jednotková kupní cena nemovitosti","7432","10 000 - 49 999 obyv.","441000645000000","Česko","CZ","Ústecký kraj","CZ042","","","Byty [Kč/m2]","10602","2021","2021","29352"
"Průměrná jednotková kupní cena nemovitosti","7432","10 000 - 49 999 obyv.","441000645000000","Česko","CZ","Ústecký kraj","CZ042","","","Byty [Kč/m2]","10602","2019-2021","2019-2021","24556"
"Průměrná jednotková kupní cena nemovitosti","7432","10 000 - 49 999 obyv.","441000645000000","Česko","CZ","Ústecký kraj","CZ042","","","Byty [Kč/m2]","10602","2022","2022","34571"
"Průměrná jednotková kupní cena nemovitosti","7432","10 000 - 49 999 obyv.","441000645000000","Česko","CZ","Ústecký kraj","CZ042","","","Byty [Kč/m2]","10602","2020-2022","2020-2022","29013"
"Průměrná jednotková kupní cena nemovitosti","7432","10 000 - 49 999 obyv.","441000645000000","Česko","CZ","Ústecký kraj","CZ042","","","Byty [Kč/m2]","10602","2023","2023","32315"
"Průměrná jednotková kupní cena nemovitosti","7432","10 000 - 49 999 obyv.","441000645000000","Česko","CZ","Ústecký kraj","CZ042","","","Byty [Kč/m2]","10602","2021-2023","2021-2023","31953"
"Průměrná jednotková kupní cena nemovitosti","7432","10 000 - 49 999 obyv.","441000645000000","Česko","CZ","Ústecký kraj","CZ042","","","Byty [Kč/m2]","10602","2024","2024","35346"
"Průměrná jednotková kupní cena nemovitosti","7432","10 000 - 49 999 obyv.","441000645000000","Česko","CZ","Ústecký kraj","CZ042","","","Byty [Kč/m2]","10602","2022-2024","2022-2024","34252"
"Průměrná jednotková kupní cena nemovitosti","7432","10 000 - 49 999 obyv.","441000645000000","Česko","CZ","Ústecký kraj","CZ042","","","Byty [Kč/m2]","10602","2025","2025","40928"
"Průměrná jednotková kupní cena nemovitosti","7432","10 000 - 49 999 obyv.","441000645000000","Česko","CZ","Liberecký kraj","CZ051","","","Rodinné domy [Kč/m2]","10302","2019","2019","30196"
"Průměrná jednotková kupní cena nemovitosti","7432","10 000 - 49 999 obyv.","441000645000000","Česko","CZ","Liberecký kraj","CZ051","","","Rodinné domy [Kč/m2]","10302","2020","2020","32710"
"Průměrná jednotková kupní cena nemovitosti","7432","10 000 - 49 999 obyv.","441000645000000","Česko","CZ","Liberecký kraj","CZ051","","","Rodinné domy [Kč/m2]","10302","2021","2021","37760"
"Průměrná jednotková kupní cena nemovitosti","7432","10 000 - 49 999 obyv.","441000645000000","Česko","CZ","Liberecký kraj","CZ051","","","Rodinné domy [Kč/m2]","10302","2019-2021","2019-2021","33517"
"Průměrná jednotková kupní cena nemovitosti","7432","10 000 - 49 999 obyv.","441000645000000","Česko","CZ","Liberecký kraj","CZ051","","","Rodinné domy [Kč/m2]","10302","2022","2022","53338"
"Průměrná jednotková kupní cena nemovitosti","7432","10 000 - 49 999 obyv.","441000645000000","Česko","CZ","Liberecký kraj","CZ051","","","Rodinné domy [Kč/m2]","10302","2020-2022","2020-2022","39427"
"Průměrná jednotková kupní cena nemovitosti","7432","10 000 - 49 999 obyv.","441000645000000","Česko","CZ","Liberecký kraj","CZ051","","","Rodinné domy [Kč/m2]","10302","2023","2023","45451"
"Průměrná jednotková kupní cena nemovitosti","7432","10 000 - 49 999 obyv.","441000645000000","Česko","CZ","Liberecký kraj","CZ051","","","Rodinné domy [Kč/m2]","10302","2021-2023","2021-2023","44324"
"Průměrná jednotková kupní cena nemovitosti","7432","10 000 - 49 999 obyv.","441000645000000","Česko","CZ","Liberecký kraj","CZ051","","","Rodinné domy [Kč/m2]","10302","2024","2024","47199"
"Průměrná jednotková kupní cena nemovitosti","7432","10 000 - 49 999 obyv.","441000645000000","Česko","CZ","Liberecký kraj","CZ051","","","Rodinné domy [Kč/m2]","10302","2022-2024","2022-2024","48563"
"Průměrná jednotková kupní cena nemovitosti","7432","10 000 - 49 999 obyv.","441000645000000","Česko","CZ","Liberecký kraj","CZ051","","","Rodinné domy [Kč/m2]","10302","2025","2025","56776"
"Průměrná jednotková kupní cena nemovitosti","7432","10 000 - 49 999 obyv.","441000645000000","Česko","CZ","Liberecký kraj","CZ051","","","Byty [Kč/m2]","10602","2019","2019","24938"
"Průměrná jednotková kupní cena nemovitosti","7432","10 000 - 49 999 obyv.","441000645000000","Česko","CZ","Liberecký kraj","CZ051","","","Byty [Kč/m2]","10602","2020","2020","29206"
"Průměrná jednotková kupní cena nemovitosti","7432","10 000 - 49 999 obyv.","441000645000000","Česko","CZ","Liberecký kraj","CZ051","","","Byty [Kč/m2]","10602","2021","2021","37042"
"Průměrná jednotková kupní cena nemovitosti","7432","10 000 - 49 999 obyv.","441000645000000","Česko","CZ","Liberecký kraj","CZ051","","","Byty [Kč/m2]","10602","2019-2021","2019-2021","30976"
"Průměrná jednotková kupní cena nemovitosti","7432","10 000 - 49 999 obyv.","441000645000000","Česko","CZ","Liberecký kraj","CZ051","","","Byty [Kč/m2]","10602","2022","2022","46200"
"Průměrná jednotková kupní cena nemovitosti","7432","10 000 - 49 999 obyv.","441000645000000","Česko","CZ","Liberecký kraj","CZ051","","","Byty [Kč/m2]","10602","2020-2022","2020-2022","36950"
"Průměrná jednotková kupní cena nemovitosti","7432","10 000 - 49 999 obyv.","441000645000000","Česko","CZ","Liberecký kraj","CZ051","","","Byty [Kč/m2]","10602","2023","2023","42634"
"Průměrná jednotková kupní cena nemovitosti","7432","10 000 - 49 999 obyv.","441000645000000","Česko","CZ","Liberecký kraj","CZ051","","","Byty [Kč/m2]","10602","2021-2023","2021-2023","41316"
"Průměrná jednotková kupní cena nemovitosti","7432","10 000 - 49 999 obyv.","441000645000000","Česko","CZ","Liberecký kraj","CZ051","","","Byty [Kč/m2]","10602","2024","2024","45283"
"Průměrná jednotková kupní cena nemovitosti","7432","10 000 - 49 999 obyv.","441000645000000","Česko","CZ","Liberecký kraj","CZ051","","","Byty [Kč/m2]","10602","2022-2024","2022-2024","44863"
"Průměrná jednotková kupní cena nemovitosti","7432","10 000 - 49 999 obyv.","441000645000000","Česko","CZ","Liberecký kraj","CZ051","","","Byty [Kč/m2]","10602","2025","2025","50193"
"Průměrná jednotková kupní cena nemovitosti","7432","10 000 - 49 999 obyv.","441000645000000","Česko","CZ","Královéhradecký kraj","CZ052","","","Rodinné domy [Kč/m2]","10302","2019","2019","28073"
"Průměrná jednotková kupní cena nemovitosti","7432","10 000 - 49 999 obyv.","441000645000000","Česko","CZ","Královéhradecký kraj","CZ052","","","Rodinné domy [Kč/m2]","10302","2020","2020","33026"
"Průměrná jednotková kupní cena nemovitosti","7432","10 000 - 49 999 obyv.","441000645000000","Česko","CZ","Královéhradecký kraj","CZ052","","","Rodinné domy [Kč/m2]","10302","2021","2021","34452"
"Průměrná jednotková kupní cena nemovitosti","7432","10 000 - 49 999 obyv.","441000645000000","Česko","CZ","Královéhradecký kraj","CZ052","","","Rodinné domy [Kč/m2]","10302","2019-2021","2019-2021","31942"
"Průměrná jednotková kupní cena nemovitosti","7432","10 000 - 49 999 obyv.","441000645000000","Česko","CZ","Královéhradecký kraj","CZ052","","","Rodinné domy [Kč/m2]","10302","2022","2022","40243"
"Průměrná jednotková kupní cena nemovitosti","7432","10 000 - 49 999 obyv.","441000645000000","Česko","CZ","Královéhradecký kraj","CZ052","","","Rodinné domy [Kč/m2]","10302","2020-2022","2020-2022","36066"
"Průměrná jednotková kupní cena nemovitosti","7432","10 000 - 49 999 obyv.","441000645000000","Česko","CZ","Královéhradecký kraj","CZ052","","","Rodinné domy [Kč/m2]","10302","2023","2023","43288"
"Průměrná jednotková kupní cena nemovitosti","7432","10 000 - 49 999 obyv.","441000645000000","Česko","CZ","Královéhradecký kraj","CZ052","","","Rodinné domy [Kč/m2]","10302","2021-2023","2021-2023","38434"
"Průměrná jednotková kupní cena nemovitosti","7432","10 000 - 49 999 obyv.","441000645000000","Česko","CZ","Královéhradecký kraj","CZ052","","","Rodinné domy [Kč/m2]","10302","2024","2024","47971"
"Průměrná jednotková kupní cena nemovitosti","7432","10 000 - 49 999 obyv.","441000645000000","Česko","CZ","Královéhradecký kraj","CZ052","","","Rodinné domy [Kč/m2]","10302","2022-2024","2022-2024","44066"
"Průměrná jednotková kupní cena nemovitosti","7432","10 000 - 49 999 obyv.","441000645000000","Česko","CZ","Královéhradecký kraj","CZ052","","","Rodinné domy [Kč/m2]","10302","2025","2025","50126"
"Průměrná jednotková kupní cena nemovitosti","7432","10 000 - 49 999 obyv.","441000645000000","Česko","CZ","Královéhradecký kraj","CZ052","","","Byty [Kč/m2]","10602","2019","2019","25607"
"Průměrná jednotková kupní cena nemovitosti","7432","10 000 - 49 999 obyv.","441000645000000","Česko","CZ","Královéhradecký kraj","CZ052","","","Byty [Kč/m2]","10602","2020","2020","30389"
"Průměrná jednotková kupní cena nemovitosti","7432","10 000 - 49 999 obyv.","441000645000000","Česko","CZ","Královéhradecký kraj","CZ052","","","Byty [Kč/m2]","10602","2021","2021","38419"
"Průměrná jednotková kupní cena nemovitosti","7432","10 000 - 49 999 obyv.","441000645000000","Česko","CZ","Královéhradecký kraj","CZ052","","","Byty [Kč/m2]","10602","2019-2021","2019-2021","31603"
"Průměrná jednotková kupní cena nemovitosti","7432","10 000 - 49 999 obyv.","441000645000000","Česko","CZ","Královéhradecký kraj","CZ052","","","Byty [Kč/m2]","10602","2022","2022","45929"
"Průměrná jednotková kupní cena nemovitosti","7432","10 000 - 49 999 obyv.","441000645000000","Česko","CZ","Královéhradecký kraj","CZ052","","","Byty [Kč/m2]","10602","2020-2022","2020-2022","38137"
"Průměrná jednotková kupní cena nemovitosti","7432","10 000 - 49 999 obyv.","441000645000000","Česko","CZ","Královéhradecký kraj","CZ052","","","Byty [Kč/m2]","10602","2023","2023","45848"
"Průměrná jednotková kupní cena nemovitosti","7432","10 000 - 49 999 obyv.","441000645000000","Česko","CZ","Královéhradecký kraj","CZ052","","","Byty [Kč/m2]","10602","2021-2023","2021-2023","43036"
"Průměrná jednotková kupní cena nemovitosti","7432","10 000 - 49 999 obyv.","441000645000000","Česko","CZ","Královéhradecký kraj","CZ052","","","Byty [Kč/m2]","10602","2024","2024","46679"
"Průměrná jednotková kupní cena nemovitosti","7432","10 000 - 49 999 obyv.","441000645000000","Česko","CZ","Královéhradecký kraj","CZ052","","","Byty [Kč/m2]","10602","2022-2024","2022-2024","46182"
"Průměrná jednotková kupní cena nemovitosti","7432","10 000 - 49 999 obyv.","441000645000000","Česko","CZ","Královéhradecký kraj","CZ052","","","Byty [Kč/m2]","10602","2025","2025","54034"
"Průměrná jednotková kupní cena nemovitosti","7432","10 000 - 49 999 obyv.","441000645000000","Česko","CZ","Pardubický kraj","CZ053","","","Rodinné domy [Kč/m2]","10302","2019","2019","32187"
"Průměrná jednotková kupní cena nemovitosti","7432","10 000 - 49 999 obyv.","441000645000000","Česko","CZ","Pardubický kraj","CZ053","","","Rodinné domy [Kč/m2]","10302","2020","2020","31919"
"Průměrná jednotková kupní cena nemovitosti","7432","10 000 - 49 999 obyv.","441000645000000","Česko","CZ","Pardubický kraj","CZ053","","","Rodinné domy [Kč/m2]","10302","2021","2021","36511"
"Průměrná jednotková kupní cena nemovitosti","7432","10 000 - 49 999 obyv.","441000645000000","Česko","CZ","Pardubický kraj","CZ053","","","Rodinné domy [Kč/m2]","10302","2019-2021","2019-2021","33574"
"Průměrná jednotková kupní cena nemovitosti","7432","10 000 - 49 999 obyv.","441000645000000","Česko","CZ","Pardubický kraj","CZ053","","","Rodinné domy [Kč/m2]","10302","2022","2022","43507"
"Průměrná jednotková kupní cena nemovitosti","7432","10 000 - 49 999 obyv.","441000645000000","Česko","CZ","Pardubický kraj","CZ053","","","Rodinné domy [Kč/m2]","10302","2020-2022","2020-2022","36525"
"Průměrná jednotková kupní cena nemovitosti","7432","10 000 - 49 999 obyv.","441000645000000","Česko","CZ","Pardubický kraj","CZ053","","","Rodinné domy [Kč/m2]","10302","2023","2023","41763"
"Průměrná jednotková kupní cena nemovitosti","7432","10 000 - 49 999 obyv.","441000645000000","Česko","CZ","Pardubický kraj","CZ053","","","Rodinné domy [Kč/m2]","10302","2021-2023","2021-2023","39920"
"Průměrná jednotková kupní cena nemovitosti","7432","10 000 - 49 999 obyv.","441000645000000","Česko","CZ","Pardubický kraj","CZ053","","","Rodinné domy [Kč/m2]","10302","2024","2024","47241"
"Průměrná jednotková kupní cena nemovitosti","7432","10 000 - 49 999 obyv.","441000645000000","Česko","CZ","Pardubický kraj","CZ053","","","Rodinné domy [Kč/m2]","10302","2022-2024","2022-2024","44013"
"Průměrná jednotková kupní cena nemovitosti","7432","10 000 - 49 999 obyv.","441000645000000","Česko","CZ","Pardubický kraj","CZ053","","","Rodinné domy [Kč/m2]","10302","2025","2025","50871"
"Průměrná jednotková kupní cena nemovitosti","7432","10 000 - 49 999 obyv.","441000645000000","Česko","CZ","Pardubický kraj","CZ053","","","Byty [Kč/m2]","10602","2019","2019","26996"
"Průměrná jednotková kupní cena nemovitosti","7432","10 000 - 49 999 obyv.","441000645000000","Česko","CZ","Pardubický kraj","CZ053","","","Byty [Kč/m2]","10602","2020","2020","31478"
"Průměrná jednotková kupní cena nemovitosti","7432","10 000 - 49 999 obyv.","441000645000000","Česko","CZ","Pardubický kraj","CZ053","","","Byty [Kč/m2]","10602","2021","2021","40864"
"Průměrná jednotková kupní cena nemovitosti","7432","10 000 - 49 999 obyv.","441000645000000","Česko","CZ","Pardubický kraj","CZ053","","","Byty [Kč/m2]","10602","2019-2021","2019-2021","33334"
"Průměrná jednotková kupní cena nemovitosti","7432","10 000 - 49 999 obyv.","441000645000000","Česko","CZ","Pardubický kraj","CZ053","","","Byty [Kč/m2]","10602","2022","2022","44801"
"Průměrná jednotková kupní cena nemovitosti","7432","10 000 - 49 999 obyv.","441000645000000","Česko","CZ","Pardubický kraj","CZ053","","","Byty [Kč/m2]","10602","2020-2022","2020-2022","38084"
"Průměrná jednotková kupní cena nemovitosti","7432","10 000 - 49 999 obyv.","441000645000000","Česko","CZ","Pardubický kraj","CZ053","","","Byty [Kč/m2]","10602","2023","2023","43025"
"Průměrná jednotková kupní cena nemovitosti","7432","10 000 - 49 999 obyv.","441000645000000","Česko","CZ","Pardubický kraj","CZ053","","","Byty [Kč/m2]","10602","2021-2023","2021-2023","42597"
"Průměrná jednotková kupní cena nemovitosti","7432","10 000 - 49 999 obyv.","441000645000000","Česko","CZ","Pardubický kraj","CZ053","","","Byty [Kč/m2]","10602","2024","2024","45480"
"Průměrná jednotková kupní cena nemovitosti","7432","10 000 - 49 999 obyv.","441000645000000","Česko","CZ","Pardubický kraj","CZ053","","","Byty [Kč/m2]","10602","2022-2024","2022-2024","44581"
"Průměrná jednotková kupní cena nemovitosti","7432","10 000 - 49 999 obyv.","441000645000000","Česko","CZ","Pardubický kraj","CZ053","","","Byty [Kč/m2]","10602","2025","2025","50227"
"Průměrná jednotková kupní cena nemovitosti","7432","10 000 - 49 999 obyv.","441000645000000","Česko","CZ","Kraj Vysočina","CZ063","","","Rodinné domy [Kč/m2]","10302","2019","2019","32718"
"Průměrná jednotková kupní cena nemovitosti","7432","10 000 - 49 999 obyv.","441000645000000","Česko","CZ","Kraj Vysočina","CZ063","","","Rodinné domy [Kč/m2]","10302","2020","2020","32458"
"Průměrná jednotková kupní cena nemovitosti","7432","10 000 - 49 999 obyv.","441000645000000","Česko","CZ","Kraj Vysočina","CZ063","","","Rodinné domy [Kč/m2]","10302","2021","2021","37963"
"Průměrná jednotková kupní cena nemovitosti","7432","10 000 - 49 999 obyv.","441000645000000","Česko","CZ","Kraj Vysočina","CZ063","","","Rodinné domy [Kč/m2]","10302","2019-2021","2019-2021","34864"
"Průměrná jednotková kupní cena nemovitosti","7432","10 000 - 49 999 obyv.","441000645000000","Česko","CZ","Kraj Vysočina","CZ063","","","Rodinné domy [Kč/m2]","10302","2022","2022","43163"
"Průměrná jednotková kupní cena nemovitosti","7432","10 000 - 49 999 obyv.","441000645000000","Česko","CZ","Kraj Vysočina","CZ063","","","Rodinné domy [Kč/m2]","10302","2020-2022","2020-2022","37390"
"Průměrná jednotková kupní cena nemovitosti","7432","10 000 - 49 999 obyv.","441000645000000","Česko","CZ","Kraj Vysočina","CZ063","","","Rodinné domy [Kč/m2]","10302","2023","2023","42858"
"Průměrná jednotková kupní cena nemovitosti","7432","10 000 - 49 999 obyv.","441000645000000","Česko","CZ","Kraj Vysočina","CZ063","","","Rodinné domy [Kč/m2]","10302","2021-2023","2021-2023","40964"
"Průměrná jednotková kupní cena nemovitosti","7432","10 000 - 49 999 obyv.","441000645000000","Česko","CZ","Kraj Vysočina","CZ063","","","Rodinné domy [Kč/m2]","10302","2024","2024","51333"
"Průměrná jednotková kupní cena nemovitosti","7432","10 000 - 49 999 obyv.","441000645000000","Česko","CZ","Kraj Vysočina","CZ063","","","Rodinné domy [Kč/m2]","10302","2022-2024","2022-2024","46589"
"Průměrná jednotková kupní cena nemovitosti","7432","10 000 - 49 999 obyv.","441000645000000","Česko","CZ","Kraj Vysočina","CZ063","","","Rodinné domy [Kč/m2]","10302","2025","2025","55721"
"Průměrná jednotková kupní cena nemovitosti","7432","10 000 - 49 999 obyv.","441000645000000","Česko","CZ","Kraj Vysočina","CZ063","","","Byty [Kč/m2]","10602","2019","2019","29172"
"Průměrná jednotková kupní cena nemovitosti","7432","10 000 - 49 999 obyv.","441000645000000","Česko","CZ","Kraj Vysočina","CZ063","","","Byty [Kč/m2]","10602","2020","2020","34209"
"Průměrná jednotková kupní cena nemovitosti","7432","10 000 - 49 999 obyv.","441000645000000","Česko","CZ","Kraj Vysočina","CZ063","","","Byty [Kč/m2]","10602","2021","2021","42767"
"Průměrná jednotková kupní cena nemovitosti","7432","10 000 - 49 999 obyv.","441000645000000","Česko","CZ","Kraj Vysočina","CZ063","","","Byty [Kč/m2]","10602","2019-2021","2019-2021","35326"
"Průměrná jednotková kupní cena nemovitosti","7432","10 000 - 49 999 obyv.","441000645000000","Česko","CZ","Kraj Vysočina","CZ063","","","Byty [Kč/m2]","10602","2022","2022","51325"
"Průměrná jednotková kupní cena nemovitosti","7432","10 000 - 49 999 obyv.","441000645000000","Česko","CZ","Kraj Vysočina","CZ063","","","Byty [Kč/m2]","10602","2020-2022","2020-2022","42205"
"Průměrná jednotková kupní cena nemovitosti","7432","10 000 - 49 999 obyv.","441000645000000","Česko","CZ","Kraj Vysočina","CZ063","","","Byty [Kč/m2]","10602","2023","2023","47041"
"Průměrná jednotková kupní cena nemovitosti","7432","10 000 - 49 999 obyv.","441000645000000","Česko","CZ","Kraj Vysočina","CZ063","","","Byty [Kč/m2]","10602","2021-2023","2021-2023","46649"
"Průměrná jednotková kupní cena nemovitosti","7432","10 000 - 49 999 obyv.","441000645000000","Česko","CZ","Kraj Vysočina","CZ063","","","Byty [Kč/m2]","10602","2024","2024","51873"
"Průměrná jednotková kupní cena nemovitosti","7432","10 000 - 49 999 obyv.","441000645000000","Česko","CZ","Kraj Vysočina","CZ063","","","Byty [Kč/m2]","10602","2022-2024","2022-2024","50169"
"Průměrná jednotková kupní cena nemovitosti","7432","10 000 - 49 999 obyv.","441000645000000","Česko","CZ","Kraj Vysočina","CZ063","","","Byty [Kč/m2]","10602","2025","2025","60061"
"Průměrná jednotková kupní cena nemovitosti","7432","10 000 - 49 999 obyv.","441000645000000","Česko","CZ","Jihomoravský kraj","CZ064","","","Rodinné domy [Kč/m2]","10302","2019","2019","31361"
"Průměrná jednotková kupní cena nemovitosti","7432","10 000 - 49 999 obyv.","441000645000000","Česko","CZ","Jihomoravský kraj","CZ064","","","Rodinné domy [Kč/m2]","10302","2020","2020","34533"
"Průměrná jednotková kupní cena nemovitosti","7432","10 000 - 49 999 obyv.","441000645000000","Česko","CZ","Jihomoravský kraj","CZ064","","","Rodinné domy [Kč/m2]","10302","2021","2021","37589"
"Průměrná jednotková kupní cena nemovitosti","7432","10 000 - 49 999 obyv.","441000645000000","Česko","CZ","Jihomoravský kraj","CZ064","","","Rodinné domy [Kč/m2]","10302","2019-2021","2019-2021","34070"
"Průměrná jednotková kupní cena nemovitosti","7432","10 000 - 49 999 obyv.","441000645000000","Česko","CZ","Jihomoravský kraj","CZ064","","","Rodinné domy [Kč/m2]","10302","2022","2022","41112"
"Průměrná jednotková kupní cena nemovitosti","7432","10 000 - 49 999 obyv.","441000645000000","Česko","CZ","Jihomoravský kraj","CZ064","","","Rodinné domy [Kč/m2]","10302","2020-2022","2020-2022","37379"
"Průměrná jednotková kupní cena nemovitosti","7432","10 000 - 49 999 obyv.","441000645000000","Česko","CZ","Jihomoravský kraj","CZ064","","","Rodinné domy [Kč/m2]","10302","2023","2023","47358"
"Průměrná jednotková kupní cena nemovitosti","7432","10 000 - 49 999 obyv.","441000645000000","Česko","CZ","Jihomoravský kraj","CZ064","","","Rodinné domy [Kč/m2]","10302","2021-2023","2021-2023","41372"
"Průměrná jednotková kupní cena nemovitosti","7432","10 000 - 49 999 obyv.","441000645000000","Česko","CZ","Jihomoravský kraj","CZ064","","","Rodinné domy [Kč/m2]","10302","2024","2024","53850"
"Průměrná jednotková kupní cena nemovitosti","7432","10 000 - 49 999 obyv.","441000645000000","Česko","CZ","Jihomoravský kraj","CZ064","","","Rodinné domy [Kč/m2]","10302","2022-2024","2022-2024","47441"
"Průměrná jednotková kupní cena nemovitosti","7432","10 000 - 49 999 obyv.","441000645000000","Česko","CZ","Jihomoravský kraj","CZ064","","","Rodinné domy [Kč/m2]","10302","2025","2025","51593"
"Průměrná jednotková kupní cena nemovitosti","7432","10 000 - 49 999 obyv.","441000645000000","Česko","CZ","Jihomoravský kraj","CZ064","","","Byty [Kč/m2]","10602","2019","2019","28790"
"Průměrná jednotková kupní cena nemovitosti","7432","10 000 - 49 999 obyv.","441000645000000","Česko","CZ","Jihomoravský kraj","CZ064","","","Byty [Kč/m2]","10602","2020","2020","34428"
"Průměrná jednotková kupní cena nemovitosti","7432","10 000 - 49 999 obyv.","441000645000000","Česko","CZ","Jihomoravský kraj","CZ064","","","Byty [Kč/m2]","10602","2021","2021","42935"
"Průměrná jednotková kupní cena nemovitosti","7432","10 000 - 49 999 obyv.","441000645000000","Česko","CZ","Jihomoravský kraj","CZ064","","","Byty [Kč/m2]","10602","2019-2021","2019-2021","35379"
"Průměrná jednotková kupní cena nemovitosti","7432","10 000 - 49 999 obyv.","441000645000000","Česko","CZ","Jihomoravský kraj","CZ064","","","Byty [Kč/m2]","10602","2022","2022","52258"
"Průměrná jednotková kupní cena nemovitosti","7432","10 000 - 49 999 obyv.","441000645000000","Česko","CZ","Jihomoravský kraj","CZ064","","","Byty [Kč/m2]","10602","2020-2022","2020-2022","42270"
"Průměrná jednotková kupní cena nemovitosti","7432","10 000 - 49 999 obyv.","441000645000000","Česko","CZ","Jihomoravský kraj","CZ064","","","Byty [Kč/m2]","10602","2023","2023","48576"
"Průměrná jednotková kupní cena nemovitosti","7432","10 000 - 49 999 obyv.","441000645000000","Česko","CZ","Jihomoravský kraj","CZ064","","","Byty [Kč/m2]","10602","2021-2023","2021-2023","47380"
"Průměrná jednotková kupní cena nemovitosti","7432","10 000 - 49 999 obyv.","441000645000000","Česko","CZ","Jihomoravský kraj","CZ064","","","Byty [Kč/m2]","10602","2024","2024","51298"
"Průměrná jednotková kupní cena nemovitosti","7432","10 000 - 49 999 obyv.","441000645000000","Česko","CZ","Jihomoravský kraj","CZ064","","","Byty [Kč/m2]","10602","2022-2024","2022-2024","50685"
"Průměrná jednotková kupní cena nemovitosti","7432","10 000 - 49 999 obyv.","441000645000000","Česko","CZ","Jihomoravský kraj","CZ064","","","Byty [Kč/m2]","10602","2025","2025","58390"
"Průměrná jednotková kupní cena nemovitosti","7432","10 000 - 49 999 obyv.","441000645000000","Česko","CZ","Olomoucký kraj","CZ071","","","Rodinné domy [Kč/m2]","10302","2019","2019","29014"
"Průměrná jednotková kupní cena nemovitosti","7432","10 000 - 49 999 obyv.","441000645000000","Česko","CZ","Olomoucký kraj","CZ071","","","Rodinné domy [Kč/m2]","10302","2020","2020","28370"
"Průměrná jednotková kupní cena nemovitosti","7432","10 000 - 49 999 obyv.","441000645000000","Česko","CZ","Olomoucký kraj","CZ071","","","Rodinné domy [Kč/m2]","10302","2021","2021","33944"
"Průměrná jednotková kupní cena nemovitosti","7432","10 000 - 49 999 obyv.","441000645000000","Česko","CZ","Olomoucký kraj","CZ071","","","Rodinné domy [Kč/m2]","10302","2019-2021","2019-2021","30985"
"Průměrná jednotková kupní cena nemovitosti","7432","10 000 - 49 999 obyv.","441000645000000","Česko","CZ","Olomoucký kraj","CZ071","","","Rodinné domy [Kč/m2]","10302","2022","2022","41193"
"Průměrná jednotková kupní cena nemovitosti","7432","10 000 - 49 999 obyv.","441000645000000","Česko","CZ","Olomoucký kraj","CZ071","","","Rodinné domy [Kč/m2]","10302","2020-2022","2020-2022","34190"
"Průměrná jednotková kupní cena nemovitosti","7432","10 000 - 49 999 obyv.","441000645000000","Česko","CZ","Olomoucký kraj","CZ071","","","Rodinné domy [Kč/m2]","10302","2023","2023","41379"
"Průměrná jednotková kupní cena nemovitosti","7432","10 000 - 49 999 obyv.","441000645000000","Česko","CZ","Olomoucký kraj","CZ071","","","Rodinné domy [Kč/m2]","10302","2021-2023","2021-2023","37948"
"Průměrná jednotková kupní cena nemovitosti","7432","10 000 - 49 999 obyv.","441000645000000","Česko","CZ","Olomoucký kraj","CZ071","","","Rodinné domy [Kč/m2]","10302","2024","2024","44944"
"Průměrná jednotková kupní cena nemovitosti","7432","10 000 - 49 999 obyv.","441000645000000","Česko","CZ","Olomoucký kraj","CZ071","","","Rodinné domy [Kč/m2]","10302","2022-2024","2022-2024","42782"
"Průměrná jednotková kupní cena nemovitosti","7432","10 000 - 49 999 obyv.","441000645000000","Česko","CZ","Olomoucký kraj","CZ071","","","Rodinné domy [Kč/m2]","10302","2025","2025","45020"
"Průměrná jednotková kupní cena nemovitosti","7432","10 000 - 49 999 obyv.","441000645000000","Česko","CZ","Olomoucký kraj","CZ071","","","Byty [Kč/m2]","10602","2019","2019","24229"
"Průměrná jednotková kupní cena nemovitosti","7432","10 000 - 49 999 obyv.","441000645000000","Česko","CZ","Olomoucký kraj","CZ071","","","Byty [Kč/m2]","10602","2020","2020","28319"
"Průměrná jednotková kupní cena nemovitosti","7432","10 000 - 49 999 obyv.","441000645000000","Česko","CZ","Olomoucký kraj","CZ071","","","Byty [Kč/m2]","10602","2021","2021","36154"
"Průměrná jednotková kupní cena nemovitosti","7432","10 000 - 49 999 obyv.","441000645000000","Česko","CZ","Olomoucký kraj","CZ071","","","Byty [Kč/m2]","10602","2019-2021","2019-2021","29995"
"Průměrná jednotková kupní cena nemovitosti","7432","10 000 - 49 999 obyv.","441000645000000","Česko","CZ","Olomoucký kraj","CZ071","","","Byty [Kč/m2]","10602","2022","2022","44925"
"Průměrná jednotková kupní cena nemovitosti","7432","10 000 - 49 999 obyv.","441000645000000","Česko","CZ","Olomoucký kraj","CZ071","","","Byty [Kč/m2]","10602","2020-2022","2020-2022","36027"
"Průměrná jednotková kupní cena nemovitosti","7432","10 000 - 49 999 obyv.","441000645000000","Česko","CZ","Olomoucký kraj","CZ071","","","Byty [Kč/m2]","10602","2023","2023","40950"
"Průměrná jednotková kupní cena nemovitosti","7432","10 000 - 49 999 obyv.","441000645000000","Česko","CZ","Olomoucký kraj","CZ071","","","Byty [Kč/m2]","10602","2021-2023","2021-2023","40193"
"Průměrná jednotková kupní cena nemovitosti","7432","10 000 - 49 999 obyv.","441000645000000","Česko","CZ","Olomoucký kraj","CZ071","","","Byty [Kč/m2]","10602","2024","2024","44222"
"Průměrná jednotková kupní cena nemovitosti","7432","10 000 - 49 999 obyv.","441000645000000","Česko","CZ","Olomoucký kraj","CZ071","","","Byty [Kč/m2]","10602","2022-2024","2022-2024","43493"
"Průměrná jednotková kupní cena nemovitosti","7432","10 000 - 49 999 obyv.","441000645000000","Česko","CZ","Olomoucký kraj","CZ071","","","Byty [Kč/m2]","10602","2025","2025","51611"
"Průměrná jednotková kupní cena nemovitosti","7432","10 000 - 49 999 obyv.","441000645000000","Česko","CZ","Zlínský kraj","CZ072","","","Rodinné domy [Kč/m2]","10302","2019","2019","27202"
"Průměrná jednotková kupní cena nemovitosti","7432","10 000 - 49 999 obyv.","441000645000000","Česko","CZ","Zlínský kraj","CZ072","","","Rodinné domy [Kč/m2]","10302","2020","2020","32281"
"Průměrná jednotková kupní cena nemovitosti","7432","10 000 - 49 999 obyv.","441000645000000","Česko","CZ","Zlínský kraj","CZ072","","","Rodinné domy [Kč/m2]","10302","2021","2021","34083"
"Průměrná jednotková kupní cena nemovitosti","7432","10 000 - 49 999 obyv.","441000645000000","Česko","CZ","Zlínský kraj","CZ072","","","Rodinné domy [Kč/m2]","10302","2019-2021","2019-2021","31105"
"Průměrná jednotková kupní cena nemovitosti","7432","10 000 - 49 999 obyv.","441000645000000","Česko","CZ","Zlínský kraj","CZ072","","","Rodinné domy [Kč/m2]","10302","2022","2022","43050"
"Průměrná jednotková kupní cena nemovitosti","7432","10 000 - 49 999 obyv.","441000645000000","Česko","CZ","Zlínský kraj","CZ072","","","Rodinné domy [Kč/m2]","10302","2020-2022","2020-2022","35547"
"Průměrná jednotková kupní cena nemovitosti","7432","10 000 - 49 999 obyv.","441000645000000","Česko","CZ","Zlínský kraj","CZ072","","","Rodinné domy [Kč/m2]","10302","2023","2023","39195"
"Průměrná jednotková kupní cena nemovitosti","7432","10 000 - 49 999 obyv.","441000645000000","Česko","CZ","Zlínský kraj","CZ072","","","Rodinné domy [Kč/m2]","10302","2021-2023","2021-2023","38437"
"Průměrná jednotková kupní cena nemovitosti","7432","10 000 - 49 999 obyv.","441000645000000","Česko","CZ","Zlínský kraj","CZ072","","","Rodinné domy [Kč/m2]","10302","2024","2024","45697"
"Průměrná jednotková kupní cena nemovitosti","7432","10 000 - 49 999 obyv.","441000645000000","Česko","CZ","Zlínský kraj","CZ072","","","Rodinné domy [Kč/m2]","10302","2022-2024","2022-2024","43161"
"Průměrná jednotková kupní cena nemovitosti","7432","10 000 - 49 999 obyv.","441000645000000","Česko","CZ","Zlínský kraj","CZ072","","","Rodinné domy [Kč/m2]","10302","2025","2025","47811"
"Průměrná jednotková kupní cena nemovitosti","7432","10 000 - 49 999 obyv.","441000645000000","Česko","CZ","Zlínský kraj","CZ072","","","Byty [Kč/m2]","10602","2019","2019","28491"
"Průměrná jednotková kupní cena nemovitosti","7432","10 000 - 49 999 obyv.","441000645000000","Česko","CZ","Zlínský kraj","CZ072","","","Byty [Kč/m2]","10602","2020","2020","32362"
"Průměrná jednotková kupní cena nemovitosti","7432","10 000 - 49 999 obyv.","441000645000000","Česko","CZ","Zlínský kraj","CZ072","","","Byty [Kč/m2]","10602","2021","2021","39856"
"Průměrná jednotková kupní cena nemovitosti","7432","10 000 - 49 999 obyv.","441000645000000","Česko","CZ","Zlínský kraj","CZ072","","","Byty [Kč/m2]","10602","2019-2021","2019-2021","33747"
"Průměrná jednotková kupní cena nemovitosti","7432","10 000 - 49 999 obyv.","441000645000000","Česko","CZ","Zlínský kraj","CZ072","","","Byty [Kč/m2]","10602","2022","2022","49195"
"Průměrná jednotková kupní cena nemovitosti","7432","10 000 - 49 999 obyv.","441000645000000","Česko","CZ","Zlínský kraj","CZ072","","","Byty [Kč/m2]","10602","2020-2022","2020-2022","39738"
"Průměrná jednotková kupní cena nemovitosti","7432","10 000 - 49 999 obyv.","441000645000000","Česko","CZ","Zlínský kraj","CZ072","","","Byty [Kč/m2]","10602","2023","2023","46663"
"Průměrná jednotková kupní cena nemovitosti","7432","10 000 - 49 999 obyv.","441000645000000","Česko","CZ","Zlínský kraj","CZ072","","","Byty [Kč/m2]","10602","2021-2023","2021-2023","44769"
"Průměrná jednotková kupní cena nemovitosti","7432","10 000 - 49 999 obyv.","441000645000000","Česko","CZ","Zlínský kraj","CZ072","","","Byty [Kč/m2]","10602","2024","2024","49470"
"Průměrná jednotková kupní cena nemovitosti","7432","10 000 - 49 999 obyv.","441000645000000","Česko","CZ","Zlínský kraj","CZ072","","","Byty [Kč/m2]","10602","2022-2024","2022-2024","48474"
"Průměrná jednotková kupní cena nemovitosti","7432","10 000 - 49 999 obyv.","441000645000000","Česko","CZ","Zlínský kraj","CZ072","","","Byty [Kč/m2]","10602","2025","2025","57195"
"Průměrná jednotková kupní cena nemovitosti","7432","10 000 - 49 999 obyv.","441000645000000","Česko","CZ","Moravskoslezský kraj","CZ080","","","Rodinné domy [Kč/m2]","10302","2019","2019","28179"
"Průměrná jednotková kupní cena nemovitosti","7432","10 000 - 49 999 obyv.","441000645000000","Česko","CZ","Moravskoslezský kraj","CZ080","","","Rodinné domy [Kč/m2]","10302","2020","2020","29467"
"Průměrná jednotková kupní cena nemovitosti","7432","10 000 - 49 999 obyv.","441000645000000","Česko","CZ","Moravskoslezský kraj","CZ080","","","Rodinné domy [Kč/m2]","10302","2021","2021","33690"
"Průměrná jednotková kupní cena nemovitosti","7432","10 000 - 49 999 obyv.","441000645000000","Česko","CZ","Moravskoslezský kraj","CZ080","","","Rodinné domy [Kč/m2]","10302","2019-2021","2019-2021","30452"
"Průměrná jednotková kupní cena nemovitosti","7432","10 000 - 49 999 obyv.","441000645000000","Česko","CZ","Moravskoslezský kraj","CZ080","","","Rodinné domy [Kč/m2]","10302","2022","2022","38479"
"Průměrná jednotková kupní cena nemovitosti","7432","10 000 - 49 999 obyv.","441000645000000","Česko","CZ","Moravskoslezský kraj","CZ080","","","Rodinné domy [Kč/m2]","10302","2020-2022","2020-2022","33673"
"Průměrná jednotková kupní cena nemovitosti","7432","10 000 - 49 999 obyv.","441000645000000","Česko","CZ","Moravskoslezský kraj","CZ080","","","Rodinné domy [Kč/m2]","10302","2023","2023","39984"
"Průměrná jednotková kupní cena nemovitosti","7432","10 000 - 49 999 obyv.","441000645000000","Česko","CZ","Moravskoslezský kraj","CZ080","","","Rodinné domy [Kč/m2]","10302","2021-2023","2021-2023","37113"
"Průměrná jednotková kupní cena nemovitosti","7432","10 000 - 49 999 obyv.","441000645000000","Česko","CZ","Moravskoslezský kraj","CZ080","","","Rodinné domy [Kč/m2]","10302","2024","2024","42669"
"Průměrná jednotková kupní cena nemovitosti","7432","10 000 - 49 999 obyv.","441000645000000","Česko","CZ","Moravskoslezský kraj","CZ080","","","Rodinné domy [Kč/m2]","10302","2022-2024","2022-2024","40519"
"Průměrná jednotková kupní cena nemovitosti","7432","10 000 - 49 999 obyv.","441000645000000","Česko","CZ","Moravskoslezský kraj","CZ080","","","Rodinné domy [Kč/m2]","10302","2025","2025","43882"
"Průměrná jednotková kupní cena nemovitosti","7432","10 000 - 49 999 obyv.","441000645000000","Česko","CZ","Moravskoslezský kraj","CZ080","","","Byty [Kč/m2]","10602","2019","2019","19909"
"Průměrná jednotková kupní cena nemovitosti","7432","10 000 - 49 999 obyv.","441000645000000","Česko","CZ","Moravskoslezský kraj","CZ080","","","Byty [Kč/m2]","10602","2020","2020","22180"
"Průměrná jednotková kupní cena nemovitosti","7432","10 000 - 49 999 obyv.","441000645000000","Česko","CZ","Moravskoslezský kraj","CZ080","","","Byty [Kč/m2]","10602","2021","2021","28731"
"Průměrná jednotková kupní cena nemovitosti","7432","10 000 - 49 999 obyv.","441000645000000","Česko","CZ","Moravskoslezský kraj","CZ080","","","Byty [Kč/m2]","10602","2019-2021","2019-2021","24094"
"Průměrná jednotková kupní cena nemovitosti","7432","10 000 - 49 999 obyv.","441000645000000","Česko","CZ","Moravskoslezský kraj","CZ080","","","Byty [Kč/m2]","10602","2022","2022","36044"
"Průměrná jednotková kupní cena nemovitosti","7432","10 000 - 49 999 obyv.","441000645000000","Česko","CZ","Moravskoslezský kraj","CZ080","","","Byty [Kč/m2]","10602","2020-2022","2020-2022","29096"
"Průměrná jednotková kupní cena nemovitosti","7432","10 000 - 49 999 obyv.","441000645000000","Česko","CZ","Moravskoslezský kraj","CZ080","","","Byty [Kč/m2]","10602","2023","2023","32372"
"Průměrná jednotková kupní cena nemovitosti","7432","10 000 - 49 999 obyv.","441000645000000","Česko","CZ","Moravskoslezský kraj","CZ080","","","Byty [Kč/m2]","10602","2021-2023","2021-2023","32175"
"Průměrná jednotková kupní cena nemovitosti","7432","10 000 - 49 999 obyv.","441000645000000","Česko","CZ","Moravskoslezský kraj","CZ080","","","Byty [Kč/m2]","10602","2024","2024","35296"
"Průměrná jednotková kupní cena nemovitosti","7432","10 000 - 49 999 obyv.","441000645000000","Česko","CZ","Moravskoslezský kraj","CZ080","","","Byty [Kč/m2]","10602","2022-2024","2022-2024","34654"
"Průměrná jednotková kupní cena nemovitosti","7432","10 000 - 49 999 obyv.","441000645000000","Česko","CZ","Moravskoslezský kraj","CZ080","","","Byty [Kč/m2]","10602","2025","2025","41050"
"Průměrná jednotková kupní cena nemovitosti","7432","10 000 - 49 999 obyv.","441000645000000","Česko","CZ","Středočeský kraj","CZ020","Benešov","CZ0201","Rodinné domy [Kč/m2]","10302","2019-2021","2019-2021","39274"
"Průměrná jednotková kupní cena nemovitosti","7432","10 000 - 49 999 obyv.","441000645000000","Česko","CZ","Středočeský kraj","CZ020","Benešov","CZ0201","Rodinné domy [Kč/m2]","10302","2020-2022","2020-2022","43909"
"Průměrná jednotková kupní cena nemovitosti","7432","10 000 - 49 999 obyv.","441000645000000","Česko","CZ","Středočeský kraj","CZ020","Benešov","CZ0201","Rodinné domy [Kč/m2]","10302","2021-2023","2021-2023","44814"
"Průměrná jednotková kupní cena nemovitosti","7432","10 000 - 49 999 obyv.","441000645000000","Česko","CZ","Středočeský kraj","CZ020","Benešov","CZ0201","Rodinné domy [Kč/m2]","10302","2022-2024","2022-2024","51698"
"Průměrná jednotková kupní cena nemovitosti","7432","10 000 - 49 999 obyv.","441000645000000","Česko","CZ","Středočeský kraj","CZ020","Benešov","CZ0201","Byty [Kč/m2]","10602","2019-2021","2019-2021","39856"
"Průměrná jednotková kupní cena nemovitosti","7432","10 000 - 49 999 obyv.","441000645000000","Česko","CZ","Středočeský kraj","CZ020","Benešov","CZ0201","Byty [Kč/m2]","10602","2020-2022","2020-2022","45495"
"Průměrná jednotková kupní cena nemovitosti","7432","10 000 - 49 999 obyv.","441000645000000","Česko","CZ","Středočeský kraj","CZ020","Benešov","CZ0201","Byty [Kč/m2]","10602","2021-2023","2021-2023","50264"
"Průměrná jednotková kupní cena nemovitosti","7432","10 000 - 49 999 obyv.","441000645000000","Česko","CZ","Středočeský kraj","CZ020","Benešov","CZ0201","Byty [Kč/m2]","10602","2022-2024","2022-2024","55109"
"Průměrná jednotková kupní cena nemovitosti","7432","10 000 - 49 999 obyv.","441000645000000","Česko","CZ","Středočeský kraj","CZ020","Beroun","CZ0202","Rodinné domy [Kč/m2]","10302","2019-2021","2019-2021","48135"
"Průměrná jednotková kupní cena nemovitosti","7432","10 000 - 49 999 obyv.","441000645000000","Česko","CZ","Středočeský kraj","CZ020","Beroun","CZ0202","Rodinné domy [Kč/m2]","10302","2020-2022","2020-2022","50206"
"Průměrná jednotková kupní cena nemovitosti","7432","10 000 - 49 999 obyv.","441000645000000","Česko","CZ","Středočeský kraj","CZ020","Beroun","CZ0202","Rodinné domy [Kč/m2]","10302","2022-2024","2022-2024","59720"
"Průměrná jednotková kupní cena nemovitosti","7432","10 000 - 49 999 obyv.","441000645000000","Česko","CZ","Středočeský kraj","CZ020","Beroun","CZ0202","Byty [Kč/m2]","10602","2019-2021","2019-2021","42153"
"Průměrná jednotková kupní cena nemovitosti","7432","10 000 - 49 999 obyv.","441000645000000","Česko","CZ","Středočeský kraj","CZ020","Beroun","CZ0202","Byty [Kč/m2]","10602","2020-2022","2020-2022","47787"
"Průměrná jednotková kupní cena nemovitosti","7432","10 000 - 49 999 obyv.","441000645000000","Česko","CZ","Středočeský kraj","CZ020","Beroun","CZ0202","Byty [Kč/m2]","10602","2021-2023","2021-2023","54343"
"Průměrná jednotková kupní cena nemovitosti","7432","10 000 - 49 999 obyv.","441000645000000","Česko","CZ","Středočeský kraj","CZ020","Beroun","CZ0202","Byty [Kč/m2]","10602","2022-2024","2022-2024","62818"
"Průměrná jednotková kupní cena nemovitosti","7432","10 000 - 49 999 obyv.","441000645000000","Česko","CZ","Středočeský kraj","CZ020","Kladno","CZ0203","Rodinné domy [Kč/m2]","10302","2019-2021","2019-2021","34674"
"Průměrná jednotková kupní cena nemovitosti","7432","10 000 - 49 999 obyv.","441000645000000","Česko","CZ","Středočeský kraj","CZ020","Kladno","CZ0203","Rodinné domy [Kč/m2]","10302","2020-2022","2020-2022","39683"
"Průměrná jednotková kupní cena nemovitosti","7432","10 000 - 49 999 obyv.","441000645000000","Česko","CZ","Středočeský kraj","CZ020","Kladno","CZ0203","Rodinné domy [Kč/m2]","10302","2021-2023","2021-2023","43472"
"Průměrná jednotková kupní cena nemovitosti","7432","10 000 - 49 999 obyv.","441000645000000","Česko","CZ","Středočeský kraj","CZ020","Kladno","CZ0203","Rodinné domy [Kč/m2]","10302","2022-2024","2022-2024","53192"
"Průměrná jednotková kupní cena nemovitosti","7432","10 000 - 49 999 obyv.","441000645000000","Česko","CZ","Středočeský kraj","CZ020","Kladno","CZ0203","Byty [Kč/m2]","10602","2019-2021","2019-2021","41758"
"Průměrná jednotková kupní cena nemovitosti","7432","10 000 - 49 999 obyv.","441000645000000","Česko","CZ","Středočeský kraj","CZ020","Kladno","CZ0203","Byty [Kč/m2]","10602","2020-2022","2020-2022","47766"
"Průměrná jednotková kupní cena nemovitosti","7432","10 000 - 49 999 obyv.","441000645000000","Česko","CZ","Středočeský kraj","CZ020","Kladno","CZ0203","Byty [Kč/m2]","10602","2021-2023","2021-2023","52344"
"Průměrná jednotková kupní cena nemovitosti","7432","10 000 - 49 999 obyv.","441000645000000","Česko","CZ","Středočeský kraj","CZ020","Kladno","CZ0203","Byty [Kč/m2]","10602","2022-2024","2022-2024","55643"
"Průměrná jednotková kupní cena nemovitosti","7432","10 000 - 49 999 obyv.","441000645000000","Česko","CZ","Středočeský kraj","CZ020","Kolín","CZ0204","Rodinné domy [Kč/m2]","10302","2019-2021","2019-2021","36259"
"Průměrná jednotková kupní cena nemovitosti","7432","10 000 - 49 999 obyv.","441000645000000","Česko","CZ","Středočeský kraj","CZ020","Kolín","CZ0204","Rodinné domy [Kč/m2]","10302","2020-2022","2020-2022","40086"
"Průměrná jednotková kupní cena nemovitosti","7432","10 000 - 49 999 obyv.","441000645000000","Česko","CZ","Středočeský kraj","CZ020","Kolín","CZ0204","Rodinné domy [Kč/m2]","10302","2021-2023","2021-2023","45010"
"Průměrná jednotková kupní cena nemovitosti","7432","10 000 - 49 999 obyv.","441000645000000","Česko","CZ","Středočeský kraj","CZ020","Kolín","CZ0204","Rodinné domy [Kč/m2]","10302","2022-2024","2022-2024","47688"
"Průměrná jednotková kupní cena nemovitosti","7432","10 000 - 49 999 obyv.","441000645000000","Česko","CZ","Středočeský kraj","CZ020","Kolín","CZ0204","Byty [Kč/m2]","10602","2019-2021","2019-2021","39350"
"Průměrná jednotková kupní cena nemovitosti","7432","10 000 - 49 999 obyv.","441000645000000","Česko","CZ","Středočeský kraj","CZ020","Kolín","CZ0204","Byty [Kč/m2]","10602","2020-2022","2020-2022","48740"
"Průměrná jednotková kupní cena nemovitosti","7432","10 000 - 49 999 obyv.","441000645000000","Česko","CZ","Středočeský kraj","CZ020","Kolín","CZ0204","Byty [Kč/m2]","10602","2021-2023","2021-2023","54573"
"Průměrná jednotková kupní cena nemovitosti","7432","10 000 - 49 999 obyv.","441000645000000","Česko","CZ","Středočeský kraj","CZ020","Kolín","CZ0204","Byty [Kč/m2]","10602","2022-2024","2022-2024","58466"
"Průměrná jednotková kupní cena nemovitosti","7432","10 000 - 49 999 obyv.","441000645000000","Česko","CZ","Středočeský kraj","CZ020","Kutná Hora","CZ0205","Rodinné domy [Kč/m2]","10302","2019-2021","2019-2021","41756"
"Průměrná jednotková kupní cena nemovitosti","7432","10 000 - 49 999 obyv.","441000645000000","Česko","CZ","Středočeský kraj","CZ020","Kutná Hora","CZ0205","Rodinné domy [Kč/m2]","10302","2020-2022","2020-2022","43875"
"Průměrná jednotková kupní cena nemovitosti","7432","10 000 - 49 999 obyv.","441000645000000","Česko","CZ","Středočeský kraj","CZ020","Kutná Hora","CZ0205","Rodinné domy [Kč/m2]","10302","2021-2023","2021-2023","46934"
"Průměrná jednotková kupní cena nemovitosti","7432","10 000 - 49 999 obyv.","441000645000000","Česko","CZ","Středočeský kraj","CZ020","Kutná Hora","CZ0205","Rodinné domy [Kč/m2]","10302","2022-2024","2022-2024","52268"
"Průměrná jednotková kupní cena nemovitosti","7432","10 000 - 49 999 obyv.","441000645000000","Česko","CZ","Středočeský kraj","CZ020","Kutná Hora","CZ0205","Byty [Kč/m2]","10602","2019-2021","2019-2021","33802"
"Průměrná jednotková kupní cena nemovitosti","7432","10 000 - 49 999 obyv.","441000645000000","Česko","CZ","Středočeský kraj","CZ020","Kutná Hora","CZ0205","Byty [Kč/m2]","10602","2020-2022","2020-2022","40866"
"Průměrná jednotková kupní cena nemovitosti","7432","10 000 - 49 999 obyv.","441000645000000","Česko","CZ","Středočeský kraj","CZ020","Kutná Hora","CZ0205","Byty [Kč/m2]","10602","2021-2023","2021-2023","45928"
"Průměrná jednotková kupní cena nemovitosti","7432","10 000 - 49 999 obyv.","441000645000000","Česko","CZ","Středočeský kraj","CZ020","Kutná Hora","CZ0205","Byty [Kč/m2]","10602","2022-2024","2022-2024","49646"
"Průměrná jednotková kupní cena nemovitosti","7432","10 000 - 49 999 obyv.","441000645000000","Česko","CZ","Středočeský kraj","CZ020","Mělník","CZ0206","Rodinné domy [Kč/m2]","10302","2019-2021","2019-2021","37097"
"Průměrná jednotková kupní cena nemovitosti","7432","10 000 - 49 999 obyv.","441000645000000","Česko","CZ","Středočeský kraj","CZ020","Mělník","CZ0206","Rodinné domy [Kč/m2]","10302","2020-2022","2020-2022","40638"
"Průměrná jednotková kupní cena nemovitosti","7432","10 000 - 49 999 obyv.","441000645000000","Česko","CZ","Středočeský kraj","CZ020","Mělník","CZ0206","Rodinné domy [Kč/m2]","10302","2021-2023","2021-2023","45947"
"Průměrná jednotková kupní cena nemovitosti","7432","10 000 - 49 999 obyv.","441000645000000","Česko","CZ","Středočeský kraj","CZ020","Mělník","CZ0206","Rodinné domy [Kč/m2]","10302","2022-2024","2022-2024","53426"
"Průměrná jednotková kupní cena nemovitosti","7432","10 000 - 49 999 obyv.","441000645000000","Česko","CZ","Středočeský kraj","CZ020","Mělník","CZ0206","Byty [Kč/m2]","10602","2019-2021","2019-2021","40055"
"Průměrná jednotková kupní cena nemovitosti","7432","10 000 - 49 999 obyv.","441000645000000","Česko","CZ","Středočeský kraj","CZ020","Mělník","CZ0206","Byty [Kč/m2]","10602","2020-2022","2020-2022","49595"
"Průměrná jednotková kupní cena nemovitosti","7432","10 000 - 49 999 obyv.","441000645000000","Česko","CZ","Středočeský kraj","CZ020","Mělník","CZ0206","Byty [Kč/m2]","10602","2021-2023","2021-2023","55193"
"Průměrná jednotková kupní cena nemovitosti","7432","10 000 - 49 999 obyv.","441000645000000","Česko","CZ","Středočeský kraj","CZ020","Mělník","CZ0206","Byty [Kč/m2]","10602","2022-2024","2022-2024","60195"
"Průměrná jednotková kupní cena nemovitosti","7432","10 000 - 49 999 obyv.","441000645000000","Česko","CZ","Středočeský kraj","CZ020","Mladá Boleslav","CZ0207","Rodinné domy [Kč/m2]","10302","2019-2021","2019-2021","44737"
"Průměrná jednotková kupní cena nemovitosti","7432","10 000 - 49 999 obyv.","441000645000000","Česko","CZ","Středočeský kraj","CZ020","Mladá Boleslav","CZ0207","Rodinné domy [Kč/m2]","10302","2020-2022","2020-2022","43765"
"Průměrná jednotková kupní cena nemovitosti","7432","10 000 - 49 999 obyv.","441000645000000","Česko","CZ","Středočeský kraj","CZ020","Mladá Boleslav","CZ0207","Rodinné domy [Kč/m2]","10302","2021-2023","2021-2023","44522"
"Průměrná jednotková kupní cena nemovitosti","7432","10 000 - 49 999 obyv.","441000645000000","Česko","CZ","Středočeský kraj","CZ020","Mladá Boleslav","CZ0207","Rodinné domy [Kč/m2]","10302","2022-2024","2022-2024","49016"
"Průměrná jednotková kupní cena nemovitosti","7432","10 000 - 49 999 obyv.","441000645000000","Česko","CZ","Středočeský kraj","CZ020","Mladá Boleslav","CZ0207","Byty [Kč/m2]","10602","2019-2021","2019-2021","43654"
"Průměrná jednotková kupní cena nemovitosti","7432","10 000 - 49 999 obyv.","441000645000000","Česko","CZ","Středočeský kraj","CZ020","Mladá Boleslav","CZ0207","Byty [Kč/m2]","10602","2020-2022","2020-2022","51205"
"Průměrná jednotková kupní cena nemovitosti","7432","10 000 - 49 999 obyv.","441000645000000","Česko","CZ","Středočeský kraj","CZ020","Mladá Boleslav","CZ0207","Byty [Kč/m2]","10602","2021-2023","2021-2023","56221"
"Průměrná jednotková kupní cena nemovitosti","7432","10 000 - 49 999 obyv.","441000645000000","Česko","CZ","Středočeský kraj","CZ020","Mladá Boleslav","CZ0207","Byty [Kč/m2]","10602","2022-2024","2022-2024","59094"
"Průměrná jednotková kupní cena nemovitosti","7432","10 000 - 49 999 obyv.","441000645000000","Česko","CZ","Středočeský kraj","CZ020","Nymburk","CZ0208","Rodinné domy [Kč/m2]","10302","2019-2021","2019-2021","38049"
"Průměrná jednotková kupní cena nemovitosti","7432","10 000 - 49 999 obyv.","441000645000000","Česko","CZ","Středočeský kraj","CZ020","Nymburk","CZ0208","Rodinné domy [Kč/m2]","10302","2020-2022","2020-2022","42314"
"Průměrná jednotková kupní cena nemovitosti","7432","10 000 - 49 999 obyv.","441000645000000","Česko","CZ","Středočeský kraj","CZ020","Nymburk","CZ0208","Rodinné domy [Kč/m2]","10302","2021-2023","2021-2023","46140"
"Průměrná jednotková kupní cena nemovitosti","7432","10 000 - 49 999 obyv.","441000645000000","Česko","CZ","Středočeský kraj","CZ020","Nymburk","CZ0208","Rodinné domy [Kč/m2]","10302","2022-2024","2022-2024","54345"
"Průměrná jednotková kupní cena nemovitosti","7432","10 000 - 49 999 obyv.","441000645000000","Česko","CZ","Středočeský kraj","CZ020","Nymburk","CZ0208","Byty [Kč/m2]","10602","2019-2021","2019-2021","39813"
"Průměrná jednotková kupní cena nemovitosti","7432","10 000 - 49 999 obyv.","441000645000000","Česko","CZ","Středočeský kraj","CZ020","Nymburk","CZ0208","Byty [Kč/m2]","10602","2020-2022","2020-2022","46201"
"Průměrná jednotková kupní cena nemovitosti","7432","10 000 - 49 999 obyv.","441000645000000","Česko","CZ","Středočeský kraj","CZ020","Nymburk","CZ0208","Byty [Kč/m2]","10602","2021-2023","2021-2023","50421"
"Průměrná jednotková kupní cena nemovitosti","7432","10 000 - 49 999 obyv.","441000645000000","Česko","CZ","Středočeský kraj","CZ020","Nymburk","CZ0208","Byty [Kč/m2]","10602","2022-2024","2022-2024","55963"
"Průměrná jednotková kupní cena nemovitosti","7432","10 000 - 49 999 obyv.","441000645000000","Česko","CZ","Středočeský kraj","CZ020","Praha-východ","CZ0209","Rodinné domy [Kč/m2]","10302","2019-2021","2019-2021","66077"
"Průměrná jednotková kupní cena nemovitosti","7432","10 000 - 49 999 obyv.","441000645000000","Česko","CZ","Středočeský kraj","CZ020","Praha-východ","CZ0209","Rodinné domy [Kč/m2]","10302","2020-2022","2020-2022","76150"
"Průměrná jednotková kupní cena nemovitosti","7432","10 000 - 49 999 obyv.","441000645000000","Česko","CZ","Středočeský kraj","CZ020","Praha-východ","CZ0209","Rodinné domy [Kč/m2]","10302","2021-2023","2021-2023","85054"
"Průměrná jednotková kupní cena nemovitosti","7432","10 000 - 49 999 obyv.","441000645000000","Česko","CZ","Středočeský kraj","CZ020","Praha-východ","CZ0209","Rodinné domy [Kč/m2]","10302","2022-2024","2022-2024","90746"
"Průměrná jednotková kupní cena nemovitosti","7432","10 000 - 49 999 obyv.","441000645000000","Česko","CZ","Středočeský kraj","CZ020","Praha-východ","CZ0209","Byty [Kč/m2]","10602","2019-2021","2019-2021","44258"
"Průměrná jednotková kupní cena nemovitosti","7432","10 000 - 49 999 obyv.","441000645000000","Česko","CZ","Středočeský kraj","CZ020","Praha-východ","CZ0209","Byty [Kč/m2]","10602","2020-2022","2020-2022","53011"
"Průměrná jednotková kupní cena nemovitosti","7432","10 000 - 49 999 obyv.","441000645000000","Česko","CZ","Středočeský kraj","CZ020","Praha-východ","CZ0209","Byty [Kč/m2]","10602","2021-2023","2021-2023","58110"
"Průměrná jednotková kupní cena nemovitosti","7432","10 000 - 49 999 obyv.","441000645000000","Česko","CZ","Středočeský kraj","CZ020","Praha-východ","CZ0209","Byty [Kč/m2]","10602","2022-2024","2022-2024","62033"
"Průměrná jednotková kupní cena nemovitosti","7432","10 000 - 49 999 obyv.","441000645000000","Česko","CZ","Středočeský kraj","CZ020","Příbram","CZ020B","Rodinné domy [Kč/m2]","10302","2019-2021","2019-2021","35311"
"Průměrná jednotková kupní cena nemovitosti","7432","10 000 - 49 999 obyv.","441000645000000","Česko","CZ","Středočeský kraj","CZ020","Příbram","CZ020B","Rodinné domy [Kč/m2]","10302","2020-2022","2020-2022","43800"
"Průměrná jednotková kupní cena nemovitosti","7432","10 000 - 49 999 obyv.","441000645000000","Česko","CZ","Středočeský kraj","CZ020","Příbram","CZ020B","Rodinné domy [Kč/m2]","10302","2021-2023","2021-2023","49186"
"Průměrná jednotková kupní cena nemovitosti","7432","10 000 - 49 999 obyv.","441000645000000","Česko","CZ","Středočeský kraj","CZ020","Příbram","CZ020B","Rodinné domy [Kč/m2]","10302","2022-2024","2022-2024","49038"
"Průměrná jednotková kupní cena nemovitosti","7432","10 000 - 49 999 obyv.","441000645000000","Česko","CZ","Středočeský kraj","CZ020","Příbram","CZ020B","Byty [Kč/m2]","10602","2019-2021","2019-2021","36884"
"Průměrná jednotková kupní cena nemovitosti","7432","10 000 - 49 999 obyv.","441000645000000","Česko","CZ","Středočeský kraj","CZ020","Příbram","CZ020B","Byty [Kč/m2]","10602","2020-2022","2020-2022","44355"
"Průměrná jednotková kupní cena nemovitosti","7432","10 000 - 49 999 obyv.","441000645000000","Česko","CZ","Středočeský kraj","CZ020","Příbram","CZ020B","Byty [Kč/m2]","10602","2021-2023","2021-2023","50252"
"Průměrná jednotková kupní cena nemovitosti","7432","10 000 - 49 999 obyv.","441000645000000","Česko","CZ","Středočeský kraj","CZ020","Příbram","CZ020B","Byty [Kč/m2]","10602","2022-2024","2022-2024","53287"
"Průměrná jednotková kupní cena nemovitosti","7432","10 000 - 49 999 obyv.","441000645000000","Česko","CZ","Středočeský kraj","CZ020","Rakovník","CZ020C","Rodinné domy [Kč/m2]","10302","2019-2021","2019-2021","34716"
"Průměrná jednotková kupní cena nemovitosti","7432","10 000 - 49 999 obyv.","441000645000000","Česko","CZ","Středočeský kraj","CZ020","Rakovník","CZ020C","Rodinné domy [Kč/m2]","10302","2020-2022","2020-2022","38053"
"Průměrná jednotková kupní cena nemovitosti","7432","10 000 - 49 999 obyv.","441000645000000","Česko","CZ","Středočeský kraj","CZ020","Rakovník","CZ020C","Rodinné domy [Kč/m2]","10302","2021-2023","2021-2023","51493"
"Průměrná jednotková kupní cena nemovitosti","7432","10 000 - 49 999 obyv.","441000645000000","Česko","CZ","Středočeský kraj","CZ020","Rakovník","CZ020C","Byty [Kč/m2]","10602","2019-2021","2019-2021","34878"
"Průměrná jednotková kupní cena nemovitosti","7432","10 000 - 49 999 obyv.","441000645000000","Česko","CZ","Středočeský kraj","CZ020","Rakovník","CZ020C","Byty [Kč/m2]","10602","2020-2022","2020-2022","40115"
"Průměrná jednotková kupní cena nemovitosti","7432","10 000 - 49 999 obyv.","441000645000000","Česko","CZ","Středočeský kraj","CZ020","Rakovník","CZ020C","Byty [Kč/m2]","10602","2021-2023","2021-2023","46252"
"Průměrná jednotková kupní cena nemovitosti","7432","10 000 - 49 999 obyv.","441000645000000","Česko","CZ","Středočeský kraj","CZ020","Rakovník","CZ020C","Byty [Kč/m2]","10602","2022-2024","2022-2024","50116"
"Průměrná jednotková kupní cena nemovitosti","7432","10 000 - 49 999 obyv.","441000645000000","Česko","CZ","Jihočeský kraj","CZ031","Český Krumlov","CZ0312","Rodinné domy [Kč/m2]","10302","2019-2021","2019-2021","34989"
"Průměrná jednotková kupní cena nemovitosti","7432","10 000 - 49 999 obyv.","441000645000000","Česko","CZ","Jihočeský kraj","CZ031","Český Krumlov","CZ0312","Rodinné domy [Kč/m2]","10302","2020-2022","2020-2022","44574"
"Průměrná jednotková kupní cena nemovitosti","7432","10 000 - 49 999 obyv.","441000645000000","Česko","CZ","Jihočeský kraj","CZ031","Český Krumlov","CZ0312","Rodinné domy [Kč/m2]","10302","2021-2023","2021-2023","44574"
"Průměrná jednotková kupní cena nemovitosti","7432","10 000 - 49 999 obyv.","441000645000000","Česko","CZ","Jihočeský kraj","CZ031","Český Krumlov","CZ0312","Byty [Kč/m2]","10602","2019-2021","2019-2021","36327"
"Průměrná jednotková kupní cena nemovitosti","7432","10 000 - 49 999 obyv.","441000645000000","Česko","CZ","Jihočeský kraj","CZ031","Český Krumlov","CZ0312","Byty [Kč/m2]","10602","2020-2022","2020-2022","42502"
"Průměrná jednotková kupní cena nemovitosti","7432","10 000 - 49 999 obyv.","441000645000000","Česko","CZ","Jihočeský kraj","CZ031","Český Krumlov","CZ0312","Byty [Kč/m2]","10602","2021-2023","2021-2023","46492"
"Průměrná jednotková kupní cena nemovitosti","7432","10 000 - 49 999 obyv.","441000645000000","Česko","CZ","Jihočeský kraj","CZ031","Český Krumlov","CZ0312","Byty [Kč/m2]","10602","2022-2024","2022-2024","49249"
"Průměrná jednotková kupní cena nemovitosti","7432","10 000 - 49 999 obyv.","441000645000000","Česko","CZ","Jihočeský kraj","CZ031","Jindřichův Hradec","CZ0313","Rodinné domy [Kč/m2]","10302","2019-2021","2019-2021","37326"
"Průměrná jednotková kupní cena nemovitosti","7432","10 000 - 49 999 obyv.","441000645000000","Česko","CZ","Jihočeský kraj","CZ031","Jindřichův Hradec","CZ0313","Rodinné domy [Kč/m2]","10302","2020-2022","2020-2022","43387"
"Průměrná jednotková kupní cena nemovitosti","7432","10 000 - 49 999 obyv.","441000645000000","Česko","CZ","Jihočeský kraj","CZ031","Jindřichův Hradec","CZ0313","Rodinné domy [Kč/m2]","10302","2021-2023","2021-2023","47025"
"Průměrná jednotková kupní cena nemovitosti","7432","10 000 - 49 999 obyv.","441000645000000","Česko","CZ","Jihočeský kraj","CZ031","Jindřichův Hradec","CZ0313","Rodinné domy [Kč/m2]","10302","2022-2024","2022-2024","49785"
"Průměrná jednotková kupní cena nemovitosti","7432","10 000 - 49 999 obyv.","441000645000000","Česko","CZ","Jihočeský kraj","CZ031","Jindřichův Hradec","CZ0313","Byty [Kč/m2]","10602","2019-2021","2019-2021","31405"
"Průměrná jednotková kupní cena nemovitosti","7432","10 000 - 49 999 obyv.","441000645000000","Česko","CZ","Jihočeský kraj","CZ031","Jindřichův Hradec","CZ0313","Byty [Kč/m2]","10602","2020-2022","2020-2022","39345"
"Průměrná jednotková kupní cena nemovitosti","7432","10 000 - 49 999 obyv.","441000645000000","Česko","CZ","Jihočeský kraj","CZ031","Jindřichův Hradec","CZ0313","Byty [Kč/m2]","10602","2021-2023","2021-2023","44334"
"Průměrná jednotková kupní cena nemovitosti","7432","10 000 - 49 999 obyv.","441000645000000","Česko","CZ","Jihočeský kraj","CZ031","Jindřichův Hradec","CZ0313","Byty [Kč/m2]","10602","2022-2024","2022-2024","47841"
"Průměrná jednotková kupní cena nemovitosti","7432","10 000 - 49 999 obyv.","441000645000000","Česko","CZ","Jihočeský kraj","CZ031","Písek","CZ0314","Rodinné domy [Kč/m2]","10302","2019-2021","2019-2021","43286"
"Průměrná jednotková kupní cena nemovitosti","7432","10 000 - 49 999 obyv.","441000645000000","Česko","CZ","Jihočeský kraj","CZ031","Písek","CZ0314","Rodinné domy [Kč/m2]","10302","2020-2022","2020-2022","32999"
"Průměrná jednotková kupní cena nemovitosti","7432","10 000 - 49 999 obyv.","441000645000000","Česko","CZ","Jihočeský kraj","CZ031","Písek","CZ0314","Rodinné domy [Kč/m2]","10302","2021-2023","2021-2023","49534"
"Průměrná jednotková kupní cena nemovitosti","7432","10 000 - 49 999 obyv.","441000645000000","Česko","CZ","Jihočeský kraj","CZ031","Písek","CZ0314","Rodinné domy [Kč/m2]","10302","2022-2024","2022-2024","60909"
"Průměrná jednotková kupní cena nemovitosti","7432","10 000 - 49 999 obyv.","441000645000000","Česko","CZ","Jihočeský kraj","CZ031","Písek","CZ0314","Byty [Kč/m2]","10602","2019-2021","2019-2021","34318"
"Průměrná jednotková kupní cena nemovitosti","7432","10 000 - 49 999 obyv.","441000645000000","Česko","CZ","Jihočeský kraj","CZ031","Písek","CZ0314","Byty [Kč/m2]","10602","2020-2022","2020-2022","42056"
"Průměrná jednotková kupní cena nemovitosti","7432","10 000 - 49 999 obyv.","441000645000000","Česko","CZ","Jihočeský kraj","CZ031","Písek","CZ0314","Byty [Kč/m2]","10602","2021-2023","2021-2023","46213"
"Průměrná jednotková kupní cena nemovitosti","7432","10 000 - 49 999 obyv.","441000645000000","Česko","CZ","Jihočeský kraj","CZ031","Písek","CZ0314","Byty [Kč/m2]","10602","2022-2024","2022-2024","51208"
"Průměrná jednotková kupní cena nemovitosti","7432","10 000 - 49 999 obyv.","441000645000000","Česko","CZ","Jihočeský kraj","CZ031","Prachatice","CZ0315","Rodinné domy [Kč/m2]","10302","2019-2021","2019-2021","36683"
"Průměrná jednotková kupní cena nemovitosti","7432","10 000 - 49 999 obyv.","441000645000000","Česko","CZ","Jihočeský kraj","CZ031","Prachatice","CZ0315","Rodinné domy [Kč/m2]","10302","2020-2022","2020-2022","35479"
"Průměrná jednotková kupní cena nemovitosti","7432","10 000 - 49 999 obyv.","441000645000000","Česko","CZ","Jihočeský kraj","CZ031","Prachatice","CZ0315","Byty [Kč/m2]","10602","2019-2021","2019-2021","32392"
"Průměrná jednotková kupní cena nemovitosti","7432","10 000 - 49 999 obyv.","441000645000000","Česko","CZ","Jihočeský kraj","CZ031","Prachatice","CZ0315","Byty [Kč/m2]","10602","2020-2022","2020-2022","35624"
"Průměrná jednotková kupní cena nemovitosti","7432","10 000 - 49 999 obyv.","441000645000000","Česko","CZ","Jihočeský kraj","CZ031","Prachatice","CZ0315","Byty [Kč/m2]","10602","2021-2023","2021-2023","40290"
"Průměrná jednotková kupní cena nemovitosti","7432","10 000 - 49 999 obyv.","441000645000000","Česko","CZ","Jihočeský kraj","CZ031","Prachatice","CZ0315","Byty [Kč/m2]","10602","2022-2024","2022-2024","45061"
"Průměrná jednotková kupní cena nemovitosti","7432","10 000 - 49 999 obyv.","441000645000000","Česko","CZ","Jihočeský kraj","CZ031","Strakonice","CZ0316","Rodinné domy [Kč/m2]","10302","2019-2021","2019-2021","33597"
"Průměrná jednotková kupní cena nemovitosti","7432","10 000 - 49 999 obyv.","441000645000000","Česko","CZ","Jihočeský kraj","CZ031","Strakonice","CZ0316","Rodinné domy [Kč/m2]","10302","2020-2022","2020-2022","37001"
"Průměrná jednotková kupní cena nemovitosti","7432","10 000 - 49 999 obyv.","441000645000000","Česko","CZ","Jihočeský kraj","CZ031","Strakonice","CZ0316","Rodinné domy [Kč/m2]","10302","2021-2023","2021-2023","44636"
"Průměrná jednotková kupní cena nemovitosti","7432","10 000 - 49 999 obyv.","441000645000000","Česko","CZ","Jihočeský kraj","CZ031","Strakonice","CZ0316","Rodinné domy [Kč/m2]","10302","2022-2024","2022-2024","37257"
"Průměrná jednotková kupní cena nemovitosti","7432","10 000 - 49 999 obyv.","441000645000000","Česko","CZ","Jihočeský kraj","CZ031","Strakonice","CZ0316","Byty [Kč/m2]","10602","2019-2021","2019-2021","32065"
"Průměrná jednotková kupní cena nemovitosti","7432","10 000 - 49 999 obyv.","441000645000000","Česko","CZ","Jihočeský kraj","CZ031","Strakonice","CZ0316","Byty [Kč/m2]","10602","2020-2022","2020-2022","38448"
"Průměrná jednotková kupní cena nemovitosti","7432","10 000 - 49 999 obyv.","441000645000000","Česko","CZ","Jihočeský kraj","CZ031","Strakonice","CZ0316","Byty [Kč/m2]","10602","2021-2023","2021-2023","42657"
"Průměrná jednotková kupní cena nemovitosti","7432","10 000 - 49 999 obyv.","441000645000000","Česko","CZ","Jihočeský kraj","CZ031","Strakonice","CZ0316","Byty [Kč/m2]","10602","2022-2024","2022-2024","44543"
"Průměrná jednotková kupní cena nemovitosti","7432","10 000 - 49 999 obyv.","441000645000000","Česko","CZ","Jihočeský kraj","CZ031","Tábor","CZ0317","Rodinné domy [Kč/m2]","10302","2019-2021","2019-2021","35812"
"Průměrná jednotková kupní cena nemovitosti","7432","10 000 - 49 999 obyv.","441000645000000","Česko","CZ","Jihočeský kraj","CZ031","Tábor","CZ0317","Rodinné domy [Kč/m2]","10302","2020-2022","2020-2022","41395"
"Průměrná jednotková kupní cena nemovitosti","7432","10 000 - 49 999 obyv.","441000645000000","Česko","CZ","Jihočeský kraj","CZ031","Tábor","CZ0317","Rodinné domy [Kč/m2]","10302","2021-2023","2021-2023","46207"
"Průměrná jednotková kupní cena nemovitosti","7432","10 000 - 49 999 obyv.","441000645000000","Česko","CZ","Jihočeský kraj","CZ031","Tábor","CZ0317","Rodinné domy [Kč/m2]","10302","2022-2024","2022-2024","49725"
"Průměrná jednotková kupní cena nemovitosti","7432","10 000 - 49 999 obyv.","441000645000000","Česko","CZ","Jihočeský kraj","CZ031","Tábor","CZ0317","Byty [Kč/m2]","10602","2019-2021","2019-2021","33964"
"Průměrná jednotková kupní cena nemovitosti","7432","10 000 - 49 999 obyv.","441000645000000","Česko","CZ","Jihočeský kraj","CZ031","Tábor","CZ0317","Byty [Kč/m2]","10602","2020-2022","2020-2022","41582"
"Průměrná jednotková kupní cena nemovitosti","7432","10 000 - 49 999 obyv.","441000645000000","Česko","CZ","Jihočeský kraj","CZ031","Tábor","CZ0317","Byty [Kč/m2]","10602","2021-2023","2021-2023","46364"
"Průměrná jednotková kupní cena nemovitosti","7432","10 000 - 49 999 obyv.","441000645000000","Česko","CZ","Jihočeský kraj","CZ031","Tábor","CZ0317","Byty [Kč/m2]","10602","2022-2024","2022-2024","49848"
"Průměrná jednotková kupní cena nemovitosti","7432","10 000 - 49 999 obyv.","441000645000000","Česko","CZ","Plzeňský kraj","CZ032","Domažlice","CZ0321","Rodinné domy [Kč/m2]","10302","2019-2021","2019-2021","36477"
"Průměrná jednotková kupní cena nemovitosti","7432","10 000 - 49 999 obyv.","441000645000000","Česko","CZ","Plzeňský kraj","CZ032","Domažlice","CZ0321","Rodinné domy [Kč/m2]","10302","2020-2022","2020-2022","43219"
"Průměrná jednotková kupní cena nemovitosti","7432","10 000 - 49 999 obyv.","441000645000000","Česko","CZ","Plzeňský kraj","CZ032","Domažlice","CZ0321","Rodinné domy [Kč/m2]","10302","2021-2023","2021-2023","44655"
"Průměrná jednotková kupní cena nemovitosti","7432","10 000 - 49 999 obyv.","441000645000000","Česko","CZ","Plzeňský kraj","CZ032","Domažlice","CZ0321","Rodinné domy [Kč/m2]","10302","2022-2024","2022-2024","43562"
"Průměrná jednotková kupní cena nemovitosti","7432","10 000 - 49 999 obyv.","441000645000000","Česko","CZ","Plzeňský kraj","CZ032","Domažlice","CZ0321","Byty [Kč/m2]","10602","2019-2021","2019-2021","33141"
"Průměrná jednotková kupní cena nemovitosti","7432","10 000 - 49 999 obyv.","441000645000000","Česko","CZ","Plzeňský kraj","CZ032","Domažlice","CZ0321","Byty [Kč/m2]","10602","2020-2022","2020-2022","38639"
"Průměrná jednotková kupní cena nemovitosti","7432","10 000 - 49 999 obyv.","441000645000000","Česko","CZ","Plzeňský kraj","CZ032","Domažlice","CZ0321","Byty [Kč/m2]","10602","2021-2023","2021-2023","42387"
"Průměrná jednotková kupní cena nemovitosti","7432","10 000 - 49 999 obyv.","441000645000000","Česko","CZ","Plzeňský kraj","CZ032","Domažlice","CZ0321","Byty [Kč/m2]","10602","2022-2024","2022-2024","47328"
"Průměrná jednotková kupní cena nemovitosti","7432","10 000 - 49 999 obyv.","441000645000000","Česko","CZ","Plzeňský kraj","CZ032","Klatovy","CZ0322","Rodinné domy [Kč/m2]","10302","2019-2021","2019-2021","38795"
"Průměrná jednotková kupní cena nemovitosti","7432","10 000 - 49 999 obyv.","441000645000000","Česko","CZ","Plzeňský kraj","CZ032","Klatovy","CZ0322","Rodinné domy [Kč/m2]","10302","2020-2022","2020-2022","39828"
"Průměrná jednotková kupní cena nemovitosti","7432","10 000 - 49 999 obyv.","441000645000000","Česko","CZ","Plzeňský kraj","CZ032","Klatovy","CZ0322","Rodinné domy [Kč/m2]","10302","2021-2023","2021-2023","47775"
"Průměrná jednotková kupní cena nemovitosti","7432","10 000 - 49 999 obyv.","441000645000000","Česko","CZ","Plzeňský kraj","CZ032","Klatovy","CZ0322","Rodinné domy [Kč/m2]","10302","2022-2024","2022-2024","53379"
"Průměrná jednotková kupní cena nemovitosti","7432","10 000 - 49 999 obyv.","441000645000000","Česko","CZ","Plzeňský kraj","CZ032","Klatovy","CZ0322","Byty [Kč/m2]","10602","2019-2021","2019-2021","30904"
"Průměrná jednotková kupní cena nemovitosti","7432","10 000 - 49 999 obyv.","441000645000000","Česko","CZ","Plzeňský kraj","CZ032","Klatovy","CZ0322","Byty [Kč/m2]","10602","2020-2022","2020-2022","38386"
"Průměrná jednotková kupní cena nemovitosti","7432","10 000 - 49 999 obyv.","441000645000000","Česko","CZ","Plzeňský kraj","CZ032","Klatovy","CZ0322","Byty [Kč/m2]","10602","2021-2023","2021-2023","45646"
"Průměrná jednotková kupní cena nemovitosti","7432","10 000 - 49 999 obyv.","441000645000000","Česko","CZ","Plzeňský kraj","CZ032","Klatovy","CZ0322","Byty [Kč/m2]","10602","2022-2024","2022-2024","47533"
"Průměrná jednotková kupní cena nemovitosti","7432","10 000 - 49 999 obyv.","441000645000000","Česko","CZ","Plzeňský kraj","CZ032","Rokycany","CZ0326","Rodinné domy [Kč/m2]","10302","2019-2021","2019-2021","35352"
"Průměrná jednotková kupní cena nemovitosti","7432","10 000 - 49 999 obyv.","441000645000000","Česko","CZ","Plzeňský kraj","CZ032","Rokycany","CZ0326","Rodinné domy [Kč/m2]","10302","2020-2022","2020-2022","43121"
"Průměrná jednotková kupní cena nemovitosti","7432","10 000 - 49 999 obyv.","441000645000000","Česko","CZ","Plzeňský kraj","CZ032","Rokycany","CZ0326","Rodinné domy [Kč/m2]","10302","2021-2023","2021-2023","45002"
"Průměrná jednotková kupní cena nemovitosti","7432","10 000 - 49 999 obyv.","441000645000000","Česko","CZ","Plzeňský kraj","CZ032","Rokycany","CZ0326","Rodinné domy [Kč/m2]","10302","2022-2024","2022-2024","50169"
"Průměrná jednotková kupní cena nemovitosti","7432","10 000 - 49 999 obyv.","441000645000000","Česko","CZ","Plzeňský kraj","CZ032","Rokycany","CZ0326","Byty [Kč/m2]","10602","2019-2021","2019-2021","36797"
"Průměrná jednotková kupní cena nemovitosti","7432","10 000 - 49 999 obyv.","441000645000000","Česko","CZ","Plzeňský kraj","CZ032","Rokycany","CZ0326","Byty [Kč/m2]","10602","2020-2022","2020-2022","41977"
"Průměrná jednotková kupní cena nemovitosti","7432","10 000 - 49 999 obyv.","441000645000000","Česko","CZ","Plzeňský kraj","CZ032","Rokycany","CZ0326","Byty [Kč/m2]","10602","2021-2023","2021-2023","46020"
"Průměrná jednotková kupní cena nemovitosti","7432","10 000 - 49 999 obyv.","441000645000000","Česko","CZ","Plzeňský kraj","CZ032","Rokycany","CZ0326","Byty [Kč/m2]","10602","2022-2024","2022-2024","49537"
"Průměrná jednotková kupní cena nemovitosti","7432","10 000 - 49 999 obyv.","441000645000000","Česko","CZ","Plzeňský kraj","CZ032","Tachov","CZ0327","Rodinné domy [Kč/m2]","10302","2019-2021","2019-2021","35294"
"Průměrná jednotková kupní cena nemovitosti","7432","10 000 - 49 999 obyv.","441000645000000","Česko","CZ","Plzeňský kraj","CZ032","Tachov","CZ0327","Rodinné domy [Kč/m2]","10302","2020-2022","2020-2022","37440"
"Průměrná jednotková kupní cena nemovitosti","7432","10 000 - 49 999 obyv.","441000645000000","Česko","CZ","Plzeňský kraj","CZ032","Tachov","CZ0327","Rodinné domy [Kč/m2]","10302","2021-2023","2021-2023","41673"
"Průměrná jednotková kupní cena nemovitosti","7432","10 000 - 49 999 obyv.","441000645000000","Česko","CZ","Plzeňský kraj","CZ032","Tachov","CZ0327","Rodinné domy [Kč/m2]","10302","2022-2024","2022-2024","44873"
"Průměrná jednotková kupní cena nemovitosti","7432","10 000 - 49 999 obyv.","441000645000000","Česko","CZ","Plzeňský kraj","CZ032","Tachov","CZ0327","Byty [Kč/m2]","10602","2019-2021","2019-2021","28747"
"Průměrná jednotková kupní cena nemovitosti","7432","10 000 - 49 999 obyv.","441000645000000","Česko","CZ","Plzeňský kraj","CZ032","Tachov","CZ0327","Byty [Kč/m2]","10602","2020-2022","2020-2022","33740"
"Průměrná jednotková kupní cena nemovitosti","7432","10 000 - 49 999 obyv.","441000645000000","Česko","CZ","Plzeňský kraj","CZ032","Tachov","CZ0327","Byty [Kč/m2]","10602","2021-2023","2021-2023","38123"
"Průměrná jednotková kupní cena nemovitosti","7432","10 000 - 49 999 obyv.","441000645000000","Česko","CZ","Plzeňský kraj","CZ032","Tachov","CZ0327","Byty [Kč/m2]","10602","2022-2024","2022-2024","42363"
"Průměrná jednotková kupní cena nemovitosti","7432","10 000 - 49 999 obyv.","441000645000000","Česko","CZ","Karlovarský kraj","CZ041","Cheb","CZ0411","Rodinné domy [Kč/m2]","10302","2019-2021","2019-2021","28847"
"Průměrná jednotková kupní cena nemovitosti","7432","10 000 - 49 999 obyv.","441000645000000","Česko","CZ","Karlovarský kraj","CZ041","Cheb","CZ0411","Rodinné domy [Kč/m2]","10302","2020-2022","2020-2022","32924"
"Průměrná jednotková kupní cena nemovitosti","7432","10 000 - 49 999 obyv.","441000645000000","Česko","CZ","Karlovarský kraj","CZ041","Cheb","CZ0411","Rodinné domy [Kč/m2]","10302","2021-2023","2021-2023","35533"
"Průměrná jednotková kupní cena nemovitosti","7432","10 000 - 49 999 obyv.","441000645000000","Česko","CZ","Karlovarský kraj","CZ041","Cheb","CZ0411","Rodinné domy [Kč/m2]","10302","2022-2024","2022-2024","40688"
"Průměrná jednotková kupní cena nemovitosti","7432","10 000 - 49 999 obyv.","441000645000000","Česko","CZ","Karlovarský kraj","CZ041","Cheb","CZ0411","Byty [Kč/m2]","10602","2019-2021","2019-2021","26121"
"Průměrná jednotková kupní cena nemovitosti","7432","10 000 - 49 999 obyv.","441000645000000","Česko","CZ","Karlovarský kraj","CZ041","Cheb","CZ0411","Byty [Kč/m2]","10602","2020-2022","2020-2022","30329"
"Průměrná jednotková kupní cena nemovitosti","7432","10 000 - 49 999 obyv.","441000645000000","Česko","CZ","Karlovarský kraj","CZ041","Cheb","CZ0411","Byty [Kč/m2]","10602","2021-2023","2021-2023","33017"
"Průměrná jednotková kupní cena nemovitosti","7432","10 000 - 49 999 obyv.","441000645000000","Česko","CZ","Karlovarský kraj","CZ041","Cheb","CZ0411","Byty [Kč/m2]","10602","2022-2024","2022-2024","35367"
"Průměrná jednotková kupní cena nemovitosti","7432","10 000 - 49 999 obyv.","441000645000000","Česko","CZ","Karlovarský kraj","CZ041","Karlovy Vary","CZ0412","Rodinné domy [Kč/m2]","10302","2019-2021","2019-2021","33714"
"Průměrná jednotková kupní cena nemovitosti","7432","10 000 - 49 999 obyv.","441000645000000","Česko","CZ","Karlovarský kraj","CZ041","Karlovy Vary","CZ0412","Rodinné domy [Kč/m2]","10302","2020-2022","2020-2022","39211"
"Průměrná jednotková kupní cena nemovitosti","7432","10 000 - 49 999 obyv.","441000645000000","Česko","CZ","Karlovarský kraj","CZ041","Karlovy Vary","CZ0412","Rodinné domy [Kč/m2]","10302","2021-2023","2021-2023","43518"
"Průměrná jednotková kupní cena nemovitosti","7432","10 000 - 49 999 obyv.","441000645000000","Česko","CZ","Karlovarský kraj","CZ041","Karlovy Vary","CZ0412","Rodinné domy [Kč/m2]","10302","2022-2024","2022-2024","51657"
"Průměrná jednotková kupní cena nemovitosti","7432","10 000 - 49 999 obyv.","441000645000000","Česko","CZ","Karlovarský kraj","CZ041","Karlovy Vary","CZ0412","Byty [Kč/m2]","10602","2019-2021","2019-2021","29416"
"Průměrná jednotková kupní cena nemovitosti","7432","10 000 - 49 999 obyv.","441000645000000","Česko","CZ","Karlovarský kraj","CZ041","Karlovy Vary","CZ0412","Byty [Kč/m2]","10602","2020-2022","2020-2022","34908"
"Průměrná jednotková kupní cena nemovitosti","7432","10 000 - 49 999 obyv.","441000645000000","Česko","CZ","Karlovarský kraj","CZ041","Karlovy Vary","CZ0412","Byty [Kč/m2]","10602","2021-2023","2021-2023","38313"
"Průměrná jednotková kupní cena nemovitosti","7432","10 000 - 49 999 obyv.","441000645000000","Česko","CZ","Karlovarský kraj","CZ041","Karlovy Vary","CZ0412","Byty [Kč/m2]","10602","2022-2024","2022-2024","41814"
"Průměrná jednotková kupní cena nemovitosti","7432","10 000 - 49 999 obyv.","441000645000000","Česko","CZ","Karlovarský kraj","CZ041","Sokolov","CZ0413","Rodinné domy [Kč/m2]","10302","2019-2021","2019-2021","29008"
"Průměrná jednotková kupní cena nemovitosti","7432","10 000 - 49 999 obyv.","441000645000000","Česko","CZ","Karlovarský kraj","CZ041","Sokolov","CZ0413","Rodinné domy [Kč/m2]","10302","2020-2022","2020-2022","30696"
"Průměrná jednotková kupní cena nemovitosti","7432","10 000 - 49 999 obyv.","441000645000000","Česko","CZ","Karlovarský kraj","CZ041","Sokolov","CZ0413","Rodinné domy [Kč/m2]","10302","2021-2023","2021-2023","36599"
"Průměrná jednotková kupní cena nemovitosti","7432","10 000 - 49 999 obyv.","441000645000000","Česko","CZ","Karlovarský kraj","CZ041","Sokolov","CZ0413","Rodinné domy [Kč/m2]","10302","2022-2024","2022-2024","36671"
"Průměrná jednotková kupní cena nemovitosti","7432","10 000 - 49 999 obyv.","441000645000000","Česko","CZ","Karlovarský kraj","CZ041","Sokolov","CZ0413","Byty [Kč/m2]","10602","2019-2021","2019-2021","19619"
"Průměrná jednotková kupní cena nemovitosti","7432","10 000 - 49 999 obyv.","441000645000000","Česko","CZ","Karlovarský kraj","CZ041","Sokolov","CZ0413","Byty [Kč/m2]","10602","2020-2022","2020-2022","24541"
"Průměrná jednotková kupní cena nemovitosti","7432","10 000 - 49 999 obyv.","441000645000000","Česko","CZ","Karlovarský kraj","CZ041","Sokolov","CZ0413","Byty [Kč/m2]","10602","2021-2023","2021-2023","26728"
"Průměrná jednotková kupní cena nemovitosti","7432","10 000 - 49 999 obyv.","441000645000000","Česko","CZ","Karlovarský kraj","CZ041","Sokolov","CZ0413","Byty [Kč/m2]","10602","2022-2024","2022-2024","29024"
"Průměrná jednotková kupní cena nemovitosti","7432","10 000 - 49 999 obyv.","441000645000000","Česko","CZ","Ústecký kraj","CZ042","Děčín","CZ0421","Rodinné domy [Kč/m2]","10302","2019-2021","2019-2021","27614"
"Průměrná jednotková kupní cena nemovitosti","7432","10 000 - 49 999 obyv.","441000645000000","Česko","CZ","Ústecký kraj","CZ042","Děčín","CZ0421","Rodinné domy [Kč/m2]","10302","2020-2022","2020-2022","30724"
"Průměrná jednotková kupní cena nemovitosti","7432","10 000 - 49 999 obyv.","441000645000000","Česko","CZ","Ústecký kraj","CZ042","Děčín","CZ0421","Rodinné domy [Kč/m2]","10302","2021-2023","2021-2023","34688"
"Průměrná jednotková kupní cena nemovitosti","7432","10 000 - 49 999 obyv.","441000645000000","Česko","CZ","Ústecký kraj","CZ042","Děčín","CZ0421","Rodinné domy [Kč/m2]","10302","2022-2024","2022-2024","38589"
"Průměrná jednotková kupní cena nemovitosti","7432","10 000 - 49 999 obyv.","441000645000000","Česko","CZ","Ústecký kraj","CZ042","Děčín","CZ0421","Byty [Kč/m2]","10602","2019-2021","2019-2021","23553"
"Průměrná jednotková kupní cena nemovitosti","7432","10 000 - 49 999 obyv.","441000645000000","Česko","CZ","Ústecký kraj","CZ042","Děčín","CZ0421","Byty [Kč/m2]","10602","2020-2022","2020-2022","28676"
"Průměrná jednotková kupní cena nemovitosti","7432","10 000 - 49 999 obyv.","441000645000000","Česko","CZ","Ústecký kraj","CZ042","Děčín","CZ0421","Byty [Kč/m2]","10602","2021-2023","2021-2023","32511"
"Průměrná jednotková kupní cena nemovitosti","7432","10 000 - 49 999 obyv.","441000645000000","Česko","CZ","Ústecký kraj","CZ042","Děčín","CZ0421","Byty [Kč/m2]","10602","2022-2024","2022-2024","35187"
"Průměrná jednotková kupní cena nemovitosti","7432","10 000 - 49 999 obyv.","441000645000000","Česko","CZ","Ústecký kraj","CZ042","Chomutov","CZ0422","Rodinné domy [Kč/m2]","10302","2019-2021","2019-2021","30818"
"Průměrná jednotková kupní cena nemovitosti","7432","10 000 - 49 999 obyv.","441000645000000","Česko","CZ","Ústecký kraj","CZ042","Chomutov","CZ0422","Rodinné domy [Kč/m2]","10302","2020-2022","2020-2022","34643"
"Průměrná jednotková kupní cena nemovitosti","7432","10 000 - 49 999 obyv.","441000645000000","Česko","CZ","Ústecký kraj","CZ042","Chomutov","CZ0422","Rodinné domy [Kč/m2]","10302","2021-2023","2021-2023","38033"
"Průměrná jednotková kupní cena nemovitosti","7432","10 000 - 49 999 obyv.","441000645000000","Česko","CZ","Ústecký kraj","CZ042","Chomutov","CZ0422","Rodinné domy [Kč/m2]","10302","2022-2024","2022-2024","41568"
"Průměrná jednotková kupní cena nemovitosti","7432","10 000 - 49 999 obyv.","441000645000000","Česko","CZ","Ústecký kraj","CZ042","Chomutov","CZ0422","Byty [Kč/m2]","10602","2019-2021","2019-2021","21381"
"Průměrná jednotková kupní cena nemovitosti","7432","10 000 - 49 999 obyv.","441000645000000","Česko","CZ","Ústecký kraj","CZ042","Chomutov","CZ0422","Byty [Kč/m2]","10602","2020-2022","2020-2022","24965"
"Průměrná jednotková kupní cena nemovitosti","7432","10 000 - 49 999 obyv.","441000645000000","Česko","CZ","Ústecký kraj","CZ042","Chomutov","CZ0422","Byty [Kč/m2]","10602","2021-2023","2021-2023","27411"
"Průměrná jednotková kupní cena nemovitosti","7432","10 000 - 49 999 obyv.","441000645000000","Česko","CZ","Ústecký kraj","CZ042","Chomutov","CZ0422","Byty [Kč/m2]","10602","2022-2024","2022-2024","29443"
"Průměrná jednotková kupní cena nemovitosti","7432","10 000 - 49 999 obyv.","441000645000000","Česko","CZ","Ústecký kraj","CZ042","Litoměřice","CZ0423","Rodinné domy [Kč/m2]","10302","2019-2021","2019-2021","37125"
"Průměrná jednotková kupní cena nemovitosti","7432","10 000 - 49 999 obyv.","441000645000000","Česko","CZ","Ústecký kraj","CZ042","Litoměřice","CZ0423","Rodinné domy [Kč/m2]","10302","2020-2022","2020-2022","39240"
"Průměrná jednotková kupní cena nemovitosti","7432","10 000 - 49 999 obyv.","441000645000000","Česko","CZ","Ústecký kraj","CZ042","Litoměřice","CZ0423","Rodinné domy [Kč/m2]","10302","2021-2023","2021-2023","42082"
"Průměrná jednotková kupní cena nemovitosti","7432","10 000 - 49 999 obyv.","441000645000000","Česko","CZ","Ústecký kraj","CZ042","Litoměřice","CZ0423","Rodinné domy [Kč/m2]","10302","2022-2024","2022-2024","39083"
"Průměrná jednotková kupní cena nemovitosti","7432","10 000 - 49 999 obyv.","441000645000000","Česko","CZ","Ústecký kraj","CZ042","Litoměřice","CZ0423","Byty [Kč/m2]","10602","2019-2021","2019-2021","34751"
"Průměrná jednotková kupní cena nemovitosti","7432","10 000 - 49 999 obyv.","441000645000000","Česko","CZ","Ústecký kraj","CZ042","Litoměřice","CZ0423","Byty [Kč/m2]","10602","2020-2022","2020-2022","41579"
"Průměrná jednotková kupní cena nemovitosti","7432","10 000 - 49 999 obyv.","441000645000000","Česko","CZ","Ústecký kraj","CZ042","Litoměřice","CZ0423","Byty [Kč/m2]","10602","2021-2023","2021-2023","46120"
"Průměrná jednotková kupní cena nemovitosti","7432","10 000 - 49 999 obyv.","441000645000000","Česko","CZ","Ústecký kraj","CZ042","Litoměřice","CZ0423","Byty [Kč/m2]","10602","2022-2024","2022-2024","49757"
"Průměrná jednotková kupní cena nemovitosti","7432","10 000 - 49 999 obyv.","441000645000000","Česko","CZ","Ústecký kraj","CZ042","Louny","CZ0424","Rodinné domy [Kč/m2]","10302","2019-2021","2019-2021","31399"
"Průměrná jednotková kupní cena nemovitosti","7432","10 000 - 49 999 obyv.","441000645000000","Česko","CZ","Ústecký kraj","CZ042","Louny","CZ0424","Rodinné domy [Kč/m2]","10302","2020-2022","2020-2022","34775"
"Průměrná jednotková kupní cena nemovitosti","7432","10 000 - 49 999 obyv.","441000645000000","Česko","CZ","Ústecký kraj","CZ042","Louny","CZ0424","Rodinné domy [Kč/m2]","10302","2021-2023","2021-2023","37513"
"Průměrná jednotková kupní cena nemovitosti","7432","10 000 - 49 999 obyv.","441000645000000","Česko","CZ","Ústecký kraj","CZ042","Louny","CZ0424","Rodinné domy [Kč/m2]","10302","2022-2024","2022-2024","41065"
"Průměrná jednotková kupní cena nemovitosti","7432","10 000 - 49 999 obyv.","441000645000000","Česko","CZ","Ústecký kraj","CZ042","Louny","CZ0424","Byty [Kč/m2]","10602","2019-2021","2019-2021","26167"
"Průměrná jednotková kupní cena nemovitosti","7432","10 000 - 49 999 obyv.","441000645000000","Česko","CZ","Ústecký kraj","CZ042","Louny","CZ0424","Byty [Kč/m2]","10602","2020-2022","2020-2022","32736"
"Průměrná jednotková kupní cena nemovitosti","7432","10 000 - 49 999 obyv.","441000645000000","Česko","CZ","Ústecký kraj","CZ042","Louny","CZ0424","Byty [Kč/m2]","10602","2021-2023","2021-2023","36074"
"Průměrná jednotková kupní cena nemovitosti","7432","10 000 - 49 999 obyv.","441000645000000","Česko","CZ","Ústecký kraj","CZ042","Louny","CZ0424","Byty [Kč/m2]","10602","2022-2024","2022-2024","38325"
"Průměrná jednotková kupní cena nemovitosti","7432","10 000 - 49 999 obyv.","441000645000000","Česko","CZ","Ústecký kraj","CZ042","Most","CZ0425","Rodinné domy [Kč/m2]","10302","2019-2021","2019-2021","26771"
"Průměrná jednotková kupní cena nemovitosti","7432","10 000 - 49 999 obyv.","441000645000000","Česko","CZ","Ústecký kraj","CZ042","Most","CZ0425","Rodinné domy [Kč/m2]","10302","2020-2022","2020-2022","31708"
"Průměrná jednotková kupní cena nemovitosti","7432","10 000 - 49 999 obyv.","441000645000000","Česko","CZ","Ústecký kraj","CZ042","Most","CZ0425","Rodinné domy [Kč/m2]","10302","2021-2023","2021-2023","37957"
"Průměrná jednotková kupní cena nemovitosti","7432","10 000 - 49 999 obyv.","441000645000000","Česko","CZ","Ústecký kraj","CZ042","Most","CZ0425","Rodinné domy [Kč/m2]","10302","2022-2024","2022-2024","41569"
"Průměrná jednotková kupní cena nemovitosti","7432","10 000 - 49 999 obyv.","441000645000000","Česko","CZ","Ústecký kraj","CZ042","Most","CZ0425","Byty [Kč/m2]","10602","2019-2021","2019-2021","23046"
"Průměrná jednotková kupní cena nemovitosti","7432","10 000 - 49 999 obyv.","441000645000000","Česko","CZ","Ústecký kraj","CZ042","Most","CZ0425","Byty [Kč/m2]","10602","2020-2022","2020-2022","26938"
"Průměrná jednotková kupní cena nemovitosti","7432","10 000 - 49 999 obyv.","441000645000000","Česko","CZ","Ústecký kraj","CZ042","Most","CZ0425","Byty [Kč/m2]","10602","2021-2023","2021-2023","27663"
"Průměrná jednotková kupní cena nemovitosti","7432","10 000 - 49 999 obyv.","441000645000000","Česko","CZ","Ústecký kraj","CZ042","Most","CZ0425","Byty [Kč/m2]","10602","2022-2024","2022-2024","29226"
"Průměrná jednotková kupní cena nemovitosti","7432","10 000 - 49 999 obyv.","441000645000000","Česko","CZ","Ústecký kraj","CZ042","Teplice","CZ0426","Rodinné domy [Kč/m2]","10302","2019-2021","2019-2021","32329"
"Průměrná jednotková kupní cena nemovitosti","7432","10 000 - 49 999 obyv.","441000645000000","Česko","CZ","Ústecký kraj","CZ042","Teplice","CZ0426","Rodinné domy [Kč/m2]","10302","2020-2022","2020-2022","36155"
"Průměrná jednotková kupní cena nemovitosti","7432","10 000 - 49 999 obyv.","441000645000000","Česko","CZ","Ústecký kraj","CZ042","Teplice","CZ0426","Rodinné domy [Kč/m2]","10302","2021-2023","2021-2023","40894"
"Průměrná jednotková kupní cena nemovitosti","7432","10 000 - 49 999 obyv.","441000645000000","Česko","CZ","Ústecký kraj","CZ042","Teplice","CZ0426","Rodinné domy [Kč/m2]","10302","2022-2024","2022-2024","44938"
"Průměrná jednotková kupní cena nemovitosti","7432","10 000 - 49 999 obyv.","441000645000000","Česko","CZ","Ústecký kraj","CZ042","Teplice","CZ0426","Byty [Kč/m2]","10602","2019-2021","2019-2021","24630"
"Průměrná jednotková kupní cena nemovitosti","7432","10 000 - 49 999 obyv.","441000645000000","Česko","CZ","Ústecký kraj","CZ042","Teplice","CZ0426","Byty [Kč/m2]","10602","2020-2022","2020-2022","28634"
"Průměrná jednotková kupní cena nemovitosti","7432","10 000 - 49 999 obyv.","441000645000000","Česko","CZ","Ústecký kraj","CZ042","Teplice","CZ0426","Byty [Kč/m2]","10602","2021-2023","2021-2023","30752"
"Průměrná jednotková kupní cena nemovitosti","7432","10 000 - 49 999 obyv.","441000645000000","Česko","CZ","Ústecký kraj","CZ042","Teplice","CZ0426","Byty [Kč/m2]","10602","2022-2024","2022-2024","33823"
"Průměrná jednotková kupní cena nemovitosti","7432","10 000 - 49 999 obyv.","441000645000000","Česko","CZ","Liberecký kraj","CZ051","Česká Lípa","CZ0511","Rodinné domy [Kč/m2]","10302","2019-2021","2019-2021","32285"
"Průměrná jednotková kupní cena nemovitosti","7432","10 000 - 49 999 obyv.","441000645000000","Česko","CZ","Liberecký kraj","CZ051","Česká Lípa","CZ0511","Rodinné domy [Kč/m2]","10302","2020-2022","2020-2022","38625"
"Průměrná jednotková kupní cena nemovitosti","7432","10 000 - 49 999 obyv.","441000645000000","Česko","CZ","Liberecký kraj","CZ051","Česká Lípa","CZ0511","Rodinné domy [Kč/m2]","10302","2021-2023","2021-2023","45189"
"Průměrná jednotková kupní cena nemovitosti","7432","10 000 - 49 999 obyv.","441000645000000","Česko","CZ","Liberecký kraj","CZ051","Česká Lípa","CZ0511","Rodinné domy [Kč/m2]","10302","2022-2024","2022-2024","50152"
"Průměrná jednotková kupní cena nemovitosti","7432","10 000 - 49 999 obyv.","441000645000000","Česko","CZ","Liberecký kraj","CZ051","Česká Lípa","CZ0511","Byty [Kč/m2]","10602","2019-2021","2019-2021","26625"
"Průměrná jednotková kupní cena nemovitosti","7432","10 000 - 49 999 obyv.","441000645000000","Česko","CZ","Liberecký kraj","CZ051","Česká Lípa","CZ0511","Byty [Kč/m2]","10602","2020-2022","2020-2022","33417"
"Průměrná jednotková kupní cena nemovitosti","7432","10 000 - 49 999 obyv.","441000645000000","Česko","CZ","Liberecký kraj","CZ051","Česká Lípa","CZ0511","Byty [Kč/m2]","10602","2021-2023","2021-2023","37686"
"Průměrná jednotková kupní cena nemovitosti","7432","10 000 - 49 999 obyv.","441000645000000","Česko","CZ","Liberecký kraj","CZ051","Česká Lípa","CZ0511","Byty [Kč/m2]","10602","2022-2024","2022-2024","40869"
"Průměrná jednotková kupní cena nemovitosti","7432","10 000 - 49 999 obyv.","441000645000000","Česko","CZ","Liberecký kraj","CZ051","Jablonec nad Nisou","CZ0512","Rodinné domy [Kč/m2]","10302","2019-2021","2019-2021","34452"
"Průměrná jednotková kupní cena nemovitosti","7432","10 000 - 49 999 obyv.","441000645000000","Česko","CZ","Liberecký kraj","CZ051","Jablonec nad Nisou","CZ0512","Rodinné domy [Kč/m2]","10302","2020-2022","2020-2022","40294"
"Průměrná jednotková kupní cena nemovitosti","7432","10 000 - 49 999 obyv.","441000645000000","Česko","CZ","Liberecký kraj","CZ051","Jablonec nad Nisou","CZ0512","Rodinné domy [Kč/m2]","10302","2021-2023","2021-2023","43407"
"Průměrná jednotková kupní cena nemovitosti","7432","10 000 - 49 999 obyv.","441000645000000","Česko","CZ","Liberecký kraj","CZ051","Jablonec nad Nisou","CZ0512","Rodinné domy [Kč/m2]","10302","2022-2024","2022-2024","45996"
"Průměrná jednotková kupní cena nemovitosti","7432","10 000 - 49 999 obyv.","441000645000000","Česko","CZ","Liberecký kraj","CZ051","Jablonec nad Nisou","CZ0512","Byty [Kč/m2]","10602","2019-2021","2019-2021","33732"
"Průměrná jednotková kupní cena nemovitosti","7432","10 000 - 49 999 obyv.","441000645000000","Česko","CZ","Liberecký kraj","CZ051","Jablonec nad Nisou","CZ0512","Byty [Kč/m2]","10602","2020-2022","2020-2022","39163"
"Průměrná jednotková kupní cena nemovitosti","7432","10 000 - 49 999 obyv.","441000645000000","Česko","CZ","Liberecký kraj","CZ051","Jablonec nad Nisou","CZ0512","Byty [Kč/m2]","10602","2021-2023","2021-2023","43212"
"Průměrná jednotková kupní cena nemovitosti","7432","10 000 - 49 999 obyv.","441000645000000","Česko","CZ","Liberecký kraj","CZ051","Jablonec nad Nisou","CZ0512","Byty [Kč/m2]","10602","2022-2024","2022-2024","47083"
"Průměrná jednotková kupní cena nemovitosti","7432","10 000 - 49 999 obyv.","441000645000000","Česko","CZ","Liberecký kraj","CZ051","Semily","CZ0514","Rodinné domy [Kč/m2]","10302","2019-2021","2019-2021","32861"
"Průměrná jednotková kupní cena nemovitosti","7432","10 000 - 49 999 obyv.","441000645000000","Česko","CZ","Liberecký kraj","CZ051","Semily","CZ0514","Rodinné domy [Kč/m2]","10302","2020-2022","2020-2022","38146"
"Průměrná jednotková kupní cena nemovitosti","7432","10 000 - 49 999 obyv.","441000645000000","Česko","CZ","Liberecký kraj","CZ051","Semily","CZ0514","Rodinné domy [Kč/m2]","10302","2021-2023","2021-2023","46669"
"Průměrná jednotková kupní cena nemovitosti","7432","10 000 - 49 999 obyv.","441000645000000","Česko","CZ","Liberecký kraj","CZ051","Semily","CZ0514","Rodinné domy [Kč/m2]","10302","2022-2024","2022-2024","53499"
"Průměrná jednotková kupní cena nemovitosti","7432","10 000 - 49 999 obyv.","441000645000000","Česko","CZ","Liberecký kraj","CZ051","Semily","CZ0514","Byty [Kč/m2]","10602","2019-2021","2019-2021","38587"
"Průměrná jednotková kupní cena nemovitosti","7432","10 000 - 49 999 obyv.","441000645000000","Česko","CZ","Liberecký kraj","CZ051","Semily","CZ0514","Byty [Kč/m2]","10602","2020-2022","2020-2022","44850"
"Průměrná jednotková kupní cena nemovitosti","7432","10 000 - 49 999 obyv.","441000645000000","Česko","CZ","Liberecký kraj","CZ051","Semily","CZ0514","Byty [Kč/m2]","10602","2021-2023","2021-2023","49783"
"Průměrná jednotková kupní cena nemovitosti","7432","10 000 - 49 999 obyv.","441000645000000","Česko","CZ","Liberecký kraj","CZ051","Semily","CZ0514","Byty [Kč/m2]","10602","2022-2024","2022-2024","52752"
"Průměrná jednotková kupní cena nemovitosti","7432","10 000 - 49 999 obyv.","441000645000000","Česko","CZ","Královéhradecký kraj","CZ052","Jičín","CZ0522","Rodinné domy [Kč/m2]","10302","2019-2021","2019-2021","39712"
"Průměrná jednotková kupní cena nemovitosti","7432","10 000 - 49 999 obyv.","441000645000000","Česko","CZ","Královéhradecký kraj","CZ052","Jičín","CZ0522","Rodinné domy [Kč/m2]","10302","2020-2022","2020-2022","39497"
"Průměrná jednotková kupní cena nemovitosti","7432","10 000 - 49 999 obyv.","441000645000000","Česko","CZ","Královéhradecký kraj","CZ052","Jičín","CZ0522","Rodinné domy [Kč/m2]","10302","2022-2024","2022-2024","55249"
"Průměrná jednotková kupní cena nemovitosti","7432","10 000 - 49 999 obyv.","441000645000000","Česko","CZ","Královéhradecký kraj","CZ052","Jičín","CZ0522","Byty [Kč/m2]","10602","2019-2021","2019-2021","35163"
"Průměrná jednotková kupní cena nemovitosti","7432","10 000 - 49 999 obyv.","441000645000000","Česko","CZ","Královéhradecký kraj","CZ052","Jičín","CZ0522","Byty [Kč/m2]","10602","2020-2022","2020-2022","41439"
"Průměrná jednotková kupní cena nemovitosti","7432","10 000 - 49 999 obyv.","441000645000000","Česko","CZ","Královéhradecký kraj","CZ052","Jičín","CZ0522","Byty [Kč/m2]","10602","2021-2023","2021-2023","47736"
"Průměrná jednotková kupní cena nemovitosti","7432","10 000 - 49 999 obyv.","441000645000000","Česko","CZ","Královéhradecký kraj","CZ052","Jičín","CZ0522","Byty [Kč/m2]","10602","2022-2024","2022-2024","53530"
"Průměrná jednotková kupní cena nemovitosti","7432","10 000 - 49 999 obyv.","441000645000000","Česko","CZ","Královéhradecký kraj","CZ052","Náchod","CZ0523","Rodinné domy [Kč/m2]","10302","2019-2021","2019-2021","29133"
"Průměrná jednotková kupní cena nemovitosti","7432","10 000 - 49 999 obyv.","441000645000000","Česko","CZ","Královéhradecký kraj","CZ052","Náchod","CZ0523","Rodinné domy [Kč/m2]","10302","2020-2022","2020-2022","32167"
"Průměrná jednotková kupní cena nemovitosti","7432","10 000 - 49 999 obyv.","441000645000000","Česko","CZ","Královéhradecký kraj","CZ052","Náchod","CZ0523","Rodinné domy [Kč/m2]","10302","2021-2023","2021-2023","35541"
"Průměrná jednotková kupní cena nemovitosti","7432","10 000 - 49 999 obyv.","441000645000000","Česko","CZ","Královéhradecký kraj","CZ052","Náchod","CZ0523","Rodinné domy [Kč/m2]","10302","2022-2024","2022-2024","42577"
"Průměrná jednotková kupní cena nemovitosti","7432","10 000 - 49 999 obyv.","441000645000000","Česko","CZ","Královéhradecký kraj","CZ052","Náchod","CZ0523","Byty [Kč/m2]","10602","2019-2021","2019-2021","26129"
"Průměrná jednotková kupní cena nemovitosti","7432","10 000 - 49 999 obyv.","441000645000000","Česko","CZ","Královéhradecký kraj","CZ052","Náchod","CZ0523","Byty [Kč/m2]","10602","2020-2022","2020-2022","33489"
"Průměrná jednotková kupní cena nemovitosti","7432","10 000 - 49 999 obyv.","441000645000000","Česko","CZ","Královéhradecký kraj","CZ052","Náchod","CZ0523","Byty [Kč/m2]","10602","2021-2023","2021-2023","40121"
"Průměrná jednotková kupní cena nemovitosti","7432","10 000 - 49 999 obyv.","441000645000000","Česko","CZ","Královéhradecký kraj","CZ052","Náchod","CZ0523","Byty [Kč/m2]","10602","2022-2024","2022-2024","43022"
"Průměrná jednotková kupní cena nemovitosti","7432","10 000 - 49 999 obyv.","441000645000000","Česko","CZ","Královéhradecký kraj","CZ052","Rychnov nad Kněžnou","CZ0524","Rodinné domy [Kč/m2]","10302","2019-2021","2019-2021","35147"
"Průměrná jednotková kupní cena nemovitosti","7432","10 000 - 49 999 obyv.","441000645000000","Česko","CZ","Královéhradecký kraj","CZ052","Rychnov nad Kněžnou","CZ0524","Rodinné domy [Kč/m2]","10302","2020-2022","2020-2022","39388"
"Průměrná jednotková kupní cena nemovitosti","7432","10 000 - 49 999 obyv.","441000645000000","Česko","CZ","Královéhradecký kraj","CZ052","Rychnov nad Kněžnou","CZ0524","Rodinné domy [Kč/m2]","10302","2021-2023","2021-2023","39266"
"Průměrná jednotková kupní cena nemovitosti","7432","10 000 - 49 999 obyv.","441000645000000","Česko","CZ","Královéhradecký kraj","CZ052","Rychnov nad Kněžnou","CZ0524","Rodinné domy [Kč/m2]","10302","2022-2024","2022-2024","43140"
"Průměrná jednotková kupní cena nemovitosti","7432","10 000 - 49 999 obyv.","441000645000000","Česko","CZ","Královéhradecký kraj","CZ052","Rychnov nad Kněžnou","CZ0524","Byty [Kč/m2]","10602","2019-2021","2019-2021","36722"
"Průměrná jednotková kupní cena nemovitosti","7432","10 000 - 49 999 obyv.","441000645000000","Česko","CZ","Královéhradecký kraj","CZ052","Rychnov nad Kněžnou","CZ0524","Byty [Kč/m2]","10602","2020-2022","2020-2022","41790"
"Průměrná jednotková kupní cena nemovitosti","7432","10 000 - 49 999 obyv.","441000645000000","Česko","CZ","Královéhradecký kraj","CZ052","Rychnov nad Kněžnou","CZ0524","Byty [Kč/m2]","10602","2021-2023","2021-2023","47244"
"Průměrná jednotková kupní cena nemovitosti","7432","10 000 - 49 999 obyv.","441000645000000","Česko","CZ","Královéhradecký kraj","CZ052","Rychnov nad Kněžnou","CZ0524","Byty [Kč/m2]","10602","2022-2024","2022-2024","48435"
"Průměrná jednotková kupní cena nemovitosti","7432","10 000 - 49 999 obyv.","441000645000000","Česko","CZ","Královéhradecký kraj","CZ052","Trutnov","CZ0525","Rodinné domy [Kč/m2]","10302","2019-2021","2019-2021","32301"
"Průměrná jednotková kupní cena nemovitosti","7432","10 000 - 49 999 obyv.","441000645000000","Česko","CZ","Královéhradecký kraj","CZ052","Trutnov","CZ0525","Rodinné domy [Kč/m2]","10302","2020-2022","2020-2022","36719"
"Průměrná jednotková kupní cena nemovitosti","7432","10 000 - 49 999 obyv.","441000645000000","Česko","CZ","Královéhradecký kraj","CZ052","Trutnov","CZ0525","Rodinné domy [Kč/m2]","10302","2021-2023","2021-2023","39581"
"Průměrná jednotková kupní cena nemovitosti","7432","10 000 - 49 999 obyv.","441000645000000","Česko","CZ","Královéhradecký kraj","CZ052","Trutnov","CZ0525","Rodinné domy [Kč/m2]","10302","2022-2024","2022-2024","44701"
"Průměrná jednotková kupní cena nemovitosti","7432","10 000 - 49 999 obyv.","441000645000000","Česko","CZ","Královéhradecký kraj","CZ052","Trutnov","CZ0525","Byty [Kč/m2]","10602","2019-2021","2019-2021","32727"
"Průměrná jednotková kupní cena nemovitosti","7432","10 000 - 49 999 obyv.","441000645000000","Česko","CZ","Královéhradecký kraj","CZ052","Trutnov","CZ0525","Byty [Kč/m2]","10602","2020-2022","2020-2022","38858"
"Průměrná jednotková kupní cena nemovitosti","7432","10 000 - 49 999 obyv.","441000645000000","Česko","CZ","Královéhradecký kraj","CZ052","Trutnov","CZ0525","Byty [Kč/m2]","10602","2021-2023","2021-2023","42176"
"Průměrná jednotková kupní cena nemovitosti","7432","10 000 - 49 999 obyv.","441000645000000","Česko","CZ","Královéhradecký kraj","CZ052","Trutnov","CZ0525","Byty [Kč/m2]","10602","2022-2024","2022-2024","45314"
"Průměrná jednotková kupní cena nemovitosti","7432","10 000 - 49 999 obyv.","441000645000000","Česko","CZ","Pardubický kraj","CZ053","Chrudim","CZ0531","Rodinné domy [Kč/m2]","10302","2019-2021","2019-2021","37002"
"Průměrná jednotková kupní cena nemovitosti","7432","10 000 - 49 999 obyv.","441000645000000","Česko","CZ","Pardubický kraj","CZ053","Chrudim","CZ0531","Rodinné domy [Kč/m2]","10302","2020-2022","2020-2022","39970"
"Průměrná jednotková kupní cena nemovitosti","7432","10 000 - 49 999 obyv.","441000645000000","Česko","CZ","Pardubický kraj","CZ053","Chrudim","CZ0531","Rodinné domy [Kč/m2]","10302","2021-2023","2021-2023","42831"
"Průměrná jednotková kupní cena nemovitosti","7432","10 000 - 49 999 obyv.","441000645000000","Česko","CZ","Pardubický kraj","CZ053","Chrudim","CZ0531","Rodinné domy [Kč/m2]","10302","2022-2024","2022-2024","44573"
"Průměrná jednotková kupní cena nemovitosti","7432","10 000 - 49 999 obyv.","441000645000000","Česko","CZ","Pardubický kraj","CZ053","Chrudim","CZ0531","Byty [Kč/m2]","10602","2019-2021","2019-2021","35849"
"Průměrná jednotková kupní cena nemovitosti","7432","10 000 - 49 999 obyv.","441000645000000","Česko","CZ","Pardubický kraj","CZ053","Chrudim","CZ0531","Byty [Kč/m2]","10602","2020-2022","2020-2022","40874"
"Průměrná jednotková kupní cena nemovitosti","7432","10 000 - 49 999 obyv.","441000645000000","Česko","CZ","Pardubický kraj","CZ053","Chrudim","CZ0531","Byty [Kč/m2]","10602","2021-2023","2021-2023","46791"
"Průměrná jednotková kupní cena nemovitosti","7432","10 000 - 49 999 obyv.","441000645000000","Česko","CZ","Pardubický kraj","CZ053","Chrudim","CZ0531","Byty [Kč/m2]","10602","2022-2024","2022-2024","50099"
"Průměrná jednotková kupní cena nemovitosti","7432","10 000 - 49 999 obyv.","441000645000000","Česko","CZ","Pardubický kraj","CZ053","Svitavy","CZ0533","Rodinné domy [Kč/m2]","10302","2019-2021","2019-2021","30843"
"Průměrná jednotková kupní cena nemovitosti","7432","10 000 - 49 999 obyv.","441000645000000","Česko","CZ","Pardubický kraj","CZ053","Svitavy","CZ0533","Rodinné domy [Kč/m2]","10302","2020-2022","2020-2022","34350"
"Průměrná jednotková kupní cena nemovitosti","7432","10 000 - 49 999 obyv.","441000645000000","Česko","CZ","Pardubický kraj","CZ053","Svitavy","CZ0533","Rodinné domy [Kč/m2]","10302","2021-2023","2021-2023","43074"
"Průměrná jednotková kupní cena nemovitosti","7432","10 000 - 49 999 obyv.","441000645000000","Česko","CZ","Pardubický kraj","CZ053","Svitavy","CZ0533","Rodinné domy [Kč/m2]","10302","2022-2024","2022-2024","49662"
"Průměrná jednotková kupní cena nemovitosti","7432","10 000 - 49 999 obyv.","441000645000000","Česko","CZ","Pardubický kraj","CZ053","Svitavy","CZ0533","Byty [Kč/m2]","10602","2019-2021","2019-2021","31627"
"Průměrná jednotková kupní cena nemovitosti","7432","10 000 - 49 999 obyv.","441000645000000","Česko","CZ","Pardubický kraj","CZ053","Svitavy","CZ0533","Byty [Kč/m2]","10602","2020-2022","2020-2022","36511"
"Průměrná jednotková kupní cena nemovitosti","7432","10 000 - 49 999 obyv.","441000645000000","Česko","CZ","Pardubický kraj","CZ053","Svitavy","CZ0533","Byty [Kč/m2]","10602","2021-2023","2021-2023","40331"
"Průměrná jednotková kupní cena nemovitosti","7432","10 000 - 49 999 obyv.","441000645000000","Česko","CZ","Pardubický kraj","CZ053","Svitavy","CZ0533","Byty [Kč/m2]","10602","2022-2024","2022-2024","42376"
"Průměrná jednotková kupní cena nemovitosti","7432","10 000 - 49 999 obyv.","441000645000000","Česko","CZ","Pardubický kraj","CZ053","Ústí nad Orlicí","CZ0534","Rodinné domy [Kč/m2]","10302","2019-2021","2019-2021","32148"
"Průměrná jednotková kupní cena nemovitosti","7432","10 000 - 49 999 obyv.","441000645000000","Česko","CZ","Pardubický kraj","CZ053","Ústí nad Orlicí","CZ0534","Rodinné domy [Kč/m2]","10302","2020-2022","2020-2022","34669"
"Průměrná jednotková kupní cena nemovitosti","7432","10 000 - 49 999 obyv.","441000645000000","Česko","CZ","Pardubický kraj","CZ053","Ústí nad Orlicí","CZ0534","Rodinné domy [Kč/m2]","10302","2021-2023","2021-2023","37381"
"Průměrná jednotková kupní cena nemovitosti","7432","10 000 - 49 999 obyv.","441000645000000","Česko","CZ","Pardubický kraj","CZ053","Ústí nad Orlicí","CZ0534","Rodinné domy [Kč/m2]","10302","2022-2024","2022-2024","41792"
"Průměrná jednotková kupní cena nemovitosti","7432","10 000 - 49 999 obyv.","441000645000000","Česko","CZ","Pardubický kraj","CZ053","Ústí nad Orlicí","CZ0534","Byty [Kč/m2]","10602","2019-2021","2019-2021","32001"
"Průměrná jednotková kupní cena nemovitosti","7432","10 000 - 49 999 obyv.","441000645000000","Česko","CZ","Pardubický kraj","CZ053","Ústí nad Orlicí","CZ0534","Byty [Kč/m2]","10602","2020-2022","2020-2022","36876"
"Průměrná jednotková kupní cena nemovitosti","7432","10 000 - 49 999 obyv.","441000645000000","Česko","CZ","Pardubický kraj","CZ053","Ústí nad Orlicí","CZ0534","Byty [Kč/m2]","10602","2021-2023","2021-2023","41192"
"Průměrná jednotková kupní cena nemovitosti","7432","10 000 - 49 999 obyv.","441000645000000","Česko","CZ","Pardubický kraj","CZ053","Ústí nad Orlicí","CZ0534","Byty [Kč/m2]","10602","2022-2024","2022-2024","42763"
"Průměrná jednotková kupní cena nemovitosti","7432","10 000 - 49 999 obyv.","441000645000000","Česko","CZ","Kraj Vysočina","CZ063","Havlíčkův Brod","CZ0631","Rodinné domy [Kč/m2]","10302","2019-2021","2019-2021","32508"
"Průměrná jednotková kupní cena nemovitosti","7432","10 000 - 49 999 obyv.","441000645000000","Česko","CZ","Kraj Vysočina","CZ063","Havlíčkův Brod","CZ0631","Rodinné domy [Kč/m2]","10302","2020-2022","2020-2022","38006"
"Průměrná jednotková kupní cena nemovitosti","7432","10 000 - 49 999 obyv.","441000645000000","Česko","CZ","Kraj Vysočina","CZ063","Havlíčkův Brod","CZ0631","Rodinné domy [Kč/m2]","10302","2021-2023","2021-2023","41735"
"Průměrná jednotková kupní cena nemovitosti","7432","10 000 - 49 999 obyv.","441000645000000","Česko","CZ","Kraj Vysočina","CZ063","Havlíčkův Brod","CZ0631","Rodinné domy [Kč/m2]","10302","2022-2024","2022-2024","48513"
"Průměrná jednotková kupní cena nemovitosti","7432","10 000 - 49 999 obyv.","441000645000000","Česko","CZ","Kraj Vysočina","CZ063","Havlíčkův Brod","CZ0631","Byty [Kč/m2]","10602","2019-2021","2019-2021","32266"
"Průměrná jednotková kupní cena nemovitosti","7432","10 000 - 49 999 obyv.","441000645000000","Česko","CZ","Kraj Vysočina","CZ063","Havlíčkův Brod","CZ0631","Byty [Kč/m2]","10602","2020-2022","2020-2022","37279"
"Průměrná jednotková kupní cena nemovitosti","7432","10 000 - 49 999 obyv.","441000645000000","Česko","CZ","Kraj Vysočina","CZ063","Havlíčkův Brod","CZ0631","Byty [Kč/m2]","10602","2021-2023","2021-2023","42733"
"Průměrná jednotková kupní cena nemovitosti","7432","10 000 - 49 999 obyv.","441000645000000","Česko","CZ","Kraj Vysočina","CZ063","Havlíčkův Brod","CZ0631","Byty [Kč/m2]","10602","2022-2024","2022-2024","46936"
"Průměrná jednotková kupní cena nemovitosti","7432","10 000 - 49 999 obyv.","441000645000000","Česko","CZ","Kraj Vysočina","CZ063","Pelhřimov","CZ0633","Rodinné domy [Kč/m2]","10302","2019-2021","2019-2021","33943"
"Průměrná jednotková kupní cena nemovitosti","7432","10 000 - 49 999 obyv.","441000645000000","Česko","CZ","Kraj Vysočina","CZ063","Pelhřimov","CZ0633","Rodinné domy [Kč/m2]","10302","2020-2022","2020-2022","35424"
"Průměrná jednotková kupní cena nemovitosti","7432","10 000 - 49 999 obyv.","441000645000000","Česko","CZ","Kraj Vysočina","CZ063","Pelhřimov","CZ0633","Rodinné domy [Kč/m2]","10302","2021-2023","2021-2023","38548"
"Průměrná jednotková kupní cena nemovitosti","7432","10 000 - 49 999 obyv.","441000645000000","Česko","CZ","Kraj Vysočina","CZ063","Pelhřimov","CZ0633","Rodinné domy [Kč/m2]","10302","2022-2024","2022-2024","46631"
"Průměrná jednotková kupní cena nemovitosti","7432","10 000 - 49 999 obyv.","441000645000000","Česko","CZ","Kraj Vysočina","CZ063","Pelhřimov","CZ0633","Byty [Kč/m2]","10602","2019-2021","2019-2021","33004"
"Průměrná jednotková kupní cena nemovitosti","7432","10 000 - 49 999 obyv.","441000645000000","Česko","CZ","Kraj Vysočina","CZ063","Pelhřimov","CZ0633","Byty [Kč/m2]","10602","2020-2022","2020-2022","41139"
"Průměrná jednotková kupní cena nemovitosti","7432","10 000 - 49 999 obyv.","441000645000000","Česko","CZ","Kraj Vysočina","CZ063","Pelhřimov","CZ0633","Byty [Kč/m2]","10602","2021-2023","2021-2023","45110"
"Průměrná jednotková kupní cena nemovitosti","7432","10 000 - 49 999 obyv.","441000645000000","Česko","CZ","Kraj Vysočina","CZ063","Pelhřimov","CZ0633","Byty [Kč/m2]","10602","2022-2024","2022-2024","48927"
"Průměrná jednotková kupní cena nemovitosti","7432","10 000 - 49 999 obyv.","441000645000000","Česko","CZ","Kraj Vysočina","CZ063","Třebíč","CZ0634","Rodinné domy [Kč/m2]","10302","2019-2021","2019-2021","40009"
"Průměrná jednotková kupní cena nemovitosti","7432","10 000 - 49 999 obyv.","441000645000000","Česko","CZ","Kraj Vysočina","CZ063","Třebíč","CZ0634","Rodinné domy [Kč/m2]","10302","2020-2022","2020-2022","38862"
"Průměrná jednotková kupní cena nemovitosti","7432","10 000 - 49 999 obyv.","441000645000000","Česko","CZ","Kraj Vysočina","CZ063","Třebíč","CZ0634","Rodinné domy [Kč/m2]","10302","2021-2023","2021-2023","43972"
"Průměrná jednotková kupní cena nemovitosti","7432","10 000 - 49 999 obyv.","441000645000000","Česko","CZ","Kraj Vysočina","CZ063","Třebíč","CZ0634","Rodinné domy [Kč/m2]","10302","2022-2024","2022-2024","36521"
"Průměrná jednotková kupní cena nemovitosti","7432","10 000 - 49 999 obyv.","441000645000000","Česko","CZ","Kraj Vysočina","CZ063","Třebíč","CZ0634","Byty [Kč/m2]","10602","2019-2021","2019-2021","36319"
"Průměrná jednotková kupní cena nemovitosti","7432","10 000 - 49 999 obyv.","441000645000000","Česko","CZ","Kraj Vysočina","CZ063","Třebíč","CZ0634","Byty [Kč/m2]","10602","2020-2022","2020-2022","42786"
"Průměrná jednotková kupní cena nemovitosti","7432","10 000 - 49 999 obyv.","441000645000000","Česko","CZ","Kraj Vysočina","CZ063","Třebíč","CZ0634","Byty [Kč/m2]","10602","2021-2023","2021-2023","47148"
"Průměrná jednotková kupní cena nemovitosti","7432","10 000 - 49 999 obyv.","441000645000000","Česko","CZ","Kraj Vysočina","CZ063","Třebíč","CZ0634","Byty [Kč/m2]","10602","2022-2024","2022-2024","50886"
"Průměrná jednotková kupní cena nemovitosti","7432","10 000 - 49 999 obyv.","441000645000000","Česko","CZ","Kraj Vysočina","CZ063","Žďár nad Sázavou","CZ0635","Rodinné domy [Kč/m2]","10302","2019-2021","2019-2021","36530"
"Průměrná jednotková kupní cena nemovitosti","7432","10 000 - 49 999 obyv.","441000645000000","Česko","CZ","Kraj Vysočina","CZ063","Žďár nad Sázavou","CZ0635","Rodinné domy [Kč/m2]","10302","2020-2022","2020-2022","37654"
"Průměrná jednotková kupní cena nemovitosti","7432","10 000 - 49 999 obyv.","441000645000000","Česko","CZ","Kraj Vysočina","CZ063","Žďár nad Sázavou","CZ0635","Rodinné domy [Kč/m2]","10302","2021-2023","2021-2023","40446"
"Průměrná jednotková kupní cena nemovitosti","7432","10 000 - 49 999 obyv.","441000645000000","Česko","CZ","Kraj Vysočina","CZ063","Žďár nad Sázavou","CZ0635","Rodinné domy [Kč/m2]","10302","2022-2024","2022-2024","48293"
"Průměrná jednotková kupní cena nemovitosti","7432","10 000 - 49 999 obyv.","441000645000000","Česko","CZ","Kraj Vysočina","CZ063","Žďár nad Sázavou","CZ0635","Byty [Kč/m2]","10602","2019-2021","2019-2021","38821"
"Průměrná jednotková kupní cena nemovitosti","7432","10 000 - 49 999 obyv.","441000645000000","Česko","CZ","Kraj Vysočina","CZ063","Žďár nad Sázavou","CZ0635","Byty [Kč/m2]","10602","2020-2022","2020-2022","46216"
"Průměrná jednotková kupní cena nemovitosti","7432","10 000 - 49 999 obyv.","441000645000000","Česko","CZ","Kraj Vysočina","CZ063","Žďár nad Sázavou","CZ0635","Byty [Kč/m2]","10602","2021-2023","2021-2023","49703"
"Průměrná jednotková kupní cena nemovitosti","7432","10 000 - 49 999 obyv.","441000645000000","Česko","CZ","Kraj Vysočina","CZ063","Žďár nad Sázavou","CZ0635","Byty [Kč/m2]","10602","2022-2024","2022-2024","52499"
"Průměrná jednotková kupní cena nemovitosti","7432","10 000 - 49 999 obyv.","441000645000000","Česko","CZ","Jihomoravský kraj","CZ064","Blansko","CZ0641","Rodinné domy [Kč/m2]","10302","2019-2021","2019-2021","39229"
"Průměrná jednotková kupní cena nemovitosti","7432","10 000 - 49 999 obyv.","441000645000000","Česko","CZ","Jihomoravský kraj","CZ064","Blansko","CZ0641","Rodinné domy [Kč/m2]","10302","2020-2022","2020-2022","40708"
"Průměrná jednotková kupní cena nemovitosti","7432","10 000 - 49 999 obyv.","441000645000000","Česko","CZ","Jihomoravský kraj","CZ064","Blansko","CZ0641","Rodinné domy [Kč/m2]","10302","2021-2023","2021-2023","44603"
"Průměrná jednotková kupní cena nemovitosti","7432","10 000 - 49 999 obyv.","441000645000000","Česko","CZ","Jihomoravský kraj","CZ064","Blansko","CZ0641","Rodinné domy [Kč/m2]","10302","2022-2024","2022-2024","49802"
"Průměrná jednotková kupní cena nemovitosti","7432","10 000 - 49 999 obyv.","441000645000000","Česko","CZ","Jihomoravský kraj","CZ064","Blansko","CZ0641","Byty [Kč/m2]","10602","2019-2021","2019-2021","39913"
"Průměrná jednotková kupní cena nemovitosti","7432","10 000 - 49 999 obyv.","441000645000000","Česko","CZ","Jihomoravský kraj","CZ064","Blansko","CZ0641","Byty [Kč/m2]","10602","2020-2022","2020-2022","46691"
"Průměrná jednotková kupní cena nemovitosti","7432","10 000 - 49 999 obyv.","441000645000000","Česko","CZ","Jihomoravský kraj","CZ064","Blansko","CZ0641","Byty [Kč/m2]","10602","2021-2023","2021-2023","55372"
"Průměrná jednotková kupní cena nemovitosti","7432","10 000 - 49 999 obyv.","441000645000000","Česko","CZ","Jihomoravský kraj","CZ064","Blansko","CZ0641","Byty [Kč/m2]","10602","2022-2024","2022-2024","61089"
"Průměrná jednotková kupní cena nemovitosti","7432","10 000 - 49 999 obyv.","441000645000000","Česko","CZ","Jihomoravský kraj","CZ064","Brno-venkov","CZ0643","Rodinné domy [Kč/m2]","10302","2019-2021","2019-2021","38603"
"Průměrná jednotková kupní cena nemovitosti","7432","10 000 - 49 999 obyv.","441000645000000","Česko","CZ","Jihomoravský kraj","CZ064","Brno-venkov","CZ0643","Rodinné domy [Kč/m2]","10302","2020-2022","2020-2022","41151"
"Průměrná jednotková kupní cena nemovitosti","7432","10 000 - 49 999 obyv.","441000645000000","Česko","CZ","Jihomoravský kraj","CZ064","Brno-venkov","CZ0643","Rodinné domy [Kč/m2]","10302","2021-2023","2021-2023","44375"
"Průměrná jednotková kupní cena nemovitosti","7432","10 000 - 49 999 obyv.","441000645000000","Česko","CZ","Jihomoravský kraj","CZ064","Brno-venkov","CZ0643","Rodinné domy [Kč/m2]","10302","2022-2024","2022-2024","56542"
"Průměrná jednotková kupní cena nemovitosti","7432","10 000 - 49 999 obyv.","441000645000000","Česko","CZ","Jihomoravský kraj","CZ064","Brno-venkov","CZ0643","Byty [Kč/m2]","10602","2019-2021","2019-2021","44603"
"Průměrná jednotková kupní cena nemovitosti","7432","10 000 - 49 999 obyv.","441000645000000","Česko","CZ","Jihomoravský kraj","CZ064","Brno-venkov","CZ0643","Byty [Kč/m2]","10602","2020-2022","2020-2022","48049"
"Průměrná jednotková kupní cena nemovitosti","7432","10 000 - 49 999 obyv.","441000645000000","Česko","CZ","Jihomoravský kraj","CZ064","Brno-venkov","CZ0643","Byty [Kč/m2]","10602","2021-2023","2021-2023","51810"
"Průměrná jednotková kupní cena nemovitosti","7432","10 000 - 49 999 obyv.","441000645000000","Česko","CZ","Jihomoravský kraj","CZ064","Brno-venkov","CZ0643","Byty [Kč/m2]","10602","2022-2024","2022-2024","60536"
"Průměrná jednotková kupní cena nemovitosti","7432","10 000 - 49 999 obyv.","441000645000000","Česko","CZ","Jihomoravský kraj","CZ064","Břeclav","CZ0644","Rodinné domy [Kč/m2]","10302","2019-2021","2019-2021","34044"
"Průměrná jednotková kupní cena nemovitosti","7432","10 000 - 49 999 obyv.","441000645000000","Česko","CZ","Jihomoravský kraj","CZ064","Břeclav","CZ0644","Rodinné domy [Kč/m2]","10302","2020-2022","2020-2022","37755"
"Průměrná jednotková kupní cena nemovitosti","7432","10 000 - 49 999 obyv.","441000645000000","Česko","CZ","Jihomoravský kraj","CZ064","Břeclav","CZ0644","Rodinné domy [Kč/m2]","10302","2021-2023","2021-2023","40446"
"Průměrná jednotková kupní cena nemovitosti","7432","10 000 - 49 999 obyv.","441000645000000","Česko","CZ","Jihomoravský kraj","CZ064","Břeclav","CZ0644","Rodinné domy [Kč/m2]","10302","2022-2024","2022-2024","46784"
"Průměrná jednotková kupní cena nemovitosti","7432","10 000 - 49 999 obyv.","441000645000000","Česko","CZ","Jihomoravský kraj","CZ064","Břeclav","CZ0644","Byty [Kč/m2]","10602","2019-2021","2019-2021","34957"
"Průměrná jednotková kupní cena nemovitosti","7432","10 000 - 49 999 obyv.","441000645000000","Česko","CZ","Jihomoravský kraj","CZ064","Břeclav","CZ0644","Byty [Kč/m2]","10602","2020-2022","2020-2022","43035"
"Průměrná jednotková kupní cena nemovitosti","7432","10 000 - 49 999 obyv.","441000645000000","Česko","CZ","Jihomoravský kraj","CZ064","Břeclav","CZ0644","Byty [Kč/m2]","10602","2021-2023","2021-2023","47007"
"Průměrná jednotková kupní cena nemovitosti","7432","10 000 - 49 999 obyv.","441000645000000","Česko","CZ","Jihomoravský kraj","CZ064","Břeclav","CZ0644","Byty [Kč/m2]","10602","2022-2024","2022-2024","50041"
"Průměrná jednotková kupní cena nemovitosti","7432","10 000 - 49 999 obyv.","441000645000000","Česko","CZ","Jihomoravský kraj","CZ064","Hodonín","CZ0645","Rodinné domy [Kč/m2]","10302","2019-2021","2019-2021","31383"
"Průměrná jednotková kupní cena nemovitosti","7432","10 000 - 49 999 obyv.","441000645000000","Česko","CZ","Jihomoravský kraj","CZ064","Hodonín","CZ0645","Rodinné domy [Kč/m2]","10302","2020-2022","2020-2022","36335"
"Průměrná jednotková kupní cena nemovitosti","7432","10 000 - 49 999 obyv.","441000645000000","Česko","CZ","Jihomoravský kraj","CZ064","Hodonín","CZ0645","Rodinné domy [Kč/m2]","10302","2021-2023","2021-2023","39383"
"Průměrná jednotková kupní cena nemovitosti","7432","10 000 - 49 999 obyv.","441000645000000","Česko","CZ","Jihomoravský kraj","CZ064","Hodonín","CZ0645","Rodinné domy [Kč/m2]","10302","2022-2024","2022-2024","44817"
"Průměrná jednotková kupní cena nemovitosti","7432","10 000 - 49 999 obyv.","441000645000000","Česko","CZ","Jihomoravský kraj","CZ064","Hodonín","CZ0645","Byty [Kč/m2]","10602","2019-2021","2019-2021","32206"
"Průměrná jednotková kupní cena nemovitosti","7432","10 000 - 49 999 obyv.","441000645000000","Česko","CZ","Jihomoravský kraj","CZ064","Hodonín","CZ0645","Byty [Kč/m2]","10602","2020-2022","2020-2022","39144"
"Průměrná jednotková kupní cena nemovitosti","7432","10 000 - 49 999 obyv.","441000645000000","Česko","CZ","Jihomoravský kraj","CZ064","Hodonín","CZ0645","Byty [Kč/m2]","10602","2021-2023","2021-2023","44748"
"Průměrná jednotková kupní cena nemovitosti","7432","10 000 - 49 999 obyv.","441000645000000","Česko","CZ","Jihomoravský kraj","CZ064","Hodonín","CZ0645","Byty [Kč/m2]","10602","2022-2024","2022-2024","47815"
"Průměrná jednotková kupní cena nemovitosti","7432","10 000 - 49 999 obyv.","441000645000000","Česko","CZ","Jihomoravský kraj","CZ064","Vyškov","CZ0646","Rodinné domy [Kč/m2]","10302","2019-2021","2019-2021","32574"
"Průměrná jednotková kupní cena nemovitosti","7432","10 000 - 49 999 obyv.","441000645000000","Česko","CZ","Jihomoravský kraj","CZ064","Vyškov","CZ0646","Rodinné domy [Kč/m2]","10302","2020-2022","2020-2022","33934"
"Průměrná jednotková kupní cena nemovitosti","7432","10 000 - 49 999 obyv.","441000645000000","Česko","CZ","Jihomoravský kraj","CZ064","Vyškov","CZ0646","Rodinné domy [Kč/m2]","10302","2021-2023","2021-2023","42156"
"Průměrná jednotková kupní cena nemovitosti","7432","10 000 - 49 999 obyv.","441000645000000","Česko","CZ","Jihomoravský kraj","CZ064","Vyškov","CZ0646","Rodinné domy [Kč/m2]","10302","2022-2024","2022-2024","45176"
"Průměrná jednotková kupní cena nemovitosti","7432","10 000 - 49 999 obyv.","441000645000000","Česko","CZ","Jihomoravský kraj","CZ064","Vyškov","CZ0646","Byty [Kč/m2]","10602","2019-2021","2019-2021","40659"
"Průměrná jednotková kupní cena nemovitosti","7432","10 000 - 49 999 obyv.","441000645000000","Česko","CZ","Jihomoravský kraj","CZ064","Vyškov","CZ0646","Byty [Kč/m2]","10602","2020-2022","2020-2022","46763"
"Průměrná jednotková kupní cena nemovitosti","7432","10 000 - 49 999 obyv.","441000645000000","Česko","CZ","Jihomoravský kraj","CZ064","Vyškov","CZ0646","Byty [Kč/m2]","10602","2021-2023","2021-2023","52154"
"Průměrná jednotková kupní cena nemovitosti","7432","10 000 - 49 999 obyv.","441000645000000","Česko","CZ","Jihomoravský kraj","CZ064","Vyškov","CZ0646","Byty [Kč/m2]","10602","2022-2024","2022-2024","57162"
"Průměrná jednotková kupní cena nemovitosti","7432","10 000 - 49 999 obyv.","441000645000000","Česko","CZ","Jihomoravský kraj","CZ064","Znojmo","CZ0647","Rodinné domy [Kč/m2]","10302","2019-2021","2019-2021","34392"
"Průměrná jednotková kupní cena nemovitosti","7432","10 000 - 49 999 obyv.","441000645000000","Česko","CZ","Jihomoravský kraj","CZ064","Znojmo","CZ0647","Rodinné domy [Kč/m2]","10302","2020-2022","2020-2022","38633"
"Průměrná jednotková kupní cena nemovitosti","7432","10 000 - 49 999 obyv.","441000645000000","Česko","CZ","Jihomoravský kraj","CZ064","Znojmo","CZ0647","Rodinné domy [Kč/m2]","10302","2021-2023","2021-2023","43341"
"Průměrná jednotková kupní cena nemovitosti","7432","10 000 - 49 999 obyv.","441000645000000","Česko","CZ","Jihomoravský kraj","CZ064","Znojmo","CZ0647","Rodinné domy [Kč/m2]","10302","2022-2024","2022-2024","51556"
"Průměrná jednotková kupní cena nemovitosti","7432","10 000 - 49 999 obyv.","441000645000000","Česko","CZ","Jihomoravský kraj","CZ064","Znojmo","CZ0647","Byty [Kč/m2]","10602","2019-2021","2019-2021","35712"
"Průměrná jednotková kupní cena nemovitosti","7432","10 000 - 49 999 obyv.","441000645000000","Česko","CZ","Jihomoravský kraj","CZ064","Znojmo","CZ0647","Byty [Kč/m2]","10602","2020-2022","2020-2022","42402"
"Průměrná jednotková kupní cena nemovitosti","7432","10 000 - 49 999 obyv.","441000645000000","Česko","CZ","Jihomoravský kraj","CZ064","Znojmo","CZ0647","Byty [Kč/m2]","10602","2021-2023","2021-2023","46947"
"Průměrná jednotková kupní cena nemovitosti","7432","10 000 - 49 999 obyv.","441000645000000","Česko","CZ","Jihomoravský kraj","CZ064","Znojmo","CZ0647","Byty [Kč/m2]","10602","2022-2024","2022-2024","49313"
"Průměrná jednotková kupní cena nemovitosti","7432","10 000 - 49 999 obyv.","441000645000000","Česko","CZ","Olomoucký kraj","CZ071","Jeseník","CZ0711","Rodinné domy [Kč/m2]","10302","2019-2021","2019-2021","26837"
"Průměrná jednotková kupní cena nemovitosti","7432","10 000 - 49 999 obyv.","441000645000000","Česko","CZ","Olomoucký kraj","CZ071","Jeseník","CZ0711","Rodinné domy [Kč/m2]","10302","2020-2022","2020-2022","31762"
"Průměrná jednotková kupní cena nemovitosti","7432","10 000 - 49 999 obyv.","441000645000000","Česko","CZ","Olomoucký kraj","CZ071","Jeseník","CZ0711","Rodinné domy [Kč/m2]","10302","2021-2023","2021-2023","37306"
"Průměrná jednotková kupní cena nemovitosti","7432","10 000 - 49 999 obyv.","441000645000000","Česko","CZ","Olomoucký kraj","CZ071","Jeseník","CZ0711","Rodinné domy [Kč/m2]","10302","2022-2024","2022-2024","45265"
"Průměrná jednotková kupní cena nemovitosti","7432","10 000 - 49 999 obyv.","441000645000000","Česko","CZ","Olomoucký kraj","CZ071","Jeseník","CZ0711","Byty [Kč/m2]","10602","2019-2021","2019-2021","26336"
"Průměrná jednotková kupní cena nemovitosti","7432","10 000 - 49 999 obyv.","441000645000000","Česko","CZ","Olomoucký kraj","CZ071","Jeseník","CZ0711","Byty [Kč/m2]","10602","2020-2022","2020-2022","33663"
"Průměrná jednotková kupní cena nemovitosti","7432","10 000 - 49 999 obyv.","441000645000000","Česko","CZ","Olomoucký kraj","CZ071","Jeseník","CZ0711","Byty [Kč/m2]","10602","2021-2023","2021-2023","37155"
"Průměrná jednotková kupní cena nemovitosti","7432","10 000 - 49 999 obyv.","441000645000000","Česko","CZ","Olomoucký kraj","CZ071","Jeseník","CZ0711","Byty [Kč/m2]","10602","2022-2024","2022-2024","39552"
"Průměrná jednotková kupní cena nemovitosti","7432","10 000 - 49 999 obyv.","441000645000000","Česko","CZ","Olomoucký kraj","CZ071","Olomouc","CZ0712","Rodinné domy [Kč/m2]","10302","2019-2021","2019-2021","30450"
"Průměrná jednotková kupní cena nemovitosti","7432","10 000 - 49 999 obyv.","441000645000000","Česko","CZ","Olomoucký kraj","CZ071","Olomouc","CZ0712","Rodinné domy [Kč/m2]","10302","2020-2022","2020-2022","34637"
"Průměrná jednotková kupní cena nemovitosti","7432","10 000 - 49 999 obyv.","441000645000000","Česko","CZ","Olomoucký kraj","CZ071","Olomouc","CZ0712","Rodinné domy [Kč/m2]","10302","2021-2023","2021-2023","38447"
"Průměrná jednotková kupní cena nemovitosti","7432","10 000 - 49 999 obyv.","441000645000000","Česko","CZ","Olomoucký kraj","CZ071","Olomouc","CZ0712","Rodinné domy [Kč/m2]","10302","2022-2024","2022-2024","41691"
"Průměrná jednotková kupní cena nemovitosti","7432","10 000 - 49 999 obyv.","441000645000000","Česko","CZ","Olomoucký kraj","CZ071","Olomouc","CZ0712","Byty [Kč/m2]","10602","2019-2021","2019-2021","28998"
"Průměrná jednotková kupní cena nemovitosti","7432","10 000 - 49 999 obyv.","441000645000000","Česko","CZ","Olomoucký kraj","CZ071","Olomouc","CZ0712","Byty [Kč/m2]","10602","2020-2022","2020-2022","35687"
"Průměrná jednotková kupní cena nemovitosti","7432","10 000 - 49 999 obyv.","441000645000000","Česko","CZ","Olomoucký kraj","CZ071","Olomouc","CZ0712","Byty [Kč/m2]","10602","2021-2023","2021-2023","40428"
"Průměrná jednotková kupní cena nemovitosti","7432","10 000 - 49 999 obyv.","441000645000000","Česko","CZ","Olomoucký kraj","CZ071","Olomouc","CZ0712","Byty [Kč/m2]","10602","2022-2024","2022-2024","43180"
"Průměrná jednotková kupní cena nemovitosti","7432","10 000 - 49 999 obyv.","441000645000000","Česko","CZ","Olomoucký kraj","CZ071","Prostějov","CZ0713","Rodinné domy [Kč/m2]","10302","2019-2021","2019-2021","35845"
"Průměrná jednotková kupní cena nemovitosti","7432","10 000 - 49 999 obyv.","441000645000000","Česko","CZ","Olomoucký kraj","CZ071","Prostějov","CZ0713","Rodinné domy [Kč/m2]","10302","2020-2022","2020-2022","39498"
"Průměrná jednotková kupní cena nemovitosti","7432","10 000 - 49 999 obyv.","441000645000000","Česko","CZ","Olomoucký kraj","CZ071","Prostějov","CZ0713","Rodinné domy [Kč/m2]","10302","2021-2023","2021-2023","43050"
"Průměrná jednotková kupní cena nemovitosti","7432","10 000 - 49 999 obyv.","441000645000000","Česko","CZ","Olomoucký kraj","CZ071","Prostějov","CZ0713","Rodinné domy [Kč/m2]","10302","2022-2024","2022-2024","46471"
"Průměrná jednotková kupní cena nemovitosti","7432","10 000 - 49 999 obyv.","441000645000000","Česko","CZ","Olomoucký kraj","CZ071","Prostějov","CZ0713","Byty [Kč/m2]","10602","2019-2021","2019-2021","33115"
"Průměrná jednotková kupní cena nemovitosti","7432","10 000 - 49 999 obyv.","441000645000000","Česko","CZ","Olomoucký kraj","CZ071","Prostějov","CZ0713","Byty [Kč/m2]","10602","2020-2022","2020-2022","39809"
"Průměrná jednotková kupní cena nemovitosti","7432","10 000 - 49 999 obyv.","441000645000000","Česko","CZ","Olomoucký kraj","CZ071","Prostějov","CZ0713","Byty [Kč/m2]","10602","2021-2023","2021-2023","43493"
"Průměrná jednotková kupní cena nemovitosti","7432","10 000 - 49 999 obyv.","441000645000000","Česko","CZ","Olomoucký kraj","CZ071","Prostějov","CZ0713","Byty [Kč/m2]","10602","2022-2024","2022-2024","47374"
"Průměrná jednotková kupní cena nemovitosti","7432","10 000 - 49 999 obyv.","441000645000000","Česko","CZ","Olomoucký kraj","CZ071","Přerov","CZ0714","Rodinné domy [Kč/m2]","10302","2019-2021","2019-2021","27395"
"Průměrná jednotková kupní cena nemovitosti","7432","10 000 - 49 999 obyv.","441000645000000","Česko","CZ","Olomoucký kraj","CZ071","Přerov","CZ0714","Rodinné domy [Kč/m2]","10302","2020-2022","2020-2022","29907"
"Průměrná jednotková kupní cena nemovitosti","7432","10 000 - 49 999 obyv.","441000645000000","Česko","CZ","Olomoucký kraj","CZ071","Přerov","CZ0714","Rodinné domy [Kč/m2]","10302","2021-2023","2021-2023","32927"
"Průměrná jednotková kupní cena nemovitosti","7432","10 000 - 49 999 obyv.","441000645000000","Česko","CZ","Olomoucký kraj","CZ071","Přerov","CZ0714","Rodinné domy [Kč/m2]","10302","2022-2024","2022-2024","37635"
"Průměrná jednotková kupní cena nemovitosti","7432","10 000 - 49 999 obyv.","441000645000000","Česko","CZ","Olomoucký kraj","CZ071","Přerov","CZ0714","Byty [Kč/m2]","10602","2019-2021","2019-2021","29032"
"Průměrná jednotková kupní cena nemovitosti","7432","10 000 - 49 999 obyv.","441000645000000","Česko","CZ","Olomoucký kraj","CZ071","Přerov","CZ0714","Byty [Kč/m2]","10602","2020-2022","2020-2022","34527"
"Průměrná jednotková kupní cena nemovitosti","7432","10 000 - 49 999 obyv.","441000645000000","Česko","CZ","Olomoucký kraj","CZ071","Přerov","CZ0714","Byty [Kč/m2]","10602","2021-2023","2021-2023","38560"
"Průměrná jednotková kupní cena nemovitosti","7432","10 000 - 49 999 obyv.","441000645000000","Česko","CZ","Olomoucký kraj","CZ071","Přerov","CZ0714","Byty [Kč/m2]","10602","2022-2024","2022-2024","41909"
"Průměrná jednotková kupní cena nemovitosti","7432","10 000 - 49 999 obyv.","441000645000000","Česko","CZ","Olomoucký kraj","CZ071","Šumperk","CZ0715","Rodinné domy [Kč/m2]","10302","2019-2021","2019-2021","30412"
"Průměrná jednotková kupní cena nemovitosti","7432","10 000 - 49 999 obyv.","441000645000000","Česko","CZ","Olomoucký kraj","CZ071","Šumperk","CZ0715","Rodinné domy [Kč/m2]","10302","2020-2022","2020-2022","32618"
"Průměrná jednotková kupní cena nemovitosti","7432","10 000 - 49 999 obyv.","441000645000000","Česko","CZ","Olomoucký kraj","CZ071","Šumperk","CZ0715","Rodinné domy [Kč/m2]","10302","2021-2023","2021-2023","35583"
"Průměrná jednotková kupní cena nemovitosti","7432","10 000 - 49 999 obyv.","441000645000000","Česko","CZ","Olomoucký kraj","CZ071","Šumperk","CZ0715","Rodinné domy [Kč/m2]","10302","2022-2024","2022-2024","44318"
"Průměrná jednotková kupní cena nemovitosti","7432","10 000 - 49 999 obyv.","441000645000000","Česko","CZ","Olomoucký kraj","CZ071","Šumperk","CZ0715","Byty [Kč/m2]","10602","2019-2021","2019-2021","30443"
"Průměrná jednotková kupní cena nemovitosti","7432","10 000 - 49 999 obyv.","441000645000000","Česko","CZ","Olomoucký kraj","CZ071","Šumperk","CZ0715","Byty [Kč/m2]","10602","2020-2022","2020-2022","36222"
"Průměrná jednotková kupní cena nemovitosti","7432","10 000 - 49 999 obyv.","441000645000000","Česko","CZ","Olomoucký kraj","CZ071","Šumperk","CZ0715","Byty [Kč/m2]","10602","2021-2023","2021-2023","40727"
"Průměrná jednotková kupní cena nemovitosti","7432","10 000 - 49 999 obyv.","441000645000000","Česko","CZ","Olomoucký kraj","CZ071","Šumperk","CZ0715","Byty [Kč/m2]","10602","2022-2024","2022-2024","43940"
"Průměrná jednotková kupní cena nemovitosti","7432","10 000 - 49 999 obyv.","441000645000000","Česko","CZ","Zlínský kraj","CZ072","Kroměříž","CZ0721","Rodinné domy [Kč/m2]","10302","2019-2021","2019-2021","28150"
"Průměrná jednotková kupní cena nemovitosti","7432","10 000 - 49 999 obyv.","441000645000000","Česko","CZ","Zlínský kraj","CZ072","Kroměříž","CZ0721","Rodinné domy [Kč/m2]","10302","2020-2022","2020-2022","32359"
"Průměrná jednotková kupní cena nemovitosti","7432","10 000 - 49 999 obyv.","441000645000000","Česko","CZ","Zlínský kraj","CZ072","Kroměříž","CZ0721","Rodinné domy [Kč/m2]","10302","2021-2023","2021-2023","38098"
"Průměrná jednotková kupní cena nemovitosti","7432","10 000 - 49 999 obyv.","441000645000000","Česko","CZ","Zlínský kraj","CZ072","Kroměříž","CZ0721","Rodinné domy [Kč/m2]","10302","2022-2024","2022-2024","43160"
"Průměrná jednotková kupní cena nemovitosti","7432","10 000 - 49 999 obyv.","441000645000000","Česko","CZ","Zlínský kraj","CZ072","Kroměříž","CZ0721","Byty [Kč/m2]","10602","2019-2021","2019-2021","32759"
"Průměrná jednotková kupní cena nemovitosti","7432","10 000 - 49 999 obyv.","441000645000000","Česko","CZ","Zlínský kraj","CZ072","Kroměříž","CZ0721","Byty [Kč/m2]","10602","2020-2022","2020-2022","38256"
"Průměrná jednotková kupní cena nemovitosti","7432","10 000 - 49 999 obyv.","441000645000000","Česko","CZ","Zlínský kraj","CZ072","Kroměříž","CZ0721","Byty [Kč/m2]","10602","2021-2023","2021-2023","44093"
"Průměrná jednotková kupní cena nemovitosti","7432","10 000 - 49 999 obyv.","441000645000000","Česko","CZ","Zlínský kraj","CZ072","Kroměříž","CZ0721","Byty [Kč/m2]","10602","2022-2024","2022-2024","47481"
"Průměrná jednotková kupní cena nemovitosti","7432","10 000 - 49 999 obyv.","441000645000000","Česko","CZ","Zlínský kraj","CZ072","Uherské Hradiště","CZ0722","Rodinné domy [Kč/m2]","10302","2019-2021","2019-2021","32304"
"Průměrná jednotková kupní cena nemovitosti","7432","10 000 - 49 999 obyv.","441000645000000","Česko","CZ","Zlínský kraj","CZ072","Uherské Hradiště","CZ0722","Rodinné domy [Kč/m2]","10302","2020-2022","2020-2022","36053"
"Průměrná jednotková kupní cena nemovitosti","7432","10 000 - 49 999 obyv.","441000645000000","Česko","CZ","Zlínský kraj","CZ072","Uherské Hradiště","CZ0722","Rodinné domy [Kč/m2]","10302","2021-2023","2021-2023","36924"
"Průměrná jednotková kupní cena nemovitosti","7432","10 000 - 49 999 obyv.","441000645000000","Česko","CZ","Zlínský kraj","CZ072","Uherské Hradiště","CZ0722","Rodinné domy [Kč/m2]","10302","2022-2024","2022-2024","41322"
"Průměrná jednotková kupní cena nemovitosti","7432","10 000 - 49 999 obyv.","441000645000000","Česko","CZ","Zlínský kraj","CZ072","Uherské Hradiště","CZ0722","Byty [Kč/m2]","10602","2019-2021","2019-2021","36160"
"Průměrná jednotková kupní cena nemovitosti","7432","10 000 - 49 999 obyv.","441000645000000","Česko","CZ","Zlínský kraj","CZ072","Uherské Hradiště","CZ0722","Byty [Kč/m2]","10602","2020-2022","2020-2022","41149"
"Průměrná jednotková kupní cena nemovitosti","7432","10 000 - 49 999 obyv.","441000645000000","Česko","CZ","Zlínský kraj","CZ072","Uherské Hradiště","CZ0722","Byty [Kč/m2]","10602","2021-2023","2021-2023","46492"
"Průměrná jednotková kupní cena nemovitosti","7432","10 000 - 49 999 obyv.","441000645000000","Česko","CZ","Zlínský kraj","CZ072","Uherské Hradiště","CZ0722","Byty [Kč/m2]","10602","2022-2024","2022-2024","51517"
"Průměrná jednotková kupní cena nemovitosti","7432","10 000 - 49 999 obyv.","441000645000000","Česko","CZ","Zlínský kraj","CZ072","Vsetín","CZ0723","Rodinné domy [Kč/m2]","10302","2019-2021","2019-2021","31200"
"Průměrná jednotková kupní cena nemovitosti","7432","10 000 - 49 999 obyv.","441000645000000","Česko","CZ","Zlínský kraj","CZ072","Vsetín","CZ0723","Rodinné domy [Kč/m2]","10302","2020-2022","2020-2022","36379"
"Průměrná jednotková kupní cena nemovitosti","7432","10 000 - 49 999 obyv.","441000645000000","Česko","CZ","Zlínský kraj","CZ072","Vsetín","CZ0723","Rodinné domy [Kč/m2]","10302","2021-2023","2021-2023","40160"
"Průměrná jednotková kupní cena nemovitosti","7432","10 000 - 49 999 obyv.","441000645000000","Česko","CZ","Zlínský kraj","CZ072","Vsetín","CZ0723","Rodinné domy [Kč/m2]","10302","2022-2024","2022-2024","44447"
"Průměrná jednotková kupní cena nemovitosti","7432","10 000 - 49 999 obyv.","441000645000000","Česko","CZ","Zlínský kraj","CZ072","Vsetín","CZ0723","Byty [Kč/m2]","10602","2019-2021","2019-2021","32348"
"Průměrná jednotková kupní cena nemovitosti","7432","10 000 - 49 999 obyv.","441000645000000","Česko","CZ","Zlínský kraj","CZ072","Vsetín","CZ0723","Byty [Kč/m2]","10602","2020-2022","2020-2022","38998"
"Průměrná jednotková kupní cena nemovitosti","7432","10 000 - 49 999 obyv.","441000645000000","Česko","CZ","Zlínský kraj","CZ072","Vsetín","CZ0723","Byty [Kč/m2]","10602","2021-2023","2021-2023","43433"
"Průměrná jednotková kupní cena nemovitosti","7432","10 000 - 49 999 obyv.","441000645000000","Česko","CZ","Zlínský kraj","CZ072","Vsetín","CZ0723","Byty [Kč/m2]","10602","2022-2024","2022-2024","46757"
"Průměrná jednotková kupní cena nemovitosti","7432","10 000 - 49 999 obyv.","441000645000000","Česko","CZ","Zlínský kraj","CZ072","Zlín","CZ0724","Rodinné domy [Kč/m2]","10302","2019-2021","2019-2021","32727"
"Průměrná jednotková kupní cena nemovitosti","7432","10 000 - 49 999 obyv.","441000645000000","Česko","CZ","Zlínský kraj","CZ072","Zlín","CZ0724","Rodinné domy [Kč/m2]","10302","2020-2022","2020-2022","36873"
"Průměrná jednotková kupní cena nemovitosti","7432","10 000 - 49 999 obyv.","441000645000000","Česko","CZ","Zlínský kraj","CZ072","Zlín","CZ0724","Rodinné domy [Kč/m2]","10302","2021-2023","2021-2023","39133"
"Průměrná jednotková kupní cena nemovitosti","7432","10 000 - 49 999 obyv.","441000645000000","Česko","CZ","Zlínský kraj","CZ072","Zlín","CZ0724","Rodinné domy [Kč/m2]","10302","2022-2024","2022-2024","44580"
"Průměrná jednotková kupní cena nemovitosti","7432","10 000 - 49 999 obyv.","441000645000000","Česko","CZ","Zlínský kraj","CZ072","Zlín","CZ0724","Byty [Kč/m2]","10602","2019-2021","2019-2021","38741"
"Průměrná jednotková kupní cena nemovitosti","7432","10 000 - 49 999 obyv.","441000645000000","Česko","CZ","Zlínský kraj","CZ072","Zlín","CZ0724","Byty [Kč/m2]","10602","2020-2022","2020-2022","47102"
"Průměrná jednotková kupní cena nemovitosti","7432","10 000 - 49 999 obyv.","441000645000000","Česko","CZ","Zlínský kraj","CZ072","Zlín","CZ0724","Byty [Kč/m2]","10602","2021-2023","2021-2023","51782"
"Průměrná jednotková kupní cena nemovitosti","7432","10 000 - 49 999 obyv.","441000645000000","Česko","CZ","Zlínský kraj","CZ072","Zlín","CZ0724","Byty [Kč/m2]","10602","2022-2024","2022-2024","55423"
"Průměrná jednotková kupní cena nemovitosti","7432","10 000 - 49 999 obyv.","441000645000000","Česko","CZ","Moravskoslezský kraj","CZ080","Bruntál","CZ0801","Rodinné domy [Kč/m2]","10302","2019-2021","2019-2021","26704"
"Průměrná jednotková kupní cena nemovitosti","7432","10 000 - 49 999 obyv.","441000645000000","Česko","CZ","Moravskoslezský kraj","CZ080","Bruntál","CZ0801","Rodinné domy [Kč/m2]","10302","2020-2022","2020-2022","29291"
"Průměrná jednotková kupní cena nemovitosti","7432","10 000 - 49 999 obyv.","441000645000000","Česko","CZ","Moravskoslezský kraj","CZ080","Bruntál","CZ0801","Rodinné domy [Kč/m2]","10302","2021-2023","2021-2023","33275"
"Průměrná jednotková kupní cena nemovitosti","7432","10 000 - 49 999 obyv.","441000645000000","Česko","CZ","Moravskoslezský kraj","CZ080","Bruntál","CZ0801","Rodinné domy [Kč/m2]","10302","2022-2024","2022-2024","36424"
"Průměrná jednotková kupní cena nemovitosti","7432","10 000 - 49 999 obyv.","441000645000000","Česko","CZ","Moravskoslezský kraj","CZ080","Bruntál","CZ0801","Byty [Kč/m2]","10602","2019-2021","2019-2021","21657"
"Průměrná jednotková kupní cena nemovitosti","7432","10 000 - 49 999 obyv.","441000645000000","Česko","CZ","Moravskoslezský kraj","CZ080","Bruntál","CZ0801","Byty [Kč/m2]","10602","2020-2022","2020-2022","27031"
"Průměrná jednotková kupní cena nemovitosti","7432","10 000 - 49 999 obyv.","441000645000000","Česko","CZ","Moravskoslezský kraj","CZ080","Bruntál","CZ0801","Byty [Kč/m2]","10602","2021-2023","2021-2023","30507"
"Průměrná jednotková kupní cena nemovitosti","7432","10 000 - 49 999 obyv.","441000645000000","Česko","CZ","Moravskoslezský kraj","CZ080","Bruntál","CZ0801","Byty [Kč/m2]","10602","2022-2024","2022-2024","32277"
"Průměrná jednotková kupní cena nemovitosti","7432","10 000 - 49 999 obyv.","441000645000000","Česko","CZ","Moravskoslezský kraj","CZ080","Frýdek-Místek","CZ0802","Rodinné domy [Kč/m2]","10302","2019-2021","2019-2021","33376"
"Průměrná jednotková kupní cena nemovitosti","7432","10 000 - 49 999 obyv.","441000645000000","Česko","CZ","Moravskoslezský kraj","CZ080","Frýdek-Místek","CZ0802","Rodinné domy [Kč/m2]","10302","2020-2022","2020-2022","37053"
"Průměrná jednotková kupní cena nemovitosti","7432","10 000 - 49 999 obyv.","441000645000000","Česko","CZ","Moravskoslezský kraj","CZ080","Frýdek-Místek","CZ0802","Rodinné domy [Kč/m2]","10302","2021-2023","2021-2023","41324"
"Průměrná jednotková kupní cena nemovitosti","7432","10 000 - 49 999 obyv.","441000645000000","Česko","CZ","Moravskoslezský kraj","CZ080","Frýdek-Místek","CZ0802","Rodinné domy [Kč/m2]","10302","2022-2024","2022-2024","43623"
"Průměrná jednotková kupní cena nemovitosti","7432","10 000 - 49 999 obyv.","441000645000000","Česko","CZ","Moravskoslezský kraj","CZ080","Frýdek-Místek","CZ0802","Byty [Kč/m2]","10602","2019-2021","2019-2021","25926"
"Průměrná jednotková kupní cena nemovitosti","7432","10 000 - 49 999 obyv.","441000645000000","Česko","CZ","Moravskoslezský kraj","CZ080","Frýdek-Místek","CZ0802","Byty [Kč/m2]","10602","2020-2022","2020-2022","31985"
"Průměrná jednotková kupní cena nemovitosti","7432","10 000 - 49 999 obyv.","441000645000000","Česko","CZ","Moravskoslezský kraj","CZ080","Frýdek-Místek","CZ0802","Byty [Kč/m2]","10602","2021-2023","2021-2023","35539"
"Průměrná jednotková kupní cena nemovitosti","7432","10 000 - 49 999 obyv.","441000645000000","Česko","CZ","Moravskoslezský kraj","CZ080","Frýdek-Místek","CZ0802","Byty [Kč/m2]","10602","2022-2024","2022-2024","37634"
"Průměrná jednotková kupní cena nemovitosti","7432","10 000 - 49 999 obyv.","441000645000000","Česko","CZ","Moravskoslezský kraj","CZ080","Karviná","CZ0803","Rodinné domy [Kč/m2]","10302","2019-2021","2019-2021","28820"
"Průměrná jednotková kupní cena nemovitosti","7432","10 000 - 49 999 obyv.","441000645000000","Česko","CZ","Moravskoslezský kraj","CZ080","Karviná","CZ0803","Rodinné domy [Kč/m2]","10302","2020-2022","2020-2022","32629"
"Průměrná jednotková kupní cena nemovitosti","7432","10 000 - 49 999 obyv.","441000645000000","Česko","CZ","Moravskoslezský kraj","CZ080","Karviná","CZ0803","Rodinné domy [Kč/m2]","10302","2021-2023","2021-2023","34963"
"Průměrná jednotková kupní cena nemovitosti","7432","10 000 - 49 999 obyv.","441000645000000","Česko","CZ","Moravskoslezský kraj","CZ080","Karviná","CZ0803","Rodinné domy [Kč/m2]","10302","2022-2024","2022-2024","38909"
"Průměrná jednotková kupní cena nemovitosti","7432","10 000 - 49 999 obyv.","441000645000000","Česko","CZ","Moravskoslezský kraj","CZ080","Karviná","CZ0803","Byty [Kč/m2]","10602","2019-2021","2019-2021","20936"
"Průměrná jednotková kupní cena nemovitosti","7432","10 000 - 49 999 obyv.","441000645000000","Česko","CZ","Moravskoslezský kraj","CZ080","Karviná","CZ0803","Byty [Kč/m2]","10602","2020-2022","2020-2022","25097"
"Průměrná jednotková kupní cena nemovitosti","7432","10 000 - 49 999 obyv.","441000645000000","Česko","CZ","Moravskoslezský kraj","CZ080","Karviná","CZ0803","Byty [Kč/m2]","10602","2021-2023","2021-2023","27051"
"Průměrná jednotková kupní cena nemovitosti","7432","10 000 - 49 999 obyv.","441000645000000","Česko","CZ","Moravskoslezský kraj","CZ080","Karviná","CZ0803","Byty [Kč/m2]","10602","2022-2024","2022-2024","29930"
"Průměrná jednotková kupní cena nemovitosti","7432","10 000 - 49 999 obyv.","441000645000000","Česko","CZ","Moravskoslezský kraj","CZ080","Nový Jičín","CZ0804","Rodinné domy [Kč/m2]","10302","2019-2021","2019-2021","32877"
"Průměrná jednotková kupní cena nemovitosti","7432","10 000 - 49 999 obyv.","441000645000000","Česko","CZ","Moravskoslezský kraj","CZ080","Nový Jičín","CZ0804","Rodinné domy [Kč/m2]","10302","2020-2022","2020-2022","35792"
"Průměrná jednotková kupní cena nemovitosti","7432","10 000 - 49 999 obyv.","441000645000000","Česko","CZ","Moravskoslezský kraj","CZ080","Nový Jičín","CZ0804","Rodinné domy [Kč/m2]","10302","2021-2023","2021-2023","41423"
"Průměrná jednotková kupní cena nemovitosti","7432","10 000 - 49 999 obyv.","441000645000000","Česko","CZ","Moravskoslezský kraj","CZ080","Nový Jičín","CZ0804","Rodinné domy [Kč/m2]","10302","2022-2024","2022-2024","42503"
"Průměrná jednotková kupní cena nemovitosti","7432","10 000 - 49 999 obyv.","441000645000000","Česko","CZ","Moravskoslezský kraj","CZ080","Nový Jičín","CZ0804","Byty [Kč/m2]","10602","2019-2021","2019-2021","28350"
"Průměrná jednotková kupní cena nemovitosti","7432","10 000 - 49 999 obyv.","441000645000000","Česko","CZ","Moravskoslezský kraj","CZ080","Nový Jičín","CZ0804","Byty [Kč/m2]","10602","2020-2022","2020-2022","34395"
"Průměrná jednotková kupní cena nemovitosti","7432","10 000 - 49 999 obyv.","441000645000000","Česko","CZ","Moravskoslezský kraj","CZ080","Nový Jičín","CZ0804","Byty [Kč/m2]","10602","2021-2023","2021-2023","38775"
"Průměrná jednotková kupní cena nemovitosti","7432","10 000 - 49 999 obyv.","441000645000000","Česko","CZ","Moravskoslezský kraj","CZ080","Nový Jičín","CZ0804","Byty [Kč/m2]","10602","2022-2024","2022-2024","41939"
"Průměrná jednotková kupní cena nemovitosti","7432","10 000 - 49 999 obyv.","441000645000000","Česko","CZ","Moravskoslezský kraj","CZ080","Opava","CZ0805","Rodinné domy [Kč/m2]","10302","2019-2021","2019-2021","32645"
"Průměrná jednotková kupní cena nemovitosti","7432","10 000 - 49 999 obyv.","441000645000000","Česko","CZ","Moravskoslezský kraj","CZ080","Opava","CZ0805","Rodinné domy [Kč/m2]","10302","2020-2022","2020-2022","35018"
"Průměrná jednotková kupní cena nemovitosti","7432","10 000 - 49 999 obyv.","441000645000000","Česko","CZ","Moravskoslezský kraj","CZ080","Opava","CZ0805","Rodinné domy [Kč/m2]","10302","2021-2023","2021-2023","37925"
"Průměrná jednotková kupní cena nemovitosti","7432","10 000 - 49 999 obyv.","441000645000000","Česko","CZ","Moravskoslezský kraj","CZ080","Opava","CZ0805","Rodinné domy [Kč/m2]","10302","2022-2024","2022-2024","42776"
"Průměrná jednotková kupní cena nemovitosti","7432","10 000 - 49 999 obyv.","441000645000000","Česko","CZ","Moravskoslezský kraj","CZ080","Opava","CZ0805","Byty [Kč/m2]","10602","2019-2021","2019-2021","30116"
"Průměrná jednotková kupní cena nemovitosti","7432","10 000 - 49 999 obyv.","441000645000000","Česko","CZ","Moravskoslezský kraj","CZ080","Opava","CZ0805","Byty [Kč/m2]","10602","2020-2022","2020-2022","35871"
"Průměrná jednotková kupní cena nemovitosti","7432","10 000 - 49 999 obyv.","441000645000000","Česko","CZ","Moravskoslezský kraj","CZ080","Opava","CZ0805","Byty [Kč/m2]","10602","2021-2023","2021-2023","39573"
"Průměrná jednotková kupní cena nemovitosti","7432","10 000 - 49 999 obyv.","441000645000000","Česko","CZ","Moravskoslezský kraj","CZ080","Opava","CZ0805","Byty [Kč/m2]","10602","2022-2024","2022-2024","44151"
"Průměrná jednotková kupní cena nemovitosti","7432","50 000 obyv. a více","445000799999000","Česko","CZ","","","","","Rodinné domy [Kč/m2]","10302","2019-2021","2019-2021","60937"
"Průměrná jednotková kupní cena nemovitosti","7432","50 000 obyv. a více","445000799999000","Česko","CZ","","","","","Rodinné domy [Kč/m2]","10302","2020-2022","2020-2022","69503"
"Průměrná jednotková kupní cena nemovitosti","7432","50 000 obyv. a více","445000799999000","Česko","CZ","","","","","Rodinné domy [Kč/m2]","10302","2021-2023","2021-2023","76873"
"Průměrná jednotková kupní cena nemovitosti","7432","50 000 obyv. a více","445000799999000","Česko","CZ","","","","","Rodinné domy [Kč/m2]","10302","2022-2024","2022-2024","82149"
"Průměrná jednotková kupní cena nemovitosti","7432","50 000 obyv. a více","445000799999000","Česko","CZ","","","","","Byty [Kč/m2]","10602","2019-2021","2019-2021","64771"
"Průměrná jednotková kupní cena nemovitosti","7432","50 000 obyv. a více","445000799999000","Česko","CZ","","","","","Byty [Kč/m2]","10602","2020-2022","2020-2022","73648"
"Průměrná jednotková kupní cena nemovitosti","7432","50 000 obyv. a více","445000799999000","Česko","CZ","","","","","Byty [Kč/m2]","10602","2021-2023","2021-2023","79266"
"Průměrná jednotková kupní cena nemovitosti","7432","50 000 obyv. a více","445000799999000","Česko","CZ","","","","","Byty [Kč/m2]","10602","2022-2024","2022-2024","84025"
"Průměrná jednotková kupní cena nemovitosti","7432","50 000 obyv. a více","445000799999000","Česko","CZ","Hlavní město Praha","CZ010","","","Rodinné domy [Kč/m2]","10302","2019","2019","65815"
"Průměrná jednotková kupní cena nemovitosti","7432","50 000 obyv. a více","445000799999000","Česko","CZ","Hlavní město Praha","CZ010","","","Rodinné domy [Kč/m2]","10302","2020","2020","79703"
"Průměrná jednotková kupní cena nemovitosti","7432","50 000 obyv. a více","445000799999000","Česko","CZ","Hlavní město Praha","CZ010","","","Rodinné domy [Kč/m2]","10302","2021","2021","95870"
"Průměrná jednotková kupní cena nemovitosti","7432","50 000 obyv. a více","445000799999000","Česko","CZ","Hlavní město Praha","CZ010","","","Rodinné domy [Kč/m2]","10302","2019-2021","2019-2021","79275"
"Průměrná jednotková kupní cena nemovitosti","7432","50 000 obyv. a více","445000799999000","Česko","CZ","Hlavní město Praha","CZ010","","","Rodinné domy [Kč/m2]","10302","2022","2022","105434"
"Průměrná jednotková kupní cena nemovitosti","7432","50 000 obyv. a více","445000799999000","Česko","CZ","Hlavní město Praha","CZ010","","","Rodinné domy [Kč/m2]","10302","2020-2022","2020-2022","91986"
"Průměrná jednotková kupní cena nemovitosti","7432","50 000 obyv. a více","445000799999000","Česko","CZ","Hlavní město Praha","CZ010","","","Rodinné domy [Kč/m2]","10302","2023","2023","111087"
"Průměrná jednotková kupní cena nemovitosti","7432","50 000 obyv. a více","445000799999000","Česko","CZ","Hlavní město Praha","CZ010","","","Rodinné domy [Kč/m2]","10302","2021-2023","2021-2023","102456"
"Průměrná jednotková kupní cena nemovitosti","7432","50 000 obyv. a více","445000799999000","Česko","CZ","Hlavní město Praha","CZ010","","","Rodinné domy [Kč/m2]","10302","2024","2024","106753"
"Průměrná jednotková kupní cena nemovitosti","7432","50 000 obyv. a více","445000799999000","Česko","CZ","Hlavní město Praha","CZ010","","","Rodinné domy [Kč/m2]","10302","2022-2024","2022-2024","107339"
"Průměrná jednotková kupní cena nemovitosti","7432","50 000 obyv. a více","445000799999000","Česko","CZ","Hlavní město Praha","CZ010","","","Rodinné domy [Kč/m2]","10302","2025","2025","119239"
"Průměrná jednotková kupní cena nemovitosti","7432","50 000 obyv. a více","445000799999000","Česko","CZ","Hlavní město Praha","CZ010","","","Byty [Kč/m2]","10602","2019","2019","76391"
"Průměrná jednotková kupní cena nemovitosti","7432","50 000 obyv. a více","445000799999000","Česko","CZ","Hlavní město Praha","CZ010","","","Byty [Kč/m2]","10602","2020","2020","85784"
"Průměrná jednotková kupní cena nemovitosti","7432","50 000 obyv. a více","445000799999000","Česko","CZ","Hlavní město Praha","CZ010","","","Byty [Kč/m2]","10602","2021","2021","100809"
"Průměrná jednotková kupní cena nemovitosti","7432","50 000 obyv. a více","445000799999000","Česko","CZ","Hlavní město Praha","CZ010","","","Byty [Kč/m2]","10602","2019-2021","2019-2021","88629"
"Průměrná jednotková kupní cena nemovitosti","7432","50 000 obyv. a více","445000799999000","Česko","CZ","Hlavní město Praha","CZ010","","","Byty [Kč/m2]","10602","2022","2022","112676"
"Průměrná jednotková kupní cena nemovitosti","7432","50 000 obyv. a více","445000799999000","Česko","CZ","Hlavní město Praha","CZ010","","","Byty [Kč/m2]","10602","2020-2022","2020-2022","99503"
"Průměrná jednotková kupní cena nemovitosti","7432","50 000 obyv. a více","445000799999000","Česko","CZ","Hlavní město Praha","CZ010","","","Byty [Kč/m2]","10602","2023","2023","103693"
"Průměrná jednotková kupní cena nemovitosti","7432","50 000 obyv. a více","445000799999000","Česko","CZ","Hlavní město Praha","CZ010","","","Byty [Kč/m2]","10602","2021-2023","2021-2023","105082"
"Průměrná jednotková kupní cena nemovitosti","7432","50 000 obyv. a více","445000799999000","Česko","CZ","Hlavní město Praha","CZ010","","","Byty [Kč/m2]","10602","2024","2024","115889"
"Průměrná jednotková kupní cena nemovitosti","7432","50 000 obyv. a více","445000799999000","Česko","CZ","Hlavní město Praha","CZ010","","","Byty [Kč/m2]","10602","2022-2024","2022-2024","111088"
"Průměrná jednotková kupní cena nemovitosti","7432","50 000 obyv. a více","445000799999000","Česko","CZ","Hlavní město Praha","CZ010","","","Byty [Kč/m2]","10602","2025","2025","131520"
"Průměrná jednotková kupní cena nemovitosti","7432","50 000 obyv. a více","445000799999000","Česko","CZ","Středočeský kraj","CZ020","","","Rodinné domy [Kč/m2]","10302","2019","2019","40073"
"Průměrná jednotková kupní cena nemovitosti","7432","50 000 obyv. a více","445000799999000","Česko","CZ","Středočeský kraj","CZ020","","","Rodinné domy [Kč/m2]","10302","2020","2020","47652"
"Průměrná jednotková kupní cena nemovitosti","7432","50 000 obyv. a více","445000799999000","Česko","CZ","Středočeský kraj","CZ020","","","Rodinné domy [Kč/m2]","10302","2021","2021","55816"
"Průměrná jednotková kupní cena nemovitosti","7432","50 000 obyv. a více","445000799999000","Česko","CZ","Středočeský kraj","CZ020","","","Rodinné domy [Kč/m2]","10302","2019-2021","2019-2021","47163"
"Průměrná jednotková kupní cena nemovitosti","7432","50 000 obyv. a více","445000799999000","Česko","CZ","Středočeský kraj","CZ020","","","Rodinné domy [Kč/m2]","10302","2022","2022","66323"
"Průměrná jednotková kupní cena nemovitosti","7432","50 000 obyv. a více","445000799999000","Česko","CZ","Středočeský kraj","CZ020","","","Rodinné domy [Kč/m2]","10302","2020-2022","2020-2022","55632"
"Průměrná jednotková kupní cena nemovitosti","7432","50 000 obyv. a více","445000799999000","Česko","CZ","Středočeský kraj","CZ020","","","Rodinné domy [Kč/m2]","10302","2023","2023","61151"
"Průměrná jednotková kupní cena nemovitosti","7432","50 000 obyv. a více","445000799999000","Česko","CZ","Středočeský kraj","CZ020","","","Rodinné domy [Kč/m2]","10302","2021-2023","2021-2023","60573"
"Průměrná jednotková kupní cena nemovitosti","7432","50 000 obyv. a více","445000799999000","Česko","CZ","Středočeský kraj","CZ020","","","Rodinné domy [Kč/m2]","10302","2024","2024","70657"
"Průměrná jednotková kupní cena nemovitosti","7432","50 000 obyv. a více","445000799999000","Česko","CZ","Středočeský kraj","CZ020","","","Rodinné domy [Kč/m2]","10302","2022-2024","2022-2024","66589"
"Průměrná jednotková kupní cena nemovitosti","7432","50 000 obyv. a více","445000799999000","Česko","CZ","Středočeský kraj","CZ020","","","Rodinné domy [Kč/m2]","10302","2025","2025","71500"
"Průměrná jednotková kupní cena nemovitosti","7432","50 000 obyv. a více","445000799999000","Česko","CZ","Středočeský kraj","CZ020","","","Byty [Kč/m2]","10602","2019","2019","40601"
"Průměrná jednotková kupní cena nemovitosti","7432","50 000 obyv. a více","445000799999000","Česko","CZ","Středočeský kraj","CZ020","","","Byty [Kč/m2]","10602","2020","2020","46478"
"Průměrná jednotková kupní cena nemovitosti","7432","50 000 obyv. a více","445000799999000","Česko","CZ","Středočeský kraj","CZ020","","","Byty [Kč/m2]","10602","2021","2021","59694"
"Průměrná jednotková kupní cena nemovitosti","7432","50 000 obyv. a více","445000799999000","Česko","CZ","Středočeský kraj","CZ020","","","Byty [Kč/m2]","10602","2019-2021","2019-2021","49272"
"Průměrná jednotková kupní cena nemovitosti","7432","50 000 obyv. a více","445000799999000","Česko","CZ","Středočeský kraj","CZ020","","","Byty [Kč/m2]","10602","2022","2022","71570"
"Průměrná jednotková kupní cena nemovitosti","7432","50 000 obyv. a více","445000799999000","Česko","CZ","Středočeský kraj","CZ020","","","Byty [Kč/m2]","10602","2020-2022","2020-2022","58122"
"Průměrná jednotková kupní cena nemovitosti","7432","50 000 obyv. a více","445000799999000","Česko","CZ","Středočeský kraj","CZ020","","","Byty [Kč/m2]","10602","2023","2023","60826"
"Průměrná jednotková kupní cena nemovitosti","7432","50 000 obyv. a více","445000799999000","Česko","CZ","Středočeský kraj","CZ020","","","Byty [Kč/m2]","10602","2021-2023","2021-2023","63516"
"Průměrná jednotková kupní cena nemovitosti","7432","50 000 obyv. a více","445000799999000","Česko","CZ","Středočeský kraj","CZ020","","","Byty [Kč/m2]","10602","2024","2024","68525"
"Průměrná jednotková kupní cena nemovitosti","7432","50 000 obyv. a více","445000799999000","Česko","CZ","Středočeský kraj","CZ020","","","Byty [Kč/m2]","10602","2022-2024","2022-2024","66785"
"Průměrná jednotková kupní cena nemovitosti","7432","50 000 obyv. a více","445000799999000","Česko","CZ","Středočeský kraj","CZ020","","","Byty [Kč/m2]","10602","2025","2025","73845"
"Průměrná jednotková kupní cena nemovitosti","7432","50 000 obyv. a více","445000799999000","Česko","CZ","Jihočeský kraj","CZ031","","","Rodinné domy [Kč/m2]","10302","2019","2019","46744"
"Průměrná jednotková kupní cena nemovitosti","7432","50 000 obyv. a více","445000799999000","Česko","CZ","Jihočeský kraj","CZ031","","","Rodinné domy [Kč/m2]","10302","2020","2020","53031"
"Průměrná jednotková kupní cena nemovitosti","7432","50 000 obyv. a více","445000799999000","Česko","CZ","Jihočeský kraj","CZ031","","","Rodinné domy [Kč/m2]","10302","2021","2021","65467"
"Průměrná jednotková kupní cena nemovitosti","7432","50 000 obyv. a více","445000799999000","Česko","CZ","Jihočeský kraj","CZ031","","","Rodinné domy [Kč/m2]","10302","2019-2021","2019-2021","53896"
"Průměrná jednotková kupní cena nemovitosti","7432","50 000 obyv. a více","445000799999000","Česko","CZ","Jihočeský kraj","CZ031","","","Rodinné domy [Kč/m2]","10302","2022","2022","91310"
"Průměrná jednotková kupní cena nemovitosti","7432","50 000 obyv. a více","445000799999000","Česko","CZ","Jihočeský kraj","CZ031","","","Rodinné domy [Kč/m2]","10302","2020-2022","2020-2022","65262"
"Průměrná jednotková kupní cena nemovitosti","7432","50 000 obyv. a více","445000799999000","Česko","CZ","Jihočeský kraj","CZ031","","","Rodinné domy [Kč/m2]","10302","2023","2023","79355"
"Průměrná jednotková kupní cena nemovitosti","7432","50 000 obyv. a více","445000799999000","Česko","CZ","Jihočeský kraj","CZ031","","","Rodinné domy [Kč/m2]","10302","2021-2023","2021-2023","75557"
"Průměrná jednotková kupní cena nemovitosti","7432","50 000 obyv. a více","445000799999000","Česko","CZ","Jihočeský kraj","CZ031","","","Rodinné domy [Kč/m2]","10302","2024","2024","78940"
"Průměrná jednotková kupní cena nemovitosti","7432","50 000 obyv. a více","445000799999000","Česko","CZ","Jihočeský kraj","CZ031","","","Rodinné domy [Kč/m2]","10302","2022-2024","2022-2024","83275"
"Průměrná jednotková kupní cena nemovitosti","7432","50 000 obyv. a více","445000799999000","Česko","CZ","Jihočeský kraj","CZ031","","","Rodinné domy [Kč/m2]","10302","2025","2025","79134"
"Průměrná jednotková kupní cena nemovitosti","7432","50 000 obyv. a více","445000799999000","Česko","CZ","Jihočeský kraj","CZ031","","","Byty [Kč/m2]","10602","2019","2019","37259"
"Průměrná jednotková kupní cena nemovitosti","7432","50 000 obyv. a více","445000799999000","Česko","CZ","Jihočeský kraj","CZ031","","","Byty [Kč/m2]","10602","2020","2020","42796"
"Průměrná jednotková kupní cena nemovitosti","7432","50 000 obyv. a více","445000799999000","Česko","CZ","Jihočeský kraj","CZ031","","","Byty [Kč/m2]","10602","2021","2021","54131"
"Průměrná jednotková kupní cena nemovitosti","7432","50 000 obyv. a více","445000799999000","Česko","CZ","Jihočeský kraj","CZ031","","","Byty [Kč/m2]","10602","2019-2021","2019-2021","45431"
"Průměrná jednotková kupní cena nemovitosti","7432","50 000 obyv. a více","445000799999000","Česko","CZ","Jihočeský kraj","CZ031","","","Byty [Kč/m2]","10602","2022","2022","64665"
"Průměrná jednotková kupní cena nemovitosti","7432","50 000 obyv. a více","445000799999000","Česko","CZ","Jihočeský kraj","CZ031","","","Byty [Kč/m2]","10602","2020-2022","2020-2022","52730"
"Průměrná jednotková kupní cena nemovitosti","7432","50 000 obyv. a více","445000799999000","Česko","CZ","Jihočeský kraj","CZ031","","","Byty [Kč/m2]","10602","2023","2023","57544"
"Průměrná jednotková kupní cena nemovitosti","7432","50 000 obyv. a více","445000799999000","Česko","CZ","Jihočeský kraj","CZ031","","","Byty [Kč/m2]","10602","2021-2023","2021-2023","57993"
"Průměrná jednotková kupní cena nemovitosti","7432","50 000 obyv. a více","445000799999000","Česko","CZ","Jihočeský kraj","CZ031","","","Byty [Kč/m2]","10602","2024","2024","62753"
"Průměrná jednotková kupní cena nemovitosti","7432","50 000 obyv. a více","445000799999000","Česko","CZ","Jihočeský kraj","CZ031","","","Byty [Kč/m2]","10602","2022-2024","2022-2024","61860"
"Průměrná jednotková kupní cena nemovitosti","7432","50 000 obyv. a více","445000799999000","Česko","CZ","Jihočeský kraj","CZ031","","","Byty [Kč/m2]","10602","2025","2025","73170"
"Průměrná jednotková kupní cena nemovitosti","7432","50 000 obyv. a více","445000799999000","Česko","CZ","Plzeňský kraj","CZ032","","","Rodinné domy [Kč/m2]","10302","2019","2019","46271"
"Průměrná jednotková kupní cena nemovitosti","7432","50 000 obyv. a více","445000799999000","Česko","CZ","Plzeňský kraj","CZ032","","","Rodinné domy [Kč/m2]","10302","2020","2020","49978"
"Průměrná jednotková kupní cena nemovitosti","7432","50 000 obyv. a více","445000799999000","Česko","CZ","Plzeňský kraj","CZ032","","","Rodinné domy [Kč/m2]","10302","2021","2021","69009"
"Průměrná jednotková kupní cena nemovitosti","7432","50 000 obyv. a více","445000799999000","Česko","CZ","Plzeňský kraj","CZ032","","","Rodinné domy [Kč/m2]","10302","2019-2021","2019-2021","53103"
"Průměrná jednotková kupní cena nemovitosti","7432","50 000 obyv. a více","445000799999000","Česko","CZ","Plzeňský kraj","CZ032","","","Rodinné domy [Kč/m2]","10302","2022","2022","80979"
"Průměrná jednotková kupní cena nemovitosti","7432","50 000 obyv. a více","445000799999000","Česko","CZ","Plzeňský kraj","CZ032","","","Rodinné domy [Kč/m2]","10302","2020-2022","2020-2022","62061"
"Průměrná jednotková kupní cena nemovitosti","7432","50 000 obyv. a více","445000799999000","Česko","CZ","Plzeňský kraj","CZ032","","","Rodinné domy [Kč/m2]","10302","2023","2023","70500"
"Průměrná jednotková kupní cena nemovitosti","7432","50 000 obyv. a více","445000799999000","Česko","CZ","Plzeňský kraj","CZ032","","","Rodinné domy [Kč/m2]","10302","2021-2023","2021-2023","72618"
"Průměrná jednotková kupní cena nemovitosti","7432","50 000 obyv. a více","445000799999000","Česko","CZ","Plzeňský kraj","CZ032","","","Rodinné domy [Kč/m2]","10302","2024","2024","67342"
"Průměrná jednotková kupní cena nemovitosti","7432","50 000 obyv. a více","445000799999000","Česko","CZ","Plzeňský kraj","CZ032","","","Rodinné domy [Kč/m2]","10302","2022-2024","2022-2024","71606"
"Průměrná jednotková kupní cena nemovitosti","7432","50 000 obyv. a více","445000799999000","Česko","CZ","Plzeňský kraj","CZ032","","","Rodinné domy [Kč/m2]","10302","2025","2025","81610"
"Průměrná jednotková kupní cena nemovitosti","7432","50 000 obyv. a více","445000799999000","Česko","CZ","Plzeňský kraj","CZ032","","","Byty [Kč/m2]","10602","2019","2019","38979"
"Průměrná jednotková kupní cena nemovitosti","7432","50 000 obyv. a více","445000799999000","Česko","CZ","Plzeňský kraj","CZ032","","","Byty [Kč/m2]","10602","2020","2020","42848"
"Průměrná jednotková kupní cena nemovitosti","7432","50 000 obyv. a více","445000799999000","Česko","CZ","Plzeňský kraj","CZ032","","","Byty [Kč/m2]","10602","2021","2021","53171"
"Průměrná jednotková kupní cena nemovitosti","7432","50 000 obyv. a více","445000799999000","Česko","CZ","Plzeňský kraj","CZ032","","","Byty [Kč/m2]","10602","2019-2021","2019-2021","44865"
"Průměrná jednotková kupní cena nemovitosti","7432","50 000 obyv. a více","445000799999000","Česko","CZ","Plzeňský kraj","CZ032","","","Byty [Kč/m2]","10602","2022","2022","63663"
"Průměrná jednotková kupní cena nemovitosti","7432","50 000 obyv. a více","445000799999000","Česko","CZ","Plzeňský kraj","CZ032","","","Byty [Kč/m2]","10602","2020-2022","2020-2022","52989"
"Průměrná jednotková kupní cena nemovitosti","7432","50 000 obyv. a více","445000799999000","Česko","CZ","Plzeňský kraj","CZ032","","","Byty [Kč/m2]","10602","2023","2023","56920"
"Průměrná jednotková kupní cena nemovitosti","7432","50 000 obyv. a více","445000799999000","Česko","CZ","Plzeňský kraj","CZ032","","","Byty [Kč/m2]","10602","2021-2023","2021-2023","57707"
"Průměrná jednotková kupní cena nemovitosti","7432","50 000 obyv. a více","445000799999000","Česko","CZ","Plzeňský kraj","CZ032","","","Byty [Kč/m2]","10602","2024","2024","64217"
"Průměrná jednotková kupní cena nemovitosti","7432","50 000 obyv. a více","445000799999000","Česko","CZ","Plzeňský kraj","CZ032","","","Byty [Kč/m2]","10602","2022-2024","2022-2024","61919"
"Průměrná jednotková kupní cena nemovitosti","7432","50 000 obyv. a více","445000799999000","Česko","CZ","Plzeňský kraj","CZ032","","","Byty [Kč/m2]","10602","2025","2025","73764"
"Průměrná jednotková kupní cena nemovitosti","7432","50 000 obyv. a více","445000799999000","Česko","CZ","Ústecký kraj","CZ042","","","Rodinné domy [Kč/m2]","10302","2019","2019","39009"
"Průměrná jednotková kupní cena nemovitosti","7432","50 000 obyv. a více","445000799999000","Česko","CZ","Ústecký kraj","CZ042","","","Rodinné domy [Kč/m2]","10302","2020","2020","43885"
"Průměrná jednotková kupní cena nemovitosti","7432","50 000 obyv. a více","445000799999000","Česko","CZ","Ústecký kraj","CZ042","","","Rodinné domy [Kč/m2]","10302","2021","2021","45583"
"Průměrná jednotková kupní cena nemovitosti","7432","50 000 obyv. a více","445000799999000","Česko","CZ","Ústecký kraj","CZ042","","","Rodinné domy [Kč/m2]","10302","2019-2021","2019-2021","42680"
"Průměrná jednotková kupní cena nemovitosti","7432","50 000 obyv. a více","445000799999000","Česko","CZ","Ústecký kraj","CZ042","","","Rodinné domy [Kč/m2]","10302","2022","2022","56085"
"Průměrná jednotková kupní cena nemovitosti","7432","50 000 obyv. a více","445000799999000","Česko","CZ","Ústecký kraj","CZ042","","","Rodinné domy [Kč/m2]","10302","2020-2022","2020-2022","47265"
"Průměrná jednotková kupní cena nemovitosti","7432","50 000 obyv. a více","445000799999000","Česko","CZ","Ústecký kraj","CZ042","","","Rodinné domy [Kč/m2]","10302","2023","2023","53122"
"Průměrná jednotková kupní cena nemovitosti","7432","50 000 obyv. a více","445000799999000","Česko","CZ","Ústecký kraj","CZ042","","","Rodinné domy [Kč/m2]","10302","2021-2023","2021-2023","50344"
"Průměrná jednotková kupní cena nemovitosti","7432","50 000 obyv. a více","445000799999000","Česko","CZ","Ústecký kraj","CZ042","","","Rodinné domy [Kč/m2]","10302","2024","2024","66777"
"Průměrná jednotková kupní cena nemovitosti","7432","50 000 obyv. a více","445000799999000","Česko","CZ","Ústecký kraj","CZ042","","","Rodinné domy [Kč/m2]","10302","2022-2024","2022-2024","60096"
"Průměrná jednotková kupní cena nemovitosti","7432","50 000 obyv. a více","445000799999000","Česko","CZ","Ústecký kraj","CZ042","","","Rodinné domy [Kč/m2]","10302","2025","2025","64732"
"Průměrná jednotková kupní cena nemovitosti","7432","50 000 obyv. a více","445000799999000","Česko","CZ","Ústecký kraj","CZ042","","","Byty [Kč/m2]","10602","2019","2019","24098"
"Průměrná jednotková kupní cena nemovitosti","7432","50 000 obyv. a více","445000799999000","Česko","CZ","Ústecký kraj","CZ042","","","Byty [Kč/m2]","10602","2020","2020","27104"
"Průměrná jednotková kupní cena nemovitosti","7432","50 000 obyv. a více","445000799999000","Česko","CZ","Ústecký kraj","CZ042","","","Byty [Kč/m2]","10602","2021","2021","36548"
"Průměrná jednotková kupní cena nemovitosti","7432","50 000 obyv. a více","445000799999000","Česko","CZ","Ústecký kraj","CZ042","","","Byty [Kč/m2]","10602","2019-2021","2019-2021","30879"
"Průměrná jednotková kupní cena nemovitosti","7432","50 000 obyv. a více","445000799999000","Česko","CZ","Ústecký kraj","CZ042","","","Byty [Kč/m2]","10602","2022","2022","42474"
"Průměrná jednotková kupní cena nemovitosti","7432","50 000 obyv. a více","445000799999000","Česko","CZ","Ústecký kraj","CZ042","","","Byty [Kč/m2]","10602","2020-2022","2020-2022","35837"
"Průměrná jednotková kupní cena nemovitosti","7432","50 000 obyv. a více","445000799999000","Česko","CZ","Ústecký kraj","CZ042","","","Byty [Kč/m2]","10602","2023","2023","39385"
"Průměrná jednotková kupní cena nemovitosti","7432","50 000 obyv. a více","445000799999000","Česko","CZ","Ústecký kraj","CZ042","","","Byty [Kč/m2]","10602","2021-2023","2021-2023","39236"
"Průměrná jednotková kupní cena nemovitosti","7432","50 000 obyv. a více","445000799999000","Česko","CZ","Ústecký kraj","CZ042","","","Byty [Kč/m2]","10602","2024","2024","42547"
"Průměrná jednotková kupní cena nemovitosti","7432","50 000 obyv. a více","445000799999000","Česko","CZ","Ústecký kraj","CZ042","","","Byty [Kč/m2]","10602","2022-2024","2022-2024","41625"
"Průměrná jednotková kupní cena nemovitosti","7432","50 000 obyv. a více","445000799999000","Česko","CZ","Ústecký kraj","CZ042","","","Byty [Kč/m2]","10602","2025","2025","48849"
"Průměrná jednotková kupní cena nemovitosti","7432","50 000 obyv. a více","445000799999000","Česko","CZ","Liberecký kraj","CZ051","","","Rodinné domy [Kč/m2]","10302","2019","2019","43892"
"Průměrná jednotková kupní cena nemovitosti","7432","50 000 obyv. a více","445000799999000","Česko","CZ","Liberecký kraj","CZ051","","","Rodinné domy [Kč/m2]","10302","2020","2020","51117"
"Průměrná jednotková kupní cena nemovitosti","7432","50 000 obyv. a více","445000799999000","Česko","CZ","Liberecký kraj","CZ051","","","Rodinné domy [Kč/m2]","10302","2021","2021","57996"
"Průměrná jednotková kupní cena nemovitosti","7432","50 000 obyv. a více","445000799999000","Česko","CZ","Liberecký kraj","CZ051","","","Rodinné domy [Kč/m2]","10302","2019-2021","2019-2021","51542"
"Průměrná jednotková kupní cena nemovitosti","7432","50 000 obyv. a více","445000799999000","Česko","CZ","Liberecký kraj","CZ051","","","Rodinné domy [Kč/m2]","10302","2022","2022","73967"
"Průměrná jednotková kupní cena nemovitosti","7432","50 000 obyv. a více","445000799999000","Česko","CZ","Liberecký kraj","CZ051","","","Rodinné domy [Kč/m2]","10302","2020-2022","2020-2022","58616"
"Průměrná jednotková kupní cena nemovitosti","7432","50 000 obyv. a více","445000799999000","Česko","CZ","Liberecký kraj","CZ051","","","Rodinné domy [Kč/m2]","10302","2023","2023","68438"
"Průměrná jednotková kupní cena nemovitosti","7432","50 000 obyv. a více","445000799999000","Česko","CZ","Liberecký kraj","CZ051","","","Rodinné domy [Kč/m2]","10302","2021-2023","2021-2023","64920"
"Průměrná jednotková kupní cena nemovitosti","7432","50 000 obyv. a více","445000799999000","Česko","CZ","Liberecký kraj","CZ051","","","Rodinné domy [Kč/m2]","10302","2024","2024","78868"
"Průměrná jednotková kupní cena nemovitosti","7432","50 000 obyv. a více","445000799999000","Česko","CZ","Liberecký kraj","CZ051","","","Rodinné domy [Kč/m2]","10302","2022-2024","2022-2024","73734"
"Průměrná jednotková kupní cena nemovitosti","7432","50 000 obyv. a více","445000799999000","Česko","CZ","Liberecký kraj","CZ051","","","Rodinné domy [Kč/m2]","10302","2025","2025","78956"
"Průměrná jednotková kupní cena nemovitosti","7432","50 000 obyv. a více","445000799999000","Česko","CZ","Liberecký kraj","CZ051","","","Byty [Kč/m2]","10602","2019","2019","35451"
"Průměrná jednotková kupní cena nemovitosti","7432","50 000 obyv. a více","445000799999000","Česko","CZ","Liberecký kraj","CZ051","","","Byty [Kč/m2]","10602","2020","2020","41969"
"Průměrná jednotková kupní cena nemovitosti","7432","50 000 obyv. a více","445000799999000","Česko","CZ","Liberecký kraj","CZ051","","","Byty [Kč/m2]","10602","2021","2021","50835"
"Průměrná jednotková kupní cena nemovitosti","7432","50 000 obyv. a více","445000799999000","Česko","CZ","Liberecký kraj","CZ051","","","Byty [Kč/m2]","10602","2019-2021","2019-2021","43007"
"Průměrná jednotková kupní cena nemovitosti","7432","50 000 obyv. a více","445000799999000","Česko","CZ","Liberecký kraj","CZ051","","","Byty [Kč/m2]","10602","2022","2022","61260"
"Průměrná jednotková kupní cena nemovitosti","7432","50 000 obyv. a více","445000799999000","Česko","CZ","Liberecký kraj","CZ051","","","Byty [Kč/m2]","10602","2020-2022","2020-2022","50824"
"Průměrná jednotková kupní cena nemovitosti","7432","50 000 obyv. a více","445000799999000","Česko","CZ","Liberecký kraj","CZ051","","","Byty [Kč/m2]","10602","2023","2023","57298"
"Průměrná jednotková kupní cena nemovitosti","7432","50 000 obyv. a více","445000799999000","Česko","CZ","Liberecký kraj","CZ051","","","Byty [Kč/m2]","10602","2021-2023","2021-2023","55766"
"Průměrná jednotková kupní cena nemovitosti","7432","50 000 obyv. a více","445000799999000","Česko","CZ","Liberecký kraj","CZ051","","","Byty [Kč/m2]","10602","2024","2024","62288"
"Průměrná jednotková kupní cena nemovitosti","7432","50 000 obyv. a více","445000799999000","Česko","CZ","Liberecký kraj","CZ051","","","Byty [Kč/m2]","10602","2022-2024","2022-2024","60599"
"Průměrná jednotková kupní cena nemovitosti","7432","50 000 obyv. a více","445000799999000","Česko","CZ","Liberecký kraj","CZ051","","","Byty [Kč/m2]","10602","2025","2025","70708"
"Průměrná jednotková kupní cena nemovitosti","7432","50 000 obyv. a více","445000799999000","Česko","CZ","Královéhradecký kraj","CZ052","","","Rodinné domy [Kč/m2]","10302","2019","2019","48507"
"Průměrná jednotková kupní cena nemovitosti","7432","50 000 obyv. a více","445000799999000","Česko","CZ","Královéhradecký kraj","CZ052","","","Rodinné domy [Kč/m2]","10302","2020","2020","48434"
"Průměrná jednotková kupní cena nemovitosti","7432","50 000 obyv. a více","445000799999000","Česko","CZ","Královéhradecký kraj","CZ052","","","Rodinné domy [Kč/m2]","10302","2021","2021","60166"
"Průměrná jednotková kupní cena nemovitosti","7432","50 000 obyv. a více","445000799999000","Česko","CZ","Královéhradecký kraj","CZ052","","","Rodinné domy [Kč/m2]","10302","2019-2021","2019-2021","52587"
"Průměrná jednotková kupní cena nemovitosti","7432","50 000 obyv. a více","445000799999000","Česko","CZ","Královéhradecký kraj","CZ052","","","Rodinné domy [Kč/m2]","10302","2022","2022","69698"
"Průměrná jednotková kupní cena nemovitosti","7432","50 000 obyv. a více","445000799999000","Česko","CZ","Královéhradecký kraj","CZ052","","","Rodinné domy [Kč/m2]","10302","2020-2022","2020-2022","58032"
"Průměrná jednotková kupní cena nemovitosti","7432","50 000 obyv. a více","445000799999000","Česko","CZ","Královéhradecký kraj","CZ052","","","Rodinné domy [Kč/m2]","10302","2023","2023","73972"
"Průměrná jednotková kupní cena nemovitosti","7432","50 000 obyv. a více","445000799999000","Česko","CZ","Královéhradecký kraj","CZ052","","","Rodinné domy [Kč/m2]","10302","2021-2023","2021-2023","66475"
"Průměrná jednotková kupní cena nemovitosti","7432","50 000 obyv. a více","445000799999000","Česko","CZ","Královéhradecký kraj","CZ052","","","Rodinné domy [Kč/m2]","10302","2024","2024","77186"
"Průměrná jednotková kupní cena nemovitosti","7432","50 000 obyv. a více","445000799999000","Česko","CZ","Královéhradecký kraj","CZ052","","","Rodinné domy [Kč/m2]","10302","2022-2024","2022-2024","73905"
"Průměrná jednotková kupní cena nemovitosti","7432","50 000 obyv. a více","445000799999000","Česko","CZ","Královéhradecký kraj","CZ052","","","Rodinné domy [Kč/m2]","10302","2025","2025","81970"
"Průměrná jednotková kupní cena nemovitosti","7432","50 000 obyv. a více","445000799999000","Česko","CZ","Královéhradecký kraj","CZ052","","","Byty [Kč/m2]","10602","2019","2019","40442"
"Průměrná jednotková kupní cena nemovitosti","7432","50 000 obyv. a více","445000799999000","Česko","CZ","Královéhradecký kraj","CZ052","","","Byty [Kč/m2]","10602","2020","2020","46885"
"Průměrná jednotková kupní cena nemovitosti","7432","50 000 obyv. a více","445000799999000","Česko","CZ","Královéhradecký kraj","CZ052","","","Byty [Kč/m2]","10602","2021","2021","59112"
"Průměrná jednotková kupní cena nemovitosti","7432","50 000 obyv. a více","445000799999000","Česko","CZ","Královéhradecký kraj","CZ052","","","Byty [Kč/m2]","10602","2019-2021","2019-2021","48853"
"Průměrná jednotková kupní cena nemovitosti","7432","50 000 obyv. a více","445000799999000","Česko","CZ","Královéhradecký kraj","CZ052","","","Byty [Kč/m2]","10602","2022","2022","73315"
"Průměrná jednotková kupní cena nemovitosti","7432","50 000 obyv. a více","445000799999000","Česko","CZ","Královéhradecký kraj","CZ052","","","Byty [Kč/m2]","10602","2020-2022","2020-2022","58623"
"Průměrná jednotková kupní cena nemovitosti","7432","50 000 obyv. a více","445000799999000","Česko","CZ","Královéhradecký kraj","CZ052","","","Byty [Kč/m2]","10602","2023","2023","63128"
"Průměrná jednotková kupní cena nemovitosti","7432","50 000 obyv. a více","445000799999000","Česko","CZ","Královéhradecký kraj","CZ052","","","Byty [Kč/m2]","10602","2021-2023","2021-2023","64219"
"Průměrná jednotková kupní cena nemovitosti","7432","50 000 obyv. a více","445000799999000","Česko","CZ","Královéhradecký kraj","CZ052","","","Byty [Kč/m2]","10602","2024","2024","70600"
"Průměrná jednotková kupní cena nemovitosti","7432","50 000 obyv. a více","445000799999000","Česko","CZ","Královéhradecký kraj","CZ052","","","Byty [Kč/m2]","10602","2022-2024","2022-2024","69154"
"Průměrná jednotková kupní cena nemovitosti","7432","50 000 obyv. a více","445000799999000","Česko","CZ","Královéhradecký kraj","CZ052","","","Byty [Kč/m2]","10602","2025","2025","81825"
"Průměrná jednotková kupní cena nemovitosti","7432","50 000 obyv. a více","445000799999000","Česko","CZ","Pardubický kraj","CZ053","","","Rodinné domy [Kč/m2]","10302","2019","2019","43161"
"Průměrná jednotková kupní cena nemovitosti","7432","50 000 obyv. a více","445000799999000","Česko","CZ","Pardubický kraj","CZ053","","","Rodinné domy [Kč/m2]","10302","2020","2020","51883"
"Průměrná jednotková kupní cena nemovitosti","7432","50 000 obyv. a více","445000799999000","Česko","CZ","Pardubický kraj","CZ053","","","Rodinné domy [Kč/m2]","10302","2021","2021","60867"
"Průměrná jednotková kupní cena nemovitosti","7432","50 000 obyv. a více","445000799999000","Česko","CZ","Pardubický kraj","CZ053","","","Rodinné domy [Kč/m2]","10302","2019-2021","2019-2021","48431"
"Průměrná jednotková kupní cena nemovitosti","7432","50 000 obyv. a více","445000799999000","Česko","CZ","Pardubický kraj","CZ053","","","Rodinné domy [Kč/m2]","10302","2022","2022","66974"
"Průměrná jednotková kupní cena nemovitosti","7432","50 000 obyv. a více","445000799999000","Česko","CZ","Pardubický kraj","CZ053","","","Rodinné domy [Kč/m2]","10302","2020-2022","2020-2022","57783"
"Průměrná jednotková kupní cena nemovitosti","7432","50 000 obyv. a více","445000799999000","Česko","CZ","Pardubický kraj","CZ053","","","Rodinné domy [Kč/m2]","10302","2023","2023","78809"
"Průměrná jednotková kupní cena nemovitosti","7432","50 000 obyv. a více","445000799999000","Česko","CZ","Pardubický kraj","CZ053","","","Rodinné domy [Kč/m2]","10302","2021-2023","2021-2023","69657"
"Průměrná jednotková kupní cena nemovitosti","7432","50 000 obyv. a více","445000799999000","Česko","CZ","Pardubický kraj","CZ053","","","Rodinné domy [Kč/m2]","10302","2024","2024","68532"
"Průměrná jednotková kupní cena nemovitosti","7432","50 000 obyv. a více","445000799999000","Česko","CZ","Pardubický kraj","CZ053","","","Rodinné domy [Kč/m2]","10302","2022-2024","2022-2024","71271"
"Průměrná jednotková kupní cena nemovitosti","7432","50 000 obyv. a více","445000799999000","Česko","CZ","Pardubický kraj","CZ053","","","Rodinné domy [Kč/m2]","10302","2025","2025","96327"
"Průměrná jednotková kupní cena nemovitosti","7432","50 000 obyv. a více","445000799999000","Česko","CZ","Pardubický kraj","CZ053","","","Byty [Kč/m2]","10602","2019","2019","37679"
"Průměrná jednotková kupní cena nemovitosti","7432","50 000 obyv. a více","445000799999000","Česko","CZ","Pardubický kraj","CZ053","","","Byty [Kč/m2]","10602","2020","2020","44652"
"Průměrná jednotková kupní cena nemovitosti","7432","50 000 obyv. a více","445000799999000","Česko","CZ","Pardubický kraj","CZ053","","","Byty [Kč/m2]","10602","2021","2021","55456"
"Průměrná jednotková kupní cena nemovitosti","7432","50 000 obyv. a více","445000799999000","Česko","CZ","Pardubický kraj","CZ053","","","Byty [Kč/m2]","10602","2019-2021","2019-2021","46092"
"Průměrná jednotková kupní cena nemovitosti","7432","50 000 obyv. a více","445000799999000","Česko","CZ","Pardubický kraj","CZ053","","","Byty [Kč/m2]","10602","2022","2022","67792"
"Průměrná jednotková kupní cena nemovitosti","7432","50 000 obyv. a více","445000799999000","Česko","CZ","Pardubický kraj","CZ053","","","Byty [Kč/m2]","10602","2020-2022","2020-2022","54585"
"Průměrná jednotková kupní cena nemovitosti","7432","50 000 obyv. a více","445000799999000","Česko","CZ","Pardubický kraj","CZ053","","","Byty [Kč/m2]","10602","2023","2023","60918"
"Průměrná jednotková kupní cena nemovitosti","7432","50 000 obyv. a více","445000799999000","Česko","CZ","Pardubický kraj","CZ053","","","Byty [Kč/m2]","10602","2021-2023","2021-2023","60644"
"Průměrná jednotková kupní cena nemovitosti","7432","50 000 obyv. a více","445000799999000","Česko","CZ","Pardubický kraj","CZ053","","","Byty [Kč/m2]","10602","2024","2024","66433"
"Průměrná jednotková kupní cena nemovitosti","7432","50 000 obyv. a více","445000799999000","Česko","CZ","Pardubický kraj","CZ053","","","Byty [Kč/m2]","10602","2022-2024","2022-2024","64977"
"Průměrná jednotková kupní cena nemovitosti","7432","50 000 obyv. a více","445000799999000","Česko","CZ","Pardubický kraj","CZ053","","","Byty [Kč/m2]","10602","2025","2025","78415"
"Průměrná jednotková kupní cena nemovitosti","7432","50 000 obyv. a více","445000799999000","Česko","CZ","Kraj Vysočina","CZ063","","","Rodinné domy [Kč/m2]","10302","2019","2019","44867"
"Průměrná jednotková kupní cena nemovitosti","7432","50 000 obyv. a více","445000799999000","Česko","CZ","Kraj Vysočina","CZ063","","","Rodinné domy [Kč/m2]","10302","2020","2020","49385"
"Průměrná jednotková kupní cena nemovitosti","7432","50 000 obyv. a více","445000799999000","Česko","CZ","Kraj Vysočina","CZ063","","","Rodinné domy [Kč/m2]","10302","2021","2021","56740"
"Průměrná jednotková kupní cena nemovitosti","7432","50 000 obyv. a více","445000799999000","Česko","CZ","Kraj Vysočina","CZ063","","","Rodinné domy [Kč/m2]","10302","2019-2021","2019-2021","49212"
"Průměrná jednotková kupní cena nemovitosti","7432","50 000 obyv. a více","445000799999000","Česko","CZ","Kraj Vysočina","CZ063","","","Rodinné domy [Kč/m2]","10302","2022","2022","67676"
"Průměrná jednotková kupní cena nemovitosti","7432","50 000 obyv. a více","445000799999000","Česko","CZ","Kraj Vysočina","CZ063","","","Rodinné domy [Kč/m2]","10302","2020-2022","2020-2022","56753"
"Průměrná jednotková kupní cena nemovitosti","7432","50 000 obyv. a více","445000799999000","Česko","CZ","Kraj Vysočina","CZ063","","","Rodinné domy [Kč/m2]","10302","2023","2023","59232"
"Průměrná jednotková kupní cena nemovitosti","7432","50 000 obyv. a více","445000799999000","Česko","CZ","Kraj Vysočina","CZ063","","","Rodinné domy [Kč/m2]","10302","2021-2023","2021-2023","60502"
"Průměrná jednotková kupní cena nemovitosti","7432","50 000 obyv. a více","445000799999000","Česko","CZ","Kraj Vysočina","CZ063","","","Rodinné domy [Kč/m2]","10302","2024","2024","69856"
"Průměrná jednotková kupní cena nemovitosti","7432","50 000 obyv. a více","445000799999000","Česko","CZ","Kraj Vysočina","CZ063","","","Rodinné domy [Kč/m2]","10302","2022-2024","2022-2024","65348"
"Průměrná jednotková kupní cena nemovitosti","7432","50 000 obyv. a více","445000799999000","Česko","CZ","Kraj Vysočina","CZ063","","","Rodinné domy [Kč/m2]","10302","2025","2025","66010"
"Průměrná jednotková kupní cena nemovitosti","7432","50 000 obyv. a více","445000799999000","Česko","CZ","Kraj Vysočina","CZ063","","","Byty [Kč/m2]","10602","2019","2019","33974"
"Průměrná jednotková kupní cena nemovitosti","7432","50 000 obyv. a více","445000799999000","Česko","CZ","Kraj Vysočina","CZ063","","","Byty [Kč/m2]","10602","2020","2020","39310"
"Průměrná jednotková kupní cena nemovitosti","7432","50 000 obyv. a více","445000799999000","Česko","CZ","Kraj Vysočina","CZ063","","","Byty [Kč/m2]","10602","2021","2021","47760"
"Průměrná jednotková kupní cena nemovitosti","7432","50 000 obyv. a více","445000799999000","Česko","CZ","Kraj Vysočina","CZ063","","","Byty [Kč/m2]","10602","2019-2021","2019-2021","40444"
"Průměrná jednotková kupní cena nemovitosti","7432","50 000 obyv. a více","445000799999000","Česko","CZ","Kraj Vysočina","CZ063","","","Byty [Kč/m2]","10602","2022","2022","57481"
"Průměrná jednotková kupní cena nemovitosti","7432","50 000 obyv. a více","445000799999000","Česko","CZ","Kraj Vysočina","CZ063","","","Byty [Kč/m2]","10602","2020-2022","2020-2022","46776"
"Průměrná jednotková kupní cena nemovitosti","7432","50 000 obyv. a více","445000799999000","Česko","CZ","Kraj Vysočina","CZ063","","","Byty [Kč/m2]","10602","2023","2023","53916"
"Průměrná jednotková kupní cena nemovitosti","7432","50 000 obyv. a více","445000799999000","Česko","CZ","Kraj Vysočina","CZ063","","","Byty [Kč/m2]","10602","2021-2023","2021-2023","52028"
"Průměrná jednotková kupní cena nemovitosti","7432","50 000 obyv. a více","445000799999000","Česko","CZ","Kraj Vysočina","CZ063","","","Byty [Kč/m2]","10602","2024","2024","58936"
"Průměrná jednotková kupní cena nemovitosti","7432","50 000 obyv. a více","445000799999000","Česko","CZ","Kraj Vysočina","CZ063","","","Byty [Kč/m2]","10602","2022-2024","2022-2024","57108"
"Průměrná jednotková kupní cena nemovitosti","7432","50 000 obyv. a více","445000799999000","Česko","CZ","Kraj Vysočina","CZ063","","","Byty [Kč/m2]","10602","2025","2025","65158"
"Průměrná jednotková kupní cena nemovitosti","7432","50 000 obyv. a více","445000799999000","Česko","CZ","Jihomoravský kraj","CZ064","","","Rodinné domy [Kč/m2]","10302","2019","2019","52142"
"Průměrná jednotková kupní cena nemovitosti","7432","50 000 obyv. a více","445000799999000","Česko","CZ","Jihomoravský kraj","CZ064","","","Rodinné domy [Kč/m2]","10302","2020","2020","53555"
"Průměrná jednotková kupní cena nemovitosti","7432","50 000 obyv. a více","445000799999000","Česko","CZ","Jihomoravský kraj","CZ064","","","Rodinné domy [Kč/m2]","10302","2021","2021","66229"
"Průměrná jednotková kupní cena nemovitosti","7432","50 000 obyv. a více","445000799999000","Česko","CZ","Jihomoravský kraj","CZ064","","","Rodinné domy [Kč/m2]","10302","2019-2021","2019-2021","57975"
"Průměrná jednotková kupní cena nemovitosti","7432","50 000 obyv. a více","445000799999000","Česko","CZ","Jihomoravský kraj","CZ064","","","Rodinné domy [Kč/m2]","10302","2022","2022","74250"
"Průměrná jednotková kupní cena nemovitosti","7432","50 000 obyv. a více","445000799999000","Česko","CZ","Jihomoravský kraj","CZ064","","","Rodinné domy [Kč/m2]","10302","2020-2022","2020-2022","64207"
"Průměrná jednotková kupní cena nemovitosti","7432","50 000 obyv. a více","445000799999000","Česko","CZ","Jihomoravský kraj","CZ064","","","Rodinné domy [Kč/m2]","10302","2023","2023","78210"
"Průměrná jednotková kupní cena nemovitosti","7432","50 000 obyv. a více","445000799999000","Česko","CZ","Jihomoravský kraj","CZ064","","","Rodinné domy [Kč/m2]","10302","2021-2023","2021-2023","71967"
"Průměrná jednotková kupní cena nemovitosti","7432","50 000 obyv. a více","445000799999000","Česko","CZ","Jihomoravský kraj","CZ064","","","Rodinné domy [Kč/m2]","10302","2024","2024","83771"
"Průměrná jednotková kupní cena nemovitosti","7432","50 000 obyv. a více","445000799999000","Česko","CZ","Jihomoravský kraj","CZ064","","","Rodinné domy [Kč/m2]","10302","2022-2024","2022-2024","79314"
"Průměrná jednotková kupní cena nemovitosti","7432","50 000 obyv. a více","445000799999000","Česko","CZ","Jihomoravský kraj","CZ064","","","Rodinné domy [Kč/m2]","10302","2025","2025","88459"
"Průměrná jednotková kupní cena nemovitosti","7432","50 000 obyv. a více","445000799999000","Česko","CZ","Jihomoravský kraj","CZ064","","","Byty [Kč/m2]","10602","2019","2019","50541"
"Průměrná jednotková kupní cena nemovitosti","7432","50 000 obyv. a více","445000799999000","Česko","CZ","Jihomoravský kraj","CZ064","","","Byty [Kč/m2]","10602","2020","2020","57424"
"Průměrná jednotková kupní cena nemovitosti","7432","50 000 obyv. a více","445000799999000","Česko","CZ","Jihomoravský kraj","CZ064","","","Byty [Kč/m2]","10602","2021","2021","71268"
"Průměrná jednotková kupní cena nemovitosti","7432","50 000 obyv. a více","445000799999000","Česko","CZ","Jihomoravský kraj","CZ064","","","Byty [Kč/m2]","10602","2019-2021","2019-2021","59583"
"Průměrná jednotková kupní cena nemovitosti","7432","50 000 obyv. a více","445000799999000","Česko","CZ","Jihomoravský kraj","CZ064","","","Byty [Kč/m2]","10602","2022","2022","83396"
"Průměrná jednotková kupní cena nemovitosti","7432","50 000 obyv. a více","445000799999000","Česko","CZ","Jihomoravský kraj","CZ064","","","Byty [Kč/m2]","10602","2020-2022","2020-2022","69210"
"Průměrná jednotková kupní cena nemovitosti","7432","50 000 obyv. a více","445000799999000","Česko","CZ","Jihomoravský kraj","CZ064","","","Byty [Kč/m2]","10602","2023","2023","77827"
"Průměrná jednotková kupní cena nemovitosti","7432","50 000 obyv. a více","445000799999000","Česko","CZ","Jihomoravský kraj","CZ064","","","Byty [Kč/m2]","10602","2021-2023","2021-2023","76704"
"Průměrná jednotková kupní cena nemovitosti","7432","50 000 obyv. a více","445000799999000","Česko","CZ","Jihomoravský kraj","CZ064","","","Byty [Kč/m2]","10602","2024","2024","88333"
"Průměrná jednotková kupní cena nemovitosti","7432","50 000 obyv. a více","445000799999000","Česko","CZ","Jihomoravský kraj","CZ064","","","Byty [Kč/m2]","10602","2022-2024","2022-2024","83361"
"Průměrná jednotková kupní cena nemovitosti","7432","50 000 obyv. a více","445000799999000","Česko","CZ","Jihomoravský kraj","CZ064","","","Byty [Kč/m2]","10602","2025","2025","99713"
"Průměrná jednotková kupní cena nemovitosti","7432","50 000 obyv. a více","445000799999000","Česko","CZ","Olomoucký kraj","CZ071","","","Rodinné domy [Kč/m2]","10302","2019","2019","48204"
"Průměrná jednotková kupní cena nemovitosti","7432","50 000 obyv. a více","445000799999000","Česko","CZ","Olomoucký kraj","CZ071","","","Rodinné domy [Kč/m2]","10302","2020","2020","51393"
"Průměrná jednotková kupní cena nemovitosti","7432","50 000 obyv. a více","445000799999000","Česko","CZ","Olomoucký kraj","CZ071","","","Rodinné domy [Kč/m2]","10302","2021","2021","62240"
"Průměrná jednotková kupní cena nemovitosti","7432","50 000 obyv. a více","445000799999000","Česko","CZ","Olomoucký kraj","CZ071","","","Rodinné domy [Kč/m2]","10302","2019-2021","2019-2021","53738"
"Průměrná jednotková kupní cena nemovitosti","7432","50 000 obyv. a více","445000799999000","Česko","CZ","Olomoucký kraj","CZ071","","","Rodinné domy [Kč/m2]","10302","2022","2022","71754"
"Průměrná jednotková kupní cena nemovitosti","7432","50 000 obyv. a více","445000799999000","Česko","CZ","Olomoucký kraj","CZ071","","","Rodinné domy [Kč/m2]","10302","2020-2022","2020-2022","60379"
"Průměrná jednotková kupní cena nemovitosti","7432","50 000 obyv. a více","445000799999000","Česko","CZ","Olomoucký kraj","CZ071","","","Rodinné domy [Kč/m2]","10302","2023","2023","78184"
"Průměrná jednotková kupní cena nemovitosti","7432","50 000 obyv. a více","445000799999000","Česko","CZ","Olomoucký kraj","CZ071","","","Rodinné domy [Kč/m2]","10302","2021-2023","2021-2023","69383"
"Průměrná jednotková kupní cena nemovitosti","7432","50 000 obyv. a více","445000799999000","Česko","CZ","Olomoucký kraj","CZ071","","","Rodinné domy [Kč/m2]","10302","2024","2024","65854"
"Průměrná jednotková kupní cena nemovitosti","7432","50 000 obyv. a více","445000799999000","Česko","CZ","Olomoucký kraj","CZ071","","","Rodinné domy [Kč/m2]","10302","2022-2024","2022-2024","72100"
"Průměrná jednotková kupní cena nemovitosti","7432","50 000 obyv. a více","445000799999000","Česko","CZ","Olomoucký kraj","CZ071","","","Rodinné domy [Kč/m2]","10302","2025","2025","72186"
"Průměrná jednotková kupní cena nemovitosti","7432","50 000 obyv. a více","445000799999000","Česko","CZ","Olomoucký kraj","CZ071","","","Byty [Kč/m2]","10602","2019","2019","38431"
"Průměrná jednotková kupní cena nemovitosti","7432","50 000 obyv. a více","445000799999000","Česko","CZ","Olomoucký kraj","CZ071","","","Byty [Kč/m2]","10602","2020","2020","44943"
"Průměrná jednotková kupní cena nemovitosti","7432","50 000 obyv. a více","445000799999000","Česko","CZ","Olomoucký kraj","CZ071","","","Byty [Kč/m2]","10602","2021","2021","54147"
"Průměrná jednotková kupní cena nemovitosti","7432","50 000 obyv. a více","445000799999000","Česko","CZ","Olomoucký kraj","CZ071","","","Byty [Kč/m2]","10602","2019-2021","2019-2021","46138"
"Průměrná jednotková kupní cena nemovitosti","7432","50 000 obyv. a více","445000799999000","Česko","CZ","Olomoucký kraj","CZ071","","","Byty [Kč/m2]","10602","2022","2022","66648"
"Průměrná jednotková kupní cena nemovitosti","7432","50 000 obyv. a více","445000799999000","Česko","CZ","Olomoucký kraj","CZ071","","","Byty [Kč/m2]","10602","2020-2022","2020-2022","54372"
"Průměrná jednotková kupní cena nemovitosti","7432","50 000 obyv. a více","445000799999000","Česko","CZ","Olomoucký kraj","CZ071","","","Byty [Kč/m2]","10602","2023","2023","60548"
"Průměrná jednotková kupní cena nemovitosti","7432","50 000 obyv. a více","445000799999000","Česko","CZ","Olomoucký kraj","CZ071","","","Byty [Kč/m2]","10602","2021-2023","2021-2023","59711"
"Průměrná jednotková kupní cena nemovitosti","7432","50 000 obyv. a více","445000799999000","Česko","CZ","Olomoucký kraj","CZ071","","","Byty [Kč/m2]","10602","2024","2024","66397"
"Průměrná jednotková kupní cena nemovitosti","7432","50 000 obyv. a více","445000799999000","Česko","CZ","Olomoucký kraj","CZ071","","","Byty [Kč/m2]","10602","2022-2024","2022-2024","64629"
"Průměrná jednotková kupní cena nemovitosti","7432","50 000 obyv. a více","445000799999000","Česko","CZ","Olomoucký kraj","CZ071","","","Byty [Kč/m2]","10602","2025","2025","74698"
"Průměrná jednotková kupní cena nemovitosti","7432","50 000 obyv. a více","445000799999000","Česko","CZ","Zlínský kraj","CZ072","","","Rodinné domy [Kč/m2]","10302","2019","2019","39444"
"Průměrná jednotková kupní cena nemovitosti","7432","50 000 obyv. a více","445000799999000","Česko","CZ","Zlínský kraj","CZ072","","","Rodinné domy [Kč/m2]","10302","2020","2020","40095"
"Průměrná jednotková kupní cena nemovitosti","7432","50 000 obyv. a více","445000799999000","Česko","CZ","Zlínský kraj","CZ072","","","Rodinné domy [Kč/m2]","10302","2021","2021","51454"
"Průměrná jednotková kupní cena nemovitosti","7432","50 000 obyv. a více","445000799999000","Česko","CZ","Zlínský kraj","CZ072","","","Rodinné domy [Kč/m2]","10302","2019-2021","2019-2021","43078"
"Průměrná jednotková kupní cena nemovitosti","7432","50 000 obyv. a více","445000799999000","Česko","CZ","Zlínský kraj","CZ072","","","Rodinné domy [Kč/m2]","10302","2022","2022","69710"
"Průměrná jednotková kupní cena nemovitosti","7432","50 000 obyv. a více","445000799999000","Česko","CZ","Zlínský kraj","CZ072","","","Rodinné domy [Kč/m2]","10302","2020-2022","2020-2022","48982"
"Průměrná jednotková kupní cena nemovitosti","7432","50 000 obyv. a více","445000799999000","Česko","CZ","Zlínský kraj","CZ072","","","Rodinné domy [Kč/m2]","10302","2023","2023","59869"
"Průměrná jednotková kupní cena nemovitosti","7432","50 000 obyv. a více","445000799999000","Česko","CZ","Zlínský kraj","CZ072","","","Rodinné domy [Kč/m2]","10302","2021-2023","2021-2023","58428"
"Průměrná jednotková kupní cena nemovitosti","7432","50 000 obyv. a více","445000799999000","Česko","CZ","Zlínský kraj","CZ072","","","Rodinné domy [Kč/m2]","10302","2024","2024","67528"
"Průměrná jednotková kupní cena nemovitosti","7432","50 000 obyv. a více","445000799999000","Česko","CZ","Zlínský kraj","CZ072","","","Rodinné domy [Kč/m2]","10302","2022-2024","2022-2024","65918"
"Průměrná jednotková kupní cena nemovitosti","7432","50 000 obyv. a více","445000799999000","Česko","CZ","Zlínský kraj","CZ072","","","Rodinné domy [Kč/m2]","10302","2025","2025","70135"
"Průměrná jednotková kupní cena nemovitosti","7432","50 000 obyv. a více","445000799999000","Česko","CZ","Zlínský kraj","CZ072","","","Byty [Kč/m2]","10602","2019","2019","37718"
"Průměrná jednotková kupní cena nemovitosti","7432","50 000 obyv. a více","445000799999000","Česko","CZ","Zlínský kraj","CZ072","","","Byty [Kč/m2]","10602","2020","2020","41075"
"Průměrná jednotková kupní cena nemovitosti","7432","50 000 obyv. a více","445000799999000","Česko","CZ","Zlínský kraj","CZ072","","","Byty [Kč/m2]","10602","2021","2021","51483"
"Průměrná jednotková kupní cena nemovitosti","7432","50 000 obyv. a více","445000799999000","Česko","CZ","Zlínský kraj","CZ072","","","Byty [Kč/m2]","10602","2019-2021","2019-2021","43681"
"Průměrná jednotková kupní cena nemovitosti","7432","50 000 obyv. a více","445000799999000","Česko","CZ","Zlínský kraj","CZ072","","","Byty [Kč/m2]","10602","2022","2022","56664"
"Průměrná jednotková kupní cena nemovitosti","7432","50 000 obyv. a více","445000799999000","Česko","CZ","Zlínský kraj","CZ072","","","Byty [Kč/m2]","10602","2020-2022","2020-2022","50014"
"Průměrná jednotková kupní cena nemovitosti","7432","50 000 obyv. a více","445000799999000","Česko","CZ","Zlínský kraj","CZ072","","","Byty [Kč/m2]","10602","2023","2023","54570"
"Průměrná jednotková kupní cena nemovitosti","7432","50 000 obyv. a více","445000799999000","Česko","CZ","Zlínský kraj","CZ072","","","Byty [Kč/m2]","10602","2021-2023","2021-2023","53855"
"Průměrná jednotková kupní cena nemovitosti","7432","50 000 obyv. a více","445000799999000","Česko","CZ","Zlínský kraj","CZ072","","","Byty [Kč/m2]","10602","2024","2024","63249"
"Průměrná jednotková kupní cena nemovitosti","7432","50 000 obyv. a více","445000799999000","Česko","CZ","Zlínský kraj","CZ072","","","Byty [Kč/m2]","10602","2022-2024","2022-2024","58122"
"Průměrná jednotková kupní cena nemovitosti","7432","50 000 obyv. a více","445000799999000","Česko","CZ","Zlínský kraj","CZ072","","","Byty [Kč/m2]","10602","2025","2025","72587"
"Průměrná jednotková kupní cena nemovitosti","7432","50 000 obyv. a více","445000799999000","Česko","CZ","Moravskoslezský kraj","CZ080","","","Rodinné domy [Kč/m2]","10302","2019","2019","38702"
"Průměrná jednotková kupní cena nemovitosti","7432","50 000 obyv. a více","445000799999000","Česko","CZ","Moravskoslezský kraj","CZ080","","","Rodinné domy [Kč/m2]","10302","2020","2020","38478"
"Průměrná jednotková kupní cena nemovitosti","7432","50 000 obyv. a více","445000799999000","Česko","CZ","Moravskoslezský kraj","CZ080","","","Rodinné domy [Kč/m2]","10302","2021","2021","47348"
"Průměrná jednotková kupní cena nemovitosti","7432","50 000 obyv. a více","445000799999000","Česko","CZ","Moravskoslezský kraj","CZ080","","","Rodinné domy [Kč/m2]","10302","2019-2021","2019-2021","41490"
"Průměrná jednotková kupní cena nemovitosti","7432","50 000 obyv. a více","445000799999000","Česko","CZ","Moravskoslezský kraj","CZ080","","","Rodinné domy [Kč/m2]","10302","2022","2022","55504"
"Průměrná jednotková kupní cena nemovitosti","7432","50 000 obyv. a více","445000799999000","Česko","CZ","Moravskoslezský kraj","CZ080","","","Rodinné domy [Kč/m2]","10302","2020-2022","2020-2022","45770"
"Průměrná jednotková kupní cena nemovitosti","7432","50 000 obyv. a více","445000799999000","Česko","CZ","Moravskoslezský kraj","CZ080","","","Rodinné domy [Kč/m2]","10302","2023","2023","56644"
"Průměrná jednotková kupní cena nemovitosti","7432","50 000 obyv. a více","445000799999000","Česko","CZ","Moravskoslezský kraj","CZ080","","","Rodinné domy [Kč/m2]","10302","2021-2023","2021-2023","52425"
"Průměrná jednotková kupní cena nemovitosti","7432","50 000 obyv. a více","445000799999000","Česko","CZ","Moravskoslezský kraj","CZ080","","","Rodinné domy [Kč/m2]","10302","2024","2024","61107"
"Průměrná jednotková kupní cena nemovitosti","7432","50 000 obyv. a více","445000799999000","Česko","CZ","Moravskoslezský kraj","CZ080","","","Rodinné domy [Kč/m2]","10302","2022-2024","2022-2024","58006"
"Průměrná jednotková kupní cena nemovitosti","7432","50 000 obyv. a více","445000799999000","Česko","CZ","Moravskoslezský kraj","CZ080","","","Rodinné domy [Kč/m2]","10302","2025","2025","63148"
"Průměrná jednotková kupní cena nemovitosti","7432","50 000 obyv. a více","445000799999000","Česko","CZ","Moravskoslezský kraj","CZ080","","","Byty [Kč/m2]","10602","2019","2019","26047"
"Průměrná jednotková kupní cena nemovitosti","7432","50 000 obyv. a více","445000799999000","Česko","CZ","Moravskoslezský kraj","CZ080","","","Byty [Kč/m2]","10602","2020","2020","30310"
"Průměrná jednotková kupní cena nemovitosti","7432","50 000 obyv. a více","445000799999000","Česko","CZ","Moravskoslezský kraj","CZ080","","","Byty [Kč/m2]","10602","2021","2021","39970"
"Průměrná jednotková kupní cena nemovitosti","7432","50 000 obyv. a více","445000799999000","Česko","CZ","Moravskoslezský kraj","CZ080","","","Byty [Kč/m2]","10602","2019-2021","2019-2021","32742"
"Průměrná jednotková kupní cena nemovitosti","7432","50 000 obyv. a více","445000799999000","Česko","CZ","Moravskoslezský kraj","CZ080","","","Byty [Kč/m2]","10602","2022","2022","47483"
"Průměrná jednotková kupní cena nemovitosti","7432","50 000 obyv. a více","445000799999000","Česko","CZ","Moravskoslezský kraj","CZ080","","","Byty [Kč/m2]","10602","2020-2022","2020-2022","38848"
"Průměrná jednotková kupní cena nemovitosti","7432","50 000 obyv. a více","445000799999000","Česko","CZ","Moravskoslezský kraj","CZ080","","","Byty [Kč/m2]","10602","2023","2023","43128"
"Průměrná jednotková kupní cena nemovitosti","7432","50 000 obyv. a více","445000799999000","Česko","CZ","Moravskoslezský kraj","CZ080","","","Byty [Kč/m2]","10602","2021-2023","2021-2023","43271"
"Průměrná jednotková kupní cena nemovitosti","7432","50 000 obyv. a více","445000799999000","Česko","CZ","Moravskoslezský kraj","CZ080","","","Byty [Kč/m2]","10602","2024","2024","49060"
"Průměrná jednotková kupní cena nemovitosti","7432","50 000 obyv. a více","445000799999000","Česko","CZ","Moravskoslezský kraj","CZ080","","","Byty [Kč/m2]","10602","2022-2024","2022-2024","46808"
"Průměrná jednotková kupní cena nemovitosti","7432","50 000 obyv. a více","445000799999000","Česko","CZ","Moravskoslezský kraj","CZ080","","","Byty [Kč/m2]","10602","2025","2025","59499"
"Průměrná jednotková kupní cena nemovitosti","7432","50 000 obyv. a více","445000799999000","Česko","CZ","Středočeský kraj","CZ020","Kladno","CZ0203","Rodinné domy [Kč/m2]","10302","2019-2021","2019-2021","47163"
"Průměrná jednotková kupní cena nemovitosti","7432","50 000 obyv. a více","445000799999000","Česko","CZ","Středočeský kraj","CZ020","Kladno","CZ0203","Rodinné domy [Kč/m2]","10302","2020-2022","2020-2022","55632"
"Průměrná jednotková kupní cena nemovitosti","7432","50 000 obyv. a více","445000799999000","Česko","CZ","Středočeský kraj","CZ020","Kladno","CZ0203","Rodinné domy [Kč/m2]","10302","2021-2023","2021-2023","60573"
"Průměrná jednotková kupní cena nemovitosti","7432","50 000 obyv. a více","445000799999000","Česko","CZ","Středočeský kraj","CZ020","Kladno","CZ0203","Rodinné domy [Kč/m2]","10302","2022-2024","2022-2024","66589"
"Průměrná jednotková kupní cena nemovitosti","7432","50 000 obyv. a více","445000799999000","Česko","CZ","Středočeský kraj","CZ020","Kladno","CZ0203","Byty [Kč/m2]","10602","2019-2021","2019-2021","49272"
"Průměrná jednotková kupní cena nemovitosti","7432","50 000 obyv. a více","445000799999000","Česko","CZ","Středočeský kraj","CZ020","Kladno","CZ0203","Byty [Kč/m2]","10602","2020-2022","2020-2022","58122"
"Průměrná jednotková kupní cena nemovitosti","7432","50 000 obyv. a více","445000799999000","Česko","CZ","Středočeský kraj","CZ020","Kladno","CZ0203","Byty [Kč/m2]","10602","2021-2023","2021-2023","63516"
"Průměrná jednotková kupní cena nemovitosti","7432","50 000 obyv. a více","445000799999000","Česko","CZ","Středočeský kraj","CZ020","Kladno","CZ0203","Byty [Kč/m2]","10602","2022-2024","2022-2024","66785"
"Průměrná jednotková kupní cena nemovitosti","7432","50 000 obyv. a více","445000799999000","Česko","CZ","Jihočeský kraj","CZ031","České Budějovice","CZ0311","Rodinné domy [Kč/m2]","10302","2019-2021","2019-2021","53896"
"Průměrná jednotková kupní cena nemovitosti","7432","50 000 obyv. a více","445000799999000","Česko","CZ","Jihočeský kraj","CZ031","České Budějovice","CZ0311","Rodinné domy [Kč/m2]","10302","2020-2022","2020-2022","65262"
"Průměrná jednotková kupní cena nemovitosti","7432","50 000 obyv. a více","445000799999000","Česko","CZ","Jihočeský kraj","CZ031","České Budějovice","CZ0311","Rodinné domy [Kč/m2]","10302","2021-2023","2021-2023","75557"
"Průměrná jednotková kupní cena nemovitosti","7432","50 000 obyv. a více","445000799999000","Česko","CZ","Jihočeský kraj","CZ031","České Budějovice","CZ0311","Rodinné domy [Kč/m2]","10302","2022-2024","2022-2024","83275"
"Průměrná jednotková kupní cena nemovitosti","7432","50 000 obyv. a více","445000799999000","Česko","CZ","Jihočeský kraj","CZ031","České Budějovice","CZ0311","Byty [Kč/m2]","10602","2019-2021","2019-2021","45431"
"Průměrná jednotková kupní cena nemovitosti","7432","50 000 obyv. a více","445000799999000","Česko","CZ","Jihočeský kraj","CZ031","České Budějovice","CZ0311","Byty [Kč/m2]","10602","2020-2022","2020-2022","52730"
"Průměrná jednotková kupní cena nemovitosti","7432","50 000 obyv. a více","445000799999000","Česko","CZ","Jihočeský kraj","CZ031","České Budějovice","CZ0311","Byty [Kč/m2]","10602","2021-2023","2021-2023","57993"
"Průměrná jednotková kupní cena nemovitosti","7432","50 000 obyv. a více","445000799999000","Česko","CZ","Jihočeský kraj","CZ031","České Budějovice","CZ0311","Byty [Kč/m2]","10602","2022-2024","2022-2024","61860"
"Průměrná jednotková kupní cena nemovitosti","7432","50 000 obyv. a více","445000799999000","Česko","CZ","Plzeňský kraj","CZ032","Plzeň-město","CZ0323","Rodinné domy [Kč/m2]","10302","2019-2021","2019-2021","53103"
"Průměrná jednotková kupní cena nemovitosti","7432","50 000 obyv. a více","445000799999000","Česko","CZ","Plzeňský kraj","CZ032","Plzeň-město","CZ0323","Rodinné domy [Kč/m2]","10302","2020-2022","2020-2022","62061"
"Průměrná jednotková kupní cena nemovitosti","7432","50 000 obyv. a více","445000799999000","Česko","CZ","Plzeňský kraj","CZ032","Plzeň-město","CZ0323","Rodinné domy [Kč/m2]","10302","2021-2023","2021-2023","72618"
"Průměrná jednotková kupní cena nemovitosti","7432","50 000 obyv. a více","445000799999000","Česko","CZ","Plzeňský kraj","CZ032","Plzeň-město","CZ0323","Rodinné domy [Kč/m2]","10302","2022-2024","2022-2024","71606"
"Průměrná jednotková kupní cena nemovitosti","7432","50 000 obyv. a více","445000799999000","Česko","CZ","Plzeňský kraj","CZ032","Plzeň-město","CZ0323","Byty [Kč/m2]","10602","2019-2021","2019-2021","44865"
"Průměrná jednotková kupní cena nemovitosti","7432","50 000 obyv. a více","445000799999000","Česko","CZ","Plzeňský kraj","CZ032","Plzeň-město","CZ0323","Byty [Kč/m2]","10602","2020-2022","2020-2022","52989"
"Průměrná jednotková kupní cena nemovitosti","7432","50 000 obyv. a více","445000799999000","Česko","CZ","Plzeňský kraj","CZ032","Plzeň-město","CZ0323","Byty [Kč/m2]","10602","2021-2023","2021-2023","57707"
"Průměrná jednotková kupní cena nemovitosti","7432","50 000 obyv. a více","445000799999000","Česko","CZ","Plzeňský kraj","CZ032","Plzeň-město","CZ0323","Byty [Kč/m2]","10602","2022-2024","2022-2024","61919"
"Průměrná jednotková kupní cena nemovitosti","7432","50 000 obyv. a více","445000799999000","Česko","CZ","Plzeňský kraj","CZ032","Plzeň-jih","CZ0324","Rodinné domy [Kč/m2]","10302","2019-2021","2019-2021","53103"
"Průměrná jednotková kupní cena nemovitosti","7432","50 000 obyv. a více","445000799999000","Česko","CZ","Plzeňský kraj","CZ032","Plzeň-jih","CZ0324","Byty [Kč/m2]","10602","2019-2021","2019-2021","44865"
"Průměrná jednotková kupní cena nemovitosti","7432","50 000 obyv. a více","445000799999000","Česko","CZ","Ústecký kraj","CZ042","Most","CZ0425","Rodinné domy [Kč/m2]","10302","2019-2021","2019-2021","42142"
"Průměrná jednotková kupní cena nemovitosti","7432","50 000 obyv. a více","445000799999000","Česko","CZ","Ústecký kraj","CZ042","Most","CZ0425","Rodinné domy [Kč/m2]","10302","2020-2022","2020-2022","45220"
"Průměrná jednotková kupní cena nemovitosti","7432","50 000 obyv. a více","445000799999000","Česko","CZ","Ústecký kraj","CZ042","Most","CZ0425","Rodinné domy [Kč/m2]","10302","2021-2023","2021-2023","51047"
"Průměrná jednotková kupní cena nemovitosti","7432","50 000 obyv. a více","445000799999000","Česko","CZ","Ústecký kraj","CZ042","Most","CZ0425","Rodinné domy [Kč/m2]","10302","2022-2024","2022-2024","56015"
"Průměrná jednotková kupní cena nemovitosti","7432","50 000 obyv. a více","445000799999000","Česko","CZ","Ústecký kraj","CZ042","Most","CZ0425","Byty [Kč/m2]","10602","2019-2021","2019-2021","27815"
"Průměrná jednotková kupní cena nemovitosti","7432","50 000 obyv. a více","445000799999000","Česko","CZ","Ústecký kraj","CZ042","Most","CZ0425","Byty [Kč/m2]","10602","2020-2022","2020-2022","32256"
"Průměrná jednotková kupní cena nemovitosti","7432","50 000 obyv. a více","445000799999000","Česko","CZ","Ústecký kraj","CZ042","Most","CZ0425","Byty [Kč/m2]","10602","2021-2023","2021-2023","34543"
"Průměrná jednotková kupní cena nemovitosti","7432","50 000 obyv. a více","445000799999000","Česko","CZ","Ústecký kraj","CZ042","Most","CZ0425","Byty [Kč/m2]","10602","2022-2024","2022-2024","36684"
"Průměrná jednotková kupní cena nemovitosti","7432","50 000 obyv. a více","445000799999000","Česko","CZ","Ústecký kraj","CZ042","Ústí nad Labem","CZ0427","Rodinné domy [Kč/m2]","10302","2019-2021","2019-2021","43218"
"Průměrná jednotková kupní cena nemovitosti","7432","50 000 obyv. a více","445000799999000","Česko","CZ","Ústecký kraj","CZ042","Ústí nad Labem","CZ0427","Rodinné domy [Kč/m2]","10302","2020-2022","2020-2022","49171"
"Průměrná jednotková kupní cena nemovitosti","7432","50 000 obyv. a více","445000799999000","Česko","CZ","Ústecký kraj","CZ042","Ústí nad Labem","CZ0427","Rodinné domy [Kč/m2]","10302","2021-2023","2021-2023","49827"
"Průměrná jednotková kupní cena nemovitosti","7432","50 000 obyv. a více","445000799999000","Česko","CZ","Ústecký kraj","CZ042","Ústí nad Labem","CZ0427","Rodinné domy [Kč/m2]","10302","2022-2024","2022-2024","63930"
"Průměrná jednotková kupní cena nemovitosti","7432","50 000 obyv. a více","445000799999000","Česko","CZ","Ústecký kraj","CZ042","Ústí nad Labem","CZ0427","Byty [Kč/m2]","10602","2019-2021","2019-2021","31123"
"Průměrná jednotková kupní cena nemovitosti","7432","50 000 obyv. a více","445000799999000","Česko","CZ","Ústecký kraj","CZ042","Ústí nad Labem","CZ0427","Byty [Kč/m2]","10602","2020-2022","2020-2022","36365"
"Průměrná jednotková kupní cena nemovitosti","7432","50 000 obyv. a více","445000799999000","Česko","CZ","Ústecký kraj","CZ042","Ústí nad Labem","CZ0427","Byty [Kč/m2]","10602","2021-2023","2021-2023","39965"
"Průměrná jednotková kupní cena nemovitosti","7432","50 000 obyv. a více","445000799999000","Česko","CZ","Ústecký kraj","CZ042","Ústí nad Labem","CZ0427","Byty [Kč/m2]","10602","2022-2024","2022-2024","42602"
"Průměrná jednotková kupní cena nemovitosti","7432","50 000 obyv. a více","445000799999000","Česko","CZ","Liberecký kraj","CZ051","Liberec","CZ0513","Rodinné domy [Kč/m2]","10302","2019-2021","2019-2021","51542"
"Průměrná jednotková kupní cena nemovitosti","7432","50 000 obyv. a více","445000799999000","Česko","CZ","Liberecký kraj","CZ051","Liberec","CZ0513","Rodinné domy [Kč/m2]","10302","2020-2022","2020-2022","58616"
"Průměrná jednotková kupní cena nemovitosti","7432","50 000 obyv. a více","445000799999000","Česko","CZ","Liberecký kraj","CZ051","Liberec","CZ0513","Rodinné domy [Kč/m2]","10302","2021-2023","2021-2023","64920"
"Průměrná jednotková kupní cena nemovitosti","7432","50 000 obyv. a více","445000799999000","Česko","CZ","Liberecký kraj","CZ051","Liberec","CZ0513","Rodinné domy [Kč/m2]","10302","2022-2024","2022-2024","73734"
"Průměrná jednotková kupní cena nemovitosti","7432","50 000 obyv. a více","445000799999000","Česko","CZ","Liberecký kraj","CZ051","Liberec","CZ0513","Byty [Kč/m2]","10602","2019-2021","2019-2021","43007"
"Průměrná jednotková kupní cena nemovitosti","7432","50 000 obyv. a více","445000799999000","Česko","CZ","Liberecký kraj","CZ051","Liberec","CZ0513","Byty [Kč/m2]","10602","2020-2022","2020-2022","50824"
"Průměrná jednotková kupní cena nemovitosti","7432","50 000 obyv. a více","445000799999000","Česko","CZ","Liberecký kraj","CZ051","Liberec","CZ0513","Byty [Kč/m2]","10602","2021-2023","2021-2023","55766"
"Průměrná jednotková kupní cena nemovitosti","7432","50 000 obyv. a více","445000799999000","Česko","CZ","Liberecký kraj","CZ051","Liberec","CZ0513","Byty [Kč/m2]","10602","2022-2024","2022-2024","60599"
"Průměrná jednotková kupní cena nemovitosti","7432","50 000 obyv. a více","445000799999000","Česko","CZ","Královéhradecký kraj","CZ052","Hradec Králové","CZ0521","Rodinné domy [Kč/m2]","10302","2019-2021","2019-2021","52587"
"Průměrná jednotková kupní cena nemovitosti","7432","50 000 obyv. a více","445000799999000","Česko","CZ","Královéhradecký kraj","CZ052","Hradec Králové","CZ0521","Rodinné domy [Kč/m2]","10302","2020-2022","2020-2022","58032"
"Průměrná jednotková kupní cena nemovitosti","7432","50 000 obyv. a více","445000799999000","Česko","CZ","Královéhradecký kraj","CZ052","Hradec Králové","CZ0521","Rodinné domy [Kč/m2]","10302","2021-2023","2021-2023","66475"
"Průměrná jednotková kupní cena nemovitosti","7432","50 000 obyv. a více","445000799999000","Česko","CZ","Královéhradecký kraj","CZ052","Hradec Králové","CZ0521","Rodinné domy [Kč/m2]","10302","2022-2024","2022-2024","73905"
"Průměrná jednotková kupní cena nemovitosti","7432","50 000 obyv. a více","445000799999000","Česko","CZ","Královéhradecký kraj","CZ052","Hradec Králové","CZ0521","Byty [Kč/m2]","10602","2019-2021","2019-2021","48853"
"Průměrná jednotková kupní cena nemovitosti","7432","50 000 obyv. a více","445000799999000","Česko","CZ","Královéhradecký kraj","CZ052","Hradec Králové","CZ0521","Byty [Kč/m2]","10602","2020-2022","2020-2022","58623"
"Průměrná jednotková kupní cena nemovitosti","7432","50 000 obyv. a více","445000799999000","Česko","CZ","Královéhradecký kraj","CZ052","Hradec Králové","CZ0521","Byty [Kč/m2]","10602","2021-2023","2021-2023","64219"
"Průměrná jednotková kupní cena nemovitosti","7432","50 000 obyv. a více","445000799999000","Česko","CZ","Královéhradecký kraj","CZ052","Hradec Králové","CZ0521","Byty [Kč/m2]","10602","2022-2024","2022-2024","69154"
"Průměrná jednotková kupní cena nemovitosti","7432","50 000 obyv. a více","445000799999000","Česko","CZ","Pardubický kraj","CZ053","Pardubice","CZ0532","Rodinné domy [Kč/m2]","10302","2019-2021","2019-2021","48431"
"Průměrná jednotková kupní cena nemovitosti","7432","50 000 obyv. a více","445000799999000","Česko","CZ","Pardubický kraj","CZ053","Pardubice","CZ0532","Rodinné domy [Kč/m2]","10302","2020-2022","2020-2022","57783"
"Průměrná jednotková kupní cena nemovitosti","7432","50 000 obyv. a více","445000799999000","Česko","CZ","Pardubický kraj","CZ053","Pardubice","CZ0532","Rodinné domy [Kč/m2]","10302","2021-2023","2021-2023","69657"
"Průměrná jednotková kupní cena nemovitosti","7432","50 000 obyv. a více","445000799999000","Česko","CZ","Pardubický kraj","CZ053","Pardubice","CZ0532","Rodinné domy [Kč/m2]","10302","2022-2024","2022-2024","71271"
"Průměrná jednotková kupní cena nemovitosti","7432","50 000 obyv. a více","445000799999000","Česko","CZ","Pardubický kraj","CZ053","Pardubice","CZ0532","Byty [Kč/m2]","10602","2019-2021","2019-2021","46092"
"Průměrná jednotková kupní cena nemovitosti","7432","50 000 obyv. a více","445000799999000","Česko","CZ","Pardubický kraj","CZ053","Pardubice","CZ0532","Byty [Kč/m2]","10602","2020-2022","2020-2022","54585"
"Průměrná jednotková kupní cena nemovitosti","7432","50 000 obyv. a více","445000799999000","Česko","CZ","Pardubický kraj","CZ053","Pardubice","CZ0532","Byty [Kč/m2]","10602","2021-2023","2021-2023","60644"
"Průměrná jednotková kupní cena nemovitosti","7432","50 000 obyv. a více","445000799999000","Česko","CZ","Pardubický kraj","CZ053","Pardubice","CZ0532","Byty [Kč/m2]","10602","2022-2024","2022-2024","64977"
"Průměrná jednotková kupní cena nemovitosti","7432","50 000 obyv. a více","445000799999000","Česko","CZ","Kraj Vysočina","CZ063","Jihlava","CZ0632","Rodinné domy [Kč/m2]","10302","2019-2021","2019-2021","49212"
"Průměrná jednotková kupní cena nemovitosti","7432","50 000 obyv. a více","445000799999000","Česko","CZ","Kraj Vysočina","CZ063","Jihlava","CZ0632","Rodinné domy [Kč/m2]","10302","2020-2022","2020-2022","56753"
"Průměrná jednotková kupní cena nemovitosti","7432","50 000 obyv. a více","445000799999000","Česko","CZ","Kraj Vysočina","CZ063","Jihlava","CZ0632","Rodinné domy [Kč/m2]","10302","2021-2023","2021-2023","60502"
"Průměrná jednotková kupní cena nemovitosti","7432","50 000 obyv. a více","445000799999000","Česko","CZ","Kraj Vysočina","CZ063","Jihlava","CZ0632","Rodinné domy [Kč/m2]","10302","2022-2024","2022-2024","65348"
"Průměrná jednotková kupní cena nemovitosti","7432","50 000 obyv. a více","445000799999000","Česko","CZ","Kraj Vysočina","CZ063","Jihlava","CZ0632","Byty [Kč/m2]","10602","2019-2021","2019-2021","40444"
"Průměrná jednotková kupní cena nemovitosti","7432","50 000 obyv. a více","445000799999000","Česko","CZ","Kraj Vysočina","CZ063","Jihlava","CZ0632","Byty [Kč/m2]","10602","2020-2022","2020-2022","46776"
"Průměrná jednotková kupní cena nemovitosti","7432","50 000 obyv. a více","445000799999000","Česko","CZ","Kraj Vysočina","CZ063","Jihlava","CZ0632","Byty [Kč/m2]","10602","2021-2023","2021-2023","52028"
"Průměrná jednotková kupní cena nemovitosti","7432","50 000 obyv. a více","445000799999000","Česko","CZ","Kraj Vysočina","CZ063","Jihlava","CZ0632","Byty [Kč/m2]","10602","2022-2024","2022-2024","57108"
"Průměrná jednotková kupní cena nemovitosti","7432","50 000 obyv. a více","445000799999000","Česko","CZ","Jihomoravský kraj","CZ064","Brno-město","CZ0642","Rodinné domy [Kč/m2]","10302","2019-2021","2019-2021","57975"
"Průměrná jednotková kupní cena nemovitosti","7432","50 000 obyv. a více","445000799999000","Česko","CZ","Jihomoravský kraj","CZ064","Brno-město","CZ0642","Rodinné domy [Kč/m2]","10302","2020-2022","2020-2022","64207"
"Průměrná jednotková kupní cena nemovitosti","7432","50 000 obyv. a více","445000799999000","Česko","CZ","Jihomoravský kraj","CZ064","Brno-město","CZ0642","Rodinné domy [Kč/m2]","10302","2021-2023","2021-2023","71967"
"Průměrná jednotková kupní cena nemovitosti","7432","50 000 obyv. a více","445000799999000","Česko","CZ","Jihomoravský kraj","CZ064","Brno-město","CZ0642","Rodinné domy [Kč/m2]","10302","2022-2024","2022-2024","79314"
"Průměrná jednotková kupní cena nemovitosti","7432","50 000 obyv. a více","445000799999000","Česko","CZ","Jihomoravský kraj","CZ064","Brno-město","CZ0642","Byty [Kč/m2]","10602","2019-2021","2019-2021","59583"
"Průměrná jednotková kupní cena nemovitosti","7432","50 000 obyv. a více","445000799999000","Česko","CZ","Jihomoravský kraj","CZ064","Brno-město","CZ0642","Byty [Kč/m2]","10602","2020-2022","2020-2022","69210"
"Průměrná jednotková kupní cena nemovitosti","7432","50 000 obyv. a více","445000799999000","Česko","CZ","Jihomoravský kraj","CZ064","Brno-město","CZ0642","Byty [Kč/m2]","10602","2021-2023","2021-2023","76704"
"Průměrná jednotková kupní cena nemovitosti","7432","50 000 obyv. a více","445000799999000","Česko","CZ","Jihomoravský kraj","CZ064","Brno-město","CZ0642","Byty [Kč/m2]","10602","2022-2024","2022-2024","83361"
"Průměrná jednotková kupní cena nemovitosti","7432","50 000 obyv. a více","445000799999000","Česko","CZ","Olomoucký kraj","CZ071","Olomouc","CZ0712","Rodinné domy [Kč/m2]","10302","2019-2021","2019-2021","53738"
"Průměrná jednotková kupní cena nemovitosti","7432","50 000 obyv. a více","445000799999000","Česko","CZ","Olomoucký kraj","CZ071","Olomouc","CZ0712","Rodinné domy [Kč/m2]","10302","2020-2022","2020-2022","60379"
"Průměrná jednotková kupní cena nemovitosti","7432","50 000 obyv. a více","445000799999000","Česko","CZ","Olomoucký kraj","CZ071","Olomouc","CZ0712","Rodinné domy [Kč/m2]","10302","2021-2023","2021-2023","69383"
"Průměrná jednotková kupní cena nemovitosti","7432","50 000 obyv. a více","445000799999000","Česko","CZ","Olomoucký kraj","CZ071","Olomouc","CZ0712","Rodinné domy [Kč/m2]","10302","2022-2024","2022-2024","72100"
"Průměrná jednotková kupní cena nemovitosti","7432","50 000 obyv. a více","445000799999000","Česko","CZ","Olomoucký kraj","CZ071","Olomouc","CZ0712","Byty [Kč/m2]","10602","2019-2021","2019-2021","46138"
"Průměrná jednotková kupní cena nemovitosti","7432","50 000 obyv. a více","445000799999000","Česko","CZ","Olomoucký kraj","CZ071","Olomouc","CZ0712","Byty [Kč/m2]","10602","2020-2022","2020-2022","54372"
"Průměrná jednotková kupní cena nemovitosti","7432","50 000 obyv. a více","445000799999000","Česko","CZ","Olomoucký kraj","CZ071","Olomouc","CZ0712","Byty [Kč/m2]","10602","2021-2023","2021-2023","59711"
"Průměrná jednotková kupní cena nemovitosti","7432","50 000 obyv. a více","445000799999000","Česko","CZ","Olomoucký kraj","CZ071","Olomouc","CZ0712","Byty [Kč/m2]","10602","2022-2024","2022-2024","64629"
"Průměrná jednotková kupní cena nemovitosti","7432","50 000 obyv. a více","445000799999000","Česko","CZ","Zlínský kraj","CZ072","Zlín","CZ0724","Rodinné domy [Kč/m2]","10302","2019-2021","2019-2021","43078"
"Průměrná jednotková kupní cena nemovitosti","7432","50 000 obyv. a více","445000799999000","Česko","CZ","Zlínský kraj","CZ072","Zlín","CZ0724","Rodinné domy [Kč/m2]","10302","2020-2022","2020-2022","48982"
"Průměrná jednotková kupní cena nemovitosti","7432","50 000 obyv. a více","445000799999000","Česko","CZ","Zlínský kraj","CZ072","Zlín","CZ0724","Rodinné domy [Kč/m2]","10302","2021-2023","2021-2023","58428"
"Průměrná jednotková kupní cena nemovitosti","7432","50 000 obyv. a více","445000799999000","Česko","CZ","Zlínský kraj","CZ072","Zlín","CZ0724","Rodinné domy [Kč/m2]","10302","2022-2024","2022-2024","65918"
"Průměrná jednotková kupní cena nemovitosti","7432","50 000 obyv. a více","445000799999000","Česko","CZ","Zlínský kraj","CZ072","Zlín","CZ0724","Byty [Kč/m2]","10602","2019-2021","2019-2021","43681"
"Průměrná jednotková kupní cena nemovitosti","7432","50 000 obyv. a více","445000799999000","Česko","CZ","Zlínský kraj","CZ072","Zlín","CZ0724","Byty [Kč/m2]","10602","2020-2022","2020-2022","50014"
"Průměrná jednotková kupní cena nemovitosti","7432","50 000 obyv. a více","445000799999000","Česko","CZ","Zlínský kraj","CZ072","Zlín","CZ0724","Byty [Kč/m2]","10602","2021-2023","2021-2023","53855"
"Průměrná jednotková kupní cena nemovitosti","7432","50 000 obyv. a více","445000799999000","Česko","CZ","Zlínský kraj","CZ072","Zlín","CZ0724","Byty [Kč/m2]","10602","2022-2024","2022-2024","58122"
"Průměrná jednotková kupní cena nemovitosti","7432","50 000 obyv. a více","445000799999000","Česko","CZ","Moravskoslezský kraj","CZ080","Frýdek-Místek","CZ0802","Rodinné domy [Kč/m2]","10302","2019-2021","2019-2021","44098"
"Průměrná jednotková kupní cena nemovitosti","7432","50 000 obyv. a více","445000799999000","Česko","CZ","Moravskoslezský kraj","CZ080","Frýdek-Místek","CZ0802","Rodinné domy [Kč/m2]","10302","2020-2022","2020-2022","48966"
"Průměrná jednotková kupní cena nemovitosti","7432","50 000 obyv. a více","445000799999000","Česko","CZ","Moravskoslezský kraj","CZ080","Frýdek-Místek","CZ0802","Rodinné domy [Kč/m2]","10302","2021-2023","2021-2023","54106"
"Průměrná jednotková kupní cena nemovitosti","7432","50 000 obyv. a více","445000799999000","Česko","CZ","Moravskoslezský kraj","CZ080","Frýdek-Místek","CZ0802","Rodinné domy [Kč/m2]","10302","2022-2024","2022-2024","58648"
"Průměrná jednotková kupní cena nemovitosti","7432","50 000 obyv. a více","445000799999000","Česko","CZ","Moravskoslezský kraj","CZ080","Frýdek-Místek","CZ0802","Byty [Kč/m2]","10602","2019-2021","2019-2021","32328"
"Průměrná jednotková kupní cena nemovitosti","7432","50 000 obyv. a více","445000799999000","Česko","CZ","Moravskoslezský kraj","CZ080","Frýdek-Místek","CZ0802","Byty [Kč/m2]","10602","2020-2022","2020-2022","38233"
"Průměrná jednotková kupní cena nemovitosti","7432","50 000 obyv. a více","445000799999000","Česko","CZ","Moravskoslezský kraj","CZ080","Frýdek-Místek","CZ0802","Byty [Kč/m2]","10602","2021-2023","2021-2023","42922"
"Průměrná jednotková kupní cena nemovitosti","7432","50 000 obyv. a více","445000799999000","Česko","CZ","Moravskoslezský kraj","CZ080","Frýdek-Místek","CZ0802","Byty [Kč/m2]","10602","2022-2024","2022-2024","46296"
"Průměrná jednotková kupní cena nemovitosti","7432","50 000 obyv. a více","445000799999000","Česko","CZ","Moravskoslezský kraj","CZ080","Karviná","CZ0803","Rodinné domy [Kč/m2]","10302","2019-2021","2019-2021","38569"
"Průměrná jednotková kupní cena nemovitosti","7432","50 000 obyv. a více","445000799999000","Česko","CZ","Moravskoslezský kraj","CZ080","Karviná","CZ0803","Rodinné domy [Kč/m2]","10302","2020-2022","2020-2022","42510"
"Průměrná jednotková kupní cena nemovitosti","7432","50 000 obyv. a více","445000799999000","Česko","CZ","Moravskoslezský kraj","CZ080","Karviná","CZ0803","Rodinné domy [Kč/m2]","10302","2021-2023","2021-2023","49897"
"Průměrná jednotková kupní cena nemovitosti","7432","50 000 obyv. a více","445000799999000","Česko","CZ","Moravskoslezský kraj","CZ080","Karviná","CZ0803","Rodinné domy [Kč/m2]","10302","2022-2024","2022-2024","51610"
"Průměrná jednotková kupní cena nemovitosti","7432","50 000 obyv. a více","445000799999000","Česko","CZ","Moravskoslezský kraj","CZ080","Karviná","CZ0803","Byty [Kč/m2]","10602","2019-2021","2019-2021","30434"
"Průměrná jednotková kupní cena nemovitosti","7432","50 000 obyv. a více","445000799999000","Česko","CZ","Moravskoslezský kraj","CZ080","Karviná","CZ0803","Byty [Kč/m2]","10602","2020-2022","2020-2022","34877"
"Průměrná jednotková kupní cena nemovitosti","7432","50 000 obyv. a více","445000799999000","Česko","CZ","Moravskoslezský kraj","CZ080","Karviná","CZ0803","Byty [Kč/m2]","10602","2021-2023","2021-2023","37244"
"Průměrná jednotková kupní cena nemovitosti","7432","50 000 obyv. a více","445000799999000","Česko","CZ","Moravskoslezský kraj","CZ080","Karviná","CZ0803","Byty [Kč/m2]","10602","2022-2024","2022-2024","40097"
"Průměrná jednotková kupní cena nemovitosti","7432","50 000 obyv. a více","445000799999000","Česko","CZ","Moravskoslezský kraj","CZ080","Opava","CZ0805","Rodinné domy [Kč/m2]","10302","2019-2021","2019-2021","42950"
"Průměrná jednotková kupní cena nemovitosti","7432","50 000 obyv. a více","445000799999000","Česko","CZ","Moravskoslezský kraj","CZ080","Opava","CZ0805","Rodinné domy [Kč/m2]","10302","2020-2022","2020-2022","46997"
"Průměrná jednotková kupní cena nemovitosti","7432","50 000 obyv. a více","445000799999000","Česko","CZ","Moravskoslezský kraj","CZ080","Opava","CZ0805","Rodinné domy [Kč/m2]","10302","2021-2023","2021-2023","51515"
"Průměrná jednotková kupní cena nemovitosti","7432","50 000 obyv. a více","445000799999000","Česko","CZ","Moravskoslezský kraj","CZ080","Opava","CZ0805","Rodinné domy [Kč/m2]","10302","2022-2024","2022-2024","58628"
"Průměrná jednotková kupní cena nemovitosti","7432","50 000 obyv. a více","445000799999000","Česko","CZ","Moravskoslezský kraj","CZ080","Opava","CZ0805","Byty [Kč/m2]","10602","2019-2021","2019-2021","34449"
"Průměrná jednotková kupní cena nemovitosti","7432","50 000 obyv. a více","445000799999000","Česko","CZ","Moravskoslezský kraj","CZ080","Opava","CZ0805","Byty [Kč/m2]","10602","2020-2022","2020-2022","40397"
"Průměrná jednotková kupní cena nemovitosti","7432","50 000 obyv. a více","445000799999000","Česko","CZ","Moravskoslezský kraj","CZ080","Opava","CZ0805","Byty [Kč/m2]","10602","2021-2023","2021-2023","45968"
"Průměrná jednotková kupní cena nemovitosti","7432","50 000 obyv. a více","445000799999000","Česko","CZ","Moravskoslezský kraj","CZ080","Opava","CZ0805","Byty [Kč/m2]","10602","2022-2024","2022-2024","49659"
"Průměrná jednotková kupní cena nemovitosti","7432","50 000 obyv. a více","445000799999000","Česko","CZ","Moravskoslezský kraj","CZ080","Ostrava-město","CZ0806","Rodinné domy [Kč/m2]","10302","2019-2021","2019-2021","41113"
"Průměrná jednotková kupní cena nemovitosti","7432","50 000 obyv. a více","445000799999000","Česko","CZ","Moravskoslezský kraj","CZ080","Ostrava-město","CZ0806","Rodinné domy [Kč/m2]","10302","2020-2022","2020-2022","45412"
"Průměrná jednotková kupní cena nemovitosti","7432","50 000 obyv. a více","445000799999000","Česko","CZ","Moravskoslezský kraj","CZ080","Ostrava-město","CZ0806","Rodinné domy [Kč/m2]","10302","2021-2023","2021-2023","52816"
"Průměrná jednotková kupní cena nemovitosti","7432","50 000 obyv. a více","445000799999000","Česko","CZ","Moravskoslezský kraj","CZ080","Ostrava-město","CZ0806","Rodinné domy [Kč/m2]","10302","2022-2024","2022-2024","59163"
"Průměrná jednotková kupní cena nemovitosti","7432","50 000 obyv. a více","445000799999000","Česko","CZ","Moravskoslezský kraj","CZ080","Ostrava-město","CZ0806","Byty [Kč/m2]","10602","2019-2021","2019-2021","32751"
"Průměrná jednotková kupní cena nemovitosti","7432","50 000 obyv. a více","445000799999000","Česko","CZ","Moravskoslezský kraj","CZ080","Ostrava-město","CZ0806","Byty [Kč/m2]","10602","2020-2022","2020-2022","39231"
"Průměrná jednotková kupní cena nemovitosti","7432","50 000 obyv. a více","445000799999000","Česko","CZ","Moravskoslezský kraj","CZ080","Ostrava-město","CZ0806","Byty [Kč/m2]","10602","2021-2023","2021-2023","43640"
"Průměrná jednotková kupní cena nemovitosti","7432","50 000 obyv. a více","445000799999000","Česko","CZ","Moravskoslezský kraj","CZ080","Ostrava-město","CZ0806","Byty [Kč/m2]","10602","2022-2024","2022-2024","47230"
