Ukazatel,IndicatorType,Počet obyvatel obce,VELSKUPOBC,Území-Stát,Uz023h22.STAT,Území-Kraj,Uz023h22.KRAJ,Území-Okres,Uz023h22.OKRES,Druh nemovitosti,REPRCENNEM,Roční a 3-letá období,CAS1R3R1,Hodnota
Průměrná jednotková kupní cena nemovitosti,7432,Celkem,0,Česko,CZ,,,,,Rodinné domy [Kč/m2],10302,2019,2019,34513
Průměrná jednotková kupní cena nemovitosti,7432,Celkem,0,Česko,CZ,,,,,Rodinné domy [Kč/m2],10302,2020,2020,37244
Průměrná jednotková kupní cena nemovitosti,7432,Celkem,0,Česko,CZ,,,,,Rodinné domy [Kč/m2],10302,2021,2021,43044
Průměrná jednotková kupní cena nemovitosti,7432,Celkem,0,Česko,CZ,,,,,Rodinné domy [Kč/m2],10302,2022,2022,49782
Průměrná jednotková kupní cena nemovitosti,7432,Celkem,0,Česko,CZ,,,,,Rodinné domy [Kč/m2],10302,2023,2023,48320
Průměrná jednotková kupní cena nemovitosti,7432,Celkem,0,Česko,CZ,,,,,Rodinné domy [Kč/m2],10302,2024,2024,51867
Průměrná jednotková kupní cena nemovitosti,7432,Celkem,0,Česko,CZ,,,,,Rodinné domy [Kč/m2],10302,2025,2025,56066
Průměrná jednotková kupní cena nemovitosti,7432,Celkem,0,Česko,CZ,,,,,Byty [Kč/m2],10602,2019,2019,39306
Průměrná jednotková kupní cena nemovitosti,7432,Celkem,0,Česko,CZ,,,,,Byty [Kč/m2],10602,2020,2020,44082
Průměrná jednotková kupní cena nemovitosti,7432,Celkem,0,Česko,CZ,,,,,Byty [Kč/m2],10602,2021,2021,54461
Průměrná jednotková kupní cena nemovitosti,7432,Celkem,0,Česko,CZ,,,,,Byty [Kč/m2],10602,2022,2022,61742
Průměrná jednotková kupní cena nemovitosti,7432,Celkem,0,Česko,CZ,,,,,Byty [Kč/m2],10602,2023,2023,58641
Průměrná jednotková kupní cena nemovitosti,7432,Celkem,0,Česko,CZ,,,,,Byty [Kč/m2],10602,2024,2024,63521
Průměrná jednotková kupní cena nemovitosti,7432,Celkem,0,Česko,CZ,,,,,Byty [Kč/m2],10602,2025,2025,72410
Průměrná jednotková kupní cena nemovitosti,7432,Celkem,0,Česko,CZ,Hlavní město Praha,CZ010,,,Rodinné domy [Kč/m2],10302,2019,2019,65815
Průměrná jednotková kupní cena nemovitosti,7432,Celkem,0,Česko,CZ,Hlavní město Praha,CZ010,,,Rodinné domy [Kč/m2],10302,2020,2020,79703
Průměrná jednotková kupní cena nemovitosti,7432,Celkem,0,Česko,CZ,Hlavní město Praha,CZ010,,,Rodinné domy [Kč/m2],10302,2021,2021,95870
Průměrná jednotková kupní cena nemovitosti,7432,Celkem,0,Česko,CZ,Hlavní město Praha,CZ010,,,Rodinné domy [Kč/m2],10302,2022,2022,105434
Průměrná jednotková kupní cena nemovitosti,7432,Celkem,0,Česko,CZ,Hlavní město Praha,CZ010,,,Rodinné domy [Kč/m2],10302,2023,2023,111087
Průměrná jednotková kupní cena nemovitosti,7432,Celkem,0,Česko,CZ,Hlavní město Praha,CZ010,,,Rodinné domy [Kč/m2],10302,2024,2024,106753
Průměrná jednotková kupní cena nemovitosti,7432,Celkem,0,Česko,CZ,Hlavní město Praha,CZ010,,,Rodinné domy [Kč/m2],10302,2025,2025,119239
Průměrná jednotková kupní cena nemovitosti,7432,Celkem,0,Česko,CZ,Hlavní město Praha,CZ010,,,Byty [Kč/m2],10602,2019,2019,76391
Průměrná jednotková kupní cena nemovitosti,7432,Celkem,0,Česko,CZ,Hlavní město Praha,CZ010,,,Byty [Kč/m2],10602,2020,2020,85784
Průměrná jednotková kupní cena nemovitosti,7432,Celkem,0,Česko,CZ,Hlavní město Praha,CZ010,,,Byty [Kč/m2],10602,2021,2021,100809
Průměrná jednotková kupní cena nemovitosti,7432,Celkem,0,Česko,CZ,Hlavní město Praha,CZ010,,,Byty [Kč/m2],10602,2022,2022,112676
Průměrná jednotková kupní cena nemovitosti,7432,Celkem,0,Česko,CZ,Hlavní město Praha,CZ010,,,Byty [Kč/m2],10602,2023,2023,103693
Průměrná jednotková kupní cena nemovitosti,7432,Celkem,0,Česko,CZ,Hlavní město Praha,CZ010,,,Byty [Kč/m2],10602,2024,2024,115889
Průměrná jednotková kupní cena nemovitosti,7432,Celkem,0,Česko,CZ,Hlavní město Praha,CZ010,,,Byty [Kč/m2],10602,2025,2025,131520
Průměrná jednotková kupní cena nemovitosti,7432,Celkem,0,Česko,CZ,Středočeský kraj,CZ020,,,Rodinné domy [Kč/m2],10302,2019,2019,42935
Průměrná jednotková kupní cena nemovitosti,7432,Celkem,0,Česko,CZ,Středočeský kraj,CZ020,,,Rodinné domy [Kč/m2],10302,2020,2020,47670
Průměrná jednotková kupní cena nemovitosti,7432,Celkem,0,Česko,CZ,Středočeský kraj,CZ020,,,Rodinné domy [Kč/m2],10302,2021,2021,58253
Průměrná jednotková kupní cena nemovitosti,7432,Celkem,0,Česko,CZ,Středočeský kraj,CZ020,,,Rodinné domy [Kč/m2],10302,2022,2022,66053
Průměrná jednotková kupní cena nemovitosti,7432,Celkem,0,Česko,CZ,Středočeský kraj,CZ020,,,Rodinné domy [Kč/m2],10302,2023,2023,63843
Průměrná jednotková kupní cena nemovitosti,7432,Celkem,0,Česko,CZ,Středočeský kraj,CZ020,,,Rodinné domy [Kč/m2],10302,2024,2024,68704
Průměrná jednotková kupní cena nemovitosti,7432,Celkem,0,Česko,CZ,Středočeský kraj,CZ020,,,Rodinné domy [Kč/m2],10302,2025,2025,73814
Průměrná jednotková kupní cena nemovitosti,7432,Celkem,0,Česko,CZ,Středočeský kraj,CZ020,,,Byty [Kč/m2],10602,2019,2019,31208
Průměrná jednotková kupní cena nemovitosti,7432,Celkem,0,Česko,CZ,Středočeský kraj,CZ020,,,Byty [Kč/m2],10602,2020,2020,37326
Průměrná jednotková kupní cena nemovitosti,7432,Celkem,0,Česko,CZ,Středočeský kraj,CZ020,,,Byty [Kč/m2],10602,2021,2021,46983
Průměrná jednotková kupní cena nemovitosti,7432,Celkem,0,Česko,CZ,Středočeský kraj,CZ020,,,Byty [Kč/m2],10602,2022,2022,56001
Průměrná jednotková kupní cena nemovitosti,7432,Celkem,0,Česko,CZ,Středočeský kraj,CZ020,,,Byty [Kč/m2],10602,2023,2023,52768
Průměrná jednotková kupní cena nemovitosti,7432,Celkem,0,Česko,CZ,Středočeský kraj,CZ020,,,Byty [Kč/m2],10602,2024,2024,57450
Průměrná jednotková kupní cena nemovitosti,7432,Celkem,0,Česko,CZ,Středočeský kraj,CZ020,,,Byty [Kč/m2],10602,2025,2025,64911
Průměrná jednotková kupní cena nemovitosti,7432,Celkem,0,Česko,CZ,Jihočeský kraj,CZ031,,,Rodinné domy [Kč/m2],10302,2019,2019,30287
Průměrná jednotková kupní cena nemovitosti,7432,Celkem,0,Česko,CZ,Jihočeský kraj,CZ031,,,Rodinné domy [Kč/m2],10302,2020,2020,33414
Průměrná jednotková kupní cena nemovitosti,7432,Celkem,0,Česko,CZ,Jihočeský kraj,CZ031,,,Rodinné domy [Kč/m2],10302,2021,2021,39495
Průměrná jednotková kupní cena nemovitosti,7432,Celkem,0,Česko,CZ,Jihočeský kraj,CZ031,,,Rodinné domy [Kč/m2],10302,2022,2022,47320
Průměrná jednotková kupní cena nemovitosti,7432,Celkem,0,Česko,CZ,Jihočeský kraj,CZ031,,,Rodinné domy [Kč/m2],10302,2023,2023,45168
Průměrná jednotková kupní cena nemovitosti,7432,Celkem,0,Česko,CZ,Jihočeský kraj,CZ031,,,Rodinné domy [Kč/m2],10302,2024,2024,48006
Průměrná jednotková kupní cena nemovitosti,7432,Celkem,0,Česko,CZ,Jihočeský kraj,CZ031,,,Rodinné domy [Kč/m2],10302,2025,2025,51771
Průměrná jednotková kupní cena nemovitosti,7432,Celkem,0,Česko,CZ,Jihočeský kraj,CZ031,,,Byty [Kč/m2],10602,2019,2019,27412
Průměrná jednotková kupní cena nemovitosti,7432,Celkem,0,Česko,CZ,Jihočeský kraj,CZ031,,,Byty [Kč/m2],10602,2020,2020,32986
Průměrná jednotková kupní cena nemovitosti,7432,Celkem,0,Česko,CZ,Jihočeský kraj,CZ031,,,Byty [Kč/m2],10602,2021,2021,42169
Průměrná jednotková kupní cena nemovitosti,7432,Celkem,0,Česko,CZ,Jihočeský kraj,CZ031,,,Byty [Kč/m2],10602,2022,2022,50440
Průměrná jednotková kupní cena nemovitosti,7432,Celkem,0,Česko,CZ,Jihočeský kraj,CZ031,,,Byty [Kč/m2],10602,2023,2023,46010
Průměrná jednotková kupní cena nemovitosti,7432,Celkem,0,Česko,CZ,Jihočeský kraj,CZ031,,,Byty [Kč/m2],10602,2024,2024,49904
Průměrná jednotková kupní cena nemovitosti,7432,Celkem,0,Česko,CZ,Jihočeský kraj,CZ031,,,Byty [Kč/m2],10602,2025,2025,57739
Průměrná jednotková kupní cena nemovitosti,7432,Celkem,0,Česko,CZ,Plzeňský kraj,CZ032,,,Rodinné domy [Kč/m2],10302,2019,2019,30845
Průměrná jednotková kupní cena nemovitosti,7432,Celkem,0,Česko,CZ,Plzeňský kraj,CZ032,,,Rodinné domy [Kč/m2],10302,2020,2020,32923
Průměrná jednotková kupní cena nemovitosti,7432,Celkem,0,Česko,CZ,Plzeňský kraj,CZ032,,,Rodinné domy [Kč/m2],10302,2021,2021,39338
Průměrná jednotková kupní cena nemovitosti,7432,Celkem,0,Česko,CZ,Plzeňský kraj,CZ032,,,Rodinné domy [Kč/m2],10302,2022,2022,43989
Průměrná jednotková kupní cena nemovitosti,7432,Celkem,0,Česko,CZ,Plzeňský kraj,CZ032,,,Rodinné domy [Kč/m2],10302,2023,2023,43998
Průměrná jednotková kupní cena nemovitosti,7432,Celkem,0,Česko,CZ,Plzeňský kraj,CZ032,,,Rodinné domy [Kč/m2],10302,2024,2024,45745
Průměrná jednotková kupní cena nemovitosti,7432,Celkem,0,Česko,CZ,Plzeňský kraj,CZ032,,,Rodinné domy [Kč/m2],10302,2025,2025,51449
Průměrná jednotková kupní cena nemovitosti,7432,Celkem,0,Česko,CZ,Plzeňský kraj,CZ032,,,Byty [Kč/m2],10602,2019,2019,31302
Průměrná jednotková kupní cena nemovitosti,7432,Celkem,0,Česko,CZ,Plzeňský kraj,CZ032,,,Byty [Kč/m2],10602,2020,2020,34071
Průměrná jednotková kupní cena nemovitosti,7432,Celkem,0,Česko,CZ,Plzeňský kraj,CZ032,,,Byty [Kč/m2],10602,2021,2021,42838
Průměrná jednotková kupní cena nemovitosti,7432,Celkem,0,Česko,CZ,Plzeňský kraj,CZ032,,,Byty [Kč/m2],10602,2022,2022,52264
Průměrná jednotková kupní cena nemovitosti,7432,Celkem,0,Česko,CZ,Plzeňský kraj,CZ032,,,Byty [Kč/m2],10602,2023,2023,47729
Průměrná jednotková kupní cena nemovitosti,7432,Celkem,0,Česko,CZ,Plzeňský kraj,CZ032,,,Byty [Kč/m2],10602,2024,2024,52777
Průměrná jednotková kupní cena nemovitosti,7432,Celkem,0,Česko,CZ,Plzeňský kraj,CZ032,,,Byty [Kč/m2],10602,2025,2025,60281
Průměrná jednotková kupní cena nemovitosti,7432,Celkem,0,Česko,CZ,Karlovarský kraj,CZ041,,,Rodinné domy [Kč/m2],10302,2019,2019,25415
Průměrná jednotková kupní cena nemovitosti,7432,Celkem,0,Česko,CZ,Karlovarský kraj,CZ041,,,Rodinné domy [Kč/m2],10302,2020,2020,28661
Průměrná jednotková kupní cena nemovitosti,7432,Celkem,0,Česko,CZ,Karlovarský kraj,CZ041,,,Rodinné domy [Kč/m2],10302,2021,2021,32743
Průměrná jednotková kupní cena nemovitosti,7432,Celkem,0,Česko,CZ,Karlovarský kraj,CZ041,,,Rodinné domy [Kč/m2],10302,2022,2022,38860
Průměrná jednotková kupní cena nemovitosti,7432,Celkem,0,Česko,CZ,Karlovarský kraj,CZ041,,,Rodinné domy [Kč/m2],10302,2023,2023,36780
Průměrná jednotková kupní cena nemovitosti,7432,Celkem,0,Česko,CZ,Karlovarský kraj,CZ041,,,Rodinné domy [Kč/m2],10302,2024,2024,39724
Průměrná jednotková kupní cena nemovitosti,7432,Celkem,0,Česko,CZ,Karlovarský kraj,CZ041,,,Rodinné domy [Kč/m2],10302,2025,2025,43071
Průměrná jednotková kupní cena nemovitosti,7432,Celkem,0,Česko,CZ,Karlovarský kraj,CZ041,,,Byty [Kč/m2],10602,2019,2019,21256
Průměrná jednotková kupní cena nemovitosti,7432,Celkem,0,Česko,CZ,Karlovarský kraj,CZ041,,,Byty [Kč/m2],10602,2020,2020,23707
Průměrná jednotková kupní cena nemovitosti,7432,Celkem,0,Česko,CZ,Karlovarský kraj,CZ041,,,Byty [Kč/m2],10602,2021,2021,30042
Průměrná jednotková kupní cena nemovitosti,7432,Celkem,0,Česko,CZ,Karlovarský kraj,CZ041,,,Byty [Kč/m2],10602,2022,2022,36270
Průměrná jednotková kupní cena nemovitosti,7432,Celkem,0,Česko,CZ,Karlovarský kraj,CZ041,,,Byty [Kč/m2],10602,2023,2023,33664
Průměrná jednotková kupní cena nemovitosti,7432,Celkem,0,Česko,CZ,Karlovarský kraj,CZ041,,,Byty [Kč/m2],10602,2024,2024,36309
Průměrná jednotková kupní cena nemovitosti,7432,Celkem,0,Česko,CZ,Karlovarský kraj,CZ041,,,Byty [Kč/m2],10602,2025,2025,41915
Průměrná jednotková kupní cena nemovitosti,7432,Celkem,0,Česko,CZ,Ústecký kraj,CZ042,,,Rodinné domy [Kč/m2],10302,2019,2019,25357
Průměrná jednotková kupní cena nemovitosti,7432,Celkem,0,Česko,CZ,Ústecký kraj,CZ042,,,Rodinné domy [Kč/m2],10302,2020,2020,28258
Průměrná jednotková kupní cena nemovitosti,7432,Celkem,0,Česko,CZ,Ústecký kraj,CZ042,,,Rodinné domy [Kč/m2],10302,2021,2021,32157
Průměrná jednotková kupní cena nemovitosti,7432,Celkem,0,Česko,CZ,Ústecký kraj,CZ042,,,Rodinné domy [Kč/m2],10302,2022,2022,39170
Průměrná jednotková kupní cena nemovitosti,7432,Celkem,0,Česko,CZ,Ústecký kraj,CZ042,,,Rodinné domy [Kč/m2],10302,2023,2023,37968
Průměrná jednotková kupní cena nemovitosti,7432,Celkem,0,Česko,CZ,Ústecký kraj,CZ042,,,Rodinné domy [Kč/m2],10302,2024,2024,41870
Průměrná jednotková kupní cena nemovitosti,7432,Celkem,0,Česko,CZ,Ústecký kraj,CZ042,,,Rodinné domy [Kč/m2],10302,2025,2025,45623
Průměrná jednotková kupní cena nemovitosti,7432,Celkem,0,Česko,CZ,Ústecký kraj,CZ042,,,Byty [Kč/m2],10602,2019,2019,19954
Průměrná jednotková kupní cena nemovitosti,7432,Celkem,0,Česko,CZ,Ústecký kraj,CZ042,,,Byty [Kč/m2],10602,2020,2020,23343
Průměrná jednotková kupní cena nemovitosti,7432,Celkem,0,Česko,CZ,Ústecký kraj,CZ042,,,Byty [Kč/m2],10602,2021,2021,30832
Průměrná jednotková kupní cena nemovitosti,7432,Celkem,0,Česko,CZ,Ústecký kraj,CZ042,,,Byty [Kč/m2],10602,2022,2022,36318
Průměrná jednotková kupní cena nemovitosti,7432,Celkem,0,Česko,CZ,Ústecký kraj,CZ042,,,Byty [Kč/m2],10602,2023,2023,33679
Průměrná jednotková kupní cena nemovitosti,7432,Celkem,0,Česko,CZ,Ústecký kraj,CZ042,,,Byty [Kč/m2],10602,2024,2024,36296
Průměrná jednotková kupní cena nemovitosti,7432,Celkem,0,Česko,CZ,Ústecký kraj,CZ042,,,Byty [Kč/m2],10602,2025,2025,42375
Průměrná jednotková kupní cena nemovitosti,7432,Celkem,0,Česko,CZ,Liberecký kraj,CZ051,,,Rodinné domy [Kč/m2],10302,2019,2019,30149
Průměrná jednotková kupní cena nemovitosti,7432,Celkem,0,Česko,CZ,Liberecký kraj,CZ051,,,Rodinné domy [Kč/m2],10302,2020,2020,34316
Průměrná jednotková kupní cena nemovitosti,7432,Celkem,0,Česko,CZ,Liberecký kraj,CZ051,,,Rodinné domy [Kč/m2],10302,2021,2021,39535
Průměrná jednotková kupní cena nemovitosti,7432,Celkem,0,Česko,CZ,Liberecký kraj,CZ051,,,Rodinné domy [Kč/m2],10302,2022,2022,47752
Průměrná jednotková kupní cena nemovitosti,7432,Celkem,0,Česko,CZ,Liberecký kraj,CZ051,,,Rodinné domy [Kč/m2],10302,2023,2023,46440
Průměrná jednotková kupní cena nemovitosti,7432,Celkem,0,Česko,CZ,Liberecký kraj,CZ051,,,Rodinné domy [Kč/m2],10302,2024,2024,49514
Průměrná jednotková kupní cena nemovitosti,7432,Celkem,0,Česko,CZ,Liberecký kraj,CZ051,,,Rodinné domy [Kč/m2],10302,2025,2025,54328
Průměrná jednotková kupní cena nemovitosti,7432,Celkem,0,Česko,CZ,Liberecký kraj,CZ051,,,Byty [Kč/m2],10602,2019,2019,27554
Průměrná jednotková kupní cena nemovitosti,7432,Celkem,0,Česko,CZ,Liberecký kraj,CZ051,,,Byty [Kč/m2],10602,2020,2020,31559
Průměrná jednotková kupní cena nemovitosti,7432,Celkem,0,Česko,CZ,Liberecký kraj,CZ051,,,Byty [Kč/m2],10602,2021,2021,39514
Průměrná jednotková kupní cena nemovitosti,7432,Celkem,0,Česko,CZ,Liberecký kraj,CZ051,,,Byty [Kč/m2],10602,2022,2022,49414
Průměrná jednotková kupní cena nemovitosti,7432,Celkem,0,Česko,CZ,Liberecký kraj,CZ051,,,Byty [Kč/m2],10602,2023,2023,45561
Průměrná jednotková kupní cena nemovitosti,7432,Celkem,0,Česko,CZ,Liberecký kraj,CZ051,,,Byty [Kč/m2],10602,2024,2024,48930
Průměrná jednotková kupní cena nemovitosti,7432,Celkem,0,Česko,CZ,Liberecký kraj,CZ051,,,Byty [Kč/m2],10602,2025,2025,55695
Průměrná jednotková kupní cena nemovitosti,7432,Celkem,0,Česko,CZ,Královéhradecký kraj,CZ052,,,Rodinné domy [Kč/m2],10302,2019,2019,30327
Průměrná jednotková kupní cena nemovitosti,7432,Celkem,0,Česko,CZ,Královéhradecký kraj,CZ052,,,Rodinné domy [Kč/m2],10302,2020,2020,32374
Průměrná jednotková kupní cena nemovitosti,7432,Celkem,0,Česko,CZ,Královéhradecký kraj,CZ052,,,Rodinné domy [Kč/m2],10302,2021,2021,37787
Průměrná jednotková kupní cena nemovitosti,7432,Celkem,0,Česko,CZ,Královéhradecký kraj,CZ052,,,Rodinné domy [Kč/m2],10302,2022,2022,45583
Průměrná jednotková kupní cena nemovitosti,7432,Celkem,0,Česko,CZ,Královéhradecký kraj,CZ052,,,Rodinné domy [Kč/m2],10302,2023,2023,46338
Průměrná jednotková kupní cena nemovitosti,7432,Celkem,0,Česko,CZ,Královéhradecký kraj,CZ052,,,Rodinné domy [Kč/m2],10302,2024,2024,48242
Průměrná jednotková kupní cena nemovitosti,7432,Celkem,0,Česko,CZ,Královéhradecký kraj,CZ052,,,Rodinné domy [Kč/m2],10302,2025,2025,53122
Průměrná jednotková kupní cena nemovitosti,7432,Celkem,0,Česko,CZ,Královéhradecký kraj,CZ052,,,Byty [Kč/m2],10602,2019,2019,28075
Průměrná jednotková kupní cena nemovitosti,7432,Celkem,0,Česko,CZ,Královéhradecký kraj,CZ052,,,Byty [Kč/m2],10602,2020,2020,32113
Průměrná jednotková kupní cena nemovitosti,7432,Celkem,0,Česko,CZ,Královéhradecký kraj,CZ052,,,Byty [Kč/m2],10602,2021,2021,41308
Průměrná jednotková kupní cena nemovitosti,7432,Celkem,0,Česko,CZ,Královéhradecký kraj,CZ052,,,Byty [Kč/m2],10602,2022,2022,48040
Průměrná jednotková kupní cena nemovitosti,7432,Celkem,0,Česko,CZ,Královéhradecký kraj,CZ052,,,Byty [Kč/m2],10602,2023,2023,46442
Průměrná jednotková kupní cena nemovitosti,7432,Celkem,0,Česko,CZ,Královéhradecký kraj,CZ052,,,Byty [Kč/m2],10602,2024,2024,49485
Průměrná jednotková kupní cena nemovitosti,7432,Celkem,0,Česko,CZ,Královéhradecký kraj,CZ052,,,Byty [Kč/m2],10602,2025,2025,56705
Průměrná jednotková kupní cena nemovitosti,7432,Celkem,0,Česko,CZ,Pardubický kraj,CZ053,,,Rodinné domy [Kč/m2],10302,2019,2019,29817
Průměrná jednotková kupní cena nemovitosti,7432,Celkem,0,Česko,CZ,Pardubický kraj,CZ053,,,Rodinné domy [Kč/m2],10302,2020,2020,30526
Průměrná jednotková kupní cena nemovitosti,7432,Celkem,0,Česko,CZ,Pardubický kraj,CZ053,,,Rodinné domy [Kč/m2],10302,2021,2021,36512
Průměrná jednotková kupní cena nemovitosti,7432,Celkem,0,Česko,CZ,Pardubický kraj,CZ053,,,Rodinné domy [Kč/m2],10302,2022,2022,42356
Průměrná jednotková kupní cena nemovitosti,7432,Celkem,0,Česko,CZ,Pardubický kraj,CZ053,,,Rodinné domy [Kč/m2],10302,2023,2023,40380
Průměrná jednotková kupní cena nemovitosti,7432,Celkem,0,Česko,CZ,Pardubický kraj,CZ053,,,Rodinné domy [Kč/m2],10302,2024,2024,43453
Průměrná jednotková kupní cena nemovitosti,7432,Celkem,0,Česko,CZ,Pardubický kraj,CZ053,,,Rodinné domy [Kč/m2],10302,2025,2025,48854
Průměrná jednotková kupní cena nemovitosti,7432,Celkem,0,Česko,CZ,Pardubický kraj,CZ053,,,Byty [Kč/m2],10602,2019,2019,28985
Průměrná jednotková kupní cena nemovitosti,7432,Celkem,0,Česko,CZ,Pardubický kraj,CZ053,,,Byty [Kč/m2],10602,2020,2020,35067
Průměrná jednotková kupní cena nemovitosti,7432,Celkem,0,Česko,CZ,Pardubický kraj,CZ053,,,Byty [Kč/m2],10602,2021,2021,42994
Průměrná jednotková kupní cena nemovitosti,7432,Celkem,0,Česko,CZ,Pardubický kraj,CZ053,,,Byty [Kč/m2],10602,2022,2022,51039
Průměrná jednotková kupní cena nemovitosti,7432,Celkem,0,Česko,CZ,Pardubický kraj,CZ053,,,Byty [Kč/m2],10602,2023,2023,49255
Průměrná jednotková kupní cena nemovitosti,7432,Celkem,0,Česko,CZ,Pardubický kraj,CZ053,,,Byty [Kč/m2],10602,2024,2024,52191
Průměrná jednotková kupní cena nemovitosti,7432,Celkem,0,Česko,CZ,Pardubický kraj,CZ053,,,Byty [Kč/m2],10602,2025,2025,58557
Průměrná jednotková kupní cena nemovitosti,7432,Celkem,0,Česko,CZ,Kraj Vysočina,CZ063,,,Rodinné domy [Kč/m2],10302,2019,2019,28721
Průměrná jednotková kupní cena nemovitosti,7432,Celkem,0,Česko,CZ,Kraj Vysočina,CZ063,,,Rodinné domy [Kč/m2],10302,2020,2020,30393
Průměrná jednotková kupní cena nemovitosti,7432,Celkem,0,Česko,CZ,Kraj Vysočina,CZ063,,,Rodinné domy [Kč/m2],10302,2021,2021,35732
Průměrná jednotková kupní cena nemovitosti,7432,Celkem,0,Česko,CZ,Kraj Vysočina,CZ063,,,Rodinné domy [Kč/m2],10302,2022,2022,41874
Průměrná jednotková kupní cena nemovitosti,7432,Celkem,0,Česko,CZ,Kraj Vysočina,CZ063,,,Rodinné domy [Kč/m2],10302,2023,2023,40623
Průměrná jednotková kupní cena nemovitosti,7432,Celkem,0,Česko,CZ,Kraj Vysočina,CZ063,,,Rodinné domy [Kč/m2],10302,2024,2024,46400
Průměrná jednotková kupní cena nemovitosti,7432,Celkem,0,Česko,CZ,Kraj Vysočina,CZ063,,,Rodinné domy [Kč/m2],10302,2025,2025,47125
Průměrná jednotková kupní cena nemovitosti,7432,Celkem,0,Česko,CZ,Kraj Vysočina,CZ063,,,Byty [Kč/m2],10602,2019,2019,28385
Průměrná jednotková kupní cena nemovitosti,7432,Celkem,0,Česko,CZ,Kraj Vysočina,CZ063,,,Byty [Kč/m2],10602,2020,2020,32865
Průměrná jednotková kupní cena nemovitosti,7432,Celkem,0,Česko,CZ,Kraj Vysočina,CZ063,,,Byty [Kč/m2],10602,2021,2021,39919
Průměrná jednotková kupní cena nemovitosti,7432,Celkem,0,Česko,CZ,Kraj Vysočina,CZ063,,,Byty [Kč/m2],10602,2022,2022,48960
Průměrná jednotková kupní cena nemovitosti,7432,Celkem,0,Česko,CZ,Kraj Vysočina,CZ063,,,Byty [Kč/m2],10602,2023,2023,46665
Průměrná jednotková kupní cena nemovitosti,7432,Celkem,0,Česko,CZ,Kraj Vysočina,CZ063,,,Byty [Kč/m2],10602,2024,2024,50560
Průměrná jednotková kupní cena nemovitosti,7432,Celkem,0,Česko,CZ,Kraj Vysočina,CZ063,,,Byty [Kč/m2],10602,2025,2025,56720
Průměrná jednotková kupní cena nemovitosti,7432,Celkem,0,Česko,CZ,Jihomoravský kraj,CZ064,,,Rodinné domy [Kč/m2],10302,2019,2019,33430
Průměrná jednotková kupní cena nemovitosti,7432,Celkem,0,Česko,CZ,Jihomoravský kraj,CZ064,,,Rodinné domy [Kč/m2],10302,2020,2020,35685
Průměrná jednotková kupní cena nemovitosti,7432,Celkem,0,Česko,CZ,Jihomoravský kraj,CZ064,,,Rodinné domy [Kč/m2],10302,2021,2021,42844
Průměrná jednotková kupní cena nemovitosti,7432,Celkem,0,Česko,CZ,Jihomoravský kraj,CZ064,,,Rodinné domy [Kč/m2],10302,2022,2022,47816
Průměrná jednotková kupní cena nemovitosti,7432,Celkem,0,Česko,CZ,Jihomoravský kraj,CZ064,,,Rodinné domy [Kč/m2],10302,2023,2023,49393
Průměrná jednotková kupní cena nemovitosti,7432,Celkem,0,Česko,CZ,Jihomoravský kraj,CZ064,,,Rodinné domy [Kč/m2],10302,2024,2024,52671
Průměrná jednotková kupní cena nemovitosti,7432,Celkem,0,Česko,CZ,Jihomoravský kraj,CZ064,,,Rodinné domy [Kč/m2],10302,2025,2025,56400
Průměrná jednotková kupní cena nemovitosti,7432,Celkem,0,Česko,CZ,Jihomoravský kraj,CZ064,,,Byty [Kč/m2],10602,2019,2019,41092
Průměrná jednotková kupní cena nemovitosti,7432,Celkem,0,Česko,CZ,Jihomoravský kraj,CZ064,,,Byty [Kč/m2],10602,2020,2020,46551
Průměrná jednotková kupní cena nemovitosti,7432,Celkem,0,Česko,CZ,Jihomoravský kraj,CZ064,,,Byty [Kč/m2],10602,2021,2021,56961
Průměrná jednotková kupní cena nemovitosti,7432,Celkem,0,Česko,CZ,Jihomoravský kraj,CZ064,,,Byty [Kč/m2],10602,2022,2022,67358
Průměrná jednotková kupní cena nemovitosti,7432,Celkem,0,Česko,CZ,Jihomoravský kraj,CZ064,,,Byty [Kč/m2],10602,2023,2023,65525
Průměrná jednotková kupní cena nemovitosti,7432,Celkem,0,Česko,CZ,Jihomoravský kraj,CZ064,,,Byty [Kč/m2],10602,2024,2024,72096
Průměrná jednotková kupní cena nemovitosti,7432,Celkem,0,Česko,CZ,Jihomoravský kraj,CZ064,,,Byty [Kč/m2],10602,2025,2025,81652
Průměrná jednotková kupní cena nemovitosti,7432,Celkem,0,Česko,CZ,Olomoucký kraj,CZ071,,,Rodinné domy [Kč/m2],10302,2019,2019,25538
Průměrná jednotková kupní cena nemovitosti,7432,Celkem,0,Česko,CZ,Olomoucký kraj,CZ071,,,Rodinné domy [Kč/m2],10302,2020,2020,27107
Průměrná jednotková kupní cena nemovitosti,7432,Celkem,0,Česko,CZ,Olomoucký kraj,CZ071,,,Rodinné domy [Kč/m2],10302,2021,2021,32519
Průměrná jednotková kupní cena nemovitosti,7432,Celkem,0,Česko,CZ,Olomoucký kraj,CZ071,,,Rodinné domy [Kč/m2],10302,2022,2022,38838
Průměrná jednotková kupní cena nemovitosti,7432,Celkem,0,Česko,CZ,Olomoucký kraj,CZ071,,,Rodinné domy [Kč/m2],10302,2023,2023,38247
Průměrná jednotková kupní cena nemovitosti,7432,Celkem,0,Česko,CZ,Olomoucký kraj,CZ071,,,Rodinné domy [Kč/m2],10302,2024,2024,39838
Průměrná jednotková kupní cena nemovitosti,7432,Celkem,0,Česko,CZ,Olomoucký kraj,CZ071,,,Rodinné domy [Kč/m2],10302,2025,2025,43630
Průměrná jednotková kupní cena nemovitosti,7432,Celkem,0,Česko,CZ,Olomoucký kraj,CZ071,,,Byty [Kč/m2],10602,2019,2019,27973
Průměrná jednotková kupní cena nemovitosti,7432,Celkem,0,Česko,CZ,Olomoucký kraj,CZ071,,,Byty [Kč/m2],10602,2020,2020,32158
Průměrná jednotková kupní cena nemovitosti,7432,Celkem,0,Česko,CZ,Olomoucký kraj,CZ071,,,Byty [Kč/m2],10602,2021,2021,39802
Průměrná jednotková kupní cena nemovitosti,7432,Celkem,0,Česko,CZ,Olomoucký kraj,CZ071,,,Byty [Kč/m2],10602,2022,2022,48746
Průměrná jednotková kupní cena nemovitosti,7432,Celkem,0,Česko,CZ,Olomoucký kraj,CZ071,,,Byty [Kč/m2],10602,2023,2023,45595
Průměrná jednotková kupní cena nemovitosti,7432,Celkem,0,Česko,CZ,Olomoucký kraj,CZ071,,,Byty [Kč/m2],10602,2024,2024,48559
Průměrná jednotková kupní cena nemovitosti,7432,Celkem,0,Česko,CZ,Olomoucký kraj,CZ071,,,Byty [Kč/m2],10602,2025,2025,56042
Průměrná jednotková kupní cena nemovitosti,7432,Celkem,0,Česko,CZ,Zlínský kraj,CZ072,,,Rodinné domy [Kč/m2],10302,2019,2019,24666
Průměrná jednotková kupní cena nemovitosti,7432,Celkem,0,Česko,CZ,Zlínský kraj,CZ072,,,Rodinné domy [Kč/m2],10302,2020,2020,28130
Průměrná jednotková kupní cena nemovitosti,7432,Celkem,0,Česko,CZ,Zlínský kraj,CZ072,,,Rodinné domy [Kč/m2],10302,2021,2021,31795
Průměrná jednotková kupní cena nemovitosti,7432,Celkem,0,Česko,CZ,Zlínský kraj,CZ072,,,Rodinné domy [Kč/m2],10302,2022,2022,39362
Průměrná jednotková kupní cena nemovitosti,7432,Celkem,0,Česko,CZ,Zlínský kraj,CZ072,,,Rodinné domy [Kč/m2],10302,2023,2023,37117
Průměrná jednotková kupní cena nemovitosti,7432,Celkem,0,Česko,CZ,Zlínský kraj,CZ072,,,Rodinné domy [Kč/m2],10302,2024,2024,41927
Průměrná jednotková kupní cena nemovitosti,7432,Celkem,0,Česko,CZ,Zlínský kraj,CZ072,,,Rodinné domy [Kč/m2],10302,2025,2025,44717
Průměrná jednotková kupní cena nemovitosti,7432,Celkem,0,Česko,CZ,Zlínský kraj,CZ072,,,Byty [Kč/m2],10602,2019,2019,28421
Průměrná jednotková kupní cena nemovitosti,7432,Celkem,0,Česko,CZ,Zlínský kraj,CZ072,,,Byty [Kč/m2],10602,2020,2020,30878
Průměrná jednotková kupní cena nemovitosti,7432,Celkem,0,Česko,CZ,Zlínský kraj,CZ072,,,Byty [Kč/m2],10602,2021,2021,39264
Průměrná jednotková kupní cena nemovitosti,7432,Celkem,0,Česko,CZ,Zlínský kraj,CZ072,,,Byty [Kč/m2],10602,2022,2022,47931
Průměrná jednotková kupní cena nemovitosti,7432,Celkem,0,Česko,CZ,Zlínský kraj,CZ072,,,Byty [Kč/m2],10602,2023,2023,45163
Průměrná jednotková kupní cena nemovitosti,7432,Celkem,0,Česko,CZ,Zlínský kraj,CZ072,,,Byty [Kč/m2],10602,2024,2024,48904
Průměrná jednotková kupní cena nemovitosti,7432,Celkem,0,Česko,CZ,Zlínský kraj,CZ072,,,Byty [Kč/m2],10602,2025,2025,56354
Průměrná jednotková kupní cena nemovitosti,7432,Celkem,0,Česko,CZ,Moravskoslezský kraj,CZ080,,,Rodinné domy [Kč/m2],10302,2019,2019,28521
Průměrná jednotková kupní cena nemovitosti,7432,Celkem,0,Česko,CZ,Moravskoslezský kraj,CZ080,,,Rodinné domy [Kč/m2],10302,2020,2020,30126
Průměrná jednotková kupní cena nemovitosti,7432,Celkem,0,Česko,CZ,Moravskoslezský kraj,CZ080,,,Rodinné domy [Kč/m2],10302,2021,2021,34984
Průměrná jednotková kupní cena nemovitosti,7432,Celkem,0,Česko,CZ,Moravskoslezský kraj,CZ080,,,Rodinné domy [Kč/m2],10302,2022,2022,41647
Průměrná jednotková kupní cena nemovitosti,7432,Celkem,0,Česko,CZ,Moravskoslezský kraj,CZ080,,,Rodinné domy [Kč/m2],10302,2023,2023,41197
Průměrná jednotková kupní cena nemovitosti,7432,Celkem,0,Česko,CZ,Moravskoslezský kraj,CZ080,,,Rodinné domy [Kč/m2],10302,2024,2024,43041
Průměrná jednotková kupní cena nemovitosti,7432,Celkem,0,Česko,CZ,Moravskoslezský kraj,CZ080,,,Rodinné domy [Kč/m2],10302,2025,2025,46496
Průměrná jednotková kupní cena nemovitosti,7432,Celkem,0,Česko,CZ,Moravskoslezský kraj,CZ080,,,Byty [Kč/m2],10602,2019,2019,23372
Průměrná jednotková kupní cena nemovitosti,7432,Celkem,0,Česko,CZ,Moravskoslezský kraj,CZ080,,,Byty [Kč/m2],10602,2020,2020,27131
Průměrná jednotková kupní cena nemovitosti,7432,Celkem,0,Česko,CZ,Moravskoslezský kraj,CZ080,,,Byty [Kč/m2],10602,2021,2021,35298
Průměrná jednotková kupní cena nemovitosti,7432,Celkem,0,Česko,CZ,Moravskoslezský kraj,CZ080,,,Byty [Kč/m2],10602,2022,2022,42389
Průměrná jednotková kupní cena nemovitosti,7432,Celkem,0,Česko,CZ,Moravskoslezský kraj,CZ080,,,Byty [Kč/m2],10602,2023,2023,38362
Průměrná jednotková kupní cena nemovitosti,7432,Celkem,0,Česko,CZ,Moravskoslezský kraj,CZ080,,,Byty [Kč/m2],10602,2024,2024,43083
Průměrná jednotková kupní cena nemovitosti,7432,Celkem,0,Česko,CZ,Moravskoslezský kraj,CZ080,,,Byty [Kč/m2],10602,2025,2025,51694
Průměrná jednotková kupní cena nemovitosti,7432,Celkem,0,Česko,CZ,Středočeský kraj,CZ020,Benešov,CZ0201,Rodinné domy [Kč/m2],10302,2019,2019,33086
Průměrná jednotková kupní cena nemovitosti,7432,Celkem,0,Česko,CZ,Středočeský kraj,CZ020,Benešov,CZ0201,Rodinné domy [Kč/m2],10302,2020,2020,35006
Průměrná jednotková kupní cena nemovitosti,7432,Celkem,0,Česko,CZ,Středočeský kraj,CZ020,Benešov,CZ0201,Rodinné domy [Kč/m2],10302,2021,2021,42116
Průměrná jednotková kupní cena nemovitosti,7432,Celkem,0,Česko,CZ,Středočeský kraj,CZ020,Benešov,CZ0201,Rodinné domy [Kč/m2],10302,2022,2022,50121
Průměrná jednotková kupní cena nemovitosti,7432,Celkem,0,Česko,CZ,Středočeský kraj,CZ020,Benešov,CZ0201,Rodinné domy [Kč/m2],10302,2023,2023,43268
Průměrná jednotková kupní cena nemovitosti,7432,Celkem,0,Česko,CZ,Středočeský kraj,CZ020,Benešov,CZ0201,Rodinné domy [Kč/m2],10302,2024,2024,52144
Průměrná jednotková kupní cena nemovitosti,7432,Celkem,0,Česko,CZ,Středočeský kraj,CZ020,Benešov,CZ0201,Rodinné domy [Kč/m2],10302,2025,2025,56708
Průměrná jednotková kupní cena nemovitosti,7432,Celkem,0,Česko,CZ,Středočeský kraj,CZ020,Benešov,CZ0201,Byty [Kč/m2],10602,2019,2019,28649
Průměrná jednotková kupní cena nemovitosti,7432,Celkem,0,Česko,CZ,Středočeský kraj,CZ020,Benešov,CZ0201,Byty [Kč/m2],10602,2020,2020,35967
Průměrná jednotková kupní cena nemovitosti,7432,Celkem,0,Česko,CZ,Středočeský kraj,CZ020,Benešov,CZ0201,Byty [Kč/m2],10602,2021,2021,44861
Průměrná jednotková kupní cena nemovitosti,7432,Celkem,0,Česko,CZ,Středočeský kraj,CZ020,Benešov,CZ0201,Byty [Kč/m2],10602,2022,2022,50362
Průměrná jednotková kupní cena nemovitosti,7432,Celkem,0,Česko,CZ,Středočeský kraj,CZ020,Benešov,CZ0201,Byty [Kč/m2],10602,2023,2023,49499
Průměrná jednotková kupní cena nemovitosti,7432,Celkem,0,Česko,CZ,Středočeský kraj,CZ020,Benešov,CZ0201,Byty [Kč/m2],10602,2024,2024,55392
Průměrná jednotková kupní cena nemovitosti,7432,Celkem,0,Česko,CZ,Středočeský kraj,CZ020,Benešov,CZ0201,Byty [Kč/m2],10602,2025,2025,61395
Průměrná jednotková kupní cena nemovitosti,7432,Celkem,0,Česko,CZ,Středočeský kraj,CZ020,Beroun,CZ0202,Rodinné domy [Kč/m2],10302,2019,2019,36014
Průměrná jednotková kupní cena nemovitosti,7432,Celkem,0,Česko,CZ,Středočeský kraj,CZ020,Beroun,CZ0202,Rodinné domy [Kč/m2],10302,2020,2020,43155
Průměrná jednotková kupní cena nemovitosti,7432,Celkem,0,Česko,CZ,Středočeský kraj,CZ020,Beroun,CZ0202,Rodinné domy [Kč/m2],10302,2021,2021,39834
Průměrná jednotková kupní cena nemovitosti,7432,Celkem,0,Česko,CZ,Středočeský kraj,CZ020,Beroun,CZ0202,Rodinné domy [Kč/m2],10302,2022,2022,46145
Průměrná jednotková kupní cena nemovitosti,7432,Celkem,0,Česko,CZ,Středočeský kraj,CZ020,Beroun,CZ0202,Rodinné domy [Kč/m2],10302,2023,2023,52179
Průměrná jednotková kupní cena nemovitosti,7432,Celkem,0,Česko,CZ,Středočeský kraj,CZ020,Beroun,CZ0202,Rodinné domy [Kč/m2],10302,2024,2024,51324
Průměrná jednotková kupní cena nemovitosti,7432,Celkem,0,Česko,CZ,Středočeský kraj,CZ020,Beroun,CZ0202,Rodinné domy [Kč/m2],10302,2025,2025,60634
Průměrná jednotková kupní cena nemovitosti,7432,Celkem,0,Česko,CZ,Středočeský kraj,CZ020,Beroun,CZ0202,Byty [Kč/m2],10602,2019,2019,32338
Průměrná jednotková kupní cena nemovitosti,7432,Celkem,0,Česko,CZ,Středočeský kraj,CZ020,Beroun,CZ0202,Byty [Kč/m2],10602,2020,2020,38181
Průměrná jednotková kupní cena nemovitosti,7432,Celkem,0,Česko,CZ,Středočeský kraj,CZ020,Beroun,CZ0202,Byty [Kč/m2],10602,2021,2021,44837
Průměrná jednotková kupní cena nemovitosti,7432,Celkem,0,Česko,CZ,Středočeský kraj,CZ020,Beroun,CZ0202,Byty [Kč/m2],10602,2022,2022,54374
Průměrná jednotková kupní cena nemovitosti,7432,Celkem,0,Česko,CZ,Středočeský kraj,CZ020,Beroun,CZ0202,Byty [Kč/m2],10602,2023,2023,53412
Průměrná jednotková kupní cena nemovitosti,7432,Celkem,0,Česko,CZ,Středočeský kraj,CZ020,Beroun,CZ0202,Byty [Kč/m2],10602,2024,2024,59939
Průměrná jednotková kupní cena nemovitosti,7432,Celkem,0,Česko,CZ,Středočeský kraj,CZ020,Beroun,CZ0202,Byty [Kč/m2],10602,2025,2025,66033
Průměrná jednotková kupní cena nemovitosti,7432,Celkem,0,Česko,CZ,Středočeský kraj,CZ020,Kladno,CZ0203,Rodinné domy [Kč/m2],10302,2019,2019,34993
Průměrná jednotková kupní cena nemovitosti,7432,Celkem,0,Česko,CZ,Středočeský kraj,CZ020,Kladno,CZ0203,Rodinné domy [Kč/m2],10302,2020,2020,41004
Průměrná jednotková kupní cena nemovitosti,7432,Celkem,0,Česko,CZ,Středočeský kraj,CZ020,Kladno,CZ0203,Rodinné domy [Kč/m2],10302,2021,2021,45682
Průměrná jednotková kupní cena nemovitosti,7432,Celkem,0,Česko,CZ,Středočeský kraj,CZ020,Kladno,CZ0203,Rodinné domy [Kč/m2],10302,2022,2022,53076
Průměrná jednotková kupní cena nemovitosti,7432,Celkem,0,Česko,CZ,Středočeský kraj,CZ020,Kladno,CZ0203,Rodinné domy [Kč/m2],10302,2023,2023,52323
Průměrná jednotková kupní cena nemovitosti,7432,Celkem,0,Česko,CZ,Středočeský kraj,CZ020,Kladno,CZ0203,Rodinné domy [Kč/m2],10302,2024,2024,59795
Průměrná jednotková kupní cena nemovitosti,7432,Celkem,0,Česko,CZ,Středočeský kraj,CZ020,Kladno,CZ0203,Rodinné domy [Kč/m2],10302,2025,2025,62209
Průměrná jednotková kupní cena nemovitosti,7432,Celkem,0,Česko,CZ,Středočeský kraj,CZ020,Kladno,CZ0203,Byty [Kč/m2],10602,2019,2019,37796
Průměrná jednotková kupní cena nemovitosti,7432,Celkem,0,Česko,CZ,Středočeský kraj,CZ020,Kladno,CZ0203,Byty [Kč/m2],10602,2020,2020,44436
Průměrná jednotková kupní cena nemovitosti,7432,Celkem,0,Česko,CZ,Středočeský kraj,CZ020,Kladno,CZ0203,Byty [Kč/m2],10602,2021,2021,55945
Průměrná jednotková kupní cena nemovitosti,7432,Celkem,0,Česko,CZ,Středočeský kraj,CZ020,Kladno,CZ0203,Byty [Kč/m2],10602,2022,2022,68067
Průměrná jednotková kupní cena nemovitosti,7432,Celkem,0,Česko,CZ,Středočeský kraj,CZ020,Kladno,CZ0203,Byty [Kč/m2],10602,2023,2023,59469
Průměrná jednotková kupní cena nemovitosti,7432,Celkem,0,Česko,CZ,Středočeský kraj,CZ020,Kladno,CZ0203,Byty [Kč/m2],10602,2024,2024,64707
Průměrná jednotková kupní cena nemovitosti,7432,Celkem,0,Česko,CZ,Středočeský kraj,CZ020,Kladno,CZ0203,Byty [Kč/m2],10602,2025,2025,71999
Průměrná jednotková kupní cena nemovitosti,7432,Celkem,0,Česko,CZ,Středočeský kraj,CZ020,Kolín,CZ0204,Rodinné domy [Kč/m2],10302,2019,2019,30355
Průměrná jednotková kupní cena nemovitosti,7432,Celkem,0,Česko,CZ,Středočeský kraj,CZ020,Kolín,CZ0204,Rodinné domy [Kč/m2],10302,2020,2020,35025
Průměrná jednotková kupní cena nemovitosti,7432,Celkem,0,Česko,CZ,Středočeský kraj,CZ020,Kolín,CZ0204,Rodinné domy [Kč/m2],10302,2021,2021,40185
Průměrná jednotková kupní cena nemovitosti,7432,Celkem,0,Česko,CZ,Středočeský kraj,CZ020,Kolín,CZ0204,Rodinné domy [Kč/m2],10302,2022,2022,45220
Průměrná jednotková kupní cena nemovitosti,7432,Celkem,0,Česko,CZ,Středočeský kraj,CZ020,Kolín,CZ0204,Rodinné domy [Kč/m2],10302,2023,2023,44894
Průměrná jednotková kupní cena nemovitosti,7432,Celkem,0,Česko,CZ,Středočeský kraj,CZ020,Kolín,CZ0204,Rodinné domy [Kč/m2],10302,2024,2024,47750
Průměrná jednotková kupní cena nemovitosti,7432,Celkem,0,Česko,CZ,Středočeský kraj,CZ020,Kolín,CZ0204,Rodinné domy [Kč/m2],10302,2025,2025,50361
Průměrná jednotková kupní cena nemovitosti,7432,Celkem,0,Česko,CZ,Středočeský kraj,CZ020,Kolín,CZ0204,Byty [Kč/m2],10602,2019,2019,27940
Průměrná jednotková kupní cena nemovitosti,7432,Celkem,0,Česko,CZ,Středočeský kraj,CZ020,Kolín,CZ0204,Byty [Kč/m2],10602,2020,2020,34670
Průměrná jednotková kupní cena nemovitosti,7432,Celkem,0,Česko,CZ,Středočeský kraj,CZ020,Kolín,CZ0204,Byty [Kč/m2],10602,2021,2021,42874
Průměrná jednotková kupní cena nemovitosti,7432,Celkem,0,Česko,CZ,Středočeský kraj,CZ020,Kolín,CZ0204,Byty [Kč/m2],10602,2022,2022,52636
Průměrná jednotková kupní cena nemovitosti,7432,Celkem,0,Česko,CZ,Středočeský kraj,CZ020,Kolín,CZ0204,Byty [Kč/m2],10602,2023,2023,52811
Průměrná jednotková kupní cena nemovitosti,7432,Celkem,0,Česko,CZ,Středočeský kraj,CZ020,Kolín,CZ0204,Byty [Kč/m2],10602,2024,2024,54926
Průměrná jednotková kupní cena nemovitosti,7432,Celkem,0,Česko,CZ,Středočeský kraj,CZ020,Kolín,CZ0204,Byty [Kč/m2],10602,2025,2025,62102
Průměrná jednotková kupní cena nemovitosti,7432,Celkem,0,Česko,CZ,Středočeský kraj,CZ020,Kutná Hora,CZ0205,Rodinné domy [Kč/m2],10302,2019,2019,29307
Průměrná jednotková kupní cena nemovitosti,7432,Celkem,0,Česko,CZ,Středočeský kraj,CZ020,Kutná Hora,CZ0205,Rodinné domy [Kč/m2],10302,2020,2020,33010
Průměrná jednotková kupní cena nemovitosti,7432,Celkem,0,Česko,CZ,Středočeský kraj,CZ020,Kutná Hora,CZ0205,Rodinné domy [Kč/m2],10302,2021,2021,39348
Průměrná jednotková kupní cena nemovitosti,7432,Celkem,0,Česko,CZ,Středočeský kraj,CZ020,Kutná Hora,CZ0205,Rodinné domy [Kč/m2],10302,2022,2022,38291
Průměrná jednotková kupní cena nemovitosti,7432,Celkem,0,Česko,CZ,Středočeský kraj,CZ020,Kutná Hora,CZ0205,Rodinné domy [Kč/m2],10302,2023,2023,51510
Průměrná jednotková kupní cena nemovitosti,7432,Celkem,0,Česko,CZ,Středočeský kraj,CZ020,Kutná Hora,CZ0205,Rodinné domy [Kč/m2],10302,2024,2024,51760
Průměrná jednotková kupní cena nemovitosti,7432,Celkem,0,Česko,CZ,Středočeský kraj,CZ020,Kutná Hora,CZ0205,Rodinné domy [Kč/m2],10302,2025,2025,54270
Průměrná jednotková kupní cena nemovitosti,7432,Celkem,0,Česko,CZ,Středočeský kraj,CZ020,Kutná Hora,CZ0205,Byty [Kč/m2],10602,2019,2019,25929
Průměrná jednotková kupní cena nemovitosti,7432,Celkem,0,Česko,CZ,Středočeský kraj,CZ020,Kutná Hora,CZ0205,Byty [Kč/m2],10602,2020,2020,30215
Průměrná jednotková kupní cena nemovitosti,7432,Celkem,0,Česko,CZ,Středočeský kraj,CZ020,Kutná Hora,CZ0205,Byty [Kč/m2],10602,2021,2021,39822
Průměrná jednotková kupní cena nemovitosti,7432,Celkem,0,Česko,CZ,Středočeský kraj,CZ020,Kutná Hora,CZ0205,Byty [Kč/m2],10602,2022,2022,48900
Průměrná jednotková kupní cena nemovitosti,7432,Celkem,0,Česko,CZ,Středočeský kraj,CZ020,Kutná Hora,CZ0205,Byty [Kč/m2],10602,2023,2023,45050
Průměrná jednotková kupní cena nemovitosti,7432,Celkem,0,Česko,CZ,Středočeský kraj,CZ020,Kutná Hora,CZ0205,Byty [Kč/m2],10602,2024,2024,49168
Průměrná jednotková kupní cena nemovitosti,7432,Celkem,0,Česko,CZ,Středočeský kraj,CZ020,Kutná Hora,CZ0205,Byty [Kč/m2],10602,2025,2025,55420
Průměrná jednotková kupní cena nemovitosti,7432,Celkem,0,Česko,CZ,Středočeský kraj,CZ020,Mělník,CZ0206,Rodinné domy [Kč/m2],10302,2019,2019,34023
Průměrná jednotková kupní cena nemovitosti,7432,Celkem,0,Česko,CZ,Středočeský kraj,CZ020,Mělník,CZ0206,Rodinné domy [Kč/m2],10302,2020,2020,36815
Průměrná jednotková kupní cena nemovitosti,7432,Celkem,0,Česko,CZ,Středočeský kraj,CZ020,Mělník,CZ0206,Rodinné domy [Kč/m2],10302,2021,2021,42162
Průměrná jednotková kupní cena nemovitosti,7432,Celkem,0,Česko,CZ,Středočeský kraj,CZ020,Mělník,CZ0206,Rodinné domy [Kč/m2],10302,2022,2022,48595
Průměrná jednotková kupní cena nemovitosti,7432,Celkem,0,Česko,CZ,Středočeský kraj,CZ020,Mělník,CZ0206,Rodinné domy [Kč/m2],10302,2023,2023,48921
Průměrná jednotková kupní cena nemovitosti,7432,Celkem,0,Česko,CZ,Středočeský kraj,CZ020,Mělník,CZ0206,Rodinné domy [Kč/m2],10302,2024,2024,55146
Průměrná jednotková kupní cena nemovitosti,7432,Celkem,0,Česko,CZ,Středočeský kraj,CZ020,Mělník,CZ0206,Rodinné domy [Kč/m2],10302,2025,2025,60198
Průměrná jednotková kupní cena nemovitosti,7432,Celkem,0,Česko,CZ,Středočeský kraj,CZ020,Mělník,CZ0206,Byty [Kč/m2],10602,2019,2019,32149
Průměrná jednotková kupní cena nemovitosti,7432,Celkem,0,Česko,CZ,Středočeský kraj,CZ020,Mělník,CZ0206,Byty [Kč/m2],10602,2020,2020,38299
Průměrná jednotková kupní cena nemovitosti,7432,Celkem,0,Česko,CZ,Středočeský kraj,CZ020,Mělník,CZ0206,Byty [Kč/m2],10602,2021,2021,45177
Průměrná jednotková kupní cena nemovitosti,7432,Celkem,0,Česko,CZ,Středočeský kraj,CZ020,Mělník,CZ0206,Byty [Kč/m2],10602,2022,2022,56151
Průměrná jednotková kupní cena nemovitosti,7432,Celkem,0,Česko,CZ,Středočeský kraj,CZ020,Mělník,CZ0206,Byty [Kč/m2],10602,2023,2023,53867
Průměrná jednotková kupní cena nemovitosti,7432,Celkem,0,Česko,CZ,Středočeský kraj,CZ020,Mělník,CZ0206,Byty [Kč/m2],10602,2024,2024,60562
Průměrná jednotková kupní cena nemovitosti,7432,Celkem,0,Česko,CZ,Středočeský kraj,CZ020,Mělník,CZ0206,Byty [Kč/m2],10602,2025,2025,67568
Průměrná jednotková kupní cena nemovitosti,7432,Celkem,0,Česko,CZ,Středočeský kraj,CZ020,Mladá Boleslav,CZ0207,Rodinné domy [Kč/m2],10302,2019,2019,34668
Průměrná jednotková kupní cena nemovitosti,7432,Celkem,0,Česko,CZ,Středočeský kraj,CZ020,Mladá Boleslav,CZ0207,Rodinné domy [Kč/m2],10302,2020,2020,38659
Průměrná jednotková kupní cena nemovitosti,7432,Celkem,0,Česko,CZ,Středočeský kraj,CZ020,Mladá Boleslav,CZ0207,Rodinné domy [Kč/m2],10302,2021,2021,40576
Průměrná jednotková kupní cena nemovitosti,7432,Celkem,0,Česko,CZ,Středočeský kraj,CZ020,Mladá Boleslav,CZ0207,Rodinné domy [Kč/m2],10302,2022,2022,46381
Průměrná jednotková kupní cena nemovitosti,7432,Celkem,0,Česko,CZ,Středočeský kraj,CZ020,Mladá Boleslav,CZ0207,Rodinné domy [Kč/m2],10302,2023,2023,47913
Průměrná jednotková kupní cena nemovitosti,7432,Celkem,0,Česko,CZ,Středočeský kraj,CZ020,Mladá Boleslav,CZ0207,Rodinné domy [Kč/m2],10302,2024,2024,51840
Průměrná jednotková kupní cena nemovitosti,7432,Celkem,0,Česko,CZ,Středočeský kraj,CZ020,Mladá Boleslav,CZ0207,Rodinné domy [Kč/m2],10302,2025,2025,61786
Průměrná jednotková kupní cena nemovitosti,7432,Celkem,0,Česko,CZ,Středočeský kraj,CZ020,Mladá Boleslav,CZ0207,Byty [Kč/m2],10602,2019,2019,28871
Průměrná jednotková kupní cena nemovitosti,7432,Celkem,0,Česko,CZ,Středočeský kraj,CZ020,Mladá Boleslav,CZ0207,Byty [Kč/m2],10602,2020,2020,36022
Průměrná jednotková kupní cena nemovitosti,7432,Celkem,0,Česko,CZ,Středočeský kraj,CZ020,Mladá Boleslav,CZ0207,Byty [Kč/m2],10602,2021,2021,47902
Průměrná jednotková kupní cena nemovitosti,7432,Celkem,0,Česko,CZ,Středočeský kraj,CZ020,Mladá Boleslav,CZ0207,Byty [Kč/m2],10602,2022,2022,56572
Průměrná jednotková kupní cena nemovitosti,7432,Celkem,0,Česko,CZ,Středočeský kraj,CZ020,Mladá Boleslav,CZ0207,Byty [Kč/m2],10602,2023,2023,51949
Průměrná jednotková kupní cena nemovitosti,7432,Celkem,0,Česko,CZ,Středočeský kraj,CZ020,Mladá Boleslav,CZ0207,Byty [Kč/m2],10602,2024,2024,55528
Průměrná jednotková kupní cena nemovitosti,7432,Celkem,0,Česko,CZ,Středočeský kraj,CZ020,Mladá Boleslav,CZ0207,Byty [Kč/m2],10602,2025,2025,63967
Průměrná jednotková kupní cena nemovitosti,7432,Celkem,0,Česko,CZ,Středočeský kraj,CZ020,Nymburk,CZ0208,Rodinné domy [Kč/m2],10302,2019,2019,28524
Průměrná jednotková kupní cena nemovitosti,7432,Celkem,0,Česko,CZ,Středočeský kraj,CZ020,Nymburk,CZ0208,Rodinné domy [Kč/m2],10302,2020,2020,30407
Průměrná jednotková kupní cena nemovitosti,7432,Celkem,0,Česko,CZ,Středočeský kraj,CZ020,Nymburk,CZ0208,Rodinné domy [Kč/m2],10302,2021,2021,39148
Průměrná jednotková kupní cena nemovitosti,7432,Celkem,0,Česko,CZ,Středočeský kraj,CZ020,Nymburk,CZ0208,Rodinné domy [Kč/m2],10302,2022,2022,44666
Průměrná jednotková kupní cena nemovitosti,7432,Celkem,0,Česko,CZ,Středočeský kraj,CZ020,Nymburk,CZ0208,Rodinné domy [Kč/m2],10302,2023,2023,44583
Průměrná jednotková kupní cena nemovitosti,7432,Celkem,0,Česko,CZ,Středočeský kraj,CZ020,Nymburk,CZ0208,Rodinné domy [Kč/m2],10302,2024,2024,48765
Průměrná jednotková kupní cena nemovitosti,7432,Celkem,0,Česko,CZ,Středočeský kraj,CZ020,Nymburk,CZ0208,Rodinné domy [Kč/m2],10302,2025,2025,52299
Průměrná jednotková kupní cena nemovitosti,7432,Celkem,0,Česko,CZ,Středočeský kraj,CZ020,Nymburk,CZ0208,Byty [Kč/m2],10602,2019,2019,31373
Průměrná jednotková kupní cena nemovitosti,7432,Celkem,0,Česko,CZ,Středočeský kraj,CZ020,Nymburk,CZ0208,Byty [Kč/m2],10602,2020,2020,35228
Průměrná jednotková kupní cena nemovitosti,7432,Celkem,0,Česko,CZ,Středočeský kraj,CZ020,Nymburk,CZ0208,Byty [Kč/m2],10602,2021,2021,43119
Průměrná jednotková kupní cena nemovitosti,7432,Celkem,0,Česko,CZ,Středočeský kraj,CZ020,Nymburk,CZ0208,Byty [Kč/m2],10602,2022,2022,51306
Průměrná jednotková kupní cena nemovitosti,7432,Celkem,0,Česko,CZ,Středočeský kraj,CZ020,Nymburk,CZ0208,Byty [Kč/m2],10602,2023,2023,48794
Průměrná jednotková kupní cena nemovitosti,7432,Celkem,0,Česko,CZ,Středočeský kraj,CZ020,Nymburk,CZ0208,Byty [Kč/m2],10602,2024,2024,58552
Průměrná jednotková kupní cena nemovitosti,7432,Celkem,0,Česko,CZ,Středočeský kraj,CZ020,Nymburk,CZ0208,Byty [Kč/m2],10602,2025,2025,63560
Průměrná jednotková kupní cena nemovitosti,7432,Celkem,0,Česko,CZ,Středočeský kraj,CZ020,Praha-východ,CZ0209,Rodinné domy [Kč/m2],10302,2019,2019,55763
Průměrná jednotková kupní cena nemovitosti,7432,Celkem,0,Česko,CZ,Středočeský kraj,CZ020,Praha-východ,CZ0209,Rodinné domy [Kč/m2],10302,2020,2020,64587
Průměrná jednotková kupní cena nemovitosti,7432,Celkem,0,Česko,CZ,Středočeský kraj,CZ020,Praha-východ,CZ0209,Rodinné domy [Kč/m2],10302,2021,2021,82717
Průměrná jednotková kupní cena nemovitosti,7432,Celkem,0,Česko,CZ,Středočeský kraj,CZ020,Praha-východ,CZ0209,Rodinné domy [Kč/m2],10302,2022,2022,96276
Průměrná jednotková kupní cena nemovitosti,7432,Celkem,0,Česko,CZ,Středočeský kraj,CZ020,Praha-východ,CZ0209,Rodinné domy [Kč/m2],10302,2023,2023,88141
Průměrná jednotková kupní cena nemovitosti,7432,Celkem,0,Česko,CZ,Středočeský kraj,CZ020,Praha-východ,CZ0209,Rodinné domy [Kč/m2],10302,2024,2024,91903
Průměrná jednotková kupní cena nemovitosti,7432,Celkem,0,Česko,CZ,Středočeský kraj,CZ020,Praha-východ,CZ0209,Rodinné domy [Kč/m2],10302,2025,2025,99613
Průměrná jednotková kupní cena nemovitosti,7432,Celkem,0,Česko,CZ,Středočeský kraj,CZ020,Praha-východ,CZ0209,Byty [Kč/m2],10602,2019,2019,31395
Průměrná jednotková kupní cena nemovitosti,7432,Celkem,0,Česko,CZ,Středočeský kraj,CZ020,Praha-východ,CZ0209,Byty [Kč/m2],10602,2020,2020,38838
Průměrná jednotková kupní cena nemovitosti,7432,Celkem,0,Česko,CZ,Středočeský kraj,CZ020,Praha-východ,CZ0209,Byty [Kč/m2],10602,2021,2021,51399
Průměrná jednotková kupní cena nemovitosti,7432,Celkem,0,Česko,CZ,Středočeský kraj,CZ020,Praha-východ,CZ0209,Byty [Kč/m2],10602,2022,2022,54602
Průměrná jednotková kupní cena nemovitosti,7432,Celkem,0,Česko,CZ,Středočeský kraj,CZ020,Praha-východ,CZ0209,Byty [Kč/m2],10602,2023,2023,55416
Průměrná jednotková kupní cena nemovitosti,7432,Celkem,0,Česko,CZ,Středočeský kraj,CZ020,Praha-východ,CZ0209,Byty [Kč/m2],10602,2024,2024,59386
Průměrná jednotková kupní cena nemovitosti,7432,Celkem,0,Česko,CZ,Středočeský kraj,CZ020,Praha-východ,CZ0209,Byty [Kč/m2],10602,2025,2025,69757
Průměrná jednotková kupní cena nemovitosti,7432,Celkem,0,Česko,CZ,Středočeský kraj,CZ020,Praha-západ,CZ020A,Rodinné domy [Kč/m2],10302,2019,2019,56992
Průměrná jednotková kupní cena nemovitosti,7432,Celkem,0,Česko,CZ,Středočeský kraj,CZ020,Praha-západ,CZ020A,Rodinné domy [Kč/m2],10302,2020,2020,63822
Průměrná jednotková kupní cena nemovitosti,7432,Celkem,0,Česko,CZ,Středočeský kraj,CZ020,Praha-západ,CZ020A,Rodinné domy [Kč/m2],10302,2021,2021,76225
Průměrná jednotková kupní cena nemovitosti,7432,Celkem,0,Česko,CZ,Středočeský kraj,CZ020,Praha-západ,CZ020A,Rodinné domy [Kč/m2],10302,2022,2022,95020
Průměrná jednotková kupní cena nemovitosti,7432,Celkem,0,Česko,CZ,Středočeský kraj,CZ020,Praha-západ,CZ020A,Rodinné domy [Kč/m2],10302,2023,2023,88980
Průměrná jednotková kupní cena nemovitosti,7432,Celkem,0,Česko,CZ,Středočeský kraj,CZ020,Praha-západ,CZ020A,Rodinné domy [Kč/m2],10302,2024,2024,90540
Průměrná jednotková kupní cena nemovitosti,7432,Celkem,0,Česko,CZ,Středočeský kraj,CZ020,Praha-západ,CZ020A,Rodinné domy [Kč/m2],10302,2025,2025,97500
Průměrná jednotková kupní cena nemovitosti,7432,Celkem,0,Česko,CZ,Středočeský kraj,CZ020,Praha-západ,CZ020A,Byty [Kč/m2],10602,2019,2019,31630
Průměrná jednotková kupní cena nemovitosti,7432,Celkem,0,Česko,CZ,Středočeský kraj,CZ020,Praha-západ,CZ020A,Byty [Kč/m2],10602,2020,2020,39639
Průměrná jednotková kupní cena nemovitosti,7432,Celkem,0,Česko,CZ,Středočeský kraj,CZ020,Praha-západ,CZ020A,Byty [Kč/m2],10602,2021,2021,46419
Průměrná jednotková kupní cena nemovitosti,7432,Celkem,0,Česko,CZ,Středočeský kraj,CZ020,Praha-západ,CZ020A,Byty [Kč/m2],10602,2022,2022,53379
Průměrná jednotková kupní cena nemovitosti,7432,Celkem,0,Česko,CZ,Středočeský kraj,CZ020,Praha-západ,CZ020A,Byty [Kč/m2],10602,2023,2023,51949
Průměrná jednotková kupní cena nemovitosti,7432,Celkem,0,Česko,CZ,Středočeský kraj,CZ020,Praha-západ,CZ020A,Byty [Kč/m2],10602,2024,2024,58160
Průměrná jednotková kupní cena nemovitosti,7432,Celkem,0,Česko,CZ,Středočeský kraj,CZ020,Praha-západ,CZ020A,Byty [Kč/m2],10602,2025,2025,70621
Průměrná jednotková kupní cena nemovitosti,7432,Celkem,0,Česko,CZ,Středočeský kraj,CZ020,Příbram,CZ020B,Rodinné domy [Kč/m2],10302,2019,2019,29090
Průměrná jednotková kupní cena nemovitosti,7432,Celkem,0,Česko,CZ,Středočeský kraj,CZ020,Příbram,CZ020B,Rodinné domy [Kč/m2],10302,2020,2020,32368
Průměrná jednotková kupní cena nemovitosti,7432,Celkem,0,Česko,CZ,Středočeský kraj,CZ020,Příbram,CZ020B,Rodinné domy [Kč/m2],10302,2021,2021,41104
Průměrná jednotková kupní cena nemovitosti,7432,Celkem,0,Česko,CZ,Středočeský kraj,CZ020,Příbram,CZ020B,Rodinné domy [Kč/m2],10302,2022,2022,43076
Průměrná jednotková kupní cena nemovitosti,7432,Celkem,0,Česko,CZ,Středočeský kraj,CZ020,Příbram,CZ020B,Rodinné domy [Kč/m2],10302,2023,2023,43805
Průměrná jednotková kupní cena nemovitosti,7432,Celkem,0,Česko,CZ,Středočeský kraj,CZ020,Příbram,CZ020B,Rodinné domy [Kč/m2],10302,2024,2024,46002
Průměrná jednotková kupní cena nemovitosti,7432,Celkem,0,Česko,CZ,Středočeský kraj,CZ020,Příbram,CZ020B,Rodinné domy [Kč/m2],10302,2025,2025,50119
Průměrná jednotková kupní cena nemovitosti,7432,Celkem,0,Česko,CZ,Středočeský kraj,CZ020,Příbram,CZ020B,Byty [Kč/m2],10602,2019,2019,28186
Průměrná jednotková kupní cena nemovitosti,7432,Celkem,0,Česko,CZ,Středočeský kraj,CZ020,Příbram,CZ020B,Byty [Kč/m2],10602,2020,2020,32921
Průměrná jednotková kupní cena nemovitosti,7432,Celkem,0,Česko,CZ,Středočeský kraj,CZ020,Příbram,CZ020B,Byty [Kč/m2],10602,2021,2021,42092
Průměrná jednotková kupní cena nemovitosti,7432,Celkem,0,Česko,CZ,Středočeský kraj,CZ020,Příbram,CZ020B,Byty [Kč/m2],10602,2022,2022,51795
Průměrná jednotková kupní cena nemovitosti,7432,Celkem,0,Česko,CZ,Středočeský kraj,CZ020,Příbram,CZ020B,Byty [Kč/m2],10602,2023,2023,47766
Průměrná jednotková kupní cena nemovitosti,7432,Celkem,0,Česko,CZ,Středočeský kraj,CZ020,Příbram,CZ020B,Byty [Kč/m2],10602,2024,2024,51719
Průměrná jednotková kupní cena nemovitosti,7432,Celkem,0,Česko,CZ,Středočeský kraj,CZ020,Příbram,CZ020B,Byty [Kč/m2],10602,2025,2025,58945
Průměrná jednotková kupní cena nemovitosti,7432,Celkem,0,Česko,CZ,Středočeský kraj,CZ020,Rakovník,CZ020C,Rodinné domy [Kč/m2],10302,2019,2019,26638
Průměrná jednotková kupní cena nemovitosti,7432,Celkem,0,Česko,CZ,Středočeský kraj,CZ020,Rakovník,CZ020C,Rodinné domy [Kč/m2],10302,2020,2020,31163
Průměrná jednotková kupní cena nemovitosti,7432,Celkem,0,Česko,CZ,Středočeský kraj,CZ020,Rakovník,CZ020C,Rodinné domy [Kč/m2],10302,2021,2021,38461
Průměrná jednotková kupní cena nemovitosti,7432,Celkem,0,Česko,CZ,Středočeský kraj,CZ020,Rakovník,CZ020C,Rodinné domy [Kč/m2],10302,2022,2022,41744
Průměrná jednotková kupní cena nemovitosti,7432,Celkem,0,Česko,CZ,Středočeský kraj,CZ020,Rakovník,CZ020C,Rodinné domy [Kč/m2],10302,2023,2023,41213
Průměrná jednotková kupní cena nemovitosti,7432,Celkem,0,Česko,CZ,Středočeský kraj,CZ020,Rakovník,CZ020C,Rodinné domy [Kč/m2],10302,2024,2024,47385
Průměrná jednotková kupní cena nemovitosti,7432,Celkem,0,Česko,CZ,Středočeský kraj,CZ020,Rakovník,CZ020C,Rodinné domy [Kč/m2],10302,2025,2025,43358
Průměrná jednotková kupní cena nemovitosti,7432,Celkem,0,Česko,CZ,Středočeský kraj,CZ020,Rakovník,CZ020C,Byty [Kč/m2],10602,2019,2019,28820
Průměrná jednotková kupní cena nemovitosti,7432,Celkem,0,Česko,CZ,Středočeský kraj,CZ020,Rakovník,CZ020C,Byty [Kč/m2],10602,2020,2020,29322
Průměrná jednotková kupní cena nemovitosti,7432,Celkem,0,Česko,CZ,Středočeský kraj,CZ020,Rakovník,CZ020C,Byty [Kč/m2],10602,2021,2021,39278
Průměrná jednotková kupní cena nemovitosti,7432,Celkem,0,Česko,CZ,Středočeský kraj,CZ020,Rakovník,CZ020C,Byty [Kč/m2],10602,2022,2022,43105
Průměrná jednotková kupní cena nemovitosti,7432,Celkem,0,Česko,CZ,Středočeský kraj,CZ020,Rakovník,CZ020C,Byty [Kč/m2],10602,2023,2023,47241
Průměrná jednotková kupní cena nemovitosti,7432,Celkem,0,Česko,CZ,Středočeský kraj,CZ020,Rakovník,CZ020C,Byty [Kč/m2],10602,2024,2024,46063
Průměrná jednotková kupní cena nemovitosti,7432,Celkem,0,Česko,CZ,Středočeský kraj,CZ020,Rakovník,CZ020C,Byty [Kč/m2],10602,2025,2025,50246
Průměrná jednotková kupní cena nemovitosti,7432,Celkem,0,Česko,CZ,Jihočeský kraj,CZ031,České Budějovice,CZ0311,Rodinné domy [Kč/m2],10302,2019,2019,35898
Průměrná jednotková kupní cena nemovitosti,7432,Celkem,0,Česko,CZ,Jihočeský kraj,CZ031,České Budějovice,CZ0311,Rodinné domy [Kč/m2],10302,2020,2020,38666
Průměrná jednotková kupní cena nemovitosti,7432,Celkem,0,Česko,CZ,Jihočeský kraj,CZ031,České Budějovice,CZ0311,Rodinné domy [Kč/m2],10302,2021,2021,46406
Průměrná jednotková kupní cena nemovitosti,7432,Celkem,0,Česko,CZ,Jihočeský kraj,CZ031,České Budějovice,CZ0311,Rodinné domy [Kč/m2],10302,2022,2022,57436
Průměrná jednotková kupní cena nemovitosti,7432,Celkem,0,Česko,CZ,Jihočeský kraj,CZ031,České Budějovice,CZ0311,Rodinné domy [Kč/m2],10302,2023,2023,53362
Průměrná jednotková kupní cena nemovitosti,7432,Celkem,0,Česko,CZ,Jihočeský kraj,CZ031,České Budějovice,CZ0311,Rodinné domy [Kč/m2],10302,2024,2024,55336
Průměrná jednotková kupní cena nemovitosti,7432,Celkem,0,Česko,CZ,Jihočeský kraj,CZ031,České Budějovice,CZ0311,Rodinné domy [Kč/m2],10302,2025,2025,57903
Průměrná jednotková kupní cena nemovitosti,7432,Celkem,0,Česko,CZ,Jihočeský kraj,CZ031,České Budějovice,CZ0311,Byty [Kč/m2],10602,2019,2019,34592
Průměrná jednotková kupní cena nemovitosti,7432,Celkem,0,Česko,CZ,Jihočeský kraj,CZ031,České Budějovice,CZ0311,Byty [Kč/m2],10602,2020,2020,40866
Průměrná jednotková kupní cena nemovitosti,7432,Celkem,0,Česko,CZ,Jihočeský kraj,CZ031,České Budějovice,CZ0311,Byty [Kč/m2],10602,2021,2021,50672
Průměrná jednotková kupní cena nemovitosti,7432,Celkem,0,Česko,CZ,Jihočeský kraj,CZ031,České Budějovice,CZ0311,Byty [Kč/m2],10602,2022,2022,58867
Průměrná jednotková kupní cena nemovitosti,7432,Celkem,0,Česko,CZ,Jihočeský kraj,CZ031,České Budějovice,CZ0311,Byty [Kč/m2],10602,2023,2023,53879
Průměrná jednotková kupní cena nemovitosti,7432,Celkem,0,Česko,CZ,Jihočeský kraj,CZ031,České Budějovice,CZ0311,Byty [Kč/m2],10602,2024,2024,59499
Průměrná jednotková kupní cena nemovitosti,7432,Celkem,0,Česko,CZ,Jihočeský kraj,CZ031,České Budějovice,CZ0311,Byty [Kč/m2],10602,2025,2025,69348
Průměrná jednotková kupní cena nemovitosti,7432,Celkem,0,Česko,CZ,Jihočeský kraj,CZ031,Český Krumlov,CZ0312,Rodinné domy [Kč/m2],10302,2019,2019,28417
Průměrná jednotková kupní cena nemovitosti,7432,Celkem,0,Česko,CZ,Jihočeský kraj,CZ031,Český Krumlov,CZ0312,Rodinné domy [Kč/m2],10302,2020,2020,30159
Průměrná jednotková kupní cena nemovitosti,7432,Celkem,0,Česko,CZ,Jihočeský kraj,CZ031,Český Krumlov,CZ0312,Rodinné domy [Kč/m2],10302,2021,2021,41795
Průměrná jednotková kupní cena nemovitosti,7432,Celkem,0,Česko,CZ,Jihočeský kraj,CZ031,Český Krumlov,CZ0312,Rodinné domy [Kč/m2],10302,2022,2022,41085
Průměrná jednotková kupní cena nemovitosti,7432,Celkem,0,Česko,CZ,Jihočeský kraj,CZ031,Český Krumlov,CZ0312,Rodinné domy [Kč/m2],10302,2023,2023,47101
Průměrná jednotková kupní cena nemovitosti,7432,Celkem,0,Česko,CZ,Jihočeský kraj,CZ031,Český Krumlov,CZ0312,Rodinné domy [Kč/m2],10302,2024,2024,48000
Průměrná jednotková kupní cena nemovitosti,7432,Celkem,0,Česko,CZ,Jihočeský kraj,CZ031,Český Krumlov,CZ0312,Rodinné domy [Kč/m2],10302,2025,2025,52267
Průměrná jednotková kupní cena nemovitosti,7432,Celkem,0,Česko,CZ,Jihočeský kraj,CZ031,Český Krumlov,CZ0312,Byty [Kč/m2],10602,2019,2019,23614
Průměrná jednotková kupní cena nemovitosti,7432,Celkem,0,Česko,CZ,Jihočeský kraj,CZ031,Český Krumlov,CZ0312,Byty [Kč/m2],10602,2020,2020,27177
Průměrná jednotková kupní cena nemovitosti,7432,Celkem,0,Česko,CZ,Jihočeský kraj,CZ031,Český Krumlov,CZ0312,Byty [Kč/m2],10602,2021,2021,35539
Průměrná jednotková kupní cena nemovitosti,7432,Celkem,0,Česko,CZ,Jihočeský kraj,CZ031,Český Krumlov,CZ0312,Byty [Kč/m2],10602,2022,2022,45859
Průměrná jednotková kupní cena nemovitosti,7432,Celkem,0,Česko,CZ,Jihočeský kraj,CZ031,Český Krumlov,CZ0312,Byty [Kč/m2],10602,2023,2023,41396
Průměrná jednotková kupní cena nemovitosti,7432,Celkem,0,Česko,CZ,Jihočeský kraj,CZ031,Český Krumlov,CZ0312,Byty [Kč/m2],10602,2024,2024,42566
Průměrná jednotková kupní cena nemovitosti,7432,Celkem,0,Česko,CZ,Jihočeský kraj,CZ031,Český Krumlov,CZ0312,Byty [Kč/m2],10602,2025,2025,51133
Průměrná jednotková kupní cena nemovitosti,7432,Celkem,0,Česko,CZ,Jihočeský kraj,CZ031,Jindřichův Hradec,CZ0313,Rodinné domy [Kč/m2],10302,2019,2019,25147
Průměrná jednotková kupní cena nemovitosti,7432,Celkem,0,Česko,CZ,Jihočeský kraj,CZ031,Jindřichův Hradec,CZ0313,Rodinné domy [Kč/m2],10302,2020,2020,29854
Průměrná jednotková kupní cena nemovitosti,7432,Celkem,0,Česko,CZ,Jihočeský kraj,CZ031,Jindřichův Hradec,CZ0313,Rodinné domy [Kč/m2],10302,2021,2021,36801
Průměrná jednotková kupní cena nemovitosti,7432,Celkem,0,Česko,CZ,Jihočeský kraj,CZ031,Jindřichův Hradec,CZ0313,Rodinné domy [Kč/m2],10302,2022,2022,44521
Průměrná jednotková kupní cena nemovitosti,7432,Celkem,0,Česko,CZ,Jihočeský kraj,CZ031,Jindřichův Hradec,CZ0313,Rodinné domy [Kč/m2],10302,2023,2023,38302
Průměrná jednotková kupní cena nemovitosti,7432,Celkem,0,Česko,CZ,Jihočeský kraj,CZ031,Jindřichův Hradec,CZ0313,Rodinné domy [Kč/m2],10302,2024,2024,42813
Průměrná jednotková kupní cena nemovitosti,7432,Celkem,0,Česko,CZ,Jihočeský kraj,CZ031,Jindřichův Hradec,CZ0313,Rodinné domy [Kč/m2],10302,2025,2025,43921
Průměrná jednotková kupní cena nemovitosti,7432,Celkem,0,Česko,CZ,Jihočeský kraj,CZ031,Jindřichův Hradec,CZ0313,Byty [Kč/m2],10602,2019,2019,21557
Průměrná jednotková kupní cena nemovitosti,7432,Celkem,0,Česko,CZ,Jihočeský kraj,CZ031,Jindřichův Hradec,CZ0313,Byty [Kč/m2],10602,2020,2020,27073
Průměrná jednotková kupní cena nemovitosti,7432,Celkem,0,Česko,CZ,Jihočeský kraj,CZ031,Jindřichův Hradec,CZ0313,Byty [Kč/m2],10602,2021,2021,35215
Průměrná jednotková kupní cena nemovitosti,7432,Celkem,0,Česko,CZ,Jihočeský kraj,CZ031,Jindřichův Hradec,CZ0313,Byty [Kč/m2],10602,2022,2022,44268
Průměrná jednotková kupní cena nemovitosti,7432,Celkem,0,Česko,CZ,Jihočeský kraj,CZ031,Jindřichův Hradec,CZ0313,Byty [Kč/m2],10602,2023,2023,39401
Průměrná jednotková kupní cena nemovitosti,7432,Celkem,0,Česko,CZ,Jihočeský kraj,CZ031,Jindřichův Hradec,CZ0313,Byty [Kč/m2],10602,2024,2024,43076
Průměrná jednotková kupní cena nemovitosti,7432,Celkem,0,Česko,CZ,Jihočeský kraj,CZ031,Jindřichův Hradec,CZ0313,Byty [Kč/m2],10602,2025,2025,45876
Průměrná jednotková kupní cena nemovitosti,7432,Celkem,0,Česko,CZ,Jihočeský kraj,CZ031,Písek,CZ0314,Rodinné domy [Kč/m2],10302,2019,2019,29225
Průměrná jednotková kupní cena nemovitosti,7432,Celkem,0,Česko,CZ,Jihočeský kraj,CZ031,Písek,CZ0314,Rodinné domy [Kč/m2],10302,2020,2020,27815
Průměrná jednotková kupní cena nemovitosti,7432,Celkem,0,Česko,CZ,Jihočeský kraj,CZ031,Písek,CZ0314,Rodinné domy [Kč/m2],10302,2021,2021,29531
Průměrná jednotková kupní cena nemovitosti,7432,Celkem,0,Česko,CZ,Jihočeský kraj,CZ031,Písek,CZ0314,Rodinné domy [Kč/m2],10302,2022,2022,40710
Průměrná jednotková kupní cena nemovitosti,7432,Celkem,0,Česko,CZ,Jihočeský kraj,CZ031,Písek,CZ0314,Rodinné domy [Kč/m2],10302,2023,2023,40988
Průměrná jednotková kupní cena nemovitosti,7432,Celkem,0,Česko,CZ,Jihočeský kraj,CZ031,Písek,CZ0314,Rodinné domy [Kč/m2],10302,2024,2024,49126
Průměrná jednotková kupní cena nemovitosti,7432,Celkem,0,Česko,CZ,Jihočeský kraj,CZ031,Písek,CZ0314,Rodinné domy [Kč/m2],10302,2025,2025,43222
Průměrná jednotková kupní cena nemovitosti,7432,Celkem,0,Česko,CZ,Jihočeský kraj,CZ031,Písek,CZ0314,Byty [Kč/m2],10602,2019,2019,22930
Průměrná jednotková kupní cena nemovitosti,7432,Celkem,0,Česko,CZ,Jihočeský kraj,CZ031,Písek,CZ0314,Byty [Kč/m2],10602,2020,2020,29591
Průměrná jednotková kupní cena nemovitosti,7432,Celkem,0,Česko,CZ,Jihočeský kraj,CZ031,Písek,CZ0314,Byty [Kč/m2],10602,2021,2021,36682
Průměrná jednotková kupní cena nemovitosti,7432,Celkem,0,Česko,CZ,Jihočeský kraj,CZ031,Písek,CZ0314,Byty [Kč/m2],10602,2022,2022,49989
Průměrná jednotková kupní cena nemovitosti,7432,Celkem,0,Česko,CZ,Jihočeský kraj,CZ031,Písek,CZ0314,Byty [Kč/m2],10602,2023,2023,42975
Průměrná jednotková kupní cena nemovitosti,7432,Celkem,0,Česko,CZ,Jihočeský kraj,CZ031,Písek,CZ0314,Byty [Kč/m2],10602,2024,2024,48047
Průměrná jednotková kupní cena nemovitosti,7432,Celkem,0,Česko,CZ,Jihočeský kraj,CZ031,Písek,CZ0314,Byty [Kč/m2],10602,2025,2025,52887
Průměrná jednotková kupní cena nemovitosti,7432,Celkem,0,Česko,CZ,Jihočeský kraj,CZ031,Prachatice,CZ0315,Rodinné domy [Kč/m2],10302,2019,2019,23403
Průměrná jednotková kupní cena nemovitosti,7432,Celkem,0,Česko,CZ,Jihočeský kraj,CZ031,Prachatice,CZ0315,Rodinné domy [Kč/m2],10302,2020,2020,29571
Průměrná jednotková kupní cena nemovitosti,7432,Celkem,0,Česko,CZ,Jihočeský kraj,CZ031,Prachatice,CZ0315,Rodinné domy [Kč/m2],10302,2021,2021,33644
Průměrná jednotková kupní cena nemovitosti,7432,Celkem,0,Česko,CZ,Jihočeský kraj,CZ031,Prachatice,CZ0315,Rodinné domy [Kč/m2],10302,2022,2022,47947
Průměrná jednotková kupní cena nemovitosti,7432,Celkem,0,Česko,CZ,Jihočeský kraj,CZ031,Prachatice,CZ0315,Rodinné domy [Kč/m2],10302,2023,2023,34261
Průměrná jednotková kupní cena nemovitosti,7432,Celkem,0,Česko,CZ,Jihočeský kraj,CZ031,Prachatice,CZ0315,Rodinné domy [Kč/m2],10302,2024,2024,46696
Průměrná jednotková kupní cena nemovitosti,7432,Celkem,0,Česko,CZ,Jihočeský kraj,CZ031,Prachatice,CZ0315,Rodinné domy [Kč/m2],10302,2025,2025,50374
Průměrná jednotková kupní cena nemovitosti,7432,Celkem,0,Česko,CZ,Jihočeský kraj,CZ031,Prachatice,CZ0315,Byty [Kč/m2],10602,2019,2019,17905
Průměrná jednotková kupní cena nemovitosti,7432,Celkem,0,Česko,CZ,Jihočeský kraj,CZ031,Prachatice,CZ0315,Byty [Kč/m2],10602,2020,2020,22537
Průměrná jednotková kupní cena nemovitosti,7432,Celkem,0,Česko,CZ,Jihočeský kraj,CZ031,Prachatice,CZ0315,Byty [Kč/m2],10602,2021,2021,32179
Průměrná jednotková kupní cena nemovitosti,7432,Celkem,0,Česko,CZ,Jihočeský kraj,CZ031,Prachatice,CZ0315,Byty [Kč/m2],10602,2022,2022,35163
Průměrná jednotková kupní cena nemovitosti,7432,Celkem,0,Česko,CZ,Jihočeský kraj,CZ031,Prachatice,CZ0315,Byty [Kč/m2],10602,2023,2023,37115
Průměrná jednotková kupní cena nemovitosti,7432,Celkem,0,Česko,CZ,Jihočeský kraj,CZ031,Prachatice,CZ0315,Byty [Kč/m2],10602,2024,2024,37746
Průměrná jednotková kupní cena nemovitosti,7432,Celkem,0,Česko,CZ,Jihočeský kraj,CZ031,Prachatice,CZ0315,Byty [Kč/m2],10602,2025,2025,44053
Průměrná jednotková kupní cena nemovitosti,7432,Celkem,0,Česko,CZ,Jihočeský kraj,CZ031,Strakonice,CZ0316,Rodinné domy [Kč/m2],10302,2019,2019,28293
Průměrná jednotková kupní cena nemovitosti,7432,Celkem,0,Česko,CZ,Jihočeský kraj,CZ031,Strakonice,CZ0316,Rodinné domy [Kč/m2],10302,2020,2020,30078
Průměrná jednotková kupní cena nemovitosti,7432,Celkem,0,Česko,CZ,Jihočeský kraj,CZ031,Strakonice,CZ0316,Rodinné domy [Kč/m2],10302,2021,2021,35142
Průměrná jednotková kupní cena nemovitosti,7432,Celkem,0,Česko,CZ,Jihočeský kraj,CZ031,Strakonice,CZ0316,Rodinné domy [Kč/m2],10302,2022,2022,41572
Průměrná jednotková kupní cena nemovitosti,7432,Celkem,0,Česko,CZ,Jihočeský kraj,CZ031,Strakonice,CZ0316,Rodinné domy [Kč/m2],10302,2023,2023,36961
Průměrná jednotková kupní cena nemovitosti,7432,Celkem,0,Česko,CZ,Jihočeský kraj,CZ031,Strakonice,CZ0316,Rodinné domy [Kč/m2],10302,2024,2024,49685
Průměrná jednotková kupní cena nemovitosti,7432,Celkem,0,Česko,CZ,Jihočeský kraj,CZ031,Strakonice,CZ0316,Rodinné domy [Kč/m2],10302,2025,2025,48670
Průměrná jednotková kupní cena nemovitosti,7432,Celkem,0,Česko,CZ,Jihočeský kraj,CZ031,Strakonice,CZ0316,Byty [Kč/m2],10602,2019,2019,22643
Průměrná jednotková kupní cena nemovitosti,7432,Celkem,0,Česko,CZ,Jihočeský kraj,CZ031,Strakonice,CZ0316,Byty [Kč/m2],10602,2020,2020,27750
Průměrná jednotková kupní cena nemovitosti,7432,Celkem,0,Česko,CZ,Jihočeský kraj,CZ031,Strakonice,CZ0316,Byty [Kč/m2],10602,2021,2021,36280
Průměrná jednotková kupní cena nemovitosti,7432,Celkem,0,Česko,CZ,Jihočeský kraj,CZ031,Strakonice,CZ0316,Byty [Kč/m2],10602,2022,2022,41972
Průměrná jednotková kupní cena nemovitosti,7432,Celkem,0,Česko,CZ,Jihočeský kraj,CZ031,Strakonice,CZ0316,Byty [Kč/m2],10602,2023,2023,40722
Průměrná jednotková kupní cena nemovitosti,7432,Celkem,0,Česko,CZ,Jihočeský kraj,CZ031,Strakonice,CZ0316,Byty [Kč/m2],10602,2024,2024,43493
Průměrná jednotková kupní cena nemovitosti,7432,Celkem,0,Česko,CZ,Jihočeský kraj,CZ031,Strakonice,CZ0316,Byty [Kč/m2],10602,2025,2025,48845
Průměrná jednotková kupní cena nemovitosti,7432,Celkem,0,Česko,CZ,Jihočeský kraj,CZ031,Tábor,CZ0317,Rodinné domy [Kč/m2],10302,2019,2019,25615
Průměrná jednotková kupní cena nemovitosti,7432,Celkem,0,Česko,CZ,Jihočeský kraj,CZ031,Tábor,CZ0317,Rodinné domy [Kč/m2],10302,2020,2020,32778
Průměrná jednotková kupní cena nemovitosti,7432,Celkem,0,Česko,CZ,Jihočeský kraj,CZ031,Tábor,CZ0317,Rodinné domy [Kč/m2],10302,2021,2021,35522
Průměrná jednotková kupní cena nemovitosti,7432,Celkem,0,Česko,CZ,Jihočeský kraj,CZ031,Tábor,CZ0317,Rodinné domy [Kč/m2],10302,2022,2022,43611
Průměrná jednotková kupní cena nemovitosti,7432,Celkem,0,Česko,CZ,Jihočeský kraj,CZ031,Tábor,CZ0317,Rodinné domy [Kč/m2],10302,2023,2023,45426
Průměrná jednotková kupní cena nemovitosti,7432,Celkem,0,Česko,CZ,Jihočeský kraj,CZ031,Tábor,CZ0317,Rodinné domy [Kč/m2],10302,2024,2024,43721
Průměrná jednotková kupní cena nemovitosti,7432,Celkem,0,Česko,CZ,Jihočeský kraj,CZ031,Tábor,CZ0317,Rodinné domy [Kč/m2],10302,2025,2025,52303
Průměrná jednotková kupní cena nemovitosti,7432,Celkem,0,Česko,CZ,Jihočeský kraj,CZ031,Tábor,CZ0317,Byty [Kč/m2],10602,2019,2019,24477
Průměrná jednotková kupní cena nemovitosti,7432,Celkem,0,Česko,CZ,Jihočeský kraj,CZ031,Tábor,CZ0317,Byty [Kč/m2],10602,2020,2020,29906
Průměrná jednotková kupní cena nemovitosti,7432,Celkem,0,Česko,CZ,Jihočeský kraj,CZ031,Tábor,CZ0317,Byty [Kč/m2],10602,2021,2021,36884
Průměrná jednotková kupní cena nemovitosti,7432,Celkem,0,Česko,CZ,Jihočeský kraj,CZ031,Tábor,CZ0317,Byty [Kč/m2],10602,2022,2022,46981
Průměrná jednotková kupní cena nemovitosti,7432,Celkem,0,Česko,CZ,Jihočeský kraj,CZ031,Tábor,CZ0317,Byty [Kč/m2],10602,2023,2023,41145
Průměrná jednotková kupní cena nemovitosti,7432,Celkem,0,Česko,CZ,Jihočeský kraj,CZ031,Tábor,CZ0317,Byty [Kč/m2],10602,2024,2024,41573
Průměrná jednotková kupní cena nemovitosti,7432,Celkem,0,Česko,CZ,Jihočeský kraj,CZ031,Tábor,CZ0317,Byty [Kč/m2],10602,2025,2025,53411
Průměrná jednotková kupní cena nemovitosti,7432,Celkem,0,Česko,CZ,Plzeňský kraj,CZ032,Domažlice,CZ0321,Rodinné domy [Kč/m2],10302,2019,2019,26860
Průměrná jednotková kupní cena nemovitosti,7432,Celkem,0,Česko,CZ,Plzeňský kraj,CZ032,Domažlice,CZ0321,Rodinné domy [Kč/m2],10302,2020,2020,24906
Průměrná jednotková kupní cena nemovitosti,7432,Celkem,0,Česko,CZ,Plzeňský kraj,CZ032,Domažlice,CZ0321,Rodinné domy [Kč/m2],10302,2021,2021,34020
Průměrná jednotková kupní cena nemovitosti,7432,Celkem,0,Česko,CZ,Plzeňský kraj,CZ032,Domažlice,CZ0321,Rodinné domy [Kč/m2],10302,2022,2022,38815
Průměrná jednotková kupní cena nemovitosti,7432,Celkem,0,Česko,CZ,Plzeňský kraj,CZ032,Domažlice,CZ0321,Rodinné domy [Kč/m2],10302,2023,2023,39139
Průměrná jednotková kupní cena nemovitosti,7432,Celkem,0,Česko,CZ,Plzeňský kraj,CZ032,Domažlice,CZ0321,Rodinné domy [Kč/m2],10302,2024,2024,38862
Průměrná jednotková kupní cena nemovitosti,7432,Celkem,0,Česko,CZ,Plzeňský kraj,CZ032,Domažlice,CZ0321,Rodinné domy [Kč/m2],10302,2025,2025,40760
Průměrná jednotková kupní cena nemovitosti,7432,Celkem,0,Česko,CZ,Plzeňský kraj,CZ032,Domažlice,CZ0321,Byty [Kč/m2],10602,2019,2019,24174
Průměrná jednotková kupní cena nemovitosti,7432,Celkem,0,Česko,CZ,Plzeňský kraj,CZ032,Domažlice,CZ0321,Byty [Kč/m2],10602,2020,2020,28721
Průměrná jednotková kupní cena nemovitosti,7432,Celkem,0,Česko,CZ,Plzeňský kraj,CZ032,Domažlice,CZ0321,Byty [Kč/m2],10602,2021,2021,30573
Průměrná jednotková kupní cena nemovitosti,7432,Celkem,0,Česko,CZ,Plzeňský kraj,CZ032,Domažlice,CZ0321,Byty [Kč/m2],10602,2022,2022,39267
Průměrná jednotková kupní cena nemovitosti,7432,Celkem,0,Česko,CZ,Plzeňský kraj,CZ032,Domažlice,CZ0321,Byty [Kč/m2],10602,2023,2023,36223
Průměrná jednotková kupní cena nemovitosti,7432,Celkem,0,Česko,CZ,Plzeňský kraj,CZ032,Domažlice,CZ0321,Byty [Kč/m2],10602,2024,2024,40261
Průměrná jednotková kupní cena nemovitosti,7432,Celkem,0,Česko,CZ,Plzeňský kraj,CZ032,Domažlice,CZ0321,Byty [Kč/m2],10602,2025,2025,39584
Průměrná jednotková kupní cena nemovitosti,7432,Celkem,0,Česko,CZ,Plzeňský kraj,CZ032,Klatovy,CZ0322,Rodinné domy [Kč/m2],10302,2019,2019,24009
Průměrná jednotková kupní cena nemovitosti,7432,Celkem,0,Česko,CZ,Plzeňský kraj,CZ032,Klatovy,CZ0322,Rodinné domy [Kč/m2],10302,2020,2020,29315
Průměrná jednotková kupní cena nemovitosti,7432,Celkem,0,Česko,CZ,Plzeňský kraj,CZ032,Klatovy,CZ0322,Rodinné domy [Kč/m2],10302,2021,2021,36723
Průměrná jednotková kupní cena nemovitosti,7432,Celkem,0,Česko,CZ,Plzeňský kraj,CZ032,Klatovy,CZ0322,Rodinné domy [Kč/m2],10302,2022,2022,39782
Průměrná jednotková kupní cena nemovitosti,7432,Celkem,0,Česko,CZ,Plzeňský kraj,CZ032,Klatovy,CZ0322,Rodinné domy [Kč/m2],10302,2023,2023,42230
Průměrná jednotková kupní cena nemovitosti,7432,Celkem,0,Česko,CZ,Plzeňský kraj,CZ032,Klatovy,CZ0322,Rodinné domy [Kč/m2],10302,2024,2024,38727
Průměrná jednotková kupní cena nemovitosti,7432,Celkem,0,Česko,CZ,Plzeňský kraj,CZ032,Klatovy,CZ0322,Rodinné domy [Kč/m2],10302,2025,2025,40876
Průměrná jednotková kupní cena nemovitosti,7432,Celkem,0,Česko,CZ,Plzeňský kraj,CZ032,Klatovy,CZ0322,Byty [Kč/m2],10602,2019,2019,22418
Průměrná jednotková kupní cena nemovitosti,7432,Celkem,0,Česko,CZ,Plzeňský kraj,CZ032,Klatovy,CZ0322,Byty [Kč/m2],10602,2020,2020,26019
Průměrná jednotková kupní cena nemovitosti,7432,Celkem,0,Česko,CZ,Plzeňský kraj,CZ032,Klatovy,CZ0322,Byty [Kč/m2],10602,2021,2021,36296
Průměrná jednotková kupní cena nemovitosti,7432,Celkem,0,Česko,CZ,Plzeňský kraj,CZ032,Klatovy,CZ0322,Byty [Kč/m2],10602,2022,2022,45012
Průměrná jednotková kupní cena nemovitosti,7432,Celkem,0,Česko,CZ,Plzeňský kraj,CZ032,Klatovy,CZ0322,Byty [Kč/m2],10602,2023,2023,42291
Průměrná jednotková kupní cena nemovitosti,7432,Celkem,0,Česko,CZ,Plzeňský kraj,CZ032,Klatovy,CZ0322,Byty [Kč/m2],10602,2024,2024,43739
Průměrná jednotková kupní cena nemovitosti,7432,Celkem,0,Česko,CZ,Plzeňský kraj,CZ032,Klatovy,CZ0322,Byty [Kč/m2],10602,2025,2025,50313
Průměrná jednotková kupní cena nemovitosti,7432,Celkem,0,Česko,CZ,Plzeňský kraj,CZ032,Plzeň-město,CZ0323,Rodinné domy [Kč/m2],10302,2019,2019,42972
Průměrná jednotková kupní cena nemovitosti,7432,Celkem,0,Česko,CZ,Plzeňský kraj,CZ032,Plzeň-město,CZ0323,Rodinné domy [Kč/m2],10302,2020,2020,46606
Průměrná jednotková kupní cena nemovitosti,7432,Celkem,0,Česko,CZ,Plzeňský kraj,CZ032,Plzeň-město,CZ0323,Rodinné domy [Kč/m2],10302,2021,2021,59169
Průměrná jednotková kupní cena nemovitosti,7432,Celkem,0,Česko,CZ,Plzeňský kraj,CZ032,Plzeň-město,CZ0323,Rodinné domy [Kč/m2],10302,2022,2022,69874
Průměrná jednotková kupní cena nemovitosti,7432,Celkem,0,Česko,CZ,Plzeňský kraj,CZ032,Plzeň-město,CZ0323,Rodinné domy [Kč/m2],10302,2023,2023,63422
Průměrná jednotková kupní cena nemovitosti,7432,Celkem,0,Česko,CZ,Plzeňský kraj,CZ032,Plzeň-město,CZ0323,Rodinné domy [Kč/m2],10302,2024,2024,62443
Průměrná jednotková kupní cena nemovitosti,7432,Celkem,0,Česko,CZ,Plzeňský kraj,CZ032,Plzeň-město,CZ0323,Rodinné domy [Kč/m2],10302,2025,2025,73018
Průměrná jednotková kupní cena nemovitosti,7432,Celkem,0,Česko,CZ,Plzeňský kraj,CZ032,Plzeň-město,CZ0323,Byty [Kč/m2],10602,2019,2019,38769
Průměrná jednotková kupní cena nemovitosti,7432,Celkem,0,Česko,CZ,Plzeňský kraj,CZ032,Plzeň-město,CZ0323,Byty [Kč/m2],10602,2020,2020,42676
Průměrná jednotková kupní cena nemovitosti,7432,Celkem,0,Česko,CZ,Plzeňský kraj,CZ032,Plzeň-město,CZ0323,Byty [Kč/m2],10602,2021,2021,52909
Průměrná jednotková kupní cena nemovitosti,7432,Celkem,0,Česko,CZ,Plzeňský kraj,CZ032,Plzeň-město,CZ0323,Byty [Kč/m2],10602,2022,2022,63216
Průměrná jednotková kupní cena nemovitosti,7432,Celkem,0,Česko,CZ,Plzeňský kraj,CZ032,Plzeň-město,CZ0323,Byty [Kč/m2],10602,2023,2023,56617
Průměrná jednotková kupní cena nemovitosti,7432,Celkem,0,Česko,CZ,Plzeňský kraj,CZ032,Plzeň-město,CZ0323,Byty [Kč/m2],10602,2024,2024,63756
Průměrná jednotková kupní cena nemovitosti,7432,Celkem,0,Česko,CZ,Plzeňský kraj,CZ032,Plzeň-město,CZ0323,Byty [Kč/m2],10602,2025,2025,73399
Průměrná jednotková kupní cena nemovitosti,7432,Celkem,0,Česko,CZ,Plzeňský kraj,CZ032,Plzeň-jih,CZ0324,Rodinné domy [Kč/m2],10302,2019,2019,25284
Průměrná jednotková kupní cena nemovitosti,7432,Celkem,0,Česko,CZ,Plzeňský kraj,CZ032,Plzeň-jih,CZ0324,Rodinné domy [Kč/m2],10302,2020,2020,28978
Průměrná jednotková kupní cena nemovitosti,7432,Celkem,0,Česko,CZ,Plzeňský kraj,CZ032,Plzeň-jih,CZ0324,Rodinné domy [Kč/m2],10302,2021,2021,33410
Průměrná jednotková kupní cena nemovitosti,7432,Celkem,0,Česko,CZ,Plzeňský kraj,CZ032,Plzeň-jih,CZ0324,Rodinné domy [Kč/m2],10302,2022,2022,39518
Průměrná jednotková kupní cena nemovitosti,7432,Celkem,0,Česko,CZ,Plzeňský kraj,CZ032,Plzeň-jih,CZ0324,Rodinné domy [Kč/m2],10302,2023,2023,41220
Průměrná jednotková kupní cena nemovitosti,7432,Celkem,0,Česko,CZ,Plzeňský kraj,CZ032,Plzeň-jih,CZ0324,Rodinné domy [Kč/m2],10302,2024,2024,42160
Průměrná jednotková kupní cena nemovitosti,7432,Celkem,0,Česko,CZ,Plzeňský kraj,CZ032,Plzeň-jih,CZ0324,Rodinné domy [Kč/m2],10302,2025,2025,45411
Průměrná jednotková kupní cena nemovitosti,7432,Celkem,0,Česko,CZ,Plzeňský kraj,CZ032,Plzeň-jih,CZ0324,Byty [Kč/m2],10602,2019,2019,23444
Průměrná jednotková kupní cena nemovitosti,7432,Celkem,0,Česko,CZ,Plzeňský kraj,CZ032,Plzeň-jih,CZ0324,Byty [Kč/m2],10602,2020,2020,24553
Průměrná jednotková kupní cena nemovitosti,7432,Celkem,0,Česko,CZ,Plzeňský kraj,CZ032,Plzeň-jih,CZ0324,Byty [Kč/m2],10602,2021,2021,34621
Průměrná jednotková kupní cena nemovitosti,7432,Celkem,0,Česko,CZ,Plzeňský kraj,CZ032,Plzeň-jih,CZ0324,Byty [Kč/m2],10602,2022,2022,42619
Průměrná jednotková kupní cena nemovitosti,7432,Celkem,0,Česko,CZ,Plzeňský kraj,CZ032,Plzeň-jih,CZ0324,Byty [Kč/m2],10602,2023,2023,39608
Průměrná jednotková kupní cena nemovitosti,7432,Celkem,0,Česko,CZ,Plzeňský kraj,CZ032,Plzeň-jih,CZ0324,Byty [Kč/m2],10602,2024,2024,44621
Průměrná jednotková kupní cena nemovitosti,7432,Celkem,0,Česko,CZ,Plzeňský kraj,CZ032,Plzeň-jih,CZ0324,Byty [Kč/m2],10602,2025,2025,51213
Průměrná jednotková kupní cena nemovitosti,7432,Celkem,0,Česko,CZ,Plzeňský kraj,CZ032,Plzeň-sever,CZ0325,Rodinné domy [Kč/m2],10302,2019,2019,29345
Průměrná jednotková kupní cena nemovitosti,7432,Celkem,0,Česko,CZ,Plzeňský kraj,CZ032,Plzeň-sever,CZ0325,Rodinné domy [Kč/m2],10302,2020,2020,31522
Průměrná jednotková kupní cena nemovitosti,7432,Celkem,0,Česko,CZ,Plzeňský kraj,CZ032,Plzeň-sever,CZ0325,Rodinné domy [Kč/m2],10302,2021,2021,39441
Průměrná jednotková kupní cena nemovitosti,7432,Celkem,0,Česko,CZ,Plzeňský kraj,CZ032,Plzeň-sever,CZ0325,Rodinné domy [Kč/m2],10302,2022,2022,43797
Průměrná jednotková kupní cena nemovitosti,7432,Celkem,0,Česko,CZ,Plzeňský kraj,CZ032,Plzeň-sever,CZ0325,Rodinné domy [Kč/m2],10302,2023,2023,41434
Průměrná jednotková kupní cena nemovitosti,7432,Celkem,0,Česko,CZ,Plzeňský kraj,CZ032,Plzeň-sever,CZ0325,Rodinné domy [Kč/m2],10302,2024,2024,44582
Průměrná jednotková kupní cena nemovitosti,7432,Celkem,0,Česko,CZ,Plzeňský kraj,CZ032,Plzeň-sever,CZ0325,Rodinné domy [Kč/m2],10302,2025,2025,53583
Průměrná jednotková kupní cena nemovitosti,7432,Celkem,0,Česko,CZ,Plzeňský kraj,CZ032,Plzeň-sever,CZ0325,Byty [Kč/m2],10602,2019,2019,25587
Průměrná jednotková kupní cena nemovitosti,7432,Celkem,0,Česko,CZ,Plzeňský kraj,CZ032,Plzeň-sever,CZ0325,Byty [Kč/m2],10602,2020,2020,30292
Průměrná jednotková kupní cena nemovitosti,7432,Celkem,0,Česko,CZ,Plzeňský kraj,CZ032,Plzeň-sever,CZ0325,Byty [Kč/m2],10602,2021,2021,38003
Průměrná jednotková kupní cena nemovitosti,7432,Celkem,0,Česko,CZ,Plzeňský kraj,CZ032,Plzeň-sever,CZ0325,Byty [Kč/m2],10602,2022,2022,44007
Průměrná jednotková kupní cena nemovitosti,7432,Celkem,0,Česko,CZ,Plzeňský kraj,CZ032,Plzeň-sever,CZ0325,Byty [Kč/m2],10602,2023,2023,41823
Průměrná jednotková kupní cena nemovitosti,7432,Celkem,0,Česko,CZ,Plzeňský kraj,CZ032,Plzeň-sever,CZ0325,Byty [Kč/m2],10602,2024,2024,46265
Průměrná jednotková kupní cena nemovitosti,7432,Celkem,0,Česko,CZ,Plzeňský kraj,CZ032,Plzeň-sever,CZ0325,Byty [Kč/m2],10602,2025,2025,52138
Průměrná jednotková kupní cena nemovitosti,7432,Celkem,0,Česko,CZ,Plzeňský kraj,CZ032,Rokycany,CZ0326,Rodinné domy [Kč/m2],10302,2019,2019,26963
Průměrná jednotková kupní cena nemovitosti,7432,Celkem,0,Česko,CZ,Plzeňský kraj,CZ032,Rokycany,CZ0326,Rodinné domy [Kč/m2],10302,2020,2020,30071
Průměrná jednotková kupní cena nemovitosti,7432,Celkem,0,Česko,CZ,Plzeňský kraj,CZ032,Rokycany,CZ0326,Rodinné domy [Kč/m2],10302,2021,2021,34141
Průměrná jednotková kupní cena nemovitosti,7432,Celkem,0,Česko,CZ,Plzeňský kraj,CZ032,Rokycany,CZ0326,Rodinné domy [Kč/m2],10302,2022,2022,37307
Průměrná jednotková kupní cena nemovitosti,7432,Celkem,0,Česko,CZ,Plzeňský kraj,CZ032,Rokycany,CZ0326,Rodinné domy [Kč/m2],10302,2023,2023,42198
Průměrná jednotková kupní cena nemovitosti,7432,Celkem,0,Česko,CZ,Plzeňský kraj,CZ032,Rokycany,CZ0326,Rodinné domy [Kč/m2],10302,2024,2024,42943
Průměrná jednotková kupní cena nemovitosti,7432,Celkem,0,Česko,CZ,Plzeňský kraj,CZ032,Rokycany,CZ0326,Rodinné domy [Kč/m2],10302,2025,2025,44264
Průměrná jednotková kupní cena nemovitosti,7432,Celkem,0,Česko,CZ,Plzeňský kraj,CZ032,Rokycany,CZ0326,Byty [Kč/m2],10602,2019,2019,27231
Průměrná jednotková kupní cena nemovitosti,7432,Celkem,0,Česko,CZ,Plzeňský kraj,CZ032,Rokycany,CZ0326,Byty [Kč/m2],10602,2020,2020,30574
Průměrná jednotková kupní cena nemovitosti,7432,Celkem,0,Česko,CZ,Plzeňský kraj,CZ032,Rokycany,CZ0326,Byty [Kč/m2],10602,2021,2021,38424
Průměrná jednotková kupní cena nemovitosti,7432,Celkem,0,Česko,CZ,Plzeňský kraj,CZ032,Rokycany,CZ0326,Byty [Kč/m2],10602,2022,2022,47083
Průměrná jednotková kupní cena nemovitosti,7432,Celkem,0,Česko,CZ,Plzeňský kraj,CZ032,Rokycany,CZ0326,Byty [Kč/m2],10602,2023,2023,44182
Průměrná jednotková kupní cena nemovitosti,7432,Celkem,0,Česko,CZ,Plzeňský kraj,CZ032,Rokycany,CZ0326,Byty [Kč/m2],10602,2024,2024,47617
Průměrná jednotková kupní cena nemovitosti,7432,Celkem,0,Česko,CZ,Plzeňský kraj,CZ032,Rokycany,CZ0326,Byty [Kč/m2],10602,2025,2025,53664
Průměrná jednotková kupní cena nemovitosti,7432,Celkem,0,Česko,CZ,Plzeňský kraj,CZ032,Tachov,CZ0327,Rodinné domy [Kč/m2],10302,2019,2019,28145
Průměrná jednotková kupní cena nemovitosti,7432,Celkem,0,Česko,CZ,Plzeňský kraj,CZ032,Tachov,CZ0327,Rodinné domy [Kč/m2],10302,2020,2020,26723
Průměrná jednotková kupní cena nemovitosti,7432,Celkem,0,Česko,CZ,Plzeňský kraj,CZ032,Tachov,CZ0327,Rodinné domy [Kč/m2],10302,2021,2021,34264
Průměrná jednotková kupní cena nemovitosti,7432,Celkem,0,Česko,CZ,Plzeňský kraj,CZ032,Tachov,CZ0327,Rodinné domy [Kč/m2],10302,2022,2022,40015
Průměrná jednotková kupní cena nemovitosti,7432,Celkem,0,Česko,CZ,Plzeňský kraj,CZ032,Tachov,CZ0327,Rodinné domy [Kč/m2],10302,2023,2023,38242
Průměrná jednotková kupní cena nemovitosti,7432,Celkem,0,Česko,CZ,Plzeňský kraj,CZ032,Tachov,CZ0327,Rodinné domy [Kč/m2],10302,2024,2024,42131
Průměrná jednotková kupní cena nemovitosti,7432,Celkem,0,Česko,CZ,Plzeňský kraj,CZ032,Tachov,CZ0327,Rodinné domy [Kč/m2],10302,2025,2025,45828
Průměrná jednotková kupní cena nemovitosti,7432,Celkem,0,Česko,CZ,Plzeňský kraj,CZ032,Tachov,CZ0327,Byty [Kč/m2],10602,2019,2019,22370
Průměrná jednotková kupní cena nemovitosti,7432,Celkem,0,Česko,CZ,Plzeňský kraj,CZ032,Tachov,CZ0327,Byty [Kč/m2],10602,2020,2020,25113
Průměrná jednotková kupní cena nemovitosti,7432,Celkem,0,Česko,CZ,Plzeňský kraj,CZ032,Tachov,CZ0327,Byty [Kč/m2],10602,2021,2021,30340
Průměrná jednotková kupní cena nemovitosti,7432,Celkem,0,Česko,CZ,Plzeňský kraj,CZ032,Tachov,CZ0327,Byty [Kč/m2],10602,2022,2022,37714
Průměrná jednotková kupní cena nemovitosti,7432,Celkem,0,Česko,CZ,Plzeňský kraj,CZ032,Tachov,CZ0327,Byty [Kč/m2],10602,2023,2023,37576
Průměrná jednotková kupní cena nemovitosti,7432,Celkem,0,Česko,CZ,Plzeňský kraj,CZ032,Tachov,CZ0327,Byty [Kč/m2],10602,2024,2024,38641
Průměrná jednotková kupní cena nemovitosti,7432,Celkem,0,Česko,CZ,Plzeňský kraj,CZ032,Tachov,CZ0327,Byty [Kč/m2],10602,2025,2025,45366
Průměrná jednotková kupní cena nemovitosti,7432,Celkem,0,Česko,CZ,Karlovarský kraj,CZ041,Cheb,CZ0411,Rodinné domy [Kč/m2],10302,2019,2019,26666
Průměrná jednotková kupní cena nemovitosti,7432,Celkem,0,Česko,CZ,Karlovarský kraj,CZ041,Cheb,CZ0411,Rodinné domy [Kč/m2],10302,2020,2020,28201
Průměrná jednotková kupní cena nemovitosti,7432,Celkem,0,Česko,CZ,Karlovarský kraj,CZ041,Cheb,CZ0411,Rodinné domy [Kč/m2],10302,2021,2021,28452
Průměrná jednotková kupní cena nemovitosti,7432,Celkem,0,Česko,CZ,Karlovarský kraj,CZ041,Cheb,CZ0411,Rodinné domy [Kč/m2],10302,2022,2022,36655
Průměrná jednotková kupní cena nemovitosti,7432,Celkem,0,Česko,CZ,Karlovarský kraj,CZ041,Cheb,CZ0411,Rodinné domy [Kč/m2],10302,2023,2023,34997
Průměrná jednotková kupní cena nemovitosti,7432,Celkem,0,Česko,CZ,Karlovarský kraj,CZ041,Cheb,CZ0411,Rodinné domy [Kč/m2],10302,2024,2024,36985
Průměrná jednotková kupní cena nemovitosti,7432,Celkem,0,Česko,CZ,Karlovarský kraj,CZ041,Cheb,CZ0411,Rodinné domy [Kč/m2],10302,2025,2025,41416
Průměrná jednotková kupní cena nemovitosti,7432,Celkem,0,Česko,CZ,Karlovarský kraj,CZ041,Cheb,CZ0411,Byty [Kč/m2],10602,2019,2019,21792
Průměrná jednotková kupní cena nemovitosti,7432,Celkem,0,Česko,CZ,Karlovarský kraj,CZ041,Cheb,CZ0411,Byty [Kč/m2],10602,2020,2020,23895
Průměrná jednotková kupní cena nemovitosti,7432,Celkem,0,Česko,CZ,Karlovarský kraj,CZ041,Cheb,CZ0411,Byty [Kč/m2],10602,2021,2021,29612
Průměrná jednotková kupní cena nemovitosti,7432,Celkem,0,Česko,CZ,Karlovarský kraj,CZ041,Cheb,CZ0411,Byty [Kč/m2],10602,2022,2022,35668
Průměrná jednotková kupní cena nemovitosti,7432,Celkem,0,Česko,CZ,Karlovarský kraj,CZ041,Cheb,CZ0411,Byty [Kč/m2],10602,2023,2023,33425
Průměrná jednotková kupní cena nemovitosti,7432,Celkem,0,Česko,CZ,Karlovarský kraj,CZ041,Cheb,CZ0411,Byty [Kč/m2],10602,2024,2024,35043
Průměrná jednotková kupní cena nemovitosti,7432,Celkem,0,Česko,CZ,Karlovarský kraj,CZ041,Cheb,CZ0411,Byty [Kč/m2],10602,2025,2025,42437
Průměrná jednotková kupní cena nemovitosti,7432,Celkem,0,Česko,CZ,Karlovarský kraj,CZ041,Karlovy Vary,CZ0412,Rodinné domy [Kč/m2],10302,2019,2019,27472
Průměrná jednotková kupní cena nemovitosti,7432,Celkem,0,Česko,CZ,Karlovarský kraj,CZ041,Karlovy Vary,CZ0412,Rodinné domy [Kč/m2],10302,2020,2020,32215
Průměrná jednotková kupní cena nemovitosti,7432,Celkem,0,Česko,CZ,Karlovarský kraj,CZ041,Karlovy Vary,CZ0412,Rodinné domy [Kč/m2],10302,2021,2021,36743
Průměrná jednotková kupní cena nemovitosti,7432,Celkem,0,Česko,CZ,Karlovarský kraj,CZ041,Karlovy Vary,CZ0412,Rodinné domy [Kč/m2],10302,2022,2022,45539
Průměrná jednotková kupní cena nemovitosti,7432,Celkem,0,Česko,CZ,Karlovarský kraj,CZ041,Karlovy Vary,CZ0412,Rodinné domy [Kč/m2],10302,2023,2023,41288
Průměrná jednotková kupní cena nemovitosti,7432,Celkem,0,Česko,CZ,Karlovarský kraj,CZ041,Karlovy Vary,CZ0412,Rodinné domy [Kč/m2],10302,2024,2024,49219
Průměrná jednotková kupní cena nemovitosti,7432,Celkem,0,Česko,CZ,Karlovarský kraj,CZ041,Karlovy Vary,CZ0412,Rodinné domy [Kč/m2],10302,2025,2025,46179
Průměrná jednotková kupní cena nemovitosti,7432,Celkem,0,Česko,CZ,Karlovarský kraj,CZ041,Karlovy Vary,CZ0412,Byty [Kč/m2],10602,2019,2019,22642
Průměrná jednotková kupní cena nemovitosti,7432,Celkem,0,Česko,CZ,Karlovarský kraj,CZ041,Karlovy Vary,CZ0412,Byty [Kč/m2],10602,2020,2020,25816
Průměrná jednotková kupní cena nemovitosti,7432,Celkem,0,Česko,CZ,Karlovarský kraj,CZ041,Karlovy Vary,CZ0412,Byty [Kč/m2],10602,2021,2021,32946
Průměrná jednotková kupní cena nemovitosti,7432,Celkem,0,Česko,CZ,Karlovarský kraj,CZ041,Karlovy Vary,CZ0412,Byty [Kč/m2],10602,2022,2022,40512
Průměrná jednotková kupní cena nemovitosti,7432,Celkem,0,Česko,CZ,Karlovarský kraj,CZ041,Karlovy Vary,CZ0412,Byty [Kč/m2],10602,2023,2023,37544
Průměrná jednotková kupní cena nemovitosti,7432,Celkem,0,Česko,CZ,Karlovarský kraj,CZ041,Karlovy Vary,CZ0412,Byty [Kč/m2],10602,2024,2024,41227
Průměrná jednotková kupní cena nemovitosti,7432,Celkem,0,Česko,CZ,Karlovarský kraj,CZ041,Karlovy Vary,CZ0412,Byty [Kč/m2],10602,2025,2025,46516
Průměrná jednotková kupní cena nemovitosti,7432,Celkem,0,Česko,CZ,Karlovarský kraj,CZ041,Sokolov,CZ0413,Rodinné domy [Kč/m2],10302,2019,2019,21422
Průměrná jednotková kupní cena nemovitosti,7432,Celkem,0,Česko,CZ,Karlovarský kraj,CZ041,Sokolov,CZ0413,Rodinné domy [Kč/m2],10302,2020,2020,25953
Průměrná jednotková kupní cena nemovitosti,7432,Celkem,0,Česko,CZ,Karlovarský kraj,CZ041,Sokolov,CZ0413,Rodinné domy [Kč/m2],10302,2021,2021,32228
Průměrná jednotková kupní cena nemovitosti,7432,Celkem,0,Česko,CZ,Karlovarský kraj,CZ041,Sokolov,CZ0413,Rodinné domy [Kč/m2],10302,2022,2022,35051
Průměrná jednotková kupní cena nemovitosti,7432,Celkem,0,Česko,CZ,Karlovarský kraj,CZ041,Sokolov,CZ0413,Rodinné domy [Kč/m2],10302,2023,2023,34964
Průměrná jednotková kupní cena nemovitosti,7432,Celkem,0,Česko,CZ,Karlovarský kraj,CZ041,Sokolov,CZ0413,Rodinné domy [Kč/m2],10302,2024,2024,36488
Průměrná jednotková kupní cena nemovitosti,7432,Celkem,0,Česko,CZ,Karlovarský kraj,CZ041,Sokolov,CZ0413,Rodinné domy [Kč/m2],10302,2025,2025,41803
Průměrná jednotková kupní cena nemovitosti,7432,Celkem,0,Česko,CZ,Karlovarský kraj,CZ041,Sokolov,CZ0413,Byty [Kč/m2],10602,2019,2019,16554
Průměrná jednotková kupní cena nemovitosti,7432,Celkem,0,Česko,CZ,Karlovarský kraj,CZ041,Sokolov,CZ0413,Byty [Kč/m2],10602,2020,2020,17647
Průměrná jednotková kupní cena nemovitosti,7432,Celkem,0,Česko,CZ,Karlovarský kraj,CZ041,Sokolov,CZ0413,Byty [Kč/m2],10602,2021,2021,22322
Průměrná jednotková kupní cena nemovitosti,7432,Celkem,0,Česko,CZ,Karlovarský kraj,CZ041,Sokolov,CZ0413,Byty [Kč/m2],10602,2022,2022,28492
Průměrná jednotková kupní cena nemovitosti,7432,Celkem,0,Česko,CZ,Karlovarský kraj,CZ041,Sokolov,CZ0413,Byty [Kč/m2],10602,2023,2023,26110
Průměrná jednotková kupní cena nemovitosti,7432,Celkem,0,Česko,CZ,Karlovarský kraj,CZ041,Sokolov,CZ0413,Byty [Kč/m2],10602,2024,2024,28592
Průměrná jednotková kupní cena nemovitosti,7432,Celkem,0,Česko,CZ,Karlovarský kraj,CZ041,Sokolov,CZ0413,Byty [Kč/m2],10602,2025,2025,33203
Průměrná jednotková kupní cena nemovitosti,7432,Celkem,0,Česko,CZ,Ústecký kraj,CZ042,Děčín,CZ0421,Rodinné domy [Kč/m2],10302,2019,2019,23444
Průměrná jednotková kupní cena nemovitosti,7432,Celkem,0,Česko,CZ,Ústecký kraj,CZ042,Děčín,CZ0421,Rodinné domy [Kč/m2],10302,2020,2020,26182
Průměrná jednotková kupní cena nemovitosti,7432,Celkem,0,Česko,CZ,Ústecký kraj,CZ042,Děčín,CZ0421,Rodinné domy [Kč/m2],10302,2021,2021,30544
Průměrná jednotková kupní cena nemovitosti,7432,Celkem,0,Česko,CZ,Ústecký kraj,CZ042,Děčín,CZ0421,Rodinné domy [Kč/m2],10302,2022,2022,35316
Průměrná jednotková kupní cena nemovitosti,7432,Celkem,0,Česko,CZ,Ústecký kraj,CZ042,Děčín,CZ0421,Rodinné domy [Kč/m2],10302,2023,2023,35366
Průměrná jednotková kupní cena nemovitosti,7432,Celkem,0,Česko,CZ,Ústecký kraj,CZ042,Děčín,CZ0421,Rodinné domy [Kč/m2],10302,2024,2024,38148
Průměrná jednotková kupní cena nemovitosti,7432,Celkem,0,Česko,CZ,Ústecký kraj,CZ042,Děčín,CZ0421,Rodinné domy [Kč/m2],10302,2025,2025,38351
Průměrná jednotková kupní cena nemovitosti,7432,Celkem,0,Česko,CZ,Ústecký kraj,CZ042,Děčín,CZ0421,Byty [Kč/m2],10602,2019,2019,18427
Průměrná jednotková kupní cena nemovitosti,7432,Celkem,0,Česko,CZ,Ústecký kraj,CZ042,Děčín,CZ0421,Byty [Kč/m2],10602,2020,2020,21235
Průměrná jednotková kupní cena nemovitosti,7432,Celkem,0,Česko,CZ,Ústecký kraj,CZ042,Děčín,CZ0421,Byty [Kč/m2],10602,2021,2021,28328
Průměrná jednotková kupní cena nemovitosti,7432,Celkem,0,Česko,CZ,Ústecký kraj,CZ042,Děčín,CZ0421,Byty [Kč/m2],10602,2022,2022,34690
Průměrná jednotková kupní cena nemovitosti,7432,Celkem,0,Česko,CZ,Ústecký kraj,CZ042,Děčín,CZ0421,Byty [Kč/m2],10602,2023,2023,32724
Průměrná jednotková kupní cena nemovitosti,7432,Celkem,0,Česko,CZ,Ústecký kraj,CZ042,Děčín,CZ0421,Byty [Kč/m2],10602,2024,2024,34723
Průměrná jednotková kupní cena nemovitosti,7432,Celkem,0,Česko,CZ,Ústecký kraj,CZ042,Děčín,CZ0421,Byty [Kč/m2],10602,2025,2025,38150
Průměrná jednotková kupní cena nemovitosti,7432,Celkem,0,Česko,CZ,Ústecký kraj,CZ042,Chomutov,CZ0422,Rodinné domy [Kč/m2],10302,2019,2019,25107
Průměrná jednotková kupní cena nemovitosti,7432,Celkem,0,Česko,CZ,Ústecký kraj,CZ042,Chomutov,CZ0422,Rodinné domy [Kč/m2],10302,2020,2020,28689
Průměrná jednotková kupní cena nemovitosti,7432,Celkem,0,Česko,CZ,Ústecký kraj,CZ042,Chomutov,CZ0422,Rodinné domy [Kč/m2],10302,2021,2021,33693
Průměrná jednotková kupní cena nemovitosti,7432,Celkem,0,Česko,CZ,Ústecký kraj,CZ042,Chomutov,CZ0422,Rodinné domy [Kč/m2],10302,2022,2022,40709
Průměrná jednotková kupní cena nemovitosti,7432,Celkem,0,Česko,CZ,Ústecký kraj,CZ042,Chomutov,CZ0422,Rodinné domy [Kč/m2],10302,2023,2023,40632
Průměrná jednotková kupní cena nemovitosti,7432,Celkem,0,Česko,CZ,Ústecký kraj,CZ042,Chomutov,CZ0422,Rodinné domy [Kč/m2],10302,2024,2024,39549
Průměrná jednotková kupní cena nemovitosti,7432,Celkem,0,Česko,CZ,Ústecký kraj,CZ042,Chomutov,CZ0422,Rodinné domy [Kč/m2],10302,2025,2025,48435
Průměrná jednotková kupní cena nemovitosti,7432,Celkem,0,Česko,CZ,Ústecký kraj,CZ042,Chomutov,CZ0422,Byty [Kč/m2],10602,2019,2019,16246
Průměrná jednotková kupní cena nemovitosti,7432,Celkem,0,Česko,CZ,Ústecký kraj,CZ042,Chomutov,CZ0422,Byty [Kč/m2],10602,2020,2020,19559
Průměrná jednotková kupní cena nemovitosti,7432,Celkem,0,Česko,CZ,Ústecký kraj,CZ042,Chomutov,CZ0422,Byty [Kč/m2],10602,2021,2021,25195
Průměrná jednotková kupní cena nemovitosti,7432,Celkem,0,Česko,CZ,Ústecký kraj,CZ042,Chomutov,CZ0422,Byty [Kč/m2],10602,2022,2022,29414
Průměrná jednotková kupní cena nemovitosti,7432,Celkem,0,Česko,CZ,Ústecký kraj,CZ042,Chomutov,CZ0422,Byty [Kč/m2],10602,2023,2023,28170
Průměrná jednotková kupní cena nemovitosti,7432,Celkem,0,Česko,CZ,Ústecký kraj,CZ042,Chomutov,CZ0422,Byty [Kč/m2],10602,2024,2024,30408
Průměrná jednotková kupní cena nemovitosti,7432,Celkem,0,Česko,CZ,Ústecký kraj,CZ042,Chomutov,CZ0422,Byty [Kč/m2],10602,2025,2025,36561
Průměrná jednotková kupní cena nemovitosti,7432,Celkem,0,Česko,CZ,Ústecký kraj,CZ042,Litoměřice,CZ0423,Rodinné domy [Kč/m2],10302,2019,2019,22479
Průměrná jednotková kupní cena nemovitosti,7432,Celkem,0,Česko,CZ,Ústecký kraj,CZ042,Litoměřice,CZ0423,Rodinné domy [Kč/m2],10302,2020,2020,26040
Průměrná jednotková kupní cena nemovitosti,7432,Celkem,0,Česko,CZ,Ústecký kraj,CZ042,Litoměřice,CZ0423,Rodinné domy [Kč/m2],10302,2021,2021,33211
Průměrná jednotková kupní cena nemovitosti,7432,Celkem,0,Česko,CZ,Ústecký kraj,CZ042,Litoměřice,CZ0423,Rodinné domy [Kč/m2],10302,2022,2022,38430
Průměrná jednotková kupní cena nemovitosti,7432,Celkem,0,Česko,CZ,Ústecký kraj,CZ042,Litoměřice,CZ0423,Rodinné domy [Kč/m2],10302,2023,2023,35682
Průměrná jednotková kupní cena nemovitosti,7432,Celkem,0,Česko,CZ,Ústecký kraj,CZ042,Litoměřice,CZ0423,Rodinné domy [Kč/m2],10302,2024,2024,40934
Průměrná jednotková kupní cena nemovitosti,7432,Celkem,0,Česko,CZ,Ústecký kraj,CZ042,Litoměřice,CZ0423,Rodinné domy [Kč/m2],10302,2025,2025,46367
Průměrná jednotková kupní cena nemovitosti,7432,Celkem,0,Česko,CZ,Ústecký kraj,CZ042,Litoměřice,CZ0423,Byty [Kč/m2],10602,2019,2019,24073
Průměrná jednotková kupní cena nemovitosti,7432,Celkem,0,Česko,CZ,Ústecký kraj,CZ042,Litoměřice,CZ0423,Byty [Kč/m2],10602,2020,2020,28838
Průměrná jednotková kupní cena nemovitosti,7432,Celkem,0,Česko,CZ,Ústecký kraj,CZ042,Litoměřice,CZ0423,Byty [Kč/m2],10602,2021,2021,38319
Průměrná jednotková kupní cena nemovitosti,7432,Celkem,0,Česko,CZ,Ústecký kraj,CZ042,Litoměřice,CZ0423,Byty [Kč/m2],10602,2022,2022,45715
Průměrná jednotková kupní cena nemovitosti,7432,Celkem,0,Česko,CZ,Ústecký kraj,CZ042,Litoměřice,CZ0423,Byty [Kč/m2],10602,2023,2023,43615
Průměrná jednotková kupní cena nemovitosti,7432,Celkem,0,Česko,CZ,Ústecký kraj,CZ042,Litoměřice,CZ0423,Byty [Kč/m2],10602,2024,2024,46254
Průměrná jednotková kupní cena nemovitosti,7432,Celkem,0,Česko,CZ,Ústecký kraj,CZ042,Litoměřice,CZ0423,Byty [Kč/m2],10602,2025,2025,54573
Průměrná jednotková kupní cena nemovitosti,7432,Celkem,0,Česko,CZ,Ústecký kraj,CZ042,Louny,CZ0424,Rodinné domy [Kč/m2],10302,2019,2019,25554
Průměrná jednotková kupní cena nemovitosti,7432,Celkem,0,Česko,CZ,Ústecký kraj,CZ042,Louny,CZ0424,Rodinné domy [Kč/m2],10302,2020,2020,25824
Průměrná jednotková kupní cena nemovitosti,7432,Celkem,0,Česko,CZ,Ústecký kraj,CZ042,Louny,CZ0424,Rodinné domy [Kč/m2],10302,2021,2021,26577
Průměrná jednotková kupní cena nemovitosti,7432,Celkem,0,Česko,CZ,Ústecký kraj,CZ042,Louny,CZ0424,Rodinné domy [Kč/m2],10302,2022,2022,39427
Průměrná jednotková kupní cena nemovitosti,7432,Celkem,0,Česko,CZ,Ústecký kraj,CZ042,Louny,CZ0424,Rodinné domy [Kč/m2],10302,2023,2023,33109
Průměrná jednotková kupní cena nemovitosti,7432,Celkem,0,Česko,CZ,Ústecký kraj,CZ042,Louny,CZ0424,Rodinné domy [Kč/m2],10302,2024,2024,40171
Průměrná jednotková kupní cena nemovitosti,7432,Celkem,0,Česko,CZ,Ústecký kraj,CZ042,Louny,CZ0424,Rodinné domy [Kč/m2],10302,2025,2025,41585
Průměrná jednotková kupní cena nemovitosti,7432,Celkem,0,Česko,CZ,Ústecký kraj,CZ042,Louny,CZ0424,Byty [Kč/m2],10602,2019,2019,19348
Průměrná jednotková kupní cena nemovitosti,7432,Celkem,0,Česko,CZ,Ústecký kraj,CZ042,Louny,CZ0424,Byty [Kč/m2],10602,2020,2020,23545
Průměrná jednotková kupní cena nemovitosti,7432,Celkem,0,Česko,CZ,Ústecký kraj,CZ042,Louny,CZ0424,Byty [Kč/m2],10602,2021,2021,30864
Průměrná jednotková kupní cena nemovitosti,7432,Celkem,0,Česko,CZ,Ústecký kraj,CZ042,Louny,CZ0424,Byty [Kč/m2],10602,2022,2022,38028
Průměrná jednotková kupní cena nemovitosti,7432,Celkem,0,Česko,CZ,Ústecký kraj,CZ042,Louny,CZ0424,Byty [Kč/m2],10602,2023,2023,33958
Průměrná jednotková kupní cena nemovitosti,7432,Celkem,0,Česko,CZ,Ústecký kraj,CZ042,Louny,CZ0424,Byty [Kč/m2],10602,2024,2024,36740
Průměrná jednotková kupní cena nemovitosti,7432,Celkem,0,Česko,CZ,Ústecký kraj,CZ042,Louny,CZ0424,Byty [Kč/m2],10602,2025,2025,44868
Průměrná jednotková kupní cena nemovitosti,7432,Celkem,0,Česko,CZ,Ústecký kraj,CZ042,Most,CZ0425,Rodinné domy [Kč/m2],10302,2019,2019,30608
Průměrná jednotková kupní cena nemovitosti,7432,Celkem,0,Česko,CZ,Ústecký kraj,CZ042,Most,CZ0425,Rodinné domy [Kč/m2],10302,2020,2020,32284
Průměrná jednotková kupní cena nemovitosti,7432,Celkem,0,Česko,CZ,Ústecký kraj,CZ042,Most,CZ0425,Rodinné domy [Kč/m2],10302,2021,2021,36548
Průměrná jednotková kupní cena nemovitosti,7432,Celkem,0,Česko,CZ,Ústecký kraj,CZ042,Most,CZ0425,Rodinné domy [Kč/m2],10302,2022,2022,40649
Průměrná jednotková kupní cena nemovitosti,7432,Celkem,0,Česko,CZ,Ústecký kraj,CZ042,Most,CZ0425,Rodinné domy [Kč/m2],10302,2023,2023,41441
Průměrná jednotková kupní cena nemovitosti,7432,Celkem,0,Česko,CZ,Ústecký kraj,CZ042,Most,CZ0425,Rodinné domy [Kč/m2],10302,2024,2024,48440
Průměrná jednotková kupní cena nemovitosti,7432,Celkem,0,Česko,CZ,Ústecký kraj,CZ042,Most,CZ0425,Rodinné domy [Kč/m2],10302,2025,2025,48272
Průměrná jednotková kupní cena nemovitosti,7432,Celkem,0,Česko,CZ,Ústecký kraj,CZ042,Most,CZ0425,Byty [Kč/m2],10602,2019,2019,18696
Průměrná jednotková kupní cena nemovitosti,7432,Celkem,0,Česko,CZ,Ústecký kraj,CZ042,Most,CZ0425,Byty [Kč/m2],10602,2020,2020,21730
Průměrná jednotková kupní cena nemovitosti,7432,Celkem,0,Česko,CZ,Ústecký kraj,CZ042,Most,CZ0425,Byty [Kč/m2],10602,2021,2021,26649
Průměrná jednotková kupní cena nemovitosti,7432,Celkem,0,Česko,CZ,Ústecký kraj,CZ042,Most,CZ0425,Byty [Kč/m2],10602,2022,2022,32559
Průměrná jednotková kupní cena nemovitosti,7432,Celkem,0,Česko,CZ,Ústecký kraj,CZ042,Most,CZ0425,Byty [Kč/m2],10602,2023,2023,29325
Průměrná jednotková kupní cena nemovitosti,7432,Celkem,0,Česko,CZ,Ústecký kraj,CZ042,Most,CZ0425,Byty [Kč/m2],10602,2024,2024,32589
Průměrná jednotková kupní cena nemovitosti,7432,Celkem,0,Česko,CZ,Ústecký kraj,CZ042,Most,CZ0425,Byty [Kč/m2],10602,2025,2025,39291
Průměrná jednotková kupní cena nemovitosti,7432,Celkem,0,Česko,CZ,Ústecký kraj,CZ042,Teplice,CZ0426,Rodinné domy [Kč/m2],10302,2019,2019,28224
Průměrná jednotková kupní cena nemovitosti,7432,Celkem,0,Česko,CZ,Ústecký kraj,CZ042,Teplice,CZ0426,Rodinné domy [Kč/m2],10302,2020,2020,30440
Průměrná jednotková kupní cena nemovitosti,7432,Celkem,0,Česko,CZ,Ústecký kraj,CZ042,Teplice,CZ0426,Rodinné domy [Kč/m2],10302,2021,2021,34607
Průměrná jednotková kupní cena nemovitosti,7432,Celkem,0,Česko,CZ,Ústecký kraj,CZ042,Teplice,CZ0426,Rodinné domy [Kč/m2],10302,2022,2022,39699
Průměrná jednotková kupní cena nemovitosti,7432,Celkem,0,Česko,CZ,Ústecký kraj,CZ042,Teplice,CZ0426,Rodinné domy [Kč/m2],10302,2023,2023,44666
Průměrná jednotková kupní cena nemovitosti,7432,Celkem,0,Česko,CZ,Ústecký kraj,CZ042,Teplice,CZ0426,Rodinné domy [Kč/m2],10302,2024,2024,41439
Průměrná jednotková kupní cena nemovitosti,7432,Celkem,0,Česko,CZ,Ústecký kraj,CZ042,Teplice,CZ0426,Rodinné domy [Kč/m2],10302,2025,2025,47295
Průměrná jednotková kupní cena nemovitosti,7432,Celkem,0,Česko,CZ,Ústecký kraj,CZ042,Teplice,CZ0426,Byty [Kč/m2],10602,2019,2019,19242
Průměrná jednotková kupní cena nemovitosti,7432,Celkem,0,Česko,CZ,Ústecký kraj,CZ042,Teplice,CZ0426,Byty [Kč/m2],10602,2020,2020,20722
Průměrná jednotková kupní cena nemovitosti,7432,Celkem,0,Česko,CZ,Ústecký kraj,CZ042,Teplice,CZ0426,Byty [Kč/m2],10602,2021,2021,27224
Průměrná jednotková kupní cena nemovitosti,7432,Celkem,0,Česko,CZ,Ústecký kraj,CZ042,Teplice,CZ0426,Byty [Kč/m2],10602,2022,2022,32342
Průměrná jednotková kupní cena nemovitosti,7432,Celkem,0,Česko,CZ,Ústecký kraj,CZ042,Teplice,CZ0426,Byty [Kč/m2],10602,2023,2023,30048
Průměrná jednotková kupní cena nemovitosti,7432,Celkem,0,Česko,CZ,Ústecký kraj,CZ042,Teplice,CZ0426,Byty [Kč/m2],10602,2024,2024,34783
Průměrná jednotková kupní cena nemovitosti,7432,Celkem,0,Česko,CZ,Ústecký kraj,CZ042,Teplice,CZ0426,Byty [Kč/m2],10602,2025,2025,35490
Průměrná jednotková kupní cena nemovitosti,7432,Celkem,0,Česko,CZ,Ústecký kraj,CZ042,Ústí nad Labem,CZ0427,Rodinné domy [Kč/m2],10302,2019,2019,29981
Průměrná jednotková kupní cena nemovitosti,7432,Celkem,0,Česko,CZ,Ústecký kraj,CZ042,Ústí nad Labem,CZ0427,Rodinné domy [Kč/m2],10302,2020,2020,40271
Průměrná jednotková kupní cena nemovitosti,7432,Celkem,0,Česko,CZ,Ústecký kraj,CZ042,Ústí nad Labem,CZ0427,Rodinné domy [Kč/m2],10302,2021,2021,38977
Průměrná jednotková kupní cena nemovitosti,7432,Celkem,0,Česko,CZ,Ústecký kraj,CZ042,Ústí nad Labem,CZ0427,Rodinné domy [Kč/m2],10302,2022,2022,47885
Průměrná jednotková kupní cena nemovitosti,7432,Celkem,0,Česko,CZ,Ústecký kraj,CZ042,Ústí nad Labem,CZ0427,Rodinné domy [Kč/m2],10302,2023,2023,48345
Průměrná jednotková kupní cena nemovitosti,7432,Celkem,0,Česko,CZ,Ústecký kraj,CZ042,Ústí nad Labem,CZ0427,Rodinné domy [Kč/m2],10302,2024,2024,57931
Průměrná jednotková kupní cena nemovitosti,7432,Celkem,0,Česko,CZ,Ústecký kraj,CZ042,Ústí nad Labem,CZ0427,Rodinné domy [Kč/m2],10302,2025,2025,57288
Průměrná jednotková kupní cena nemovitosti,7432,Celkem,0,Česko,CZ,Ústecký kraj,CZ042,Ústí nad Labem,CZ0427,Byty [Kč/m2],10602,2019,2019,22872
Průměrná jednotková kupní cena nemovitosti,7432,Celkem,0,Česko,CZ,Ústecký kraj,CZ042,Ústí nad Labem,CZ0427,Byty [Kč/m2],10602,2020,2020,26661
Průměrná jednotková kupní cena nemovitosti,7432,Celkem,0,Česko,CZ,Ústecký kraj,CZ042,Ústí nad Labem,CZ0427,Byty [Kč/m2],10602,2021,2021,35990
Průměrná jednotková kupní cena nemovitosti,7432,Celkem,0,Česko,CZ,Ústecký kraj,CZ042,Ústí nad Labem,CZ0427,Byty [Kč/m2],10602,2022,2022,43761
Průměrná jednotková kupní cena nemovitosti,7432,Celkem,0,Česko,CZ,Ústecký kraj,CZ042,Ústí nad Labem,CZ0427,Byty [Kč/m2],10602,2023,2023,38732
Průměrná jednotková kupní cena nemovitosti,7432,Celkem,0,Česko,CZ,Ústecký kraj,CZ042,Ústí nad Labem,CZ0427,Byty [Kč/m2],10602,2024,2024,42287
Průměrná jednotková kupní cena nemovitosti,7432,Celkem,0,Česko,CZ,Ústecký kraj,CZ042,Ústí nad Labem,CZ0427,Byty [Kč/m2],10602,2025,2025,49132
Průměrná jednotková kupní cena nemovitosti,7432,Celkem,0,Česko,CZ,Liberecký kraj,CZ051,Česká Lípa,CZ0511,Rodinné domy [Kč/m2],10302,2019,2019,26473
Průměrná jednotková kupní cena nemovitosti,7432,Celkem,0,Česko,CZ,Liberecký kraj,CZ051,Česká Lípa,CZ0511,Rodinné domy [Kč/m2],10302,2020,2020,31146
Průměrná jednotková kupní cena nemovitosti,7432,Celkem,0,Česko,CZ,Liberecký kraj,CZ051,Česká Lípa,CZ0511,Rodinné domy [Kč/m2],10302,2021,2021,34111
Průměrná jednotková kupní cena nemovitosti,7432,Celkem,0,Česko,CZ,Liberecký kraj,CZ051,Česká Lípa,CZ0511,Rodinné domy [Kč/m2],10302,2022,2022,43822
Průměrná jednotková kupní cena nemovitosti,7432,Celkem,0,Česko,CZ,Liberecký kraj,CZ051,Česká Lípa,CZ0511,Rodinné domy [Kč/m2],10302,2023,2023,38159
Průměrná jednotková kupní cena nemovitosti,7432,Celkem,0,Česko,CZ,Liberecký kraj,CZ051,Česká Lípa,CZ0511,Rodinné domy [Kč/m2],10302,2024,2024,42227
Průměrná jednotková kupní cena nemovitosti,7432,Celkem,0,Česko,CZ,Liberecký kraj,CZ051,Česká Lípa,CZ0511,Rodinné domy [Kč/m2],10302,2025,2025,48319
Průměrná jednotková kupní cena nemovitosti,7432,Celkem,0,Česko,CZ,Liberecký kraj,CZ051,Česká Lípa,CZ0511,Byty [Kč/m2],10602,2019,2019,20109
Průměrná jednotková kupní cena nemovitosti,7432,Celkem,0,Česko,CZ,Liberecký kraj,CZ051,Česká Lípa,CZ0511,Byty [Kč/m2],10602,2020,2020,23651
Průměrná jednotková kupní cena nemovitosti,7432,Celkem,0,Česko,CZ,Liberecký kraj,CZ051,Česká Lípa,CZ0511,Byty [Kč/m2],10602,2021,2021,30687
Průměrná jednotková kupní cena nemovitosti,7432,Celkem,0,Česko,CZ,Liberecký kraj,CZ051,Česká Lípa,CZ0511,Byty [Kč/m2],10602,2022,2022,41919
Průměrná jednotková kupní cena nemovitosti,7432,Celkem,0,Česko,CZ,Liberecký kraj,CZ051,Česká Lípa,CZ0511,Byty [Kč/m2],10602,2023,2023,36110
Průměrná jednotková kupní cena nemovitosti,7432,Celkem,0,Česko,CZ,Liberecký kraj,CZ051,Česká Lípa,CZ0511,Byty [Kč/m2],10602,2024,2024,37014
Průměrná jednotková kupní cena nemovitosti,7432,Celkem,0,Česko,CZ,Liberecký kraj,CZ051,Česká Lípa,CZ0511,Byty [Kč/m2],10602,2025,2025,43051
Průměrná jednotková kupní cena nemovitosti,7432,Celkem,0,Česko,CZ,Liberecký kraj,CZ051,Jablonec nad Nisou,CZ0512,Rodinné domy [Kč/m2],10302,2019,2019,28247
Průměrná jednotková kupní cena nemovitosti,7432,Celkem,0,Česko,CZ,Liberecký kraj,CZ051,Jablonec nad Nisou,CZ0512,Rodinné domy [Kč/m2],10302,2020,2020,32233
Průměrná jednotková kupní cena nemovitosti,7432,Celkem,0,Česko,CZ,Liberecký kraj,CZ051,Jablonec nad Nisou,CZ0512,Rodinné domy [Kč/m2],10302,2021,2021,35877
Průměrná jednotková kupní cena nemovitosti,7432,Celkem,0,Česko,CZ,Liberecký kraj,CZ051,Jablonec nad Nisou,CZ0512,Rodinné domy [Kč/m2],10302,2022,2022,45619
Průměrná jednotková kupní cena nemovitosti,7432,Celkem,0,Česko,CZ,Liberecký kraj,CZ051,Jablonec nad Nisou,CZ0512,Rodinné domy [Kč/m2],10302,2023,2023,43396
Průměrná jednotková kupní cena nemovitosti,7432,Celkem,0,Česko,CZ,Liberecký kraj,CZ051,Jablonec nad Nisou,CZ0512,Rodinné domy [Kč/m2],10302,2024,2024,43152
Průměrná jednotková kupní cena nemovitosti,7432,Celkem,0,Česko,CZ,Liberecký kraj,CZ051,Jablonec nad Nisou,CZ0512,Rodinné domy [Kč/m2],10302,2025,2025,51485
Průměrná jednotková kupní cena nemovitosti,7432,Celkem,0,Česko,CZ,Liberecký kraj,CZ051,Jablonec nad Nisou,CZ0512,Byty [Kč/m2],10602,2019,2019,24879
Průměrná jednotková kupní cena nemovitosti,7432,Celkem,0,Česko,CZ,Liberecký kraj,CZ051,Jablonec nad Nisou,CZ0512,Byty [Kč/m2],10602,2020,2020,28786
Průměrná jednotková kupní cena nemovitosti,7432,Celkem,0,Česko,CZ,Liberecký kraj,CZ051,Jablonec nad Nisou,CZ0512,Byty [Kč/m2],10602,2021,2021,38174
Průměrná jednotková kupní cena nemovitosti,7432,Celkem,0,Česko,CZ,Liberecký kraj,CZ051,Jablonec nad Nisou,CZ0512,Byty [Kč/m2],10602,2022,2022,44608
Průměrná jednotková kupní cena nemovitosti,7432,Celkem,0,Česko,CZ,Liberecký kraj,CZ051,Jablonec nad Nisou,CZ0512,Byty [Kč/m2],10602,2023,2023,41879
Průměrná jednotková kupní cena nemovitosti,7432,Celkem,0,Česko,CZ,Liberecký kraj,CZ051,Jablonec nad Nisou,CZ0512,Byty [Kč/m2],10602,2024,2024,46509
Průměrná jednotková kupní cena nemovitosti,7432,Celkem,0,Česko,CZ,Liberecký kraj,CZ051,Jablonec nad Nisou,CZ0512,Byty [Kč/m2],10602,2025,2025,52386
Průměrná jednotková kupní cena nemovitosti,7432,Celkem,0,Česko,CZ,Liberecký kraj,CZ051,Liberec,CZ0513,Rodinné domy [Kč/m2],10302,2019,2019,34416
Průměrná jednotková kupní cena nemovitosti,7432,Celkem,0,Česko,CZ,Liberecký kraj,CZ051,Liberec,CZ0513,Rodinné domy [Kč/m2],10302,2020,2020,38720
Průměrná jednotková kupní cena nemovitosti,7432,Celkem,0,Česko,CZ,Liberecký kraj,CZ051,Liberec,CZ0513,Rodinné domy [Kč/m2],10302,2021,2021,44406
Průměrná jednotková kupní cena nemovitosti,7432,Celkem,0,Česko,CZ,Liberecký kraj,CZ051,Liberec,CZ0513,Rodinné domy [Kč/m2],10302,2022,2022,52313
Průměrná jednotková kupní cena nemovitosti,7432,Celkem,0,Česko,CZ,Liberecký kraj,CZ051,Liberec,CZ0513,Rodinné domy [Kč/m2],10302,2023,2023,52501
Průměrná jednotková kupní cena nemovitosti,7432,Celkem,0,Česko,CZ,Liberecký kraj,CZ051,Liberec,CZ0513,Rodinné domy [Kč/m2],10302,2024,2024,56261
Průměrná jednotková kupní cena nemovitosti,7432,Celkem,0,Česko,CZ,Liberecký kraj,CZ051,Liberec,CZ0513,Rodinné domy [Kč/m2],10302,2025,2025,61814
Průměrná jednotková kupní cena nemovitosti,7432,Celkem,0,Česko,CZ,Liberecký kraj,CZ051,Liberec,CZ0513,Byty [Kč/m2],10602,2019,2019,32644
Průměrná jednotková kupní cena nemovitosti,7432,Celkem,0,Česko,CZ,Liberecký kraj,CZ051,Liberec,CZ0513,Byty [Kč/m2],10602,2020,2020,38595
Průměrná jednotková kupní cena nemovitosti,7432,Celkem,0,Česko,CZ,Liberecký kraj,CZ051,Liberec,CZ0513,Byty [Kč/m2],10602,2021,2021,44917
Průměrná jednotková kupní cena nemovitosti,7432,Celkem,0,Česko,CZ,Liberecký kraj,CZ051,Liberec,CZ0513,Byty [Kč/m2],10602,2022,2022,56464
Průměrná jednotková kupní cena nemovitosti,7432,Celkem,0,Česko,CZ,Liberecký kraj,CZ051,Liberec,CZ0513,Byty [Kč/m2],10602,2023,2023,52028
Průměrná jednotková kupní cena nemovitosti,7432,Celkem,0,Česko,CZ,Liberecký kraj,CZ051,Liberec,CZ0513,Byty [Kč/m2],10602,2024,2024,56581
Průměrná jednotková kupní cena nemovitosti,7432,Celkem,0,Česko,CZ,Liberecký kraj,CZ051,Liberec,CZ0513,Byty [Kč/m2],10602,2025,2025,64893
Průměrná jednotková kupní cena nemovitosti,7432,Celkem,0,Česko,CZ,Liberecký kraj,CZ051,Semily,CZ0514,Rodinné domy [Kč/m2],10302,2019,2019,25784
Průměrná jednotková kupní cena nemovitosti,7432,Celkem,0,Česko,CZ,Liberecký kraj,CZ051,Semily,CZ0514,Rodinné domy [Kč/m2],10302,2020,2020,28287
Průměrná jednotková kupní cena nemovitosti,7432,Celkem,0,Česko,CZ,Liberecký kraj,CZ051,Semily,CZ0514,Rodinné domy [Kč/m2],10302,2021,2021,35630
Průměrná jednotková kupní cena nemovitosti,7432,Celkem,0,Česko,CZ,Liberecký kraj,CZ051,Semily,CZ0514,Rodinné domy [Kč/m2],10302,2022,2022,42283
Průměrná jednotková kupní cena nemovitosti,7432,Celkem,0,Česko,CZ,Liberecký kraj,CZ051,Semily,CZ0514,Rodinné domy [Kč/m2],10302,2023,2023,40238
Průměrná jednotková kupní cena nemovitosti,7432,Celkem,0,Česko,CZ,Liberecký kraj,CZ051,Semily,CZ0514,Rodinné domy [Kč/m2],10302,2024,2024,44187
Průměrná jednotková kupní cena nemovitosti,7432,Celkem,0,Česko,CZ,Liberecký kraj,CZ051,Semily,CZ0514,Rodinné domy [Kč/m2],10302,2025,2025,44581
Průměrná jednotková kupní cena nemovitosti,7432,Celkem,0,Česko,CZ,Liberecký kraj,CZ051,Semily,CZ0514,Byty [Kč/m2],10602,2019,2019,24343
Průměrná jednotková kupní cena nemovitosti,7432,Celkem,0,Česko,CZ,Liberecký kraj,CZ051,Semily,CZ0514,Byty [Kč/m2],10602,2020,2020,28351
Průměrná jednotková kupní cena nemovitosti,7432,Celkem,0,Česko,CZ,Liberecký kraj,CZ051,Semily,CZ0514,Byty [Kč/m2],10602,2021,2021,34775
Průměrná jednotková kupní cena nemovitosti,7432,Celkem,0,Česko,CZ,Liberecký kraj,CZ051,Semily,CZ0514,Byty [Kč/m2],10602,2022,2022,47842
Průměrná jednotková kupní cena nemovitosti,7432,Celkem,0,Česko,CZ,Liberecký kraj,CZ051,Semily,CZ0514,Byty [Kč/m2],10602,2023,2023,46881
Průměrná jednotková kupní cena nemovitosti,7432,Celkem,0,Česko,CZ,Liberecký kraj,CZ051,Semily,CZ0514,Byty [Kč/m2],10602,2024,2024,48466
Průměrná jednotková kupní cena nemovitosti,7432,Celkem,0,Česko,CZ,Liberecký kraj,CZ051,Semily,CZ0514,Byty [Kč/m2],10602,2025,2025,53026
Průměrná jednotková kupní cena nemovitosti,7432,Celkem,0,Česko,CZ,Královéhradecký kraj,CZ052,Hradec Králové,CZ0521,Rodinné domy [Kč/m2],10302,2019,2019,37321
Průměrná jednotková kupní cena nemovitosti,7432,Celkem,0,Česko,CZ,Královéhradecký kraj,CZ052,Hradec Králové,CZ0521,Rodinné domy [Kč/m2],10302,2020,2020,39379
Průměrná jednotková kupní cena nemovitosti,7432,Celkem,0,Česko,CZ,Královéhradecký kraj,CZ052,Hradec Králové,CZ0521,Rodinné domy [Kč/m2],10302,2021,2021,48667
Průměrná jednotková kupní cena nemovitosti,7432,Celkem,0,Česko,CZ,Královéhradecký kraj,CZ052,Hradec Králové,CZ0521,Rodinné domy [Kč/m2],10302,2022,2022,58264
Průměrná jednotková kupní cena nemovitosti,7432,Celkem,0,Česko,CZ,Královéhradecký kraj,CZ052,Hradec Králové,CZ0521,Rodinné domy [Kč/m2],10302,2023,2023,56223
Průměrná jednotková kupní cena nemovitosti,7432,Celkem,0,Česko,CZ,Královéhradecký kraj,CZ052,Hradec Králové,CZ0521,Rodinné domy [Kč/m2],10302,2024,2024,60148
Průměrná jednotková kupní cena nemovitosti,7432,Celkem,0,Česko,CZ,Královéhradecký kraj,CZ052,Hradec Králové,CZ0521,Rodinné domy [Kč/m2],10302,2025,2025,68544
Průměrná jednotková kupní cena nemovitosti,7432,Celkem,0,Česko,CZ,Královéhradecký kraj,CZ052,Hradec Králové,CZ0521,Byty [Kč/m2],10602,2019,2019,38025
Průměrná jednotková kupní cena nemovitosti,7432,Celkem,0,Česko,CZ,Královéhradecký kraj,CZ052,Hradec Králové,CZ0521,Byty [Kč/m2],10602,2020,2020,45047
Průměrná jednotková kupní cena nemovitosti,7432,Celkem,0,Česko,CZ,Královéhradecký kraj,CZ052,Hradec Králové,CZ0521,Byty [Kč/m2],10602,2021,2021,56036
Průměrná jednotková kupní cena nemovitosti,7432,Celkem,0,Česko,CZ,Královéhradecký kraj,CZ052,Hradec Králové,CZ0521,Byty [Kč/m2],10602,2022,2022,69884
Průměrná jednotková kupní cena nemovitosti,7432,Celkem,0,Česko,CZ,Královéhradecký kraj,CZ052,Hradec Králové,CZ0521,Byty [Kč/m2],10602,2023,2023,59403
Průměrná jednotková kupní cena nemovitosti,7432,Celkem,0,Česko,CZ,Královéhradecký kraj,CZ052,Hradec Králové,CZ0521,Byty [Kč/m2],10602,2024,2024,67871
Průměrná jednotková kupní cena nemovitosti,7432,Celkem,0,Česko,CZ,Královéhradecký kraj,CZ052,Hradec Králové,CZ0521,Byty [Kč/m2],10602,2025,2025,77507
Průměrná jednotková kupní cena nemovitosti,7432,Celkem,0,Česko,CZ,Královéhradecký kraj,CZ052,Jičín,CZ0522,Rodinné domy [Kč/m2],10302,2019,2019,26423
Průměrná jednotková kupní cena nemovitosti,7432,Celkem,0,Česko,CZ,Královéhradecký kraj,CZ052,Jičín,CZ0522,Rodinné domy [Kč/m2],10302,2020,2020,25522
Průměrná jednotková kupní cena nemovitosti,7432,Celkem,0,Česko,CZ,Královéhradecký kraj,CZ052,Jičín,CZ0522,Rodinné domy [Kč/m2],10302,2021,2021,33988
Průměrná jednotková kupní cena nemovitosti,7432,Celkem,0,Česko,CZ,Královéhradecký kraj,CZ052,Jičín,CZ0522,Rodinné domy [Kč/m2],10302,2022,2022,41375
Průměrná jednotková kupní cena nemovitosti,7432,Celkem,0,Česko,CZ,Královéhradecký kraj,CZ052,Jičín,CZ0522,Rodinné domy [Kč/m2],10302,2023,2023,41667
Průměrná jednotková kupní cena nemovitosti,7432,Celkem,0,Česko,CZ,Královéhradecký kraj,CZ052,Jičín,CZ0522,Rodinné domy [Kč/m2],10302,2024,2024,41749
Průměrná jednotková kupní cena nemovitosti,7432,Celkem,0,Česko,CZ,Královéhradecký kraj,CZ052,Jičín,CZ0522,Rodinné domy [Kč/m2],10302,2025,2025,44239
Průměrná jednotková kupní cena nemovitosti,7432,Celkem,0,Česko,CZ,Královéhradecký kraj,CZ052,Jičín,CZ0522,Byty [Kč/m2],10602,2019,2019,27932
Průměrná jednotková kupní cena nemovitosti,7432,Celkem,0,Česko,CZ,Královéhradecký kraj,CZ052,Jičín,CZ0522,Byty [Kč/m2],10602,2020,2020,30887
Průměrná jednotková kupní cena nemovitosti,7432,Celkem,0,Česko,CZ,Královéhradecký kraj,CZ052,Jičín,CZ0522,Byty [Kč/m2],10602,2021,2021,36823
Průměrná jednotková kupní cena nemovitosti,7432,Celkem,0,Česko,CZ,Královéhradecký kraj,CZ052,Jičín,CZ0522,Byty [Kč/m2],10602,2022,2022,45707
Průměrná jednotková kupní cena nemovitosti,7432,Celkem,0,Česko,CZ,Královéhradecký kraj,CZ052,Jičín,CZ0522,Byty [Kč/m2],10602,2023,2023,48644
Průměrná jednotková kupní cena nemovitosti,7432,Celkem,0,Česko,CZ,Královéhradecký kraj,CZ052,Jičín,CZ0522,Byty [Kč/m2],10602,2024,2024,47849
Průměrná jednotková kupní cena nemovitosti,7432,Celkem,0,Česko,CZ,Královéhradecký kraj,CZ052,Jičín,CZ0522,Byty [Kč/m2],10602,2025,2025,54045
Průměrná jednotková kupní cena nemovitosti,7432,Celkem,0,Česko,CZ,Královéhradecký kraj,CZ052,Náchod,CZ0523,Rodinné domy [Kč/m2],10302,2019,2019,26008
Průměrná jednotková kupní cena nemovitosti,7432,Celkem,0,Česko,CZ,Královéhradecký kraj,CZ052,Náchod,CZ0523,Rodinné domy [Kč/m2],10302,2020,2020,27690
Průměrná jednotková kupní cena nemovitosti,7432,Celkem,0,Česko,CZ,Královéhradecký kraj,CZ052,Náchod,CZ0523,Rodinné domy [Kč/m2],10302,2021,2021,31070
Průměrná jednotková kupní cena nemovitosti,7432,Celkem,0,Česko,CZ,Královéhradecký kraj,CZ052,Náchod,CZ0523,Rodinné domy [Kč/m2],10302,2022,2022,36420
Průměrná jednotková kupní cena nemovitosti,7432,Celkem,0,Česko,CZ,Královéhradecký kraj,CZ052,Náchod,CZ0523,Rodinné domy [Kč/m2],10302,2023,2023,42506
Průměrná jednotková kupní cena nemovitosti,7432,Celkem,0,Česko,CZ,Královéhradecký kraj,CZ052,Náchod,CZ0523,Rodinné domy [Kč/m2],10302,2024,2024,42934
Průměrná jednotková kupní cena nemovitosti,7432,Celkem,0,Česko,CZ,Královéhradecký kraj,CZ052,Náchod,CZ0523,Rodinné domy [Kč/m2],10302,2025,2025,43260
Průměrná jednotková kupní cena nemovitosti,7432,Celkem,0,Česko,CZ,Královéhradecký kraj,CZ052,Náchod,CZ0523,Byty [Kč/m2],10602,2019,2019,20244
Průměrná jednotková kupní cena nemovitosti,7432,Celkem,0,Česko,CZ,Královéhradecký kraj,CZ052,Náchod,CZ0523,Byty [Kč/m2],10602,2020,2020,23750
Průměrná jednotková kupní cena nemovitosti,7432,Celkem,0,Česko,CZ,Královéhradecký kraj,CZ052,Náchod,CZ0523,Byty [Kč/m2],10602,2021,2021,31441
Průměrná jednotková kupní cena nemovitosti,7432,Celkem,0,Česko,CZ,Královéhradecký kraj,CZ052,Náchod,CZ0523,Byty [Kč/m2],10602,2022,2022,37020
Průměrná jednotková kupní cena nemovitosti,7432,Celkem,0,Česko,CZ,Královéhradecký kraj,CZ052,Náchod,CZ0523,Byty [Kč/m2],10602,2023,2023,41155
Průměrná jednotková kupní cena nemovitosti,7432,Celkem,0,Česko,CZ,Královéhradecký kraj,CZ052,Náchod,CZ0523,Byty [Kč/m2],10602,2024,2024,40557
Průměrná jednotková kupní cena nemovitosti,7432,Celkem,0,Česko,CZ,Královéhradecký kraj,CZ052,Náchod,CZ0523,Byty [Kč/m2],10602,2025,2025,46815
Průměrná jednotková kupní cena nemovitosti,7432,Celkem,0,Česko,CZ,Královéhradecký kraj,CZ052,Rychnov nad Kněžnou,CZ0524,Rodinné domy [Kč/m2],10302,2019,2019,27806
Průměrná jednotková kupní cena nemovitosti,7432,Celkem,0,Česko,CZ,Královéhradecký kraj,CZ052,Rychnov nad Kněžnou,CZ0524,Rodinné domy [Kč/m2],10302,2020,2020,30091
Průměrná jednotková kupní cena nemovitosti,7432,Celkem,0,Česko,CZ,Královéhradecký kraj,CZ052,Rychnov nad Kněžnou,CZ0524,Rodinné domy [Kč/m2],10302,2021,2021,33325
Průměrná jednotková kupní cena nemovitosti,7432,Celkem,0,Česko,CZ,Královéhradecký kraj,CZ052,Rychnov nad Kněžnou,CZ0524,Rodinné domy [Kč/m2],10302,2022,2022,44802
Průměrná jednotková kupní cena nemovitosti,7432,Celkem,0,Česko,CZ,Královéhradecký kraj,CZ052,Rychnov nad Kněžnou,CZ0524,Rodinné domy [Kč/m2],10302,2023,2023,41554
Průměrná jednotková kupní cena nemovitosti,7432,Celkem,0,Česko,CZ,Královéhradecký kraj,CZ052,Rychnov nad Kněžnou,CZ0524,Rodinné domy [Kč/m2],10302,2024,2024,43729
Průměrná jednotková kupní cena nemovitosti,7432,Celkem,0,Česko,CZ,Královéhradecký kraj,CZ052,Rychnov nad Kněžnou,CZ0524,Rodinné domy [Kč/m2],10302,2025,2025,48746
Průměrná jednotková kupní cena nemovitosti,7432,Celkem,0,Česko,CZ,Královéhradecký kraj,CZ052,Rychnov nad Kněžnou,CZ0524,Byty [Kč/m2],10602,2019,2019,25913
Průměrná jednotková kupní cena nemovitosti,7432,Celkem,0,Česko,CZ,Královéhradecký kraj,CZ052,Rychnov nad Kněžnou,CZ0524,Byty [Kč/m2],10602,2020,2020,29121
Průměrná jednotková kupní cena nemovitosti,7432,Celkem,0,Česko,CZ,Královéhradecký kraj,CZ052,Rychnov nad Kněžnou,CZ0524,Byty [Kč/m2],10602,2021,2021,36054
Průměrná jednotková kupní cena nemovitosti,7432,Celkem,0,Česko,CZ,Královéhradecký kraj,CZ052,Rychnov nad Kněžnou,CZ0524,Byty [Kč/m2],10602,2022,2022,43548
Průměrná jednotková kupní cena nemovitosti,7432,Celkem,0,Česko,CZ,Královéhradecký kraj,CZ052,Rychnov nad Kněžnou,CZ0524,Byty [Kč/m2],10602,2023,2023,39877
Průměrná jednotková kupní cena nemovitosti,7432,Celkem,0,Česko,CZ,Královéhradecký kraj,CZ052,Rychnov nad Kněžnou,CZ0524,Byty [Kč/m2],10602,2024,2024,42094
Průměrná jednotková kupní cena nemovitosti,7432,Celkem,0,Česko,CZ,Královéhradecký kraj,CZ052,Rychnov nad Kněžnou,CZ0524,Byty [Kč/m2],10602,2025,2025,48659
Průměrná jednotková kupní cena nemovitosti,7432,Celkem,0,Česko,CZ,Královéhradecký kraj,CZ052,Trutnov,CZ0525,Rodinné domy [Kč/m2],10302,2019,2019,27657
Průměrná jednotková kupní cena nemovitosti,7432,Celkem,0,Česko,CZ,Královéhradecký kraj,CZ052,Trutnov,CZ0525,Rodinné domy [Kč/m2],10302,2020,2020,31147
Průměrná jednotková kupní cena nemovitosti,7432,Celkem,0,Česko,CZ,Královéhradecký kraj,CZ052,Trutnov,CZ0525,Rodinné domy [Kč/m2],10302,2021,2021,35148
Průměrná jednotková kupní cena nemovitosti,7432,Celkem,0,Česko,CZ,Královéhradecký kraj,CZ052,Trutnov,CZ0525,Rodinné domy [Kč/m2],10302,2022,2022,41626
Průměrná jednotková kupní cena nemovitosti,7432,Celkem,0,Česko,CZ,Královéhradecký kraj,CZ052,Trutnov,CZ0525,Rodinné domy [Kč/m2],10302,2023,2023,41709
Průměrná jednotková kupní cena nemovitosti,7432,Celkem,0,Česko,CZ,Královéhradecký kraj,CZ052,Trutnov,CZ0525,Rodinné domy [Kč/m2],10302,2024,2024,43985
Průměrná jednotková kupní cena nemovitosti,7432,Celkem,0,Česko,CZ,Královéhradecký kraj,CZ052,Trutnov,CZ0525,Rodinné domy [Kč/m2],10302,2025,2025,50639
Průměrná jednotková kupní cena nemovitosti,7432,Celkem,0,Česko,CZ,Královéhradecký kraj,CZ052,Trutnov,CZ0525,Byty [Kč/m2],10602,2019,2019,22317
Průměrná jednotková kupní cena nemovitosti,7432,Celkem,0,Česko,CZ,Královéhradecký kraj,CZ052,Trutnov,CZ0525,Byty [Kč/m2],10602,2020,2020,27145
Průměrná jednotková kupní cena nemovitosti,7432,Celkem,0,Česko,CZ,Královéhradecký kraj,CZ052,Trutnov,CZ0525,Byty [Kč/m2],10602,2021,2021,35339
Průměrná jednotková kupní cena nemovitosti,7432,Celkem,0,Česko,CZ,Královéhradecký kraj,CZ052,Trutnov,CZ0525,Byty [Kč/m2],10602,2022,2022,41278
Průměrná jednotková kupní cena nemovitosti,7432,Celkem,0,Česko,CZ,Královéhradecký kraj,CZ052,Trutnov,CZ0525,Byty [Kč/m2],10602,2023,2023,39829
Průměrná jednotková kupní cena nemovitosti,7432,Celkem,0,Česko,CZ,Královéhradecký kraj,CZ052,Trutnov,CZ0525,Byty [Kč/m2],10602,2024,2024,43373
Průměrná jednotková kupní cena nemovitosti,7432,Celkem,0,Česko,CZ,Královéhradecký kraj,CZ052,Trutnov,CZ0525,Byty [Kč/m2],10602,2025,2025,48689
Průměrná jednotková kupní cena nemovitosti,7432,Celkem,0,Česko,CZ,Pardubický kraj,CZ053,Chrudim,CZ0531,Rodinné domy [Kč/m2],10302,2019,2019,25689
Průměrná jednotková kupní cena nemovitosti,7432,Celkem,0,Česko,CZ,Pardubický kraj,CZ053,Chrudim,CZ0531,Rodinné domy [Kč/m2],10302,2020,2020,29345
Průměrná jednotková kupní cena nemovitosti,7432,Celkem,0,Česko,CZ,Pardubický kraj,CZ053,Chrudim,CZ0531,Rodinné domy [Kč/m2],10302,2021,2021,34266
Průměrná jednotková kupní cena nemovitosti,7432,Celkem,0,Česko,CZ,Pardubický kraj,CZ053,Chrudim,CZ0531,Rodinné domy [Kč/m2],10302,2022,2022,40267
Průměrná jednotková kupní cena nemovitosti,7432,Celkem,0,Česko,CZ,Pardubický kraj,CZ053,Chrudim,CZ0531,Rodinné domy [Kč/m2],10302,2023,2023,38223
Průměrná jednotková kupní cena nemovitosti,7432,Celkem,0,Česko,CZ,Pardubický kraj,CZ053,Chrudim,CZ0531,Rodinné domy [Kč/m2],10302,2024,2024,40247
Průměrná jednotková kupní cena nemovitosti,7432,Celkem,0,Česko,CZ,Pardubický kraj,CZ053,Chrudim,CZ0531,Rodinné domy [Kč/m2],10302,2025,2025,48554
Průměrná jednotková kupní cena nemovitosti,7432,Celkem,0,Česko,CZ,Pardubický kraj,CZ053,Chrudim,CZ0531,Byty [Kč/m2],10602,2019,2019,24370
Průměrná jednotková kupní cena nemovitosti,7432,Celkem,0,Česko,CZ,Pardubický kraj,CZ053,Chrudim,CZ0531,Byty [Kč/m2],10602,2020,2020,29135
Průměrná jednotková kupní cena nemovitosti,7432,Celkem,0,Česko,CZ,Pardubický kraj,CZ053,Chrudim,CZ0531,Byty [Kč/m2],10602,2021,2021,37411
Průměrná jednotková kupní cena nemovitosti,7432,Celkem,0,Česko,CZ,Pardubický kraj,CZ053,Chrudim,CZ0531,Byty [Kč/m2],10602,2022,2022,42445
Průměrná jednotková kupní cena nemovitosti,7432,Celkem,0,Česko,CZ,Pardubický kraj,CZ053,Chrudim,CZ0531,Byty [Kč/m2],10602,2023,2023,39174
Průměrná jednotková kupní cena nemovitosti,7432,Celkem,0,Česko,CZ,Pardubický kraj,CZ053,Chrudim,CZ0531,Byty [Kč/m2],10602,2024,2024,43956
Průměrná jednotková kupní cena nemovitosti,7432,Celkem,0,Česko,CZ,Pardubický kraj,CZ053,Chrudim,CZ0531,Byty [Kč/m2],10602,2025,2025,50419
Průměrná jednotková kupní cena nemovitosti,7432,Celkem,0,Česko,CZ,Pardubický kraj,CZ053,Pardubice,CZ0532,Rodinné domy [Kč/m2],10302,2019,2019,37083
Průměrná jednotková kupní cena nemovitosti,7432,Celkem,0,Česko,CZ,Pardubický kraj,CZ053,Pardubice,CZ0532,Rodinné domy [Kč/m2],10302,2020,2020,41509
Průměrná jednotková kupní cena nemovitosti,7432,Celkem,0,Česko,CZ,Pardubický kraj,CZ053,Pardubice,CZ0532,Rodinné domy [Kč/m2],10302,2021,2021,44351
Průměrná jednotková kupní cena nemovitosti,7432,Celkem,0,Česko,CZ,Pardubický kraj,CZ053,Pardubice,CZ0532,Rodinné domy [Kč/m2],10302,2022,2022,57189
Průměrná jednotková kupní cena nemovitosti,7432,Celkem,0,Česko,CZ,Pardubický kraj,CZ053,Pardubice,CZ0532,Rodinné domy [Kč/m2],10302,2023,2023,56311
Průměrná jednotková kupní cena nemovitosti,7432,Celkem,0,Česko,CZ,Pardubický kraj,CZ053,Pardubice,CZ0532,Rodinné domy [Kč/m2],10302,2024,2024,57562
Průměrná jednotková kupní cena nemovitosti,7432,Celkem,0,Česko,CZ,Pardubický kraj,CZ053,Pardubice,CZ0532,Rodinné domy [Kč/m2],10302,2025,2025,65049
Průměrná jednotková kupní cena nemovitosti,7432,Celkem,0,Česko,CZ,Pardubický kraj,CZ053,Pardubice,CZ0532,Byty [Kč/m2],10602,2019,2019,34962
Průměrná jednotková kupní cena nemovitosti,7432,Celkem,0,Česko,CZ,Pardubický kraj,CZ053,Pardubice,CZ0532,Byty [Kč/m2],10602,2020,2020,40899
Průměrná jednotková kupní cena nemovitosti,7432,Celkem,0,Česko,CZ,Pardubický kraj,CZ053,Pardubice,CZ0532,Byty [Kč/m2],10602,2021,2021,51122
Průměrná jednotková kupní cena nemovitosti,7432,Celkem,0,Česko,CZ,Pardubický kraj,CZ053,Pardubice,CZ0532,Byty [Kč/m2],10602,2022,2022,62058
Průměrná jednotková kupní cena nemovitosti,7432,Celkem,0,Česko,CZ,Pardubický kraj,CZ053,Pardubice,CZ0532,Byty [Kč/m2],10602,2023,2023,57323
Průměrná jednotková kupní cena nemovitosti,7432,Celkem,0,Česko,CZ,Pardubický kraj,CZ053,Pardubice,CZ0532,Byty [Kč/m2],10602,2024,2024,62562
Průměrná jednotková kupní cena nemovitosti,7432,Celkem,0,Česko,CZ,Pardubický kraj,CZ053,Pardubice,CZ0532,Byty [Kč/m2],10602,2025,2025,73075
Průměrná jednotková kupní cena nemovitosti,7432,Celkem,0,Česko,CZ,Pardubický kraj,CZ053,Svitavy,CZ0533,Rodinné domy [Kč/m2],10302,2019,2019,27555
Průměrná jednotková kupní cena nemovitosti,7432,Celkem,0,Česko,CZ,Pardubický kraj,CZ053,Svitavy,CZ0533,Rodinné domy [Kč/m2],10302,2020,2020,26190
Průměrná jednotková kupní cena nemovitosti,7432,Celkem,0,Česko,CZ,Pardubický kraj,CZ053,Svitavy,CZ0533,Rodinné domy [Kč/m2],10302,2021,2021,34945
Průměrná jednotková kupní cena nemovitosti,7432,Celkem,0,Česko,CZ,Pardubický kraj,CZ053,Svitavy,CZ0533,Rodinné domy [Kč/m2],10302,2022,2022,39633
Průměrná jednotková kupní cena nemovitosti,7432,Celkem,0,Česko,CZ,Pardubický kraj,CZ053,Svitavy,CZ0533,Rodinné domy [Kč/m2],10302,2023,2023,34701
Průměrná jednotková kupní cena nemovitosti,7432,Celkem,0,Česko,CZ,Pardubický kraj,CZ053,Svitavy,CZ0533,Rodinné domy [Kč/m2],10302,2024,2024,37551
Průměrná jednotková kupní cena nemovitosti,7432,Celkem,0,Česko,CZ,Pardubický kraj,CZ053,Svitavy,CZ0533,Rodinné domy [Kč/m2],10302,2025,2025,41319
Průměrná jednotková kupní cena nemovitosti,7432,Celkem,0,Česko,CZ,Pardubický kraj,CZ053,Svitavy,CZ0533,Byty [Kč/m2],10602,2019,2019,24288
Průměrná jednotková kupní cena nemovitosti,7432,Celkem,0,Česko,CZ,Pardubický kraj,CZ053,Svitavy,CZ0533,Byty [Kč/m2],10602,2020,2020,28729
Průměrná jednotková kupní cena nemovitosti,7432,Celkem,0,Česko,CZ,Pardubický kraj,CZ053,Svitavy,CZ0533,Byty [Kč/m2],10602,2021,2021,34965
Průměrná jednotková kupní cena nemovitosti,7432,Celkem,0,Česko,CZ,Pardubický kraj,CZ053,Svitavy,CZ0533,Byty [Kč/m2],10602,2022,2022,41933
Průměrná jednotková kupní cena nemovitosti,7432,Celkem,0,Česko,CZ,Pardubický kraj,CZ053,Svitavy,CZ0533,Byty [Kč/m2],10602,2023,2023,41539
Průměrná jednotková kupní cena nemovitosti,7432,Celkem,0,Česko,CZ,Pardubický kraj,CZ053,Svitavy,CZ0533,Byty [Kč/m2],10602,2024,2024,43580
Průměrná jednotková kupní cena nemovitosti,7432,Celkem,0,Česko,CZ,Pardubický kraj,CZ053,Svitavy,CZ0533,Byty [Kč/m2],10602,2025,2025,47283
Průměrná jednotková kupní cena nemovitosti,7432,Celkem,0,Česko,CZ,Pardubický kraj,CZ053,Ústí nad Orlicí,CZ0534,Rodinné domy [Kč/m2],10302,2019,2019,26060
Průměrná jednotková kupní cena nemovitosti,7432,Celkem,0,Česko,CZ,Pardubický kraj,CZ053,Ústí nad Orlicí,CZ0534,Rodinné domy [Kč/m2],10302,2020,2020,27441
Průměrná jednotková kupní cena nemovitosti,7432,Celkem,0,Česko,CZ,Pardubický kraj,CZ053,Ústí nad Orlicí,CZ0534,Rodinné domy [Kč/m2],10302,2021,2021,35104
Průměrná jednotková kupní cena nemovitosti,7432,Celkem,0,Česko,CZ,Pardubický kraj,CZ053,Ústí nad Orlicí,CZ0534,Rodinné domy [Kč/m2],10302,2022,2022,38079
Průměrná jednotková kupní cena nemovitosti,7432,Celkem,0,Česko,CZ,Pardubický kraj,CZ053,Ústí nad Orlicí,CZ0534,Rodinné domy [Kč/m2],10302,2023,2023,38753
Průměrná jednotková kupní cena nemovitosti,7432,Celkem,0,Česko,CZ,Pardubický kraj,CZ053,Ústí nad Orlicí,CZ0534,Rodinné domy [Kč/m2],10302,2024,2024,40906
Průměrná jednotková kupní cena nemovitosti,7432,Celkem,0,Česko,CZ,Pardubický kraj,CZ053,Ústí nad Orlicí,CZ0534,Rodinné domy [Kč/m2],10302,2025,2025,44571
Průměrná jednotková kupní cena nemovitosti,7432,Celkem,0,Česko,CZ,Pardubický kraj,CZ053,Ústí nad Orlicí,CZ0534,Byty [Kč/m2],10602,2019,2019,22401
Průměrná jednotková kupní cena nemovitosti,7432,Celkem,0,Česko,CZ,Pardubický kraj,CZ053,Ústí nad Orlicí,CZ0534,Byty [Kč/m2],10602,2020,2020,29121
Průměrná jednotková kupní cena nemovitosti,7432,Celkem,0,Česko,CZ,Pardubický kraj,CZ053,Ústí nad Orlicí,CZ0534,Byty [Kč/m2],10602,2021,2021,35965
Průměrná jednotková kupní cena nemovitosti,7432,Celkem,0,Česko,CZ,Pardubický kraj,CZ053,Ústí nad Orlicí,CZ0534,Byty [Kč/m2],10602,2022,2022,40711
Průměrná jednotková kupní cena nemovitosti,7432,Celkem,0,Česko,CZ,Pardubický kraj,CZ053,Ústí nad Orlicí,CZ0534,Byty [Kč/m2],10602,2023,2023,40544
Průměrná jednotková kupní cena nemovitosti,7432,Celkem,0,Česko,CZ,Pardubický kraj,CZ053,Ústí nad Orlicí,CZ0534,Byty [Kč/m2],10602,2024,2024,41429
Průměrná jednotková kupní cena nemovitosti,7432,Celkem,0,Česko,CZ,Pardubický kraj,CZ053,Ústí nad Orlicí,CZ0534,Byty [Kč/m2],10602,2025,2025,45608
Průměrná jednotková kupní cena nemovitosti,7432,Celkem,0,Česko,CZ,Kraj Vysočina,CZ063,Havlíčkův Brod,CZ0631,Rodinné domy [Kč/m2],10302,2019,2019,26896
Průměrná jednotková kupní cena nemovitosti,7432,Celkem,0,Česko,CZ,Kraj Vysočina,CZ063,Havlíčkův Brod,CZ0631,Rodinné domy [Kč/m2],10302,2020,2020,29353
Průměrná jednotková kupní cena nemovitosti,7432,Celkem,0,Česko,CZ,Kraj Vysočina,CZ063,Havlíčkův Brod,CZ0631,Rodinné domy [Kč/m2],10302,2021,2021,33881
Průměrná jednotková kupní cena nemovitosti,7432,Celkem,0,Česko,CZ,Kraj Vysočina,CZ063,Havlíčkův Brod,CZ0631,Rodinné domy [Kč/m2],10302,2022,2022,41926
Průměrná jednotková kupní cena nemovitosti,7432,Celkem,0,Česko,CZ,Kraj Vysočina,CZ063,Havlíčkův Brod,CZ0631,Rodinné domy [Kč/m2],10302,2023,2023,40592
Průměrná jednotková kupní cena nemovitosti,7432,Celkem,0,Česko,CZ,Kraj Vysočina,CZ063,Havlíčkův Brod,CZ0631,Rodinné domy [Kč/m2],10302,2024,2024,43940
Průměrná jednotková kupní cena nemovitosti,7432,Celkem,0,Česko,CZ,Kraj Vysočina,CZ063,Havlíčkův Brod,CZ0631,Rodinné domy [Kč/m2],10302,2025,2025,46871
Průměrná jednotková kupní cena nemovitosti,7432,Celkem,0,Česko,CZ,Kraj Vysočina,CZ063,Havlíčkův Brod,CZ0631,Byty [Kč/m2],10602,2019,2019,23607
Průměrná jednotková kupní cena nemovitosti,7432,Celkem,0,Česko,CZ,Kraj Vysočina,CZ063,Havlíčkův Brod,CZ0631,Byty [Kč/m2],10602,2020,2020,27527
Průměrná jednotková kupní cena nemovitosti,7432,Celkem,0,Česko,CZ,Kraj Vysočina,CZ063,Havlíčkův Brod,CZ0631,Byty [Kč/m2],10602,2021,2021,33373
Průměrná jednotková kupní cena nemovitosti,7432,Celkem,0,Česko,CZ,Kraj Vysočina,CZ063,Havlíčkův Brod,CZ0631,Byty [Kč/m2],10602,2022,2022,43282
Průměrná jednotková kupní cena nemovitosti,7432,Celkem,0,Česko,CZ,Kraj Vysočina,CZ063,Havlíčkův Brod,CZ0631,Byty [Kč/m2],10602,2023,2023,42280
Průměrná jednotková kupní cena nemovitosti,7432,Celkem,0,Česko,CZ,Kraj Vysočina,CZ063,Havlíčkův Brod,CZ0631,Byty [Kč/m2],10602,2024,2024,43608
Průměrná jednotková kupní cena nemovitosti,7432,Celkem,0,Česko,CZ,Kraj Vysočina,CZ063,Havlíčkův Brod,CZ0631,Byty [Kč/m2],10602,2025,2025,48997
Průměrná jednotková kupní cena nemovitosti,7432,Celkem,0,Česko,CZ,Kraj Vysočina,CZ063,Jihlava,CZ0632,Rodinné domy [Kč/m2],10302,2019,2019,34462
Průměrná jednotková kupní cena nemovitosti,7432,Celkem,0,Česko,CZ,Kraj Vysočina,CZ063,Jihlava,CZ0632,Rodinné domy [Kč/m2],10302,2020,2020,35019
Průměrná jednotková kupní cena nemovitosti,7432,Celkem,0,Česko,CZ,Kraj Vysočina,CZ063,Jihlava,CZ0632,Rodinné domy [Kč/m2],10302,2021,2021,39886
Průměrná jednotková kupní cena nemovitosti,7432,Celkem,0,Česko,CZ,Kraj Vysočina,CZ063,Jihlava,CZ0632,Rodinné domy [Kč/m2],10302,2022,2022,49102
Průměrná jednotková kupní cena nemovitosti,7432,Celkem,0,Česko,CZ,Kraj Vysočina,CZ063,Jihlava,CZ0632,Rodinné domy [Kč/m2],10302,2023,2023,46320
Průměrná jednotková kupní cena nemovitosti,7432,Celkem,0,Česko,CZ,Kraj Vysočina,CZ063,Jihlava,CZ0632,Rodinné domy [Kč/m2],10302,2024,2024,50735
Průměrná jednotková kupní cena nemovitosti,7432,Celkem,0,Česko,CZ,Kraj Vysočina,CZ063,Jihlava,CZ0632,Rodinné domy [Kč/m2],10302,2025,2025,51622
Průměrná jednotková kupní cena nemovitosti,7432,Celkem,0,Česko,CZ,Kraj Vysočina,CZ063,Jihlava,CZ0632,Byty [Kč/m2],10602,2019,2019,32895
Průměrná jednotková kupní cena nemovitosti,7432,Celkem,0,Česko,CZ,Kraj Vysočina,CZ063,Jihlava,CZ0632,Byty [Kč/m2],10602,2020,2020,37653
Průměrná jednotková kupní cena nemovitosti,7432,Celkem,0,Česko,CZ,Kraj Vysočina,CZ063,Jihlava,CZ0632,Byty [Kč/m2],10602,2021,2021,43939
Průměrná jednotková kupní cena nemovitosti,7432,Celkem,0,Česko,CZ,Kraj Vysočina,CZ063,Jihlava,CZ0632,Byty [Kč/m2],10602,2022,2022,55544
Průměrná jednotková kupní cena nemovitosti,7432,Celkem,0,Česko,CZ,Kraj Vysočina,CZ063,Jihlava,CZ0632,Byty [Kč/m2],10602,2023,2023,51502
Průměrná jednotková kupní cena nemovitosti,7432,Celkem,0,Česko,CZ,Kraj Vysočina,CZ063,Jihlava,CZ0632,Byty [Kč/m2],10602,2024,2024,55993
Průměrná jednotková kupní cena nemovitosti,7432,Celkem,0,Česko,CZ,Kraj Vysočina,CZ063,Jihlava,CZ0632,Byty [Kč/m2],10602,2025,2025,61475
Průměrná jednotková kupní cena nemovitosti,7432,Celkem,0,Česko,CZ,Kraj Vysočina,CZ063,Pelhřimov,CZ0633,Rodinné domy [Kč/m2],10302,2019,2019,26071
Průměrná jednotková kupní cena nemovitosti,7432,Celkem,0,Česko,CZ,Kraj Vysočina,CZ063,Pelhřimov,CZ0633,Rodinné domy [Kč/m2],10302,2020,2020,28674
Průměrná jednotková kupní cena nemovitosti,7432,Celkem,0,Česko,CZ,Kraj Vysočina,CZ063,Pelhřimov,CZ0633,Rodinné domy [Kč/m2],10302,2021,2021,34962
Průměrná jednotková kupní cena nemovitosti,7432,Celkem,0,Česko,CZ,Kraj Vysočina,CZ063,Pelhřimov,CZ0633,Rodinné domy [Kč/m2],10302,2022,2022,38557
Průměrná jednotková kupní cena nemovitosti,7432,Celkem,0,Česko,CZ,Kraj Vysočina,CZ063,Pelhřimov,CZ0633,Rodinné domy [Kč/m2],10302,2023,2023,36032
Průměrná jednotková kupní cena nemovitosti,7432,Celkem,0,Česko,CZ,Kraj Vysočina,CZ063,Pelhřimov,CZ0633,Rodinné domy [Kč/m2],10302,2024,2024,43790
Průměrná jednotková kupní cena nemovitosti,7432,Celkem,0,Česko,CZ,Kraj Vysočina,CZ063,Pelhřimov,CZ0633,Rodinné domy [Kč/m2],10302,2025,2025,43803
Průměrná jednotková kupní cena nemovitosti,7432,Celkem,0,Česko,CZ,Kraj Vysočina,CZ063,Pelhřimov,CZ0633,Byty [Kč/m2],10602,2019,2019,26345
Průměrná jednotková kupní cena nemovitosti,7432,Celkem,0,Česko,CZ,Kraj Vysočina,CZ063,Pelhřimov,CZ0633,Byty [Kč/m2],10602,2020,2020,28868
Průměrná jednotková kupní cena nemovitosti,7432,Celkem,0,Česko,CZ,Kraj Vysočina,CZ063,Pelhřimov,CZ0633,Byty [Kč/m2],10602,2021,2021,32395
Průměrná jednotková kupní cena nemovitosti,7432,Celkem,0,Česko,CZ,Kraj Vysočina,CZ063,Pelhřimov,CZ0633,Byty [Kč/m2],10602,2022,2022,44529
Průměrná jednotková kupní cena nemovitosti,7432,Celkem,0,Česko,CZ,Kraj Vysočina,CZ063,Pelhřimov,CZ0633,Byty [Kč/m2],10602,2023,2023,41765
Průměrná jednotková kupní cena nemovitosti,7432,Celkem,0,Česko,CZ,Kraj Vysočina,CZ063,Pelhřimov,CZ0633,Byty [Kč/m2],10602,2024,2024,44957
Průměrná jednotková kupní cena nemovitosti,7432,Celkem,0,Česko,CZ,Kraj Vysočina,CZ063,Pelhřimov,CZ0633,Byty [Kč/m2],10602,2025,2025,48434
Průměrná jednotková kupní cena nemovitosti,7432,Celkem,0,Česko,CZ,Kraj Vysočina,CZ063,Třebíč,CZ0634,Rodinné domy [Kč/m2],10302,2019,2019,25433
Průměrná jednotková kupní cena nemovitosti,7432,Celkem,0,Česko,CZ,Kraj Vysočina,CZ063,Třebíč,CZ0634,Rodinné domy [Kč/m2],10302,2020,2020,26434
Průměrná jednotková kupní cena nemovitosti,7432,Celkem,0,Česko,CZ,Kraj Vysočina,CZ063,Třebíč,CZ0634,Rodinné domy [Kč/m2],10302,2021,2021,33178
Průměrná jednotková kupní cena nemovitosti,7432,Celkem,0,Česko,CZ,Kraj Vysočina,CZ063,Třebíč,CZ0634,Rodinné domy [Kč/m2],10302,2022,2022,39139
Průměrná jednotková kupní cena nemovitosti,7432,Celkem,0,Česko,CZ,Kraj Vysočina,CZ063,Třebíč,CZ0634,Rodinné domy [Kč/m2],10302,2023,2023,35937
Průměrná jednotková kupní cena nemovitosti,7432,Celkem,0,Česko,CZ,Kraj Vysočina,CZ063,Třebíč,CZ0634,Rodinné domy [Kč/m2],10302,2024,2024,44548
Průměrná jednotková kupní cena nemovitosti,7432,Celkem,0,Česko,CZ,Kraj Vysočina,CZ063,Třebíč,CZ0634,Rodinné domy [Kč/m2],10302,2025,2025,44046
Průměrná jednotková kupní cena nemovitosti,7432,Celkem,0,Česko,CZ,Kraj Vysočina,CZ063,Třebíč,CZ0634,Byty [Kč/m2],10602,2019,2019,25684
Průměrná jednotková kupní cena nemovitosti,7432,Celkem,0,Česko,CZ,Kraj Vysočina,CZ063,Třebíč,CZ0634,Byty [Kč/m2],10602,2020,2020,31720
Průměrná jednotková kupní cena nemovitosti,7432,Celkem,0,Česko,CZ,Kraj Vysočina,CZ063,Třebíč,CZ0634,Byty [Kč/m2],10602,2021,2021,40229
Průměrná jednotková kupní cena nemovitosti,7432,Celkem,0,Česko,CZ,Kraj Vysočina,CZ063,Třebíč,CZ0634,Byty [Kč/m2],10602,2022,2022,45078
Průměrná jednotková kupní cena nemovitosti,7432,Celkem,0,Česko,CZ,Kraj Vysočina,CZ063,Třebíč,CZ0634,Byty [Kč/m2],10602,2023,2023,47062
Průměrná jednotková kupní cena nemovitosti,7432,Celkem,0,Česko,CZ,Kraj Vysočina,CZ063,Třebíč,CZ0634,Byty [Kč/m2],10602,2024,2024,50151
Průměrná jednotková kupní cena nemovitosti,7432,Celkem,0,Česko,CZ,Kraj Vysočina,CZ063,Třebíč,CZ0634,Byty [Kč/m2],10602,2025,2025,57150
Průměrná jednotková kupní cena nemovitosti,7432,Celkem,0,Česko,CZ,Kraj Vysočina,CZ063,Žďár nad Sázavou,CZ0635,Rodinné domy [Kč/m2],10302,2019,2019,26326
Průměrná jednotková kupní cena nemovitosti,7432,Celkem,0,Česko,CZ,Kraj Vysočina,CZ063,Žďár nad Sázavou,CZ0635,Rodinné domy [Kč/m2],10302,2020,2020,31033
Průměrná jednotková kupní cena nemovitosti,7432,Celkem,0,Česko,CZ,Kraj Vysočina,CZ063,Žďár nad Sázavou,CZ0635,Rodinné domy [Kč/m2],10302,2021,2021,36999
Průměrná jednotková kupní cena nemovitosti,7432,Celkem,0,Česko,CZ,Kraj Vysočina,CZ063,Žďár nad Sázavou,CZ0635,Rodinné domy [Kč/m2],10302,2022,2022,39887
Průměrná jednotková kupní cena nemovitosti,7432,Celkem,0,Česko,CZ,Kraj Vysočina,CZ063,Žďár nad Sázavou,CZ0635,Rodinné domy [Kč/m2],10302,2023,2023,41317
Průměrná jednotková kupní cena nemovitosti,7432,Celkem,0,Česko,CZ,Kraj Vysočina,CZ063,Žďár nad Sázavou,CZ0635,Rodinné domy [Kč/m2],10302,2024,2024,47671
Průměrná jednotková kupní cena nemovitosti,7432,Celkem,0,Česko,CZ,Kraj Vysočina,CZ063,Žďár nad Sázavou,CZ0635,Rodinné domy [Kč/m2],10302,2025,2025,47735
Průměrná jednotková kupní cena nemovitosti,7432,Celkem,0,Česko,CZ,Kraj Vysočina,CZ063,Žďár nad Sázavou,CZ0635,Byty [Kč/m2],10602,2019,2019,28941
Průměrná jednotková kupní cena nemovitosti,7432,Celkem,0,Česko,CZ,Kraj Vysočina,CZ063,Žďár nad Sázavou,CZ0635,Byty [Kč/m2],10602,2020,2020,32104
Průměrná jednotková kupní cena nemovitosti,7432,Celkem,0,Česko,CZ,Kraj Vysočina,CZ063,Žďár nad Sázavou,CZ0635,Byty [Kč/m2],10602,2021,2021,41660
Průměrná jednotková kupní cena nemovitosti,7432,Celkem,0,Česko,CZ,Kraj Vysočina,CZ063,Žďár nad Sázavou,CZ0635,Byty [Kč/m2],10602,2022,2022,51397
Průměrná jednotková kupní cena nemovitosti,7432,Celkem,0,Česko,CZ,Kraj Vysočina,CZ063,Žďár nad Sázavou,CZ0635,Byty [Kč/m2],10602,2023,2023,45664
Průměrná jednotková kupní cena nemovitosti,7432,Celkem,0,Česko,CZ,Kraj Vysočina,CZ063,Žďár nad Sázavou,CZ0635,Byty [Kč/m2],10602,2024,2024,50963
Průměrná jednotková kupní cena nemovitosti,7432,Celkem,0,Česko,CZ,Kraj Vysočina,CZ063,Žďár nad Sázavou,CZ0635,Byty [Kč/m2],10602,2025,2025,61938
Průměrná jednotková kupní cena nemovitosti,7432,Celkem,0,Česko,CZ,Jihomoravský kraj,CZ064,Blansko,CZ0641,Rodinné domy [Kč/m2],10302,2019,2019,29177
Průměrná jednotková kupní cena nemovitosti,7432,Celkem,0,Česko,CZ,Jihomoravský kraj,CZ064,Blansko,CZ0641,Rodinné domy [Kč/m2],10302,2020,2020,29293
Průměrná jednotková kupní cena nemovitosti,7432,Celkem,0,Česko,CZ,Jihomoravský kraj,CZ064,Blansko,CZ0641,Rodinné domy [Kč/m2],10302,2021,2021,38019
Průměrná jednotková kupní cena nemovitosti,7432,Celkem,0,Česko,CZ,Jihomoravský kraj,CZ064,Blansko,CZ0641,Rodinné domy [Kč/m2],10302,2022,2022,41013
Průměrná jednotková kupní cena nemovitosti,7432,Celkem,0,Česko,CZ,Jihomoravský kraj,CZ064,Blansko,CZ0641,Rodinné domy [Kč/m2],10302,2023,2023,40124
Průměrná jednotková kupní cena nemovitosti,7432,Celkem,0,Česko,CZ,Jihomoravský kraj,CZ064,Blansko,CZ0641,Rodinné domy [Kč/m2],10302,2024,2024,43178
Průměrná jednotková kupní cena nemovitosti,7432,Celkem,0,Česko,CZ,Jihomoravský kraj,CZ064,Blansko,CZ0641,Rodinné domy [Kč/m2],10302,2025,2025,49333
Průměrná jednotková kupní cena nemovitosti,7432,Celkem,0,Česko,CZ,Jihomoravský kraj,CZ064,Blansko,CZ0641,Byty [Kč/m2],10602,2019,2019,29571
Průměrná jednotková kupní cena nemovitosti,7432,Celkem,0,Česko,CZ,Jihomoravský kraj,CZ064,Blansko,CZ0641,Byty [Kč/m2],10602,2020,2020,32760
Průměrná jednotková kupní cena nemovitosti,7432,Celkem,0,Česko,CZ,Jihomoravský kraj,CZ064,Blansko,CZ0641,Byty [Kč/m2],10602,2021,2021,37654
Průměrná jednotková kupní cena nemovitosti,7432,Celkem,0,Česko,CZ,Jihomoravský kraj,CZ064,Blansko,CZ0641,Byty [Kč/m2],10602,2022,2022,48009
Průměrná jednotková kupní cena nemovitosti,7432,Celkem,0,Česko,CZ,Jihomoravský kraj,CZ064,Blansko,CZ0641,Byty [Kč/m2],10602,2023,2023,54088
Průměrná jednotková kupní cena nemovitosti,7432,Celkem,0,Česko,CZ,Jihomoravský kraj,CZ064,Blansko,CZ0641,Byty [Kč/m2],10602,2024,2024,54688
Průměrná jednotková kupní cena nemovitosti,7432,Celkem,0,Česko,CZ,Jihomoravský kraj,CZ064,Blansko,CZ0641,Byty [Kč/m2],10602,2025,2025,60745
Průměrná jednotková kupní cena nemovitosti,7432,Celkem,0,Česko,CZ,Jihomoravský kraj,CZ064,Brno-město,CZ0642,Rodinné domy [Kč/m2],10302,2019,2019,52142
Průměrná jednotková kupní cena nemovitosti,7432,Celkem,0,Česko,CZ,Jihomoravský kraj,CZ064,Brno-město,CZ0642,Rodinné domy [Kč/m2],10302,2020,2020,53555
Průměrná jednotková kupní cena nemovitosti,7432,Celkem,0,Česko,CZ,Jihomoravský kraj,CZ064,Brno-město,CZ0642,Rodinné domy [Kč/m2],10302,2021,2021,66229
Průměrná jednotková kupní cena nemovitosti,7432,Celkem,0,Česko,CZ,Jihomoravský kraj,CZ064,Brno-město,CZ0642,Rodinné domy [Kč/m2],10302,2022,2022,74250
Průměrná jednotková kupní cena nemovitosti,7432,Celkem,0,Česko,CZ,Jihomoravský kraj,CZ064,Brno-město,CZ0642,Rodinné domy [Kč/m2],10302,2023,2023,78210
Průměrná jednotková kupní cena nemovitosti,7432,Celkem,0,Česko,CZ,Jihomoravský kraj,CZ064,Brno-město,CZ0642,Rodinné domy [Kč/m2],10302,2024,2024,83771
Průměrná jednotková kupní cena nemovitosti,7432,Celkem,0,Česko,CZ,Jihomoravský kraj,CZ064,Brno-město,CZ0642,Rodinné domy [Kč/m2],10302,2025,2025,88459
Průměrná jednotková kupní cena nemovitosti,7432,Celkem,0,Česko,CZ,Jihomoravský kraj,CZ064,Brno-město,CZ0642,Byty [Kč/m2],10602,2019,2019,50541
Průměrná jednotková kupní cena nemovitosti,7432,Celkem,0,Česko,CZ,Jihomoravský kraj,CZ064,Brno-město,CZ0642,Byty [Kč/m2],10602,2020,2020,57424
Průměrná jednotková kupní cena nemovitosti,7432,Celkem,0,Česko,CZ,Jihomoravský kraj,CZ064,Brno-město,CZ0642,Byty [Kč/m2],10602,2021,2021,71268
Průměrná jednotková kupní cena nemovitosti,7432,Celkem,0,Česko,CZ,Jihomoravský kraj,CZ064,Brno-město,CZ0642,Byty [Kč/m2],10602,2022,2022,83396
Průměrná jednotková kupní cena nemovitosti,7432,Celkem,0,Česko,CZ,Jihomoravský kraj,CZ064,Brno-město,CZ0642,Byty [Kč/m2],10602,2023,2023,77827
Průměrná jednotková kupní cena nemovitosti,7432,Celkem,0,Česko,CZ,Jihomoravský kraj,CZ064,Brno-město,CZ0642,Byty [Kč/m2],10602,2024,2024,88333
Průměrná jednotková kupní cena nemovitosti,7432,Celkem,0,Česko,CZ,Jihomoravský kraj,CZ064,Brno-město,CZ0642,Byty [Kč/m2],10602,2025,2025,99713
Průměrná jednotková kupní cena nemovitosti,7432,Celkem,0,Česko,CZ,Jihomoravský kraj,CZ064,Brno-venkov,CZ0643,Rodinné domy [Kč/m2],10302,2019,2019,33348
Průměrná jednotková kupní cena nemovitosti,7432,Celkem,0,Česko,CZ,Jihomoravský kraj,CZ064,Brno-venkov,CZ0643,Rodinné domy [Kč/m2],10302,2020,2020,35423
Průměrná jednotková kupní cena nemovitosti,7432,Celkem,0,Česko,CZ,Jihomoravský kraj,CZ064,Brno-venkov,CZ0643,Rodinné domy [Kč/m2],10302,2021,2021,41565
Průměrná jednotková kupní cena nemovitosti,7432,Celkem,0,Česko,CZ,Jihomoravský kraj,CZ064,Brno-venkov,CZ0643,Rodinné domy [Kč/m2],10302,2022,2022,46032
Průměrná jednotková kupní cena nemovitosti,7432,Celkem,0,Česko,CZ,Jihomoravský kraj,CZ064,Brno-venkov,CZ0643,Rodinné domy [Kč/m2],10302,2023,2023,47374
Průměrná jednotková kupní cena nemovitosti,7432,Celkem,0,Česko,CZ,Jihomoravský kraj,CZ064,Brno-venkov,CZ0643,Rodinné domy [Kč/m2],10302,2024,2024,49814
Průměrná jednotková kupní cena nemovitosti,7432,Celkem,0,Česko,CZ,Jihomoravský kraj,CZ064,Brno-venkov,CZ0643,Rodinné domy [Kč/m2],10302,2025,2025,58639
Průměrná jednotková kupní cena nemovitosti,7432,Celkem,0,Česko,CZ,Jihomoravský kraj,CZ064,Brno-venkov,CZ0643,Byty [Kč/m2],10602,2019,2019,31614
Průměrná jednotková kupní cena nemovitosti,7432,Celkem,0,Česko,CZ,Jihomoravský kraj,CZ064,Brno-venkov,CZ0643,Byty [Kč/m2],10602,2020,2020,36495
Průměrná jednotková kupní cena nemovitosti,7432,Celkem,0,Česko,CZ,Jihomoravský kraj,CZ064,Brno-venkov,CZ0643,Byty [Kč/m2],10602,2021,2021,42803
Průměrná jednotková kupní cena nemovitosti,7432,Celkem,0,Česko,CZ,Jihomoravský kraj,CZ064,Brno-venkov,CZ0643,Byty [Kč/m2],10602,2022,2022,51537
Průměrná jednotková kupní cena nemovitosti,7432,Celkem,0,Česko,CZ,Jihomoravský kraj,CZ064,Brno-venkov,CZ0643,Byty [Kč/m2],10602,2023,2023,52672
Průměrná jednotková kupní cena nemovitosti,7432,Celkem,0,Česko,CZ,Jihomoravský kraj,CZ064,Brno-venkov,CZ0643,Byty [Kč/m2],10602,2024,2024,59496
Průměrná jednotková kupní cena nemovitosti,7432,Celkem,0,Česko,CZ,Jihomoravský kraj,CZ064,Brno-venkov,CZ0643,Byty [Kč/m2],10602,2025,2025,67813
Průměrná jednotková kupní cena nemovitosti,7432,Celkem,0,Česko,CZ,Jihomoravský kraj,CZ064,Břeclav,CZ0644,Rodinné domy [Kč/m2],10302,2019,2019,27642
Průměrná jednotková kupní cena nemovitosti,7432,Celkem,0,Česko,CZ,Jihomoravský kraj,CZ064,Břeclav,CZ0644,Rodinné domy [Kč/m2],10302,2020,2020,33451
Průměrná jednotková kupní cena nemovitosti,7432,Celkem,0,Česko,CZ,Jihomoravský kraj,CZ064,Břeclav,CZ0644,Rodinné domy [Kč/m2],10302,2021,2021,37851
Průměrná jednotková kupní cena nemovitosti,7432,Celkem,0,Česko,CZ,Jihomoravský kraj,CZ064,Břeclav,CZ0644,Rodinné domy [Kč/m2],10302,2022,2022,42812
Průměrná jednotková kupní cena nemovitosti,7432,Celkem,0,Česko,CZ,Jihomoravský kraj,CZ064,Břeclav,CZ0644,Rodinné domy [Kč/m2],10302,2023,2023,42749
Průměrná jednotková kupní cena nemovitosti,7432,Celkem,0,Česko,CZ,Jihomoravský kraj,CZ064,Břeclav,CZ0644,Rodinné domy [Kč/m2],10302,2024,2024,44972
Průměrná jednotková kupní cena nemovitosti,7432,Celkem,0,Česko,CZ,Jihomoravský kraj,CZ064,Břeclav,CZ0644,Rodinné domy [Kč/m2],10302,2025,2025,46871
Průměrná jednotková kupní cena nemovitosti,7432,Celkem,0,Česko,CZ,Jihomoravský kraj,CZ064,Břeclav,CZ0644,Byty [Kč/m2],10602,2019,2019,28093
Průměrná jednotková kupní cena nemovitosti,7432,Celkem,0,Česko,CZ,Jihomoravský kraj,CZ064,Břeclav,CZ0644,Byty [Kč/m2],10602,2020,2020,35023
Průměrná jednotková kupní cena nemovitosti,7432,Celkem,0,Česko,CZ,Jihomoravský kraj,CZ064,Břeclav,CZ0644,Byty [Kč/m2],10602,2021,2021,42042
Průměrná jednotková kupní cena nemovitosti,7432,Celkem,0,Česko,CZ,Jihomoravský kraj,CZ064,Břeclav,CZ0644,Byty [Kč/m2],10602,2022,2022,53168
Průměrná jednotková kupní cena nemovitosti,7432,Celkem,0,Česko,CZ,Jihomoravský kraj,CZ064,Břeclav,CZ0644,Byty [Kč/m2],10602,2023,2023,47695
Průměrná jednotková kupní cena nemovitosti,7432,Celkem,0,Česko,CZ,Jihomoravský kraj,CZ064,Břeclav,CZ0644,Byty [Kč/m2],10602,2024,2024,52731
Průměrná jednotková kupní cena nemovitosti,7432,Celkem,0,Česko,CZ,Jihomoravský kraj,CZ064,Břeclav,CZ0644,Byty [Kč/m2],10602,2025,2025,57922
Průměrná jednotková kupní cena nemovitosti,7432,Celkem,0,Česko,CZ,Jihomoravský kraj,CZ064,Hodonín,CZ0645,Rodinné domy [Kč/m2],10302,2019,2019,25633
Průměrná jednotková kupní cena nemovitosti,7432,Celkem,0,Česko,CZ,Jihomoravský kraj,CZ064,Hodonín,CZ0645,Rodinné domy [Kč/m2],10302,2020,2020,26377
Průměrná jednotková kupní cena nemovitosti,7432,Celkem,0,Česko,CZ,Jihomoravský kraj,CZ064,Hodonín,CZ0645,Rodinné domy [Kč/m2],10302,2021,2021,34099
Průměrná jednotková kupní cena nemovitosti,7432,Celkem,0,Česko,CZ,Jihomoravský kraj,CZ064,Hodonín,CZ0645,Rodinné domy [Kč/m2],10302,2022,2022,37531
Průměrná jednotková kupní cena nemovitosti,7432,Celkem,0,Česko,CZ,Jihomoravský kraj,CZ064,Hodonín,CZ0645,Rodinné domy [Kč/m2],10302,2023,2023,37115
Průměrná jednotková kupní cena nemovitosti,7432,Celkem,0,Česko,CZ,Jihomoravský kraj,CZ064,Hodonín,CZ0645,Rodinné domy [Kč/m2],10302,2024,2024,41659
Průměrná jednotková kupní cena nemovitosti,7432,Celkem,0,Česko,CZ,Jihomoravský kraj,CZ064,Hodonín,CZ0645,Rodinné domy [Kč/m2],10302,2025,2025,42203
Průměrná jednotková kupní cena nemovitosti,7432,Celkem,0,Česko,CZ,Jihomoravský kraj,CZ064,Hodonín,CZ0645,Byty [Kč/m2],10602,2019,2019,25887
Průměrná jednotková kupní cena nemovitosti,7432,Celkem,0,Česko,CZ,Jihomoravský kraj,CZ064,Hodonín,CZ0645,Byty [Kč/m2],10602,2020,2020,29435
Průměrná jednotková kupní cena nemovitosti,7432,Celkem,0,Česko,CZ,Jihomoravský kraj,CZ064,Hodonín,CZ0645,Byty [Kč/m2],10602,2021,2021,39034
Průměrná jednotková kupní cena nemovitosti,7432,Celkem,0,Česko,CZ,Jihomoravský kraj,CZ064,Hodonín,CZ0645,Byty [Kč/m2],10602,2022,2022,49021
Průměrná jednotková kupní cena nemovitosti,7432,Celkem,0,Česko,CZ,Jihomoravský kraj,CZ064,Hodonín,CZ0645,Byty [Kč/m2],10602,2023,2023,44593
Průměrná jednotková kupní cena nemovitosti,7432,Celkem,0,Česko,CZ,Jihomoravský kraj,CZ064,Hodonín,CZ0645,Byty [Kč/m2],10602,2024,2024,47335
Průměrná jednotková kupní cena nemovitosti,7432,Celkem,0,Česko,CZ,Jihomoravský kraj,CZ064,Hodonín,CZ0645,Byty [Kč/m2],10602,2025,2025,55390
Průměrná jednotková kupní cena nemovitosti,7432,Celkem,0,Česko,CZ,Jihomoravský kraj,CZ064,Vyškov,CZ0646,Rodinné domy [Kč/m2],10302,2019,2019,28802
Průměrná jednotková kupní cena nemovitosti,7432,Celkem,0,Česko,CZ,Jihomoravský kraj,CZ064,Vyškov,CZ0646,Rodinné domy [Kč/m2],10302,2020,2020,32893
Průměrná jednotková kupní cena nemovitosti,7432,Celkem,0,Česko,CZ,Jihomoravský kraj,CZ064,Vyškov,CZ0646,Rodinné domy [Kč/m2],10302,2021,2021,38000
Průměrná jednotková kupní cena nemovitosti,7432,Celkem,0,Česko,CZ,Jihomoravský kraj,CZ064,Vyškov,CZ0646,Rodinné domy [Kč/m2],10302,2022,2022,42683
Průměrná jednotková kupní cena nemovitosti,7432,Celkem,0,Česko,CZ,Jihomoravský kraj,CZ064,Vyškov,CZ0646,Rodinné domy [Kč/m2],10302,2023,2023,43102
Průměrná jednotková kupní cena nemovitosti,7432,Celkem,0,Česko,CZ,Jihomoravský kraj,CZ064,Vyškov,CZ0646,Rodinné domy [Kč/m2],10302,2024,2024,48376
Průměrná jednotková kupní cena nemovitosti,7432,Celkem,0,Česko,CZ,Jihomoravský kraj,CZ064,Vyškov,CZ0646,Rodinné domy [Kč/m2],10302,2025,2025,51062
Průměrná jednotková kupní cena nemovitosti,7432,Celkem,0,Česko,CZ,Jihomoravský kraj,CZ064,Vyškov,CZ0646,Byty [Kč/m2],10602,2019,2019,30272
Průměrná jednotková kupní cena nemovitosti,7432,Celkem,0,Česko,CZ,Jihomoravský kraj,CZ064,Vyškov,CZ0646,Byty [Kč/m2],10602,2020,2020,34267
Průměrná jednotková kupní cena nemovitosti,7432,Celkem,0,Česko,CZ,Jihomoravský kraj,CZ064,Vyškov,CZ0646,Byty [Kč/m2],10602,2021,2021,44575
Průměrná jednotková kupní cena nemovitosti,7432,Celkem,0,Česko,CZ,Jihomoravský kraj,CZ064,Vyškov,CZ0646,Byty [Kč/m2],10602,2022,2022,48168
Průměrná jednotková kupní cena nemovitosti,7432,Celkem,0,Česko,CZ,Jihomoravský kraj,CZ064,Vyškov,CZ0646,Byty [Kč/m2],10602,2023,2023,53716
Průměrná jednotková kupní cena nemovitosti,7432,Celkem,0,Česko,CZ,Jihomoravský kraj,CZ064,Vyškov,CZ0646,Byty [Kč/m2],10602,2024,2024,54568
Průměrná jednotková kupní cena nemovitosti,7432,Celkem,0,Česko,CZ,Jihomoravský kraj,CZ064,Vyškov,CZ0646,Byty [Kč/m2],10602,2025,2025,61266
Průměrná jednotková kupní cena nemovitosti,7432,Celkem,0,Česko,CZ,Jihomoravský kraj,CZ064,Znojmo,CZ0647,Rodinné domy [Kč/m2],10302,2019,2019,28994
Průměrná jednotková kupní cena nemovitosti,7432,Celkem,0,Česko,CZ,Jihomoravský kraj,CZ064,Znojmo,CZ0647,Rodinné domy [Kč/m2],10302,2020,2020,30245
Průměrná jednotková kupní cena nemovitosti,7432,Celkem,0,Česko,CZ,Jihomoravský kraj,CZ064,Znojmo,CZ0647,Rodinné domy [Kč/m2],10302,2021,2021,33475
Průměrná jednotková kupní cena nemovitosti,7432,Celkem,0,Česko,CZ,Jihomoravský kraj,CZ064,Znojmo,CZ0647,Rodinné domy [Kč/m2],10302,2022,2022,41655
Průměrná jednotková kupní cena nemovitosti,7432,Celkem,0,Česko,CZ,Jihomoravský kraj,CZ064,Znojmo,CZ0647,Rodinné domy [Kč/m2],10302,2023,2023,42922
Průměrná jednotková kupní cena nemovitosti,7432,Celkem,0,Česko,CZ,Jihomoravský kraj,CZ064,Znojmo,CZ0647,Rodinné domy [Kč/m2],10302,2024,2024,43524
Průměrná jednotková kupní cena nemovitosti,7432,Celkem,0,Česko,CZ,Jihomoravský kraj,CZ064,Znojmo,CZ0647,Rodinné domy [Kč/m2],10302,2025,2025,52348
Průměrná jednotková kupní cena nemovitosti,7432,Celkem,0,Česko,CZ,Jihomoravský kraj,CZ064,Znojmo,CZ0647,Byty [Kč/m2],10602,2019,2019,27366
Průměrná jednotková kupní cena nemovitosti,7432,Celkem,0,Česko,CZ,Jihomoravský kraj,CZ064,Znojmo,CZ0647,Byty [Kč/m2],10602,2020,2020,32411
Průměrná jednotková kupní cena nemovitosti,7432,Celkem,0,Česko,CZ,Jihomoravský kraj,CZ064,Znojmo,CZ0647,Byty [Kč/m2],10602,2021,2021,38905
Průměrná jednotková kupní cena nemovitosti,7432,Celkem,0,Česko,CZ,Jihomoravský kraj,CZ064,Znojmo,CZ0647,Byty [Kč/m2],10602,2022,2022,48161
Průměrná jednotková kupní cena nemovitosti,7432,Celkem,0,Česko,CZ,Jihomoravský kraj,CZ064,Znojmo,CZ0647,Byty [Kč/m2],10602,2023,2023,45407
Průměrná jednotková kupní cena nemovitosti,7432,Celkem,0,Česko,CZ,Jihomoravský kraj,CZ064,Znojmo,CZ0647,Byty [Kč/m2],10602,2024,2024,46677
Průměrná jednotková kupní cena nemovitosti,7432,Celkem,0,Česko,CZ,Jihomoravský kraj,CZ064,Znojmo,CZ0647,Byty [Kč/m2],10602,2025,2025,53762
Průměrná jednotková kupní cena nemovitosti,7432,Celkem,0,Česko,CZ,Olomoucký kraj,CZ071,Jeseník,CZ0711,Rodinné domy [Kč/m2],10302,2019,2019,18877
Průměrná jednotková kupní cena nemovitosti,7432,Celkem,0,Česko,CZ,Olomoucký kraj,CZ071,Jeseník,CZ0711,Rodinné domy [Kč/m2],10302,2020,2020,24985
Průměrná jednotková kupní cena nemovitosti,7432,Celkem,0,Česko,CZ,Olomoucký kraj,CZ071,Jeseník,CZ0711,Rodinné domy [Kč/m2],10302,2021,2021,27542
Průměrná jednotková kupní cena nemovitosti,7432,Celkem,0,Česko,CZ,Olomoucký kraj,CZ071,Jeseník,CZ0711,Rodinné domy [Kč/m2],10302,2022,2022,34150
Průměrná jednotková kupní cena nemovitosti,7432,Celkem,0,Česko,CZ,Olomoucký kraj,CZ071,Jeseník,CZ0711,Rodinné domy [Kč/m2],10302,2023,2023,33760
Průměrná jednotková kupní cena nemovitosti,7432,Celkem,0,Česko,CZ,Olomoucký kraj,CZ071,Jeseník,CZ0711,Rodinné domy [Kč/m2],10302,2024,2024,37375
Průměrná jednotková kupní cena nemovitosti,7432,Celkem,0,Česko,CZ,Olomoucký kraj,CZ071,Jeseník,CZ0711,Rodinné domy [Kč/m2],10302,2025,2025,38628
Průměrná jednotková kupní cena nemovitosti,7432,Celkem,0,Česko,CZ,Olomoucký kraj,CZ071,Jeseník,CZ0711,Byty [Kč/m2],10602,2019,2019,17998
Průměrná jednotková kupní cena nemovitosti,7432,Celkem,0,Česko,CZ,Olomoucký kraj,CZ071,Jeseník,CZ0711,Byty [Kč/m2],10602,2020,2020,22679
Průměrná jednotková kupní cena nemovitosti,7432,Celkem,0,Česko,CZ,Olomoucký kraj,CZ071,Jeseník,CZ0711,Byty [Kč/m2],10602,2021,2021,29682
Průměrná jednotková kupní cena nemovitosti,7432,Celkem,0,Česko,CZ,Olomoucký kraj,CZ071,Jeseník,CZ0711,Byty [Kč/m2],10602,2022,2022,36869
Průměrná jednotková kupní cena nemovitosti,7432,Celkem,0,Česko,CZ,Olomoucký kraj,CZ071,Jeseník,CZ0711,Byty [Kč/m2],10602,2023,2023,35462
Průměrná jednotková kupní cena nemovitosti,7432,Celkem,0,Česko,CZ,Olomoucký kraj,CZ071,Jeseník,CZ0711,Byty [Kč/m2],10602,2024,2024,35742
Průměrná jednotková kupní cena nemovitosti,7432,Celkem,0,Česko,CZ,Olomoucký kraj,CZ071,Jeseník,CZ0711,Byty [Kč/m2],10602,2025,2025,39625
Průměrná jednotková kupní cena nemovitosti,7432,Celkem,0,Česko,CZ,Olomoucký kraj,CZ071,Olomouc,CZ0712,Rodinné domy [Kč/m2],10302,2019,2019,30537
Průměrná jednotková kupní cena nemovitosti,7432,Celkem,0,Česko,CZ,Olomoucký kraj,CZ071,Olomouc,CZ0712,Rodinné domy [Kč/m2],10302,2020,2020,31923
Průměrná jednotková kupní cena nemovitosti,7432,Celkem,0,Česko,CZ,Olomoucký kraj,CZ071,Olomouc,CZ0712,Rodinné domy [Kč/m2],10302,2021,2021,36587
Průměrná jednotková kupní cena nemovitosti,7432,Celkem,0,Česko,CZ,Olomoucký kraj,CZ071,Olomouc,CZ0712,Rodinné domy [Kč/m2],10302,2022,2022,42785
Průměrná jednotková kupní cena nemovitosti,7432,Celkem,0,Česko,CZ,Olomoucký kraj,CZ071,Olomouc,CZ0712,Rodinné domy [Kč/m2],10302,2023,2023,46780
Průměrná jednotková kupní cena nemovitosti,7432,Celkem,0,Česko,CZ,Olomoucký kraj,CZ071,Olomouc,CZ0712,Rodinné domy [Kč/m2],10302,2024,2024,43834
Průměrná jednotková kupní cena nemovitosti,7432,Celkem,0,Česko,CZ,Olomoucký kraj,CZ071,Olomouc,CZ0712,Rodinné domy [Kč/m2],10302,2025,2025,50544
Průměrná jednotková kupní cena nemovitosti,7432,Celkem,0,Česko,CZ,Olomoucký kraj,CZ071,Olomouc,CZ0712,Byty [Kč/m2],10602,2019,2019,34601
Průměrná jednotková kupní cena nemovitosti,7432,Celkem,0,Česko,CZ,Olomoucký kraj,CZ071,Olomouc,CZ0712,Byty [Kč/m2],10602,2020,2020,40223
Průměrná jednotková kupní cena nemovitosti,7432,Celkem,0,Česko,CZ,Olomoucký kraj,CZ071,Olomouc,CZ0712,Byty [Kč/m2],10602,2021,2021,48187
Průměrná jednotková kupní cena nemovitosti,7432,Celkem,0,Česko,CZ,Olomoucký kraj,CZ071,Olomouc,CZ0712,Byty [Kč/m2],10602,2022,2022,58152
Průměrná jednotková kupní cena nemovitosti,7432,Celkem,0,Česko,CZ,Olomoucký kraj,CZ071,Olomouc,CZ0712,Byty [Kč/m2],10602,2023,2023,55113
Průměrná jednotková kupní cena nemovitosti,7432,Celkem,0,Česko,CZ,Olomoucký kraj,CZ071,Olomouc,CZ0712,Byty [Kč/m2],10602,2024,2024,58826
Průměrná jednotková kupní cena nemovitosti,7432,Celkem,0,Česko,CZ,Olomoucký kraj,CZ071,Olomouc,CZ0712,Byty [Kč/m2],10602,2025,2025,67418
Průměrná jednotková kupní cena nemovitosti,7432,Celkem,0,Česko,CZ,Olomoucký kraj,CZ071,Prostějov,CZ0713,Rodinné domy [Kč/m2],10302,2019,2019,24561
Průměrná jednotková kupní cena nemovitosti,7432,Celkem,0,Česko,CZ,Olomoucký kraj,CZ071,Prostějov,CZ0713,Rodinné domy [Kč/m2],10302,2020,2020,25912
Průměrná jednotková kupní cena nemovitosti,7432,Celkem,0,Česko,CZ,Olomoucký kraj,CZ071,Prostějov,CZ0713,Rodinné domy [Kč/m2],10302,2021,2021,32338
Průměrná jednotková kupní cena nemovitosti,7432,Celkem,0,Česko,CZ,Olomoucký kraj,CZ071,Prostějov,CZ0713,Rodinné domy [Kč/m2],10302,2022,2022,38702
Průměrná jednotková kupní cena nemovitosti,7432,Celkem,0,Česko,CZ,Olomoucký kraj,CZ071,Prostějov,CZ0713,Rodinné domy [Kč/m2],10302,2023,2023,37524
Průměrná jednotková kupní cena nemovitosti,7432,Celkem,0,Česko,CZ,Olomoucký kraj,CZ071,Prostějov,CZ0713,Rodinné domy [Kč/m2],10302,2024,2024,39703
Průměrná jednotková kupní cena nemovitosti,7432,Celkem,0,Česko,CZ,Olomoucký kraj,CZ071,Prostějov,CZ0713,Rodinné domy [Kč/m2],10302,2025,2025,42100
Průměrná jednotková kupní cena nemovitosti,7432,Celkem,0,Česko,CZ,Olomoucký kraj,CZ071,Prostějov,CZ0713,Byty [Kč/m2],10602,2019,2019,25030
Průměrná jednotková kupní cena nemovitosti,7432,Celkem,0,Česko,CZ,Olomoucký kraj,CZ071,Prostějov,CZ0713,Byty [Kč/m2],10602,2020,2020,29467
Průměrná jednotková kupní cena nemovitosti,7432,Celkem,0,Česko,CZ,Olomoucký kraj,CZ071,Prostějov,CZ0713,Byty [Kč/m2],10602,2021,2021,36806
Průměrná jednotková kupní cena nemovitosti,7432,Celkem,0,Česko,CZ,Olomoucký kraj,CZ071,Prostějov,CZ0713,Byty [Kč/m2],10602,2022,2022,46498
Průměrná jednotková kupní cena nemovitosti,7432,Celkem,0,Česko,CZ,Olomoucký kraj,CZ071,Prostějov,CZ0713,Byty [Kč/m2],10602,2023,2023,42691
Průměrná jednotková kupní cena nemovitosti,7432,Celkem,0,Česko,CZ,Olomoucký kraj,CZ071,Prostějov,CZ0713,Byty [Kč/m2],10602,2024,2024,46261
Průměrná jednotková kupní cena nemovitosti,7432,Celkem,0,Česko,CZ,Olomoucký kraj,CZ071,Prostějov,CZ0713,Byty [Kč/m2],10602,2025,2025,52960
Průměrná jednotková kupní cena nemovitosti,7432,Celkem,0,Česko,CZ,Olomoucký kraj,CZ071,Přerov,CZ0714,Rodinné domy [Kč/m2],10302,2019,2019,22567
Průměrná jednotková kupní cena nemovitosti,7432,Celkem,0,Česko,CZ,Olomoucký kraj,CZ071,Přerov,CZ0714,Rodinné domy [Kč/m2],10302,2020,2020,23870
Průměrná jednotková kupní cena nemovitosti,7432,Celkem,0,Česko,CZ,Olomoucký kraj,CZ071,Přerov,CZ0714,Rodinné domy [Kč/m2],10302,2021,2021,29046
Průměrná jednotková kupní cena nemovitosti,7432,Celkem,0,Česko,CZ,Olomoucký kraj,CZ071,Přerov,CZ0714,Rodinné domy [Kč/m2],10302,2022,2022,35096
Průměrná jednotková kupní cena nemovitosti,7432,Celkem,0,Česko,CZ,Olomoucký kraj,CZ071,Přerov,CZ0714,Rodinné domy [Kč/m2],10302,2023,2023,34180
Průměrná jednotková kupní cena nemovitosti,7432,Celkem,0,Česko,CZ,Olomoucký kraj,CZ071,Přerov,CZ0714,Rodinné domy [Kč/m2],10302,2024,2024,35352
Průměrná jednotková kupní cena nemovitosti,7432,Celkem,0,Česko,CZ,Olomoucký kraj,CZ071,Přerov,CZ0714,Rodinné domy [Kč/m2],10302,2025,2025,39017
Průměrná jednotková kupní cena nemovitosti,7432,Celkem,0,Česko,CZ,Olomoucký kraj,CZ071,Přerov,CZ0714,Byty [Kč/m2],10602,2019,2019,23032
Průměrná jednotková kupní cena nemovitosti,7432,Celkem,0,Česko,CZ,Olomoucký kraj,CZ071,Přerov,CZ0714,Byty [Kč/m2],10602,2020,2020,25819
Průměrná jednotková kupní cena nemovitosti,7432,Celkem,0,Česko,CZ,Olomoucký kraj,CZ071,Přerov,CZ0714,Byty [Kč/m2],10602,2021,2021,33492
Průměrná jednotková kupní cena nemovitosti,7432,Celkem,0,Česko,CZ,Olomoucký kraj,CZ071,Přerov,CZ0714,Byty [Kč/m2],10602,2022,2022,41925
Průměrná jednotková kupní cena nemovitosti,7432,Celkem,0,Česko,CZ,Olomoucký kraj,CZ071,Přerov,CZ0714,Byty [Kč/m2],10602,2023,2023,39043
Průměrná jednotková kupní cena nemovitosti,7432,Celkem,0,Česko,CZ,Olomoucký kraj,CZ071,Přerov,CZ0714,Byty [Kč/m2],10602,2024,2024,41970
Průměrná jednotková kupní cena nemovitosti,7432,Celkem,0,Česko,CZ,Olomoucký kraj,CZ071,Přerov,CZ0714,Byty [Kč/m2],10602,2025,2025,49550
Průměrná jednotková kupní cena nemovitosti,7432,Celkem,0,Česko,CZ,Olomoucký kraj,CZ071,Šumperk,CZ0715,Rodinné domy [Kč/m2],10302,2019,2019,23326
Průměrná jednotková kupní cena nemovitosti,7432,Celkem,0,Česko,CZ,Olomoucký kraj,CZ071,Šumperk,CZ0715,Rodinné domy [Kč/m2],10302,2020,2020,24726
Průměrná jednotková kupní cena nemovitosti,7432,Celkem,0,Česko,CZ,Olomoucký kraj,CZ071,Šumperk,CZ0715,Rodinné domy [Kč/m2],10302,2021,2021,31846
Průměrná jednotková kupní cena nemovitosti,7432,Celkem,0,Česko,CZ,Olomoucký kraj,CZ071,Šumperk,CZ0715,Rodinné domy [Kč/m2],10302,2022,2022,39304
Průměrná jednotková kupní cena nemovitosti,7432,Celkem,0,Česko,CZ,Olomoucký kraj,CZ071,Šumperk,CZ0715,Rodinné domy [Kč/m2],10302,2023,2023,36100
Průměrná jednotková kupní cena nemovitosti,7432,Celkem,0,Česko,CZ,Olomoucký kraj,CZ071,Šumperk,CZ0715,Rodinné domy [Kč/m2],10302,2024,2024,39884
Průměrná jednotková kupní cena nemovitosti,7432,Celkem,0,Česko,CZ,Olomoucký kraj,CZ071,Šumperk,CZ0715,Rodinné domy [Kč/m2],10302,2025,2025,42376
Průměrná jednotková kupní cena nemovitosti,7432,Celkem,0,Česko,CZ,Olomoucký kraj,CZ071,Šumperk,CZ0715,Byty [Kč/m2],10602,2019,2019,23528
Průměrná jednotková kupní cena nemovitosti,7432,Celkem,0,Česko,CZ,Olomoucký kraj,CZ071,Šumperk,CZ0715,Byty [Kč/m2],10602,2020,2020,26410
Průměrná jednotková kupní cena nemovitosti,7432,Celkem,0,Česko,CZ,Olomoucký kraj,CZ071,Šumperk,CZ0715,Byty [Kč/m2],10602,2021,2021,34316
Průměrná jednotková kupní cena nemovitosti,7432,Celkem,0,Česko,CZ,Olomoucký kraj,CZ071,Šumperk,CZ0715,Byty [Kč/m2],10602,2022,2022,41618
Průměrná jednotková kupní cena nemovitosti,7432,Celkem,0,Česko,CZ,Olomoucký kraj,CZ071,Šumperk,CZ0715,Byty [Kč/m2],10602,2023,2023,38260
Průměrná jednotková kupní cena nemovitosti,7432,Celkem,0,Česko,CZ,Olomoucký kraj,CZ071,Šumperk,CZ0715,Byty [Kč/m2],10602,2024,2024,41943
Průměrná jednotková kupní cena nemovitosti,7432,Celkem,0,Česko,CZ,Olomoucký kraj,CZ071,Šumperk,CZ0715,Byty [Kč/m2],10602,2025,2025,46329
Průměrná jednotková kupní cena nemovitosti,7432,Celkem,0,Česko,CZ,Zlínský kraj,CZ072,Kroměříž,CZ0721,Rodinné domy [Kč/m2],10302,2019,2019,21601
Průměrná jednotková kupní cena nemovitosti,7432,Celkem,0,Česko,CZ,Zlínský kraj,CZ072,Kroměříž,CZ0721,Rodinné domy [Kč/m2],10302,2020,2020,23230
Průměrná jednotková kupní cena nemovitosti,7432,Celkem,0,Česko,CZ,Zlínský kraj,CZ072,Kroměříž,CZ0721,Rodinné domy [Kč/m2],10302,2021,2021,29126
Průměrná jednotková kupní cena nemovitosti,7432,Celkem,0,Česko,CZ,Zlínský kraj,CZ072,Kroměříž,CZ0721,Rodinné domy [Kč/m2],10302,2022,2022,34984
Průměrná jednotková kupní cena nemovitosti,7432,Celkem,0,Česko,CZ,Zlínský kraj,CZ072,Kroměříž,CZ0721,Rodinné domy [Kč/m2],10302,2023,2023,34785
Průměrná jednotková kupní cena nemovitosti,7432,Celkem,0,Česko,CZ,Zlínský kraj,CZ072,Kroměříž,CZ0721,Rodinné domy [Kč/m2],10302,2024,2024,37528
Průměrná jednotková kupní cena nemovitosti,7432,Celkem,0,Česko,CZ,Zlínský kraj,CZ072,Kroměříž,CZ0721,Rodinné domy [Kč/m2],10302,2025,2025,37176
Průměrná jednotková kupní cena nemovitosti,7432,Celkem,0,Česko,CZ,Zlínský kraj,CZ072,Kroměříž,CZ0721,Byty [Kč/m2],10602,2019,2019,26309
Průměrná jednotková kupní cena nemovitosti,7432,Celkem,0,Česko,CZ,Zlínský kraj,CZ072,Kroměříž,CZ0721,Byty [Kč/m2],10602,2020,2020,26436
Průměrná jednotková kupní cena nemovitosti,7432,Celkem,0,Česko,CZ,Zlínský kraj,CZ072,Kroměříž,CZ0721,Byty [Kč/m2],10602,2021,2021,36560
Průměrná jednotková kupní cena nemovitosti,7432,Celkem,0,Česko,CZ,Zlínský kraj,CZ072,Kroměříž,CZ0721,Byty [Kč/m2],10602,2022,2022,43651
Průměrná jednotková kupní cena nemovitosti,7432,Celkem,0,Česko,CZ,Zlínský kraj,CZ072,Kroměříž,CZ0721,Byty [Kč/m2],10602,2023,2023,41584
Průměrná jednotková kupní cena nemovitosti,7432,Celkem,0,Česko,CZ,Zlínský kraj,CZ072,Kroměříž,CZ0721,Byty [Kč/m2],10602,2024,2024,45314
Průměrná jednotková kupní cena nemovitosti,7432,Celkem,0,Česko,CZ,Zlínský kraj,CZ072,Kroměříž,CZ0721,Byty [Kč/m2],10602,2025,2025,50176
Průměrná jednotková kupní cena nemovitosti,7432,Celkem,0,Česko,CZ,Zlínský kraj,CZ072,Uherské Hradiště,CZ0722,Rodinné domy [Kč/m2],10302,2019,2019,22809
Průměrná jednotková kupní cena nemovitosti,7432,Celkem,0,Česko,CZ,Zlínský kraj,CZ072,Uherské Hradiště,CZ0722,Rodinné domy [Kč/m2],10302,2020,2020,27113
Průměrná jednotková kupní cena nemovitosti,7432,Celkem,0,Česko,CZ,Zlínský kraj,CZ072,Uherské Hradiště,CZ0722,Rodinné domy [Kč/m2],10302,2021,2021,29317
Průměrná jednotková kupní cena nemovitosti,7432,Celkem,0,Česko,CZ,Zlínský kraj,CZ072,Uherské Hradiště,CZ0722,Rodinné domy [Kč/m2],10302,2022,2022,36541
Průměrná jednotková kupní cena nemovitosti,7432,Celkem,0,Česko,CZ,Zlínský kraj,CZ072,Uherské Hradiště,CZ0722,Rodinné domy [Kč/m2],10302,2023,2023,33049
Průměrná jednotková kupní cena nemovitosti,7432,Celkem,0,Česko,CZ,Zlínský kraj,CZ072,Uherské Hradiště,CZ0722,Rodinné domy [Kč/m2],10302,2024,2024,36984
Průměrná jednotková kupní cena nemovitosti,7432,Celkem,0,Česko,CZ,Zlínský kraj,CZ072,Uherské Hradiště,CZ0722,Rodinné domy [Kč/m2],10302,2025,2025,40228
Průměrná jednotková kupní cena nemovitosti,7432,Celkem,0,Česko,CZ,Zlínský kraj,CZ072,Uherské Hradiště,CZ0722,Byty [Kč/m2],10602,2019,2019,28335
Průměrná jednotková kupní cena nemovitosti,7432,Celkem,0,Česko,CZ,Zlínský kraj,CZ072,Uherské Hradiště,CZ0722,Byty [Kč/m2],10602,2020,2020,33238
Průměrná jednotková kupní cena nemovitosti,7432,Celkem,0,Česko,CZ,Zlínský kraj,CZ072,Uherské Hradiště,CZ0722,Byty [Kč/m2],10602,2021,2021,39358
Průměrná jednotková kupní cena nemovitosti,7432,Celkem,0,Česko,CZ,Zlínský kraj,CZ072,Uherské Hradiště,CZ0722,Byty [Kč/m2],10602,2022,2022,49210
Průměrná jednotková kupní cena nemovitosti,7432,Celkem,0,Česko,CZ,Zlínský kraj,CZ072,Uherské Hradiště,CZ0722,Byty [Kč/m2],10602,2023,2023,46146
Průměrná jednotková kupní cena nemovitosti,7432,Celkem,0,Česko,CZ,Zlínský kraj,CZ072,Uherské Hradiště,CZ0722,Byty [Kč/m2],10602,2024,2024,51351
Průměrná jednotková kupní cena nemovitosti,7432,Celkem,0,Česko,CZ,Zlínský kraj,CZ072,Uherské Hradiště,CZ0722,Byty [Kč/m2],10602,2025,2025,58761
Průměrná jednotková kupní cena nemovitosti,7432,Celkem,0,Česko,CZ,Zlínský kraj,CZ072,Vsetín,CZ0723,Rodinné domy [Kč/m2],10302,2019,2019,24345
Průměrná jednotková kupní cena nemovitosti,7432,Celkem,0,Česko,CZ,Zlínský kraj,CZ072,Vsetín,CZ0723,Rodinné domy [Kč/m2],10302,2020,2020,28406
Průměrná jednotková kupní cena nemovitosti,7432,Celkem,0,Česko,CZ,Zlínský kraj,CZ072,Vsetín,CZ0723,Rodinné domy [Kč/m2],10302,2021,2021,31957
Průměrná jednotková kupní cena nemovitosti,7432,Celkem,0,Česko,CZ,Zlínský kraj,CZ072,Vsetín,CZ0723,Rodinné domy [Kč/m2],10302,2022,2022,40363
Průměrná jednotková kupní cena nemovitosti,7432,Celkem,0,Česko,CZ,Zlínský kraj,CZ072,Vsetín,CZ0723,Rodinné domy [Kč/m2],10302,2023,2023,38602
Průměrná jednotková kupní cena nemovitosti,7432,Celkem,0,Česko,CZ,Zlínský kraj,CZ072,Vsetín,CZ0723,Rodinné domy [Kč/m2],10302,2024,2024,40849
Průměrná jednotková kupní cena nemovitosti,7432,Celkem,0,Česko,CZ,Zlínský kraj,CZ072,Vsetín,CZ0723,Rodinné domy [Kč/m2],10302,2025,2025,45640
Průměrná jednotková kupní cena nemovitosti,7432,Celkem,0,Česko,CZ,Zlínský kraj,CZ072,Vsetín,CZ0723,Byty [Kč/m2],10602,2019,2019,26273
Průměrná jednotková kupní cena nemovitosti,7432,Celkem,0,Česko,CZ,Zlínský kraj,CZ072,Vsetín,CZ0723,Byty [Kč/m2],10602,2020,2020,30165
Průměrná jednotková kupní cena nemovitosti,7432,Celkem,0,Česko,CZ,Zlínský kraj,CZ072,Vsetín,CZ0723,Byty [Kč/m2],10602,2021,2021,36329
Průměrná jednotková kupní cena nemovitosti,7432,Celkem,0,Česko,CZ,Zlínský kraj,CZ072,Vsetín,CZ0723,Byty [Kč/m2],10602,2022,2022,48114
Průměrná jednotková kupní cena nemovitosti,7432,Celkem,0,Česko,CZ,Zlínský kraj,CZ072,Vsetín,CZ0723,Byty [Kč/m2],10602,2023,2023,44242
Průměrná jednotková kupní cena nemovitosti,7432,Celkem,0,Česko,CZ,Zlínský kraj,CZ072,Vsetín,CZ0723,Byty [Kč/m2],10602,2024,2024,46082
Průměrná jednotková kupní cena nemovitosti,7432,Celkem,0,Česko,CZ,Zlínský kraj,CZ072,Vsetín,CZ0723,Byty [Kč/m2],10602,2025,2025,53472
Průměrná jednotková kupní cena nemovitosti,7432,Celkem,0,Česko,CZ,Zlínský kraj,CZ072,Zlín,CZ0724,Rodinné domy [Kč/m2],10302,2019,2019,28342
Průměrná jednotková kupní cena nemovitosti,7432,Celkem,0,Česko,CZ,Zlínský kraj,CZ072,Zlín,CZ0724,Rodinné domy [Kč/m2],10302,2020,2020,31353
Průměrná jednotková kupní cena nemovitosti,7432,Celkem,0,Česko,CZ,Zlínský kraj,CZ072,Zlín,CZ0724,Rodinné domy [Kč/m2],10302,2021,2021,36421
Průměrná jednotková kupní cena nemovitosti,7432,Celkem,0,Česko,CZ,Zlínský kraj,CZ072,Zlín,CZ0724,Rodinné domy [Kč/m2],10302,2022,2022,44439
Průměrná jednotková kupní cena nemovitosti,7432,Celkem,0,Česko,CZ,Zlínský kraj,CZ072,Zlín,CZ0724,Rodinné domy [Kč/m2],10302,2023,2023,42755
Průměrná jednotková kupní cena nemovitosti,7432,Celkem,0,Česko,CZ,Zlínský kraj,CZ072,Zlín,CZ0724,Rodinné domy [Kč/m2],10302,2024,2024,49570
Průměrná jednotková kupní cena nemovitosti,7432,Celkem,0,Česko,CZ,Zlínský kraj,CZ072,Zlín,CZ0724,Rodinné domy [Kč/m2],10302,2025,2025,52106
Průměrná jednotková kupní cena nemovitosti,7432,Celkem,0,Česko,CZ,Zlínský kraj,CZ072,Zlín,CZ0724,Byty [Kč/m2],10602,2019,2019,33143
Průměrná jednotková kupní cena nemovitosti,7432,Celkem,0,Česko,CZ,Zlínský kraj,CZ072,Zlín,CZ0724,Byty [Kč/m2],10602,2020,2020,35539
Průměrná jednotková kupní cena nemovitosti,7432,Celkem,0,Česko,CZ,Zlínský kraj,CZ072,Zlín,CZ0724,Byty [Kč/m2],10602,2021,2021,45905
Průměrná jednotková kupní cena nemovitosti,7432,Celkem,0,Česko,CZ,Zlínský kraj,CZ072,Zlín,CZ0724,Byty [Kč/m2],10602,2022,2022,52921
Průměrná jednotková kupní cena nemovitosti,7432,Celkem,0,Česko,CZ,Zlínský kraj,CZ072,Zlín,CZ0724,Byty [Kč/m2],10602,2023,2023,50572
Průměrná jednotková kupní cena nemovitosti,7432,Celkem,0,Česko,CZ,Zlínský kraj,CZ072,Zlín,CZ0724,Byty [Kč/m2],10602,2024,2024,55927
Průměrná jednotková kupní cena nemovitosti,7432,Celkem,0,Česko,CZ,Zlínský kraj,CZ072,Zlín,CZ0724,Byty [Kč/m2],10602,2025,2025,66117
Průměrná jednotková kupní cena nemovitosti,7432,Celkem,0,Česko,CZ,Moravskoslezský kraj,CZ080,Bruntál,CZ0801,Rodinné domy [Kč/m2],10302,2019,2019,22560
Průměrná jednotková kupní cena nemovitosti,7432,Celkem,0,Česko,CZ,Moravskoslezský kraj,CZ080,Bruntál,CZ0801,Rodinné domy [Kč/m2],10302,2020,2020,24681
Průměrná jednotková kupní cena nemovitosti,7432,Celkem,0,Česko,CZ,Moravskoslezský kraj,CZ080,Bruntál,CZ0801,Rodinné domy [Kč/m2],10302,2021,2021,27421
Průměrná jednotková kupní cena nemovitosti,7432,Celkem,0,Česko,CZ,Moravskoslezský kraj,CZ080,Bruntál,CZ0801,Rodinné domy [Kč/m2],10302,2022,2022,33690
Průměrná jednotková kupní cena nemovitosti,7432,Celkem,0,Česko,CZ,Moravskoslezský kraj,CZ080,Bruntál,CZ0801,Rodinné domy [Kč/m2],10302,2023,2023,34733
Průměrná jednotková kupní cena nemovitosti,7432,Celkem,0,Česko,CZ,Moravskoslezský kraj,CZ080,Bruntál,CZ0801,Rodinné domy [Kč/m2],10302,2024,2024,33471
Průměrná jednotková kupní cena nemovitosti,7432,Celkem,0,Česko,CZ,Moravskoslezský kraj,CZ080,Bruntál,CZ0801,Rodinné domy [Kč/m2],10302,2025,2025,38065
Průměrná jednotková kupní cena nemovitosti,7432,Celkem,0,Česko,CZ,Moravskoslezský kraj,CZ080,Bruntál,CZ0801,Byty [Kč/m2],10602,2019,2019,18195
Průměrná jednotková kupní cena nemovitosti,7432,Celkem,0,Česko,CZ,Moravskoslezský kraj,CZ080,Bruntál,CZ0801,Byty [Kč/m2],10602,2020,2020,19633
Průměrná jednotková kupní cena nemovitosti,7432,Celkem,0,Česko,CZ,Moravskoslezský kraj,CZ080,Bruntál,CZ0801,Byty [Kč/m2],10602,2021,2021,25192
Průměrná jednotková kupní cena nemovitosti,7432,Celkem,0,Česko,CZ,Moravskoslezský kraj,CZ080,Bruntál,CZ0801,Byty [Kč/m2],10602,2022,2022,32705
Průměrná jednotková kupní cena nemovitosti,7432,Celkem,0,Česko,CZ,Moravskoslezský kraj,CZ080,Bruntál,CZ0801,Byty [Kč/m2],10602,2023,2023,29415
Průměrná jednotková kupní cena nemovitosti,7432,Celkem,0,Česko,CZ,Moravskoslezský kraj,CZ080,Bruntál,CZ0801,Byty [Kč/m2],10602,2024,2024,30577
Průměrná jednotková kupní cena nemovitosti,7432,Celkem,0,Česko,CZ,Moravskoslezský kraj,CZ080,Bruntál,CZ0801,Byty [Kč/m2],10602,2025,2025,36921
Průměrná jednotková kupní cena nemovitosti,7432,Celkem,0,Česko,CZ,Moravskoslezský kraj,CZ080,Frýdek-Místek,CZ0802,Rodinné domy [Kč/m2],10302,2019,2019,29665
Průměrná jednotková kupní cena nemovitosti,7432,Celkem,0,Česko,CZ,Moravskoslezský kraj,CZ080,Frýdek-Místek,CZ0802,Rodinné domy [Kč/m2],10302,2020,2020,30133
Průměrná jednotková kupní cena nemovitosti,7432,Celkem,0,Česko,CZ,Moravskoslezský kraj,CZ080,Frýdek-Místek,CZ0802,Rodinné domy [Kč/m2],10302,2021,2021,36335
Průměrná jednotková kupní cena nemovitosti,7432,Celkem,0,Česko,CZ,Moravskoslezský kraj,CZ080,Frýdek-Místek,CZ0802,Rodinné domy [Kč/m2],10302,2022,2022,44614
Průměrná jednotková kupní cena nemovitosti,7432,Celkem,0,Česko,CZ,Moravskoslezský kraj,CZ080,Frýdek-Místek,CZ0802,Rodinné domy [Kč/m2],10302,2023,2023,42607
Průměrná jednotková kupní cena nemovitosti,7432,Celkem,0,Česko,CZ,Moravskoslezský kraj,CZ080,Frýdek-Místek,CZ0802,Rodinné domy [Kč/m2],10302,2024,2024,45846
Průměrná jednotková kupní cena nemovitosti,7432,Celkem,0,Česko,CZ,Moravskoslezský kraj,CZ080,Frýdek-Místek,CZ0802,Rodinné domy [Kč/m2],10302,2025,2025,48650
Průměrná jednotková kupní cena nemovitosti,7432,Celkem,0,Česko,CZ,Moravskoslezský kraj,CZ080,Frýdek-Místek,CZ0802,Byty [Kč/m2],10602,2019,2019,24339
Průměrná jednotková kupní cena nemovitosti,7432,Celkem,0,Česko,CZ,Moravskoslezský kraj,CZ080,Frýdek-Místek,CZ0802,Byty [Kč/m2],10602,2020,2020,28571
Průměrná jednotková kupní cena nemovitosti,7432,Celkem,0,Česko,CZ,Moravskoslezský kraj,CZ080,Frýdek-Místek,CZ0802,Byty [Kč/m2],10602,2021,2021,38049
Průměrná jednotková kupní cena nemovitosti,7432,Celkem,0,Česko,CZ,Moravskoslezský kraj,CZ080,Frýdek-Místek,CZ0802,Byty [Kč/m2],10602,2022,2022,45320
Průměrná jednotková kupní cena nemovitosti,7432,Celkem,0,Česko,CZ,Moravskoslezský kraj,CZ080,Frýdek-Místek,CZ0802,Byty [Kč/m2],10602,2023,2023,41649
Průměrná jednotková kupní cena nemovitosti,7432,Celkem,0,Česko,CZ,Moravskoslezský kraj,CZ080,Frýdek-Místek,CZ0802,Byty [Kč/m2],10602,2024,2024,46026
Průměrná jednotková kupní cena nemovitosti,7432,Celkem,0,Česko,CZ,Moravskoslezský kraj,CZ080,Frýdek-Místek,CZ0802,Byty [Kč/m2],10602,2025,2025,56857
Průměrná jednotková kupní cena nemovitosti,7432,Celkem,0,Česko,CZ,Moravskoslezský kraj,CZ080,Karviná,CZ0803,Rodinné domy [Kč/m2],10302,2019,2019,28128
Průměrná jednotková kupní cena nemovitosti,7432,Celkem,0,Česko,CZ,Moravskoslezský kraj,CZ080,Karviná,CZ0803,Rodinné domy [Kč/m2],10302,2020,2020,29428
Průměrná jednotková kupní cena nemovitosti,7432,Celkem,0,Česko,CZ,Moravskoslezský kraj,CZ080,Karviná,CZ0803,Rodinné domy [Kč/m2],10302,2021,2021,34500
Průměrná jednotková kupní cena nemovitosti,7432,Celkem,0,Česko,CZ,Moravskoslezský kraj,CZ080,Karviná,CZ0803,Rodinné domy [Kč/m2],10302,2022,2022,41806
Průměrná jednotková kupní cena nemovitosti,7432,Celkem,0,Česko,CZ,Moravskoslezský kraj,CZ080,Karviná,CZ0803,Rodinné domy [Kč/m2],10302,2023,2023,37805
Průměrná jednotková kupní cena nemovitosti,7432,Celkem,0,Česko,CZ,Moravskoslezský kraj,CZ080,Karviná,CZ0803,Rodinné domy [Kč/m2],10302,2024,2024,40678
Průměrná jednotková kupní cena nemovitosti,7432,Celkem,0,Česko,CZ,Moravskoslezský kraj,CZ080,Karviná,CZ0803,Rodinné domy [Kč/m2],10302,2025,2025,45448
Průměrná jednotková kupní cena nemovitosti,7432,Celkem,0,Česko,CZ,Moravskoslezský kraj,CZ080,Karviná,CZ0803,Byty [Kč/m2],10602,2019,2019,18904
Průměrná jednotková kupní cena nemovitosti,7432,Celkem,0,Česko,CZ,Moravskoslezský kraj,CZ080,Karviná,CZ0803,Byty [Kč/m2],10602,2020,2020,20923
Průměrná jednotková kupní cena nemovitosti,7432,Celkem,0,Česko,CZ,Moravskoslezský kraj,CZ080,Karviná,CZ0803,Byty [Kč/m2],10602,2021,2021,26814
Průměrná jednotková kupní cena nemovitosti,7432,Celkem,0,Česko,CZ,Moravskoslezský kraj,CZ080,Karviná,CZ0803,Byty [Kč/m2],10602,2022,2022,33048
Průměrná jednotková kupní cena nemovitosti,7432,Celkem,0,Česko,CZ,Moravskoslezský kraj,CZ080,Karviná,CZ0803,Byty [Kč/m2],10602,2023,2023,29369
Průměrná jednotková kupní cena nemovitosti,7432,Celkem,0,Česko,CZ,Moravskoslezský kraj,CZ080,Karviná,CZ0803,Byty [Kč/m2],10602,2024,2024,34175
Průměrná jednotková kupní cena nemovitosti,7432,Celkem,0,Česko,CZ,Moravskoslezský kraj,CZ080,Karviná,CZ0803,Byty [Kč/m2],10602,2025,2025,40090
Průměrná jednotková kupní cena nemovitosti,7432,Celkem,0,Česko,CZ,Moravskoslezský kraj,CZ080,Nový Jičín,CZ0804,Rodinné domy [Kč/m2],10302,2019,2019,26407
Průměrná jednotková kupní cena nemovitosti,7432,Celkem,0,Česko,CZ,Moravskoslezský kraj,CZ080,Nový Jičín,CZ0804,Rodinné domy [Kč/m2],10302,2020,2020,27285
Průměrná jednotková kupní cena nemovitosti,7432,Celkem,0,Česko,CZ,Moravskoslezský kraj,CZ080,Nový Jičín,CZ0804,Rodinné domy [Kč/m2],10302,2021,2021,32989
Průměrná jednotková kupní cena nemovitosti,7432,Celkem,0,Česko,CZ,Moravskoslezský kraj,CZ080,Nový Jičín,CZ0804,Rodinné domy [Kč/m2],10302,2022,2022,37506
Průměrná jednotková kupní cena nemovitosti,7432,Celkem,0,Česko,CZ,Moravskoslezský kraj,CZ080,Nový Jičín,CZ0804,Rodinné domy [Kč/m2],10302,2023,2023,39579
Průměrná jednotková kupní cena nemovitosti,7432,Celkem,0,Česko,CZ,Moravskoslezský kraj,CZ080,Nový Jičín,CZ0804,Rodinné domy [Kč/m2],10302,2024,2024,39319
Průměrná jednotková kupní cena nemovitosti,7432,Celkem,0,Česko,CZ,Moravskoslezský kraj,CZ080,Nový Jičín,CZ0804,Rodinné domy [Kč/m2],10302,2025,2025,43210
Průměrná jednotková kupní cena nemovitosti,7432,Celkem,0,Česko,CZ,Moravskoslezský kraj,CZ080,Nový Jičín,CZ0804,Byty [Kč/m2],10602,2019,2019,21174
Průměrná jednotková kupní cena nemovitosti,7432,Celkem,0,Česko,CZ,Moravskoslezský kraj,CZ080,Nový Jičín,CZ0804,Byty [Kč/m2],10602,2020,2020,25211
Průměrná jednotková kupní cena nemovitosti,7432,Celkem,0,Česko,CZ,Moravskoslezský kraj,CZ080,Nový Jičín,CZ0804,Byty [Kč/m2],10602,2021,2021,32379
Průměrná jednotková kupní cena nemovitosti,7432,Celkem,0,Česko,CZ,Moravskoslezský kraj,CZ080,Nový Jičín,CZ0804,Byty [Kč/m2],10602,2022,2022,41319
Průměrná jednotková kupní cena nemovitosti,7432,Celkem,0,Česko,CZ,Moravskoslezský kraj,CZ080,Nový Jičín,CZ0804,Byty [Kč/m2],10602,2023,2023,38201
Průměrná jednotková kupní cena nemovitosti,7432,Celkem,0,Česko,CZ,Moravskoslezský kraj,CZ080,Nový Jičín,CZ0804,Byty [Kč/m2],10602,2024,2024,40384
Průměrná jednotková kupní cena nemovitosti,7432,Celkem,0,Česko,CZ,Moravskoslezský kraj,CZ080,Nový Jičín,CZ0804,Byty [Kč/m2],10602,2025,2025,46662
Průměrná jednotková kupní cena nemovitosti,7432,Celkem,0,Česko,CZ,Moravskoslezský kraj,CZ080,Opava,CZ0805,Rodinné domy [Kč/m2],10302,2019,2019,27186
Průměrná jednotková kupní cena nemovitosti,7432,Celkem,0,Česko,CZ,Moravskoslezský kraj,CZ080,Opava,CZ0805,Rodinné domy [Kč/m2],10302,2020,2020,30572
Průměrná jednotková kupní cena nemovitosti,7432,Celkem,0,Česko,CZ,Moravskoslezský kraj,CZ080,Opava,CZ0805,Rodinné domy [Kč/m2],10302,2021,2021,34350
Průměrná jednotková kupní cena nemovitosti,7432,Celkem,0,Česko,CZ,Moravskoslezský kraj,CZ080,Opava,CZ0805,Rodinné domy [Kč/m2],10302,2022,2022,40495
Průměrná jednotková kupní cena nemovitosti,7432,Celkem,0,Česko,CZ,Moravskoslezský kraj,CZ080,Opava,CZ0805,Rodinné domy [Kč/m2],10302,2023,2023,38791
Průměrná jednotková kupní cena nemovitosti,7432,Celkem,0,Česko,CZ,Moravskoslezský kraj,CZ080,Opava,CZ0805,Rodinné domy [Kč/m2],10302,2024,2024,41072
Průměrná jednotková kupní cena nemovitosti,7432,Celkem,0,Česko,CZ,Moravskoslezský kraj,CZ080,Opava,CZ0805,Rodinné domy [Kč/m2],10302,2025,2025,43120
Průměrná jednotková kupní cena nemovitosti,7432,Celkem,0,Česko,CZ,Moravskoslezský kraj,CZ080,Opava,CZ0805,Byty [Kč/m2],10602,2019,2019,27922
Průměrná jednotková kupní cena nemovitosti,7432,Celkem,0,Česko,CZ,Moravskoslezský kraj,CZ080,Opava,CZ0805,Byty [Kč/m2],10602,2020,2020,29371
Průměrná jednotková kupní cena nemovitosti,7432,Celkem,0,Česko,CZ,Moravskoslezský kraj,CZ080,Opava,CZ0805,Byty [Kč/m2],10602,2021,2021,38343
Průměrná jednotková kupní cena nemovitosti,7432,Celkem,0,Česko,CZ,Moravskoslezský kraj,CZ080,Opava,CZ0805,Byty [Kč/m2],10602,2022,2022,46814
Průměrná jednotková kupní cena nemovitosti,7432,Celkem,0,Česko,CZ,Moravskoslezský kraj,CZ080,Opava,CZ0805,Byty [Kč/m2],10602,2023,2023,43002
Průměrná jednotková kupní cena nemovitosti,7432,Celkem,0,Česko,CZ,Moravskoslezský kraj,CZ080,Opava,CZ0805,Byty [Kč/m2],10602,2024,2024,47874
Průměrná jednotková kupní cena nemovitosti,7432,Celkem,0,Česko,CZ,Moravskoslezský kraj,CZ080,Opava,CZ0805,Byty [Kč/m2],10602,2025,2025,54502
Průměrná jednotková kupní cena nemovitosti,7432,Celkem,0,Česko,CZ,Moravskoslezský kraj,CZ080,Ostrava-město,CZ0806,Rodinné domy [Kč/m2],10302,2019,2019,35267
Průměrná jednotková kupní cena nemovitosti,7432,Celkem,0,Česko,CZ,Moravskoslezský kraj,CZ080,Ostrava-město,CZ0806,Rodinné domy [Kč/m2],10302,2020,2020,36098
Průměrná jednotková kupní cena nemovitosti,7432,Celkem,0,Česko,CZ,Moravskoslezský kraj,CZ080,Ostrava-město,CZ0806,Rodinné domy [Kč/m2],10302,2021,2021,42476
Průměrná jednotková kupní cena nemovitosti,7432,Celkem,0,Česko,CZ,Moravskoslezský kraj,CZ080,Ostrava-město,CZ0806,Rodinné domy [Kč/m2],10302,2022,2022,49908
Průměrná jednotková kupní cena nemovitosti,7432,Celkem,0,Česko,CZ,Moravskoslezský kraj,CZ080,Ostrava-město,CZ0806,Rodinné domy [Kč/m2],10302,2023,2023,53006
Průměrná jednotková kupní cena nemovitosti,7432,Celkem,0,Česko,CZ,Moravskoslezský kraj,CZ080,Ostrava-město,CZ0806,Rodinné domy [Kč/m2],10302,2024,2024,56455
Průměrná jednotková kupní cena nemovitosti,7432,Celkem,0,Česko,CZ,Moravskoslezský kraj,CZ080,Ostrava-město,CZ0806,Rodinné domy [Kč/m2],10302,2025,2025,59204
Průměrná jednotková kupní cena nemovitosti,7432,Celkem,0,Česko,CZ,Moravskoslezský kraj,CZ080,Ostrava-město,CZ0806,Byty [Kč/m2],10602,2019,2019,25219
Průměrná jednotková kupní cena nemovitosti,7432,Celkem,0,Česko,CZ,Moravskoslezský kraj,CZ080,Ostrava-město,CZ0806,Byty [Kč/m2],10602,2020,2020,30095
Průměrná jednotková kupní cena nemovitosti,7432,Celkem,0,Česko,CZ,Moravskoslezský kraj,CZ080,Ostrava-město,CZ0806,Byty [Kč/m2],10602,2021,2021,40201
Průměrná jednotková kupní cena nemovitosti,7432,Celkem,0,Česko,CZ,Moravskoslezský kraj,CZ080,Ostrava-město,CZ0806,Byty [Kč/m2],10602,2022,2022,47973
Průměrná jednotková kupní cena nemovitosti,7432,Celkem,0,Česko,CZ,Moravskoslezský kraj,CZ080,Ostrava-město,CZ0806,Byty [Kč/m2],10602,2023,2023,42813
Průměrná jednotková kupní cena nemovitosti,7432,Celkem,0,Česko,CZ,Moravskoslezský kraj,CZ080,Ostrava-město,CZ0806,Byty [Kč/m2],10602,2024,2024,49373
Průměrná jednotková kupní cena nemovitosti,7432,Celkem,0,Česko,CZ,Moravskoslezský kraj,CZ080,Ostrava-město,CZ0806,Byty [Kč/m2],10602,2025,2025,60498
Průměrná jednotková kupní cena nemovitosti,7432,do 1 999 obyv.,399999632000000,Česko,CZ,Středočeský kraj,CZ020,,,Rodinné domy [Kč/m2],10302,2019,2019,39368
Průměrná jednotková kupní cena nemovitosti,7432,do 1 999 obyv.,399999632000000,Česko,CZ,Středočeský kraj,CZ020,,,Rodinné domy [Kč/m2],10302,2020,2020,43067
Průměrná jednotková kupní cena nemovitosti,7432,do 1 999 obyv.,399999632000000,Česko,CZ,Středočeský kraj,CZ020,,,Rodinné domy [Kč/m2],10302,2021,2021,53661
Průměrná jednotková kupní cena nemovitosti,7432,do 1 999 obyv.,399999632000000,Česko,CZ,Středočeský kraj,CZ020,,,Rodinné domy [Kč/m2],10302,2022,2022,59063
Průměrná jednotková kupní cena nemovitosti,7432,do 1 999 obyv.,399999632000000,Česko,CZ,Středočeský kraj,CZ020,,,Rodinné domy [Kč/m2],10302,2023,2023,57259
Průměrná jednotková kupní cena nemovitosti,7432,do 1 999 obyv.,399999632000000,Česko,CZ,Středočeský kraj,CZ020,,,Rodinné domy [Kč/m2],10302,2024,2024,64039
Průměrná jednotková kupní cena nemovitosti,7432,do 1 999 obyv.,399999632000000,Česko,CZ,Středočeský kraj,CZ020,,,Rodinné domy [Kč/m2],10302,2025,2025,66039
Průměrná jednotková kupní cena nemovitosti,7432,do 1 999 obyv.,399999632000000,Česko,CZ,Středočeský kraj,CZ020,,,Byty [Kč/m2],10602,2019,2019,21864
Průměrná jednotková kupní cena nemovitosti,7432,do 1 999 obyv.,399999632000000,Česko,CZ,Středočeský kraj,CZ020,,,Byty [Kč/m2],10602,2020,2020,26809
Průměrná jednotková kupní cena nemovitosti,7432,do 1 999 obyv.,399999632000000,Česko,CZ,Středočeský kraj,CZ020,,,Byty [Kč/m2],10602,2021,2021,31724
Průměrná jednotková kupní cena nemovitosti,7432,do 1 999 obyv.,399999632000000,Česko,CZ,Středočeský kraj,CZ020,,,Byty [Kč/m2],10602,2022,2022,41365
Průměrná jednotková kupní cena nemovitosti,7432,do 1 999 obyv.,399999632000000,Česko,CZ,Středočeský kraj,CZ020,,,Byty [Kč/m2],10602,2023,2023,37820
Průměrná jednotková kupní cena nemovitosti,7432,do 1 999 obyv.,399999632000000,Česko,CZ,Středočeský kraj,CZ020,,,Byty [Kč/m2],10602,2024,2024,41951
Průměrná jednotková kupní cena nemovitosti,7432,do 1 999 obyv.,399999632000000,Česko,CZ,Středočeský kraj,CZ020,,,Byty [Kč/m2],10602,2025,2025,47972
Průměrná jednotková kupní cena nemovitosti,7432,do 1 999 obyv.,399999632000000,Česko,CZ,Jihočeský kraj,CZ031,,,Rodinné domy [Kč/m2],10302,2019,2019,27093
Průměrná jednotková kupní cena nemovitosti,7432,do 1 999 obyv.,399999632000000,Česko,CZ,Jihočeský kraj,CZ031,,,Rodinné domy [Kč/m2],10302,2020,2020,30562
Průměrná jednotková kupní cena nemovitosti,7432,do 1 999 obyv.,399999632000000,Česko,CZ,Jihočeský kraj,CZ031,,,Rodinné domy [Kč/m2],10302,2021,2021,36349
Průměrná jednotková kupní cena nemovitosti,7432,do 1 999 obyv.,399999632000000,Česko,CZ,Jihočeský kraj,CZ031,,,Rodinné domy [Kč/m2],10302,2022,2022,43554
Průměrná jednotková kupní cena nemovitosti,7432,do 1 999 obyv.,399999632000000,Česko,CZ,Jihočeský kraj,CZ031,,,Rodinné domy [Kč/m2],10302,2023,2023,40793
Průměrná jednotková kupní cena nemovitosti,7432,do 1 999 obyv.,399999632000000,Česko,CZ,Jihočeský kraj,CZ031,,,Rodinné domy [Kč/m2],10302,2024,2024,45350
Průměrná jednotková kupní cena nemovitosti,7432,do 1 999 obyv.,399999632000000,Česko,CZ,Jihočeský kraj,CZ031,,,Rodinné domy [Kč/m2],10302,2025,2025,47705
Průměrná jednotková kupní cena nemovitosti,7432,do 1 999 obyv.,399999632000000,Česko,CZ,Jihočeský kraj,CZ031,,,Byty [Kč/m2],10602,2019,2019,16761
Průměrná jednotková kupní cena nemovitosti,7432,do 1 999 obyv.,399999632000000,Česko,CZ,Jihočeský kraj,CZ031,,,Byty [Kč/m2],10602,2020,2020,20259
Průměrná jednotková kupní cena nemovitosti,7432,do 1 999 obyv.,399999632000000,Česko,CZ,Jihočeský kraj,CZ031,,,Byty [Kč/m2],10602,2021,2021,26967
Průměrná jednotková kupní cena nemovitosti,7432,do 1 999 obyv.,399999632000000,Česko,CZ,Jihočeský kraj,CZ031,,,Byty [Kč/m2],10602,2022,2022,32867
Průměrná jednotková kupní cena nemovitosti,7432,do 1 999 obyv.,399999632000000,Česko,CZ,Jihočeský kraj,CZ031,,,Byty [Kč/m2],10602,2023,2023,32837
Průměrná jednotková kupní cena nemovitosti,7432,do 1 999 obyv.,399999632000000,Česko,CZ,Jihočeský kraj,CZ031,,,Byty [Kč/m2],10602,2024,2024,33765
Průměrná jednotková kupní cena nemovitosti,7432,do 1 999 obyv.,399999632000000,Česko,CZ,Jihočeský kraj,CZ031,,,Byty [Kč/m2],10602,2025,2025,40426
Průměrná jednotková kupní cena nemovitosti,7432,do 1 999 obyv.,399999632000000,Česko,CZ,Plzeňský kraj,CZ032,,,Rodinné domy [Kč/m2],10302,2019,2019,25114
Průměrná jednotková kupní cena nemovitosti,7432,do 1 999 obyv.,399999632000000,Česko,CZ,Plzeňský kraj,CZ032,,,Rodinné domy [Kč/m2],10302,2020,2020,27023
Průměrná jednotková kupní cena nemovitosti,7432,do 1 999 obyv.,399999632000000,Česko,CZ,Plzeňský kraj,CZ032,,,Rodinné domy [Kč/m2],10302,2021,2021,35171
Průměrná jednotková kupní cena nemovitosti,7432,do 1 999 obyv.,399999632000000,Česko,CZ,Plzeňský kraj,CZ032,,,Rodinné domy [Kč/m2],10302,2022,2022,38110
Průměrná jednotková kupní cena nemovitosti,7432,do 1 999 obyv.,399999632000000,Česko,CZ,Plzeňský kraj,CZ032,,,Rodinné domy [Kč/m2],10302,2023,2023,40283
Průměrná jednotková kupní cena nemovitosti,7432,do 1 999 obyv.,399999632000000,Česko,CZ,Plzeňský kraj,CZ032,,,Rodinné domy [Kč/m2],10302,2024,2024,39173
Průměrná jednotková kupní cena nemovitosti,7432,do 1 999 obyv.,399999632000000,Česko,CZ,Plzeňský kraj,CZ032,,,Rodinné domy [Kč/m2],10302,2025,2025,45059
Průměrná jednotková kupní cena nemovitosti,7432,do 1 999 obyv.,399999632000000,Česko,CZ,Plzeňský kraj,CZ032,,,Byty [Kč/m2],10602,2019,2019,18326
Průměrná jednotková kupní cena nemovitosti,7432,do 1 999 obyv.,399999632000000,Česko,CZ,Plzeňský kraj,CZ032,,,Byty [Kč/m2],10602,2020,2020,21360
Průměrná jednotková kupní cena nemovitosti,7432,do 1 999 obyv.,399999632000000,Česko,CZ,Plzeňský kraj,CZ032,,,Byty [Kč/m2],10602,2021,2021,28388
Průměrná jednotková kupní cena nemovitosti,7432,do 1 999 obyv.,399999632000000,Česko,CZ,Plzeňský kraj,CZ032,,,Byty [Kč/m2],10602,2022,2022,34688
Průměrná jednotková kupní cena nemovitosti,7432,do 1 999 obyv.,399999632000000,Česko,CZ,Plzeňský kraj,CZ032,,,Byty [Kč/m2],10602,2023,2023,32437
Průměrná jednotková kupní cena nemovitosti,7432,do 1 999 obyv.,399999632000000,Česko,CZ,Plzeňský kraj,CZ032,,,Byty [Kč/m2],10602,2024,2024,36354
Průměrná jednotková kupní cena nemovitosti,7432,do 1 999 obyv.,399999632000000,Česko,CZ,Plzeňský kraj,CZ032,,,Byty [Kč/m2],10602,2025,2025,42498
Průměrná jednotková kupní cena nemovitosti,7432,do 1 999 obyv.,399999632000000,Česko,CZ,Karlovarský kraj,CZ041,,,Rodinné domy [Kč/m2],10302,2019,2019,23317
Průměrná jednotková kupní cena nemovitosti,7432,do 1 999 obyv.,399999632000000,Česko,CZ,Karlovarský kraj,CZ041,,,Rodinné domy [Kč/m2],10302,2020,2020,28809
Průměrná jednotková kupní cena nemovitosti,7432,do 1 999 obyv.,399999632000000,Česko,CZ,Karlovarský kraj,CZ041,,,Rodinné domy [Kč/m2],10302,2021,2021,32665
Průměrná jednotková kupní cena nemovitosti,7432,do 1 999 obyv.,399999632000000,Česko,CZ,Karlovarský kraj,CZ041,,,Rodinné domy [Kč/m2],10302,2022,2022,39136
Průměrná jednotková kupní cena nemovitosti,7432,do 1 999 obyv.,399999632000000,Česko,CZ,Karlovarský kraj,CZ041,,,Rodinné domy [Kč/m2],10302,2023,2023,35520
Průměrná jednotková kupní cena nemovitosti,7432,do 1 999 obyv.,399999632000000,Česko,CZ,Karlovarský kraj,CZ041,,,Rodinné domy [Kč/m2],10302,2024,2024,37989
Průměrná jednotková kupní cena nemovitosti,7432,do 1 999 obyv.,399999632000000,Česko,CZ,Karlovarský kraj,CZ041,,,Rodinné domy [Kč/m2],10302,2025,2025,42869
Průměrná jednotková kupní cena nemovitosti,7432,do 1 999 obyv.,399999632000000,Česko,CZ,Karlovarský kraj,CZ041,,,Byty [Kč/m2],10602,2019,2019,16130
Průměrná jednotková kupní cena nemovitosti,7432,do 1 999 obyv.,399999632000000,Česko,CZ,Karlovarský kraj,CZ041,,,Byty [Kč/m2],10602,2020,2020,16619
Průměrná jednotková kupní cena nemovitosti,7432,do 1 999 obyv.,399999632000000,Česko,CZ,Karlovarský kraj,CZ041,,,Byty [Kč/m2],10602,2021,2021,24350
Průměrná jednotková kupní cena nemovitosti,7432,do 1 999 obyv.,399999632000000,Česko,CZ,Karlovarský kraj,CZ041,,,Byty [Kč/m2],10602,2022,2022,27188
Průměrná jednotková kupní cena nemovitosti,7432,do 1 999 obyv.,399999632000000,Česko,CZ,Karlovarský kraj,CZ041,,,Byty [Kč/m2],10602,2023,2023,27334
Průměrná jednotková kupní cena nemovitosti,7432,do 1 999 obyv.,399999632000000,Česko,CZ,Karlovarský kraj,CZ041,,,Byty [Kč/m2],10602,2024,2024,27648
Průměrná jednotková kupní cena nemovitosti,7432,do 1 999 obyv.,399999632000000,Česko,CZ,Karlovarský kraj,CZ041,,,Byty [Kč/m2],10602,2025,2025,34149
Průměrná jednotková kupní cena nemovitosti,7432,do 1 999 obyv.,399999632000000,Česko,CZ,Ústecký kraj,CZ042,,,Rodinné domy [Kč/m2],10302,2019,2019,22494
Průměrná jednotková kupní cena nemovitosti,7432,do 1 999 obyv.,399999632000000,Česko,CZ,Ústecký kraj,CZ042,,,Rodinné domy [Kč/m2],10302,2020,2020,26091
Průměrná jednotková kupní cena nemovitosti,7432,do 1 999 obyv.,399999632000000,Česko,CZ,Ústecký kraj,CZ042,,,Rodinné domy [Kč/m2],10302,2021,2021,30145
Průměrná jednotková kupní cena nemovitosti,7432,do 1 999 obyv.,399999632000000,Česko,CZ,Ústecký kraj,CZ042,,,Rodinné domy [Kč/m2],10302,2022,2022,38073
Průměrná jednotková kupní cena nemovitosti,7432,do 1 999 obyv.,399999632000000,Česko,CZ,Ústecký kraj,CZ042,,,Rodinné domy [Kč/m2],10302,2023,2023,36829
Průměrná jednotková kupní cena nemovitosti,7432,do 1 999 obyv.,399999632000000,Česko,CZ,Ústecký kraj,CZ042,,,Rodinné domy [Kč/m2],10302,2024,2024,40069
Průměrná jednotková kupní cena nemovitosti,7432,do 1 999 obyv.,399999632000000,Česko,CZ,Ústecký kraj,CZ042,,,Rodinné domy [Kč/m2],10302,2025,2025,43238
Průměrná jednotková kupní cena nemovitosti,7432,do 1 999 obyv.,399999632000000,Česko,CZ,Ústecký kraj,CZ042,,,Byty [Kč/m2],10602,2019,2019,14475
Průměrná jednotková kupní cena nemovitosti,7432,do 1 999 obyv.,399999632000000,Česko,CZ,Ústecký kraj,CZ042,,,Byty [Kč/m2],10602,2020,2020,19127
Průměrná jednotková kupní cena nemovitosti,7432,do 1 999 obyv.,399999632000000,Česko,CZ,Ústecký kraj,CZ042,,,Byty [Kč/m2],10602,2021,2021,25350
Průměrná jednotková kupní cena nemovitosti,7432,do 1 999 obyv.,399999632000000,Česko,CZ,Ústecký kraj,CZ042,,,Byty [Kč/m2],10602,2022,2022,31179
Průměrná jednotková kupní cena nemovitosti,7432,do 1 999 obyv.,399999632000000,Česko,CZ,Ústecký kraj,CZ042,,,Byty [Kč/m2],10602,2023,2023,30416
Průměrná jednotková kupní cena nemovitosti,7432,do 1 999 obyv.,399999632000000,Česko,CZ,Ústecký kraj,CZ042,,,Byty [Kč/m2],10602,2024,2024,29234
Průměrná jednotková kupní cena nemovitosti,7432,do 1 999 obyv.,399999632000000,Česko,CZ,Ústecký kraj,CZ042,,,Byty [Kč/m2],10602,2025,2025,34857
Průměrná jednotková kupní cena nemovitosti,7432,do 1 999 obyv.,399999632000000,Česko,CZ,Liberecký kraj,CZ051,,,Rodinné domy [Kč/m2],10302,2019,2019,25521
Průměrná jednotková kupní cena nemovitosti,7432,do 1 999 obyv.,399999632000000,Česko,CZ,Liberecký kraj,CZ051,,,Rodinné domy [Kč/m2],10302,2020,2020,28654
Průměrná jednotková kupní cena nemovitosti,7432,do 1 999 obyv.,399999632000000,Česko,CZ,Liberecký kraj,CZ051,,,Rodinné domy [Kč/m2],10302,2021,2021,31498
Průměrná jednotková kupní cena nemovitosti,7432,do 1 999 obyv.,399999632000000,Česko,CZ,Liberecký kraj,CZ051,,,Rodinné domy [Kč/m2],10302,2022,2022,41999
Průměrná jednotková kupní cena nemovitosti,7432,do 1 999 obyv.,399999632000000,Česko,CZ,Liberecký kraj,CZ051,,,Rodinné domy [Kč/m2],10302,2023,2023,36239
Průměrná jednotková kupní cena nemovitosti,7432,do 1 999 obyv.,399999632000000,Česko,CZ,Liberecký kraj,CZ051,,,Rodinné domy [Kč/m2],10302,2024,2024,41655
Průměrná jednotková kupní cena nemovitosti,7432,do 1 999 obyv.,399999632000000,Česko,CZ,Liberecký kraj,CZ051,,,Rodinné domy [Kč/m2],10302,2025,2025,44126
Průměrná jednotková kupní cena nemovitosti,7432,do 1 999 obyv.,399999632000000,Česko,CZ,Liberecký kraj,CZ051,,,Byty [Kč/m2],10602,2019,2019,17829
Průměrná jednotková kupní cena nemovitosti,7432,do 1 999 obyv.,399999632000000,Česko,CZ,Liberecký kraj,CZ051,,,Byty [Kč/m2],10602,2020,2020,21053
Průměrná jednotková kupní cena nemovitosti,7432,do 1 999 obyv.,399999632000000,Česko,CZ,Liberecký kraj,CZ051,,,Byty [Kč/m2],10602,2021,2021,29206
Průměrná jednotková kupní cena nemovitosti,7432,do 1 999 obyv.,399999632000000,Česko,CZ,Liberecký kraj,CZ051,,,Byty [Kč/m2],10602,2022,2022,33458
Průměrná jednotková kupní cena nemovitosti,7432,do 1 999 obyv.,399999632000000,Česko,CZ,Liberecký kraj,CZ051,,,Byty [Kč/m2],10602,2023,2023,35190
Průměrná jednotková kupní cena nemovitosti,7432,do 1 999 obyv.,399999632000000,Česko,CZ,Liberecký kraj,CZ051,,,Byty [Kč/m2],10602,2024,2024,33924
Průměrná jednotková kupní cena nemovitosti,7432,do 1 999 obyv.,399999632000000,Česko,CZ,Liberecký kraj,CZ051,,,Byty [Kč/m2],10602,2025,2025,45036
Průměrná jednotková kupní cena nemovitosti,7432,do 1 999 obyv.,399999632000000,Česko,CZ,Královéhradecký kraj,CZ052,,,Rodinné domy [Kč/m2],10302,2019,2019,27982
Průměrná jednotková kupní cena nemovitosti,7432,do 1 999 obyv.,399999632000000,Česko,CZ,Královéhradecký kraj,CZ052,,,Rodinné domy [Kč/m2],10302,2020,2020,27977
Průměrná jednotková kupní cena nemovitosti,7432,do 1 999 obyv.,399999632000000,Česko,CZ,Královéhradecký kraj,CZ052,,,Rodinné domy [Kč/m2],10302,2021,2021,33594
Průměrná jednotková kupní cena nemovitosti,7432,do 1 999 obyv.,399999632000000,Česko,CZ,Královéhradecký kraj,CZ052,,,Rodinné domy [Kč/m2],10302,2022,2022,41834
Průměrná jednotková kupní cena nemovitosti,7432,do 1 999 obyv.,399999632000000,Česko,CZ,Královéhradecký kraj,CZ052,,,Rodinné domy [Kč/m2],10302,2023,2023,41872
Průměrná jednotková kupní cena nemovitosti,7432,do 1 999 obyv.,399999632000000,Česko,CZ,Královéhradecký kraj,CZ052,,,Rodinné domy [Kč/m2],10302,2024,2024,44837
Průměrná jednotková kupní cena nemovitosti,7432,do 1 999 obyv.,399999632000000,Česko,CZ,Královéhradecký kraj,CZ052,,,Rodinné domy [Kč/m2],10302,2025,2025,46640
Průměrná jednotková kupní cena nemovitosti,7432,do 1 999 obyv.,399999632000000,Česko,CZ,Královéhradecký kraj,CZ052,,,Byty [Kč/m2],10602,2019,2019,18533
Průměrná jednotková kupní cena nemovitosti,7432,do 1 999 obyv.,399999632000000,Česko,CZ,Královéhradecký kraj,CZ052,,,Byty [Kč/m2],10602,2020,2020,23489
Průměrná jednotková kupní cena nemovitosti,7432,do 1 999 obyv.,399999632000000,Česko,CZ,Královéhradecký kraj,CZ052,,,Byty [Kč/m2],10602,2021,2021,28143
Průměrná jednotková kupní cena nemovitosti,7432,do 1 999 obyv.,399999632000000,Česko,CZ,Královéhradecký kraj,CZ052,,,Byty [Kč/m2],10602,2022,2022,35082
Průměrná jednotková kupní cena nemovitosti,7432,do 1 999 obyv.,399999632000000,Česko,CZ,Královéhradecký kraj,CZ052,,,Byty [Kč/m2],10602,2023,2023,36427
Průměrná jednotková kupní cena nemovitosti,7432,do 1 999 obyv.,399999632000000,Česko,CZ,Královéhradecký kraj,CZ052,,,Byty [Kč/m2],10602,2024,2024,33937
Průměrná jednotková kupní cena nemovitosti,7432,do 1 999 obyv.,399999632000000,Česko,CZ,Královéhradecký kraj,CZ052,,,Byty [Kč/m2],10602,2025,2025,42968
Průměrná jednotková kupní cena nemovitosti,7432,do 1 999 obyv.,399999632000000,Česko,CZ,Pardubický kraj,CZ053,,,Rodinné domy [Kč/m2],10302,2019,2019,28358
Průměrná jednotková kupní cena nemovitosti,7432,do 1 999 obyv.,399999632000000,Česko,CZ,Pardubický kraj,CZ053,,,Rodinné domy [Kč/m2],10302,2020,2020,28329
Průměrná jednotková kupní cena nemovitosti,7432,do 1 999 obyv.,399999632000000,Česko,CZ,Pardubický kraj,CZ053,,,Rodinné domy [Kč/m2],10302,2021,2021,35018
Průměrná jednotková kupní cena nemovitosti,7432,do 1 999 obyv.,399999632000000,Česko,CZ,Pardubický kraj,CZ053,,,Rodinné domy [Kč/m2],10302,2022,2022,39150
Průměrná jednotková kupní cena nemovitosti,7432,do 1 999 obyv.,399999632000000,Česko,CZ,Pardubický kraj,CZ053,,,Rodinné domy [Kč/m2],10302,2023,2023,36284
Průměrná jednotková kupní cena nemovitosti,7432,do 1 999 obyv.,399999632000000,Česko,CZ,Pardubický kraj,CZ053,,,Rodinné domy [Kč/m2],10302,2024,2024,40861
Průměrná jednotková kupní cena nemovitosti,7432,do 1 999 obyv.,399999632000000,Česko,CZ,Pardubický kraj,CZ053,,,Rodinné domy [Kč/m2],10302,2025,2025,45438
Průměrná jednotková kupní cena nemovitosti,7432,do 1 999 obyv.,399999632000000,Česko,CZ,Pardubický kraj,CZ053,,,Byty [Kč/m2],10602,2019,2019,18977
Průměrná jednotková kupní cena nemovitosti,7432,do 1 999 obyv.,399999632000000,Česko,CZ,Pardubický kraj,CZ053,,,Byty [Kč/m2],10602,2020,2020,22812
Průměrná jednotková kupní cena nemovitosti,7432,do 1 999 obyv.,399999632000000,Česko,CZ,Pardubický kraj,CZ053,,,Byty [Kč/m2],10602,2021,2021,27453
Průměrná jednotková kupní cena nemovitosti,7432,do 1 999 obyv.,399999632000000,Česko,CZ,Pardubický kraj,CZ053,,,Byty [Kč/m2],10602,2022,2022,34782
Průměrná jednotková kupní cena nemovitosti,7432,do 1 999 obyv.,399999632000000,Česko,CZ,Pardubický kraj,CZ053,,,Byty [Kč/m2],10602,2023,2023,34530
Průměrná jednotková kupní cena nemovitosti,7432,do 1 999 obyv.,399999632000000,Česko,CZ,Pardubický kraj,CZ053,,,Byty [Kč/m2],10602,2024,2024,36761
Průměrná jednotková kupní cena nemovitosti,7432,do 1 999 obyv.,399999632000000,Česko,CZ,Pardubický kraj,CZ053,,,Byty [Kč/m2],10602,2025,2025,41763
Průměrná jednotková kupní cena nemovitosti,7432,do 1 999 obyv.,399999632000000,Česko,CZ,Kraj Vysočina,CZ063,,,Rodinné domy [Kč/m2],10302,2019,2019,23824
Průměrná jednotková kupní cena nemovitosti,7432,do 1 999 obyv.,399999632000000,Česko,CZ,Kraj Vysočina,CZ063,,,Rodinné domy [Kč/m2],10302,2020,2020,27375
Průměrná jednotková kupní cena nemovitosti,7432,do 1 999 obyv.,399999632000000,Česko,CZ,Kraj Vysočina,CZ063,,,Rodinné domy [Kč/m2],10302,2021,2021,33691
Průměrná jednotková kupní cena nemovitosti,7432,do 1 999 obyv.,399999632000000,Česko,CZ,Kraj Vysočina,CZ063,,,Rodinné domy [Kč/m2],10302,2022,2022,40408
Průměrná jednotková kupní cena nemovitosti,7432,do 1 999 obyv.,399999632000000,Česko,CZ,Kraj Vysočina,CZ063,,,Rodinné domy [Kč/m2],10302,2023,2023,38138
Průměrná jednotková kupní cena nemovitosti,7432,do 1 999 obyv.,399999632000000,Česko,CZ,Kraj Vysočina,CZ063,,,Rodinné domy [Kč/m2],10302,2024,2024,43322
Průměrná jednotková kupní cena nemovitosti,7432,do 1 999 obyv.,399999632000000,Česko,CZ,Kraj Vysočina,CZ063,,,Rodinné domy [Kč/m2],10302,2025,2025,43827
Průměrná jednotková kupní cena nemovitosti,7432,do 1 999 obyv.,399999632000000,Česko,CZ,Kraj Vysočina,CZ063,,,Byty [Kč/m2],10602,2019,2019,17714
Průměrná jednotková kupní cena nemovitosti,7432,do 1 999 obyv.,399999632000000,Česko,CZ,Kraj Vysočina,CZ063,,,Byty [Kč/m2],10602,2020,2020,21834
Průměrná jednotková kupní cena nemovitosti,7432,do 1 999 obyv.,399999632000000,Česko,CZ,Kraj Vysočina,CZ063,,,Byty [Kč/m2],10602,2021,2021,25694
Průměrná jednotková kupní cena nemovitosti,7432,do 1 999 obyv.,399999632000000,Česko,CZ,Kraj Vysočina,CZ063,,,Byty [Kč/m2],10602,2022,2022,34488
Průměrná jednotková kupní cena nemovitosti,7432,do 1 999 obyv.,399999632000000,Česko,CZ,Kraj Vysočina,CZ063,,,Byty [Kč/m2],10602,2023,2023,34693
Průměrná jednotková kupní cena nemovitosti,7432,do 1 999 obyv.,399999632000000,Česko,CZ,Kraj Vysočina,CZ063,,,Byty [Kč/m2],10602,2024,2024,36816
Průměrná jednotková kupní cena nemovitosti,7432,do 1 999 obyv.,399999632000000,Česko,CZ,Kraj Vysočina,CZ063,,,Byty [Kč/m2],10602,2025,2025,40748
Průměrná jednotková kupní cena nemovitosti,7432,do 1 999 obyv.,399999632000000,Česko,CZ,Jihomoravský kraj,CZ064,,,Rodinné domy [Kč/m2],10302,2019,2019,28284
Průměrná jednotková kupní cena nemovitosti,7432,do 1 999 obyv.,399999632000000,Česko,CZ,Jihomoravský kraj,CZ064,,,Rodinné domy [Kč/m2],10302,2020,2020,29547
Průměrná jednotková kupní cena nemovitosti,7432,do 1 999 obyv.,399999632000000,Česko,CZ,Jihomoravský kraj,CZ064,,,Rodinné domy [Kč/m2],10302,2021,2021,36728
Průměrná jednotková kupní cena nemovitosti,7432,do 1 999 obyv.,399999632000000,Česko,CZ,Jihomoravský kraj,CZ064,,,Rodinné domy [Kč/m2],10302,2022,2022,41101
Průměrná jednotková kupní cena nemovitosti,7432,do 1 999 obyv.,399999632000000,Česko,CZ,Jihomoravský kraj,CZ064,,,Rodinné domy [Kč/m2],10302,2023,2023,41324
Průměrná jednotková kupní cena nemovitosti,7432,do 1 999 obyv.,399999632000000,Česko,CZ,Jihomoravský kraj,CZ064,,,Rodinné domy [Kč/m2],10302,2024,2024,42969
Průměrná jednotková kupní cena nemovitosti,7432,do 1 999 obyv.,399999632000000,Česko,CZ,Jihomoravský kraj,CZ064,,,Rodinné domy [Kč/m2],10302,2025,2025,50564
Průměrná jednotková kupní cena nemovitosti,7432,do 1 999 obyv.,399999632000000,Česko,CZ,Jihomoravský kraj,CZ064,,,Byty [Kč/m2],10602,2019,2019,21344
Průměrná jednotková kupní cena nemovitosti,7432,do 1 999 obyv.,399999632000000,Česko,CZ,Jihomoravský kraj,CZ064,,,Byty [Kč/m2],10602,2020,2020,26998
Průměrná jednotková kupní cena nemovitosti,7432,do 1 999 obyv.,399999632000000,Česko,CZ,Jihomoravský kraj,CZ064,,,Byty [Kč/m2],10602,2021,2021,30663
Průměrná jednotková kupní cena nemovitosti,7432,do 1 999 obyv.,399999632000000,Česko,CZ,Jihomoravský kraj,CZ064,,,Byty [Kč/m2],10602,2022,2022,36607
Průměrná jednotková kupní cena nemovitosti,7432,do 1 999 obyv.,399999632000000,Česko,CZ,Jihomoravský kraj,CZ064,,,Byty [Kč/m2],10602,2023,2023,38661
Průměrná jednotková kupní cena nemovitosti,7432,do 1 999 obyv.,399999632000000,Česko,CZ,Jihomoravský kraj,CZ064,,,Byty [Kč/m2],10602,2024,2024,42811
Průměrná jednotková kupní cena nemovitosti,7432,do 1 999 obyv.,399999632000000,Česko,CZ,Jihomoravský kraj,CZ064,,,Byty [Kč/m2],10602,2025,2025,48810
Průměrná jednotková kupní cena nemovitosti,7432,do 1 999 obyv.,399999632000000,Česko,CZ,Olomoucký kraj,CZ071,,,Rodinné domy [Kč/m2],10302,2019,2019,22418
Průměrná jednotková kupní cena nemovitosti,7432,do 1 999 obyv.,399999632000000,Česko,CZ,Olomoucký kraj,CZ071,,,Rodinné domy [Kč/m2],10302,2020,2020,25015
Průměrná jednotková kupní cena nemovitosti,7432,do 1 999 obyv.,399999632000000,Česko,CZ,Olomoucký kraj,CZ071,,,Rodinné domy [Kč/m2],10302,2021,2021,30370
Průměrná jednotková kupní cena nemovitosti,7432,do 1 999 obyv.,399999632000000,Česko,CZ,Olomoucký kraj,CZ071,,,Rodinné domy [Kč/m2],10302,2022,2022,36083
Průměrná jednotková kupní cena nemovitosti,7432,do 1 999 obyv.,399999632000000,Česko,CZ,Olomoucký kraj,CZ071,,,Rodinné domy [Kč/m2],10302,2023,2023,35116
Průměrná jednotková kupní cena nemovitosti,7432,do 1 999 obyv.,399999632000000,Česko,CZ,Olomoucký kraj,CZ071,,,Rodinné domy [Kč/m2],10302,2024,2024,36994
Průměrná jednotková kupní cena nemovitosti,7432,do 1 999 obyv.,399999632000000,Česko,CZ,Olomoucký kraj,CZ071,,,Rodinné domy [Kč/m2],10302,2025,2025,41858
Průměrná jednotková kupní cena nemovitosti,7432,do 1 999 obyv.,399999632000000,Česko,CZ,Olomoucký kraj,CZ071,,,Byty [Kč/m2],10602,2019,2019,17841
Průměrná jednotková kupní cena nemovitosti,7432,do 1 999 obyv.,399999632000000,Česko,CZ,Olomoucký kraj,CZ071,,,Byty [Kč/m2],10602,2020,2020,19519
Průměrná jednotková kupní cena nemovitosti,7432,do 1 999 obyv.,399999632000000,Česko,CZ,Olomoucký kraj,CZ071,,,Byty [Kč/m2],10602,2021,2021,22574
Průměrná jednotková kupní cena nemovitosti,7432,do 1 999 obyv.,399999632000000,Česko,CZ,Olomoucký kraj,CZ071,,,Byty [Kč/m2],10602,2022,2022,31382
Průměrná jednotková kupní cena nemovitosti,7432,do 1 999 obyv.,399999632000000,Česko,CZ,Olomoucký kraj,CZ071,,,Byty [Kč/m2],10602,2023,2023,32694
Průměrná jednotková kupní cena nemovitosti,7432,do 1 999 obyv.,399999632000000,Česko,CZ,Olomoucký kraj,CZ071,,,Byty [Kč/m2],10602,2024,2024,33571
Průměrná jednotková kupní cena nemovitosti,7432,do 1 999 obyv.,399999632000000,Česko,CZ,Olomoucký kraj,CZ071,,,Byty [Kč/m2],10602,2025,2025,38431
Průměrná jednotková kupní cena nemovitosti,7432,do 1 999 obyv.,399999632000000,Česko,CZ,Zlínský kraj,CZ072,,,Rodinné domy [Kč/m2],10302,2019,2019,21385
Průměrná jednotková kupní cena nemovitosti,7432,do 1 999 obyv.,399999632000000,Česko,CZ,Zlínský kraj,CZ072,,,Rodinné domy [Kč/m2],10302,2020,2020,23596
Průměrná jednotková kupní cena nemovitosti,7432,do 1 999 obyv.,399999632000000,Česko,CZ,Zlínský kraj,CZ072,,,Rodinné domy [Kč/m2],10302,2021,2021,28824
Průměrná jednotková kupní cena nemovitosti,7432,do 1 999 obyv.,399999632000000,Česko,CZ,Zlínský kraj,CZ072,,,Rodinné domy [Kč/m2],10302,2022,2022,35314
Průměrná jednotková kupní cena nemovitosti,7432,do 1 999 obyv.,399999632000000,Česko,CZ,Zlínský kraj,CZ072,,,Rodinné domy [Kč/m2],10302,2023,2023,33989
Průměrná jednotková kupní cena nemovitosti,7432,do 1 999 obyv.,399999632000000,Česko,CZ,Zlínský kraj,CZ072,,,Rodinné domy [Kč/m2],10302,2024,2024,36963
Průměrná jednotková kupní cena nemovitosti,7432,do 1 999 obyv.,399999632000000,Česko,CZ,Zlínský kraj,CZ072,,,Rodinné domy [Kč/m2],10302,2025,2025,39279
Průměrná jednotková kupní cena nemovitosti,7432,do 1 999 obyv.,399999632000000,Česko,CZ,Zlínský kraj,CZ072,,,Byty [Kč/m2],10602,2019,2019,20756
Průměrná jednotková kupní cena nemovitosti,7432,do 1 999 obyv.,399999632000000,Česko,CZ,Zlínský kraj,CZ072,,,Byty [Kč/m2],10602,2020,2020,22474
Průměrná jednotková kupní cena nemovitosti,7432,do 1 999 obyv.,399999632000000,Česko,CZ,Zlínský kraj,CZ072,,,Byty [Kč/m2],10602,2021,2021,25966
Průměrná jednotková kupní cena nemovitosti,7432,do 1 999 obyv.,399999632000000,Česko,CZ,Zlínský kraj,CZ072,,,Byty [Kč/m2],10602,2022,2022,39015
Průměrná jednotková kupní cena nemovitosti,7432,do 1 999 obyv.,399999632000000,Česko,CZ,Zlínský kraj,CZ072,,,Byty [Kč/m2],10602,2023,2023,29643
Průměrná jednotková kupní cena nemovitosti,7432,do 1 999 obyv.,399999632000000,Česko,CZ,Zlínský kraj,CZ072,,,Byty [Kč/m2],10602,2024,2024,34989
Průměrná jednotková kupní cena nemovitosti,7432,do 1 999 obyv.,399999632000000,Česko,CZ,Zlínský kraj,CZ072,,,Byty [Kč/m2],10602,2025,2025,40541
Průměrná jednotková kupní cena nemovitosti,7432,do 1 999 obyv.,399999632000000,Česko,CZ,Moravskoslezský kraj,CZ080,,,Rodinné domy [Kč/m2],10302,2019,2019,24687
Průměrná jednotková kupní cena nemovitosti,7432,do 1 999 obyv.,399999632000000,Česko,CZ,Moravskoslezský kraj,CZ080,,,Rodinné domy [Kč/m2],10302,2020,2020,26620
Průměrná jednotková kupní cena nemovitosti,7432,do 1 999 obyv.,399999632000000,Česko,CZ,Moravskoslezský kraj,CZ080,,,Rodinné domy [Kč/m2],10302,2021,2021,31292
Průměrná jednotková kupní cena nemovitosti,7432,do 1 999 obyv.,399999632000000,Česko,CZ,Moravskoslezský kraj,CZ080,,,Rodinné domy [Kč/m2],10302,2022,2022,37094
Průměrná jednotková kupní cena nemovitosti,7432,do 1 999 obyv.,399999632000000,Česko,CZ,Moravskoslezský kraj,CZ080,,,Rodinné domy [Kč/m2],10302,2023,2023,35082
Průměrná jednotková kupní cena nemovitosti,7432,do 1 999 obyv.,399999632000000,Česko,CZ,Moravskoslezský kraj,CZ080,,,Rodinné domy [Kč/m2],10302,2024,2024,38016
Průměrná jednotková kupní cena nemovitosti,7432,do 1 999 obyv.,399999632000000,Česko,CZ,Moravskoslezský kraj,CZ080,,,Rodinné domy [Kč/m2],10302,2025,2025,41620
Průměrná jednotková kupní cena nemovitosti,7432,do 1 999 obyv.,399999632000000,Česko,CZ,Moravskoslezský kraj,CZ080,,,Byty [Kč/m2],10602,2019,2019,16422
Průměrná jednotková kupní cena nemovitosti,7432,do 1 999 obyv.,399999632000000,Česko,CZ,Moravskoslezský kraj,CZ080,,,Byty [Kč/m2],10602,2020,2020,20581
Průměrná jednotková kupní cena nemovitosti,7432,do 1 999 obyv.,399999632000000,Česko,CZ,Moravskoslezský kraj,CZ080,,,Byty [Kč/m2],10602,2021,2021,23851
Průměrná jednotková kupní cena nemovitosti,7432,do 1 999 obyv.,399999632000000,Česko,CZ,Moravskoslezský kraj,CZ080,,,Byty [Kč/m2],10602,2022,2022,33889
Průměrná jednotková kupní cena nemovitosti,7432,do 1 999 obyv.,399999632000000,Česko,CZ,Moravskoslezský kraj,CZ080,,,Byty [Kč/m2],10602,2023,2023,29383
Průměrná jednotková kupní cena nemovitosti,7432,do 1 999 obyv.,399999632000000,Česko,CZ,Moravskoslezský kraj,CZ080,,,Byty [Kč/m2],10602,2024,2024,32049
Průměrná jednotková kupní cena nemovitosti,7432,do 1 999 obyv.,399999632000000,Česko,CZ,Moravskoslezský kraj,CZ080,,,Byty [Kč/m2],10602,2025,2025,35923
Průměrná jednotková kupní cena nemovitosti,7432,2 000 - 9 999 obyv.,432000641000000,Česko,CZ,Středočeský kraj,CZ020,,,Rodinné domy [Kč/m2],10302,2019,2019,49407
Průměrná jednotková kupní cena nemovitosti,7432,2 000 - 9 999 obyv.,432000641000000,Česko,CZ,Středočeský kraj,CZ020,,,Rodinné domy [Kč/m2],10302,2020,2020,56419
Průměrná jednotková kupní cena nemovitosti,7432,2 000 - 9 999 obyv.,432000641000000,Česko,CZ,Středočeský kraj,CZ020,,,Rodinné domy [Kč/m2],10302,2021,2021,67997
Průměrná jednotková kupní cena nemovitosti,7432,2 000 - 9 999 obyv.,432000641000000,Česko,CZ,Středočeský kraj,CZ020,,,Rodinné domy [Kč/m2],10302,2022,2022,78126
Průměrná jednotková kupní cena nemovitosti,7432,2 000 - 9 999 obyv.,432000641000000,Česko,CZ,Středočeský kraj,CZ020,,,Rodinné domy [Kč/m2],10302,2023,2023,75606
Průměrná jednotková kupní cena nemovitosti,7432,2 000 - 9 999 obyv.,432000641000000,Česko,CZ,Středočeský kraj,CZ020,,,Rodinné domy [Kč/m2],10302,2024,2024,77976
Průměrná jednotková kupní cena nemovitosti,7432,2 000 - 9 999 obyv.,432000641000000,Česko,CZ,Středočeský kraj,CZ020,,,Rodinné domy [Kč/m2],10302,2025,2025,85552
Průměrná jednotková kupní cena nemovitosti,7432,2 000 - 9 999 obyv.,432000641000000,Česko,CZ,Středočeský kraj,CZ020,,,Byty [Kč/m2],10602,2019,2019,27924
Průměrná jednotková kupní cena nemovitosti,7432,2 000 - 9 999 obyv.,432000641000000,Česko,CZ,Středočeský kraj,CZ020,,,Byty [Kč/m2],10602,2020,2020,32587
Průměrná jednotková kupní cena nemovitosti,7432,2 000 - 9 999 obyv.,432000641000000,Česko,CZ,Středočeský kraj,CZ020,,,Byty [Kč/m2],10602,2021,2021,43866
Průměrná jednotková kupní cena nemovitosti,7432,2 000 - 9 999 obyv.,432000641000000,Česko,CZ,Středočeský kraj,CZ020,,,Byty [Kč/m2],10602,2022,2022,51156
Průměrná jednotková kupní cena nemovitosti,7432,2 000 - 9 999 obyv.,432000641000000,Česko,CZ,Středočeský kraj,CZ020,,,Byty [Kč/m2],10602,2023,2023,50546
Průměrná jednotková kupní cena nemovitosti,7432,2 000 - 9 999 obyv.,432000641000000,Česko,CZ,Středočeský kraj,CZ020,,,Byty [Kč/m2],10602,2024,2024,56903
Průměrná jednotková kupní cena nemovitosti,7432,2 000 - 9 999 obyv.,432000641000000,Česko,CZ,Středočeský kraj,CZ020,,,Byty [Kč/m2],10602,2025,2025,63175
Průměrná jednotková kupní cena nemovitosti,7432,2 000 - 9 999 obyv.,432000641000000,Česko,CZ,Jihočeský kraj,CZ031,,,Rodinné domy [Kč/m2],10302,2019,2019,29817
Průměrná jednotková kupní cena nemovitosti,7432,2 000 - 9 999 obyv.,432000641000000,Česko,CZ,Jihočeský kraj,CZ031,,,Rodinné domy [Kč/m2],10302,2020,2020,31870
Průměrná jednotková kupní cena nemovitosti,7432,2 000 - 9 999 obyv.,432000641000000,Česko,CZ,Jihočeský kraj,CZ031,,,Rodinné domy [Kč/m2],10302,2021,2021,36610
Průměrná jednotková kupní cena nemovitosti,7432,2 000 - 9 999 obyv.,432000641000000,Česko,CZ,Jihočeský kraj,CZ031,,,Rodinné domy [Kč/m2],10302,2022,2022,42828
Průměrná jednotková kupní cena nemovitosti,7432,2 000 - 9 999 obyv.,432000641000000,Česko,CZ,Jihočeský kraj,CZ031,,,Rodinné domy [Kč/m2],10302,2023,2023,44995
Průměrná jednotková kupní cena nemovitosti,7432,2 000 - 9 999 obyv.,432000641000000,Česko,CZ,Jihočeský kraj,CZ031,,,Rodinné domy [Kč/m2],10302,2024,2024,44798
Průměrná jednotková kupní cena nemovitosti,7432,2 000 - 9 999 obyv.,432000641000000,Česko,CZ,Jihočeský kraj,CZ031,,,Rodinné domy [Kč/m2],10302,2025,2025,51407
Průměrná jednotková kupní cena nemovitosti,7432,2 000 - 9 999 obyv.,432000641000000,Česko,CZ,Jihočeský kraj,CZ031,,,Byty [Kč/m2],10602,2019,2019,21417
Průměrná jednotková kupní cena nemovitosti,7432,2 000 - 9 999 obyv.,432000641000000,Česko,CZ,Jihočeský kraj,CZ031,,,Byty [Kč/m2],10602,2020,2020,26266
Průměrná jednotková kupní cena nemovitosti,7432,2 000 - 9 999 obyv.,432000641000000,Česko,CZ,Jihočeský kraj,CZ031,,,Byty [Kč/m2],10602,2021,2021,34409
Průměrná jednotková kupní cena nemovitosti,7432,2 000 - 9 999 obyv.,432000641000000,Česko,CZ,Jihočeský kraj,CZ031,,,Byty [Kč/m2],10602,2022,2022,43946
Průměrná jednotková kupní cena nemovitosti,7432,2 000 - 9 999 obyv.,432000641000000,Česko,CZ,Jihočeský kraj,CZ031,,,Byty [Kč/m2],10602,2023,2023,39370
Průměrná jednotková kupní cena nemovitosti,7432,2 000 - 9 999 obyv.,432000641000000,Česko,CZ,Jihočeský kraj,CZ031,,,Byty [Kč/m2],10602,2024,2024,42195
Průměrná jednotková kupní cena nemovitosti,7432,2 000 - 9 999 obyv.,432000641000000,Česko,CZ,Jihočeský kraj,CZ031,,,Byty [Kč/m2],10602,2025,2025,48689
Průměrná jednotková kupní cena nemovitosti,7432,2 000 - 9 999 obyv.,432000641000000,Česko,CZ,Plzeňský kraj,CZ032,,,Rodinné domy [Kč/m2],10302,2019,2019,30929
Průměrná jednotková kupní cena nemovitosti,7432,2 000 - 9 999 obyv.,432000641000000,Česko,CZ,Plzeňský kraj,CZ032,,,Rodinné domy [Kč/m2],10302,2020,2020,33526
Průměrná jednotková kupní cena nemovitosti,7432,2 000 - 9 999 obyv.,432000641000000,Česko,CZ,Plzeňský kraj,CZ032,,,Rodinné domy [Kč/m2],10302,2021,2021,36852
Průměrná jednotková kupní cena nemovitosti,7432,2 000 - 9 999 obyv.,432000641000000,Česko,CZ,Plzeňský kraj,CZ032,,,Rodinné domy [Kč/m2],10302,2022,2022,43203
Průměrná jednotková kupní cena nemovitosti,7432,2 000 - 9 999 obyv.,432000641000000,Česko,CZ,Plzeňský kraj,CZ032,,,Rodinné domy [Kč/m2],10302,2023,2023,42232
Průměrná jednotková kupní cena nemovitosti,7432,2 000 - 9 999 obyv.,432000641000000,Česko,CZ,Plzeňský kraj,CZ032,,,Rodinné domy [Kč/m2],10302,2024,2024,47091
Průměrná jednotková kupní cena nemovitosti,7432,2 000 - 9 999 obyv.,432000641000000,Česko,CZ,Plzeňský kraj,CZ032,,,Rodinné domy [Kč/m2],10302,2025,2025,48513
Průměrná jednotková kupní cena nemovitosti,7432,2 000 - 9 999 obyv.,432000641000000,Česko,CZ,Plzeňský kraj,CZ032,,,Byty [Kč/m2],10602,2019,2019,24448
Průměrná jednotková kupní cena nemovitosti,7432,2 000 - 9 999 obyv.,432000641000000,Česko,CZ,Plzeňský kraj,CZ032,,,Byty [Kč/m2],10602,2020,2020,27172
Průměrná jednotková kupní cena nemovitosti,7432,2 000 - 9 999 obyv.,432000641000000,Česko,CZ,Plzeňský kraj,CZ032,,,Byty [Kč/m2],10602,2021,2021,35356
Průměrná jednotková kupní cena nemovitosti,7432,2 000 - 9 999 obyv.,432000641000000,Česko,CZ,Plzeňský kraj,CZ032,,,Byty [Kč/m2],10602,2022,2022,43775
Průměrná jednotková kupní cena nemovitosti,7432,2 000 - 9 999 obyv.,432000641000000,Česko,CZ,Plzeňský kraj,CZ032,,,Byty [Kč/m2],10602,2023,2023,40824
Průměrná jednotková kupní cena nemovitosti,7432,2 000 - 9 999 obyv.,432000641000000,Česko,CZ,Plzeňský kraj,CZ032,,,Byty [Kč/m2],10602,2024,2024,44298
Průměrná jednotková kupní cena nemovitosti,7432,2 000 - 9 999 obyv.,432000641000000,Česko,CZ,Plzeňský kraj,CZ032,,,Byty [Kč/m2],10602,2025,2025,49919
Průměrná jednotková kupní cena nemovitosti,7432,2 000 - 9 999 obyv.,432000641000000,Česko,CZ,Karlovarský kraj,CZ041,,,Rodinné domy [Kč/m2],10302,2019,2019,23725
Průměrná jednotková kupní cena nemovitosti,7432,2 000 - 9 999 obyv.,432000641000000,Česko,CZ,Karlovarský kraj,CZ041,,,Rodinné domy [Kč/m2],10302,2020,2020,28612
Průměrná jednotková kupní cena nemovitosti,7432,2 000 - 9 999 obyv.,432000641000000,Česko,CZ,Karlovarský kraj,CZ041,,,Rodinné domy [Kč/m2],10302,2021,2021,31171
Průměrná jednotková kupní cena nemovitosti,7432,2 000 - 9 999 obyv.,432000641000000,Česko,CZ,Karlovarský kraj,CZ041,,,Rodinné domy [Kč/m2],10302,2022,2022,34948
Průměrná jednotková kupní cena nemovitosti,7432,2 000 - 9 999 obyv.,432000641000000,Česko,CZ,Karlovarský kraj,CZ041,,,Rodinné domy [Kč/m2],10302,2023,2023,35593
Průměrná jednotková kupní cena nemovitosti,7432,2 000 - 9 999 obyv.,432000641000000,Česko,CZ,Karlovarský kraj,CZ041,,,Rodinné domy [Kč/m2],10302,2024,2024,35776
Průměrná jednotková kupní cena nemovitosti,7432,2 000 - 9 999 obyv.,432000641000000,Česko,CZ,Karlovarský kraj,CZ041,,,Rodinné domy [Kč/m2],10302,2025,2025,41552
Průměrná jednotková kupní cena nemovitosti,7432,2 000 - 9 999 obyv.,432000641000000,Česko,CZ,Karlovarský kraj,CZ041,,,Byty [Kč/m2],10602,2019,2019,16428
Průměrná jednotková kupní cena nemovitosti,7432,2 000 - 9 999 obyv.,432000641000000,Česko,CZ,Karlovarský kraj,CZ041,,,Byty [Kč/m2],10602,2020,2020,18219
Průměrná jednotková kupní cena nemovitosti,7432,2 000 - 9 999 obyv.,432000641000000,Česko,CZ,Karlovarský kraj,CZ041,,,Byty [Kč/m2],10602,2021,2021,24680
Průměrná jednotková kupní cena nemovitosti,7432,2 000 - 9 999 obyv.,432000641000000,Česko,CZ,Karlovarský kraj,CZ041,,,Byty [Kč/m2],10602,2022,2022,28714
Průměrná jednotková kupní cena nemovitosti,7432,2 000 - 9 999 obyv.,432000641000000,Česko,CZ,Karlovarský kraj,CZ041,,,Byty [Kč/m2],10602,2023,2023,27529
Průměrná jednotková kupní cena nemovitosti,7432,2 000 - 9 999 obyv.,432000641000000,Česko,CZ,Karlovarský kraj,CZ041,,,Byty [Kč/m2],10602,2024,2024,30531
Průměrná jednotková kupní cena nemovitosti,7432,2 000 - 9 999 obyv.,432000641000000,Česko,CZ,Karlovarský kraj,CZ041,,,Byty [Kč/m2],10602,2025,2025,34372
Průměrná jednotková kupní cena nemovitosti,7432,2 000 - 9 999 obyv.,432000641000000,Česko,CZ,Ústecký kraj,CZ042,,,Rodinné domy [Kč/m2],10302,2019,2019,25392
Průměrná jednotková kupní cena nemovitosti,7432,2 000 - 9 999 obyv.,432000641000000,Česko,CZ,Ústecký kraj,CZ042,,,Rodinné domy [Kč/m2],10302,2020,2020,28080
Průměrná jednotková kupní cena nemovitosti,7432,2 000 - 9 999 obyv.,432000641000000,Česko,CZ,Ústecký kraj,CZ042,,,Rodinné domy [Kč/m2],10302,2021,2021,31767
Průměrná jednotková kupní cena nemovitosti,7432,2 000 - 9 999 obyv.,432000641000000,Česko,CZ,Ústecký kraj,CZ042,,,Rodinné domy [Kč/m2],10302,2022,2022,37637
Průměrná jednotková kupní cena nemovitosti,7432,2 000 - 9 999 obyv.,432000641000000,Česko,CZ,Ústecký kraj,CZ042,,,Rodinné domy [Kč/m2],10302,2023,2023,34732
Průměrná jednotková kupní cena nemovitosti,7432,2 000 - 9 999 obyv.,432000641000000,Česko,CZ,Ústecký kraj,CZ042,,,Rodinné domy [Kč/m2],10302,2024,2024,39797
Průměrná jednotková kupní cena nemovitosti,7432,2 000 - 9 999 obyv.,432000641000000,Česko,CZ,Ústecký kraj,CZ042,,,Rodinné domy [Kč/m2],10302,2025,2025,41658
Průměrná jednotková kupní cena nemovitosti,7432,2 000 - 9 999 obyv.,432000641000000,Česko,CZ,Ústecký kraj,CZ042,,,Byty [Kč/m2],10602,2019,2019,17979
Průměrná jednotková kupní cena nemovitosti,7432,2 000 - 9 999 obyv.,432000641000000,Česko,CZ,Ústecký kraj,CZ042,,,Byty [Kč/m2],10602,2020,2020,19756
Průměrná jednotková kupní cena nemovitosti,7432,2 000 - 9 999 obyv.,432000641000000,Česko,CZ,Ústecký kraj,CZ042,,,Byty [Kč/m2],10602,2021,2021,28349
Průměrná jednotková kupní cena nemovitosti,7432,2 000 - 9 999 obyv.,432000641000000,Česko,CZ,Ústecký kraj,CZ042,,,Byty [Kč/m2],10602,2022,2022,35163
Průměrná jednotková kupní cena nemovitosti,7432,2 000 - 9 999 obyv.,432000641000000,Česko,CZ,Ústecký kraj,CZ042,,,Byty [Kč/m2],10602,2023,2023,31469
Průměrná jednotková kupní cena nemovitosti,7432,2 000 - 9 999 obyv.,432000641000000,Česko,CZ,Ústecký kraj,CZ042,,,Byty [Kč/m2],10602,2024,2024,33130
Průměrná jednotková kupní cena nemovitosti,7432,2 000 - 9 999 obyv.,432000641000000,Česko,CZ,Ústecký kraj,CZ042,,,Byty [Kč/m2],10602,2025,2025,38356
Průměrná jednotková kupní cena nemovitosti,7432,2 000 - 9 999 obyv.,432000641000000,Česko,CZ,Liberecký kraj,CZ051,,,Rodinné domy [Kč/m2],10302,2019,2019,27051
Průměrná jednotková kupní cena nemovitosti,7432,2 000 - 9 999 obyv.,432000641000000,Česko,CZ,Liberecký kraj,CZ051,,,Rodinné domy [Kč/m2],10302,2020,2020,30111
Průměrná jednotková kupní cena nemovitosti,7432,2 000 - 9 999 obyv.,432000641000000,Česko,CZ,Liberecký kraj,CZ051,,,Rodinné domy [Kč/m2],10302,2021,2021,36941
Průměrná jednotková kupní cena nemovitosti,7432,2 000 - 9 999 obyv.,432000641000000,Česko,CZ,Liberecký kraj,CZ051,,,Rodinné domy [Kč/m2],10302,2022,2022,40213
Průměrná jednotková kupní cena nemovitosti,7432,2 000 - 9 999 obyv.,432000641000000,Česko,CZ,Liberecký kraj,CZ051,,,Rodinné domy [Kč/m2],10302,2023,2023,42787
Průměrná jednotková kupní cena nemovitosti,7432,2 000 - 9 999 obyv.,432000641000000,Česko,CZ,Liberecký kraj,CZ051,,,Rodinné domy [Kč/m2],10302,2024,2024,43943
Průměrná jednotková kupní cena nemovitosti,7432,2 000 - 9 999 obyv.,432000641000000,Česko,CZ,Liberecký kraj,CZ051,,,Rodinné domy [Kč/m2],10302,2025,2025,46964
Průměrná jednotková kupní cena nemovitosti,7432,2 000 - 9 999 obyv.,432000641000000,Česko,CZ,Liberecký kraj,CZ051,,,Byty [Kč/m2],10602,2019,2019,21029
Průměrná jednotková kupní cena nemovitosti,7432,2 000 - 9 999 obyv.,432000641000000,Česko,CZ,Liberecký kraj,CZ051,,,Byty [Kč/m2],10602,2020,2020,24289
Průměrná jednotková kupní cena nemovitosti,7432,2 000 - 9 999 obyv.,432000641000000,Česko,CZ,Liberecký kraj,CZ051,,,Byty [Kč/m2],10602,2021,2021,29296
Průměrná jednotková kupní cena nemovitosti,7432,2 000 - 9 999 obyv.,432000641000000,Česko,CZ,Liberecký kraj,CZ051,,,Byty [Kč/m2],10602,2022,2022,41630
Průměrná jednotková kupní cena nemovitosti,7432,2 000 - 9 999 obyv.,432000641000000,Česko,CZ,Liberecký kraj,CZ051,,,Byty [Kč/m2],10602,2023,2023,38014
Průměrná jednotková kupní cena nemovitosti,7432,2 000 - 9 999 obyv.,432000641000000,Česko,CZ,Liberecký kraj,CZ051,,,Byty [Kč/m2],10602,2024,2024,39273
Průměrná jednotková kupní cena nemovitosti,7432,2 000 - 9 999 obyv.,432000641000000,Česko,CZ,Liberecký kraj,CZ051,,,Byty [Kč/m2],10602,2025,2025,45262
Průměrná jednotková kupní cena nemovitosti,7432,2 000 - 9 999 obyv.,432000641000000,Česko,CZ,Královéhradecký kraj,CZ052,,,Rodinné domy [Kč/m2],10302,2019,2019,25842
Průměrná jednotková kupní cena nemovitosti,7432,2 000 - 9 999 obyv.,432000641000000,Česko,CZ,Královéhradecký kraj,CZ052,,,Rodinné domy [Kč/m2],10302,2020,2020,29374
Průměrná jednotková kupní cena nemovitosti,7432,2 000 - 9 999 obyv.,432000641000000,Česko,CZ,Královéhradecký kraj,CZ052,,,Rodinné domy [Kč/m2],10302,2021,2021,33843
Průměrná jednotková kupní cena nemovitosti,7432,2 000 - 9 999 obyv.,432000641000000,Česko,CZ,Královéhradecký kraj,CZ052,,,Rodinné domy [Kč/m2],10302,2022,2022,42523
Průměrná jednotková kupní cena nemovitosti,7432,2 000 - 9 999 obyv.,432000641000000,Česko,CZ,Královéhradecký kraj,CZ052,,,Rodinné domy [Kč/m2],10302,2023,2023,40588
Průměrná jednotková kupní cena nemovitosti,7432,2 000 - 9 999 obyv.,432000641000000,Česko,CZ,Královéhradecký kraj,CZ052,,,Rodinné domy [Kč/m2],10302,2024,2024,39481
Průměrná jednotková kupní cena nemovitosti,7432,2 000 - 9 999 obyv.,432000641000000,Česko,CZ,Královéhradecký kraj,CZ052,,,Rodinné domy [Kč/m2],10302,2025,2025,47028
Průměrná jednotková kupní cena nemovitosti,7432,2 000 - 9 999 obyv.,432000641000000,Česko,CZ,Královéhradecký kraj,CZ052,,,Byty [Kč/m2],10602,2019,2019,23156
Průměrná jednotková kupní cena nemovitosti,7432,2 000 - 9 999 obyv.,432000641000000,Česko,CZ,Královéhradecký kraj,CZ052,,,Byty [Kč/m2],10602,2020,2020,25510
Průměrná jednotková kupní cena nemovitosti,7432,2 000 - 9 999 obyv.,432000641000000,Česko,CZ,Královéhradecký kraj,CZ052,,,Byty [Kč/m2],10602,2021,2021,34387
Průměrná jednotková kupní cena nemovitosti,7432,2 000 - 9 999 obyv.,432000641000000,Česko,CZ,Královéhradecký kraj,CZ052,,,Byty [Kč/m2],10602,2022,2022,38789
Průměrná jednotková kupní cena nemovitosti,7432,2 000 - 9 999 obyv.,432000641000000,Česko,CZ,Královéhradecký kraj,CZ052,,,Byty [Kč/m2],10602,2023,2023,39663
Průměrná jednotková kupní cena nemovitosti,7432,2 000 - 9 999 obyv.,432000641000000,Česko,CZ,Královéhradecký kraj,CZ052,,,Byty [Kč/m2],10602,2024,2024,44828
Průměrná jednotková kupní cena nemovitosti,7432,2 000 - 9 999 obyv.,432000641000000,Česko,CZ,Královéhradecký kraj,CZ052,,,Byty [Kč/m2],10602,2025,2025,46981
Průměrná jednotková kupní cena nemovitosti,7432,2 000 - 9 999 obyv.,432000641000000,Česko,CZ,Pardubický kraj,CZ053,,,Rodinné domy [Kč/m2],10302,2019,2019,27201
Průměrná jednotková kupní cena nemovitosti,7432,2 000 - 9 999 obyv.,432000641000000,Česko,CZ,Pardubický kraj,CZ053,,,Rodinné domy [Kč/m2],10302,2020,2020,29639
Průměrná jednotková kupní cena nemovitosti,7432,2 000 - 9 999 obyv.,432000641000000,Česko,CZ,Pardubický kraj,CZ053,,,Rodinné domy [Kč/m2],10302,2021,2021,37152
Průměrná jednotková kupní cena nemovitosti,7432,2 000 - 9 999 obyv.,432000641000000,Česko,CZ,Pardubický kraj,CZ053,,,Rodinné domy [Kč/m2],10302,2022,2022,42933
Průměrná jednotková kupní cena nemovitosti,7432,2 000 - 9 999 obyv.,432000641000000,Česko,CZ,Pardubický kraj,CZ053,,,Rodinné domy [Kč/m2],10302,2023,2023,40156
Průměrná jednotková kupní cena nemovitosti,7432,2 000 - 9 999 obyv.,432000641000000,Česko,CZ,Pardubický kraj,CZ053,,,Rodinné domy [Kč/m2],10302,2024,2024,42883
Průměrná jednotková kupní cena nemovitosti,7432,2 000 - 9 999 obyv.,432000641000000,Česko,CZ,Pardubický kraj,CZ053,,,Rodinné domy [Kč/m2],10302,2025,2025,47036
Průměrná jednotková kupní cena nemovitosti,7432,2 000 - 9 999 obyv.,432000641000000,Česko,CZ,Pardubický kraj,CZ053,,,Byty [Kč/m2],10602,2019,2019,23533
Průměrná jednotková kupní cena nemovitosti,7432,2 000 - 9 999 obyv.,432000641000000,Česko,CZ,Pardubický kraj,CZ053,,,Byty [Kč/m2],10602,2020,2020,29108
Průměrná jednotková kupní cena nemovitosti,7432,2 000 - 9 999 obyv.,432000641000000,Česko,CZ,Pardubický kraj,CZ053,,,Byty [Kč/m2],10602,2021,2021,35877
Průměrná jednotková kupní cena nemovitosti,7432,2 000 - 9 999 obyv.,432000641000000,Česko,CZ,Pardubický kraj,CZ053,,,Byty [Kč/m2],10602,2022,2022,43364
Průměrná jednotková kupní cena nemovitosti,7432,2 000 - 9 999 obyv.,432000641000000,Česko,CZ,Pardubický kraj,CZ053,,,Byty [Kč/m2],10602,2023,2023,42155
Průměrná jednotková kupní cena nemovitosti,7432,2 000 - 9 999 obyv.,432000641000000,Česko,CZ,Pardubický kraj,CZ053,,,Byty [Kč/m2],10602,2024,2024,44627
Průměrná jednotková kupní cena nemovitosti,7432,2 000 - 9 999 obyv.,432000641000000,Česko,CZ,Pardubický kraj,CZ053,,,Byty [Kč/m2],10602,2025,2025,49846
Průměrná jednotková kupní cena nemovitosti,7432,2 000 - 9 999 obyv.,432000641000000,Česko,CZ,Kraj Vysočina,CZ063,,,Rodinné domy [Kč/m2],10302,2019,2019,25748
Průměrná jednotková kupní cena nemovitosti,7432,2 000 - 9 999 obyv.,432000641000000,Česko,CZ,Kraj Vysočina,CZ063,,,Rodinné domy [Kč/m2],10302,2020,2020,29606
Průměrná jednotková kupní cena nemovitosti,7432,2 000 - 9 999 obyv.,432000641000000,Česko,CZ,Kraj Vysočina,CZ063,,,Rodinné domy [Kč/m2],10302,2021,2021,32735
Průměrná jednotková kupní cena nemovitosti,7432,2 000 - 9 999 obyv.,432000641000000,Česko,CZ,Kraj Vysočina,CZ063,,,Rodinné domy [Kč/m2],10302,2022,2022,37568
Průměrná jednotková kupní cena nemovitosti,7432,2 000 - 9 999 obyv.,432000641000000,Česko,CZ,Kraj Vysočina,CZ063,,,Rodinné domy [Kč/m2],10302,2023,2023,39632
Průměrná jednotková kupní cena nemovitosti,7432,2 000 - 9 999 obyv.,432000641000000,Česko,CZ,Kraj Vysočina,CZ063,,,Rodinné domy [Kč/m2],10302,2024,2024,44643
Průměrná jednotková kupní cena nemovitosti,7432,2 000 - 9 999 obyv.,432000641000000,Česko,CZ,Kraj Vysočina,CZ063,,,Rodinné domy [Kč/m2],10302,2025,2025,43735
Průměrná jednotková kupní cena nemovitosti,7432,2 000 - 9 999 obyv.,432000641000000,Česko,CZ,Kraj Vysočina,CZ063,,,Byty [Kč/m2],10602,2019,2019,22305
Průměrná jednotková kupní cena nemovitosti,7432,2 000 - 9 999 obyv.,432000641000000,Česko,CZ,Kraj Vysočina,CZ063,,,Byty [Kč/m2],10602,2020,2020,25953
Průměrná jednotková kupní cena nemovitosti,7432,2 000 - 9 999 obyv.,432000641000000,Česko,CZ,Kraj Vysočina,CZ063,,,Byty [Kč/m2],10602,2021,2021,31640
Průměrná jednotková kupní cena nemovitosti,7432,2 000 - 9 999 obyv.,432000641000000,Česko,CZ,Kraj Vysočina,CZ063,,,Byty [Kč/m2],10602,2022,2022,43322
Průměrná jednotková kupní cena nemovitosti,7432,2 000 - 9 999 obyv.,432000641000000,Česko,CZ,Kraj Vysočina,CZ063,,,Byty [Kč/m2],10602,2023,2023,42979
Průměrná jednotková kupní cena nemovitosti,7432,2 000 - 9 999 obyv.,432000641000000,Česko,CZ,Kraj Vysočina,CZ063,,,Byty [Kč/m2],10602,2024,2024,45559
Průměrná jednotková kupní cena nemovitosti,7432,2 000 - 9 999 obyv.,432000641000000,Česko,CZ,Kraj Vysočina,CZ063,,,Byty [Kč/m2],10602,2025,2025,49621
Průměrná jednotková kupní cena nemovitosti,7432,2 000 - 9 999 obyv.,432000641000000,Česko,CZ,Jihomoravský kraj,CZ064,,,Rodinné domy [Kč/m2],10302,2019,2019,31425
Průměrná jednotková kupní cena nemovitosti,7432,2 000 - 9 999 obyv.,432000641000000,Česko,CZ,Jihomoravský kraj,CZ064,,,Rodinné domy [Kč/m2],10302,2020,2020,34400
Průměrná jednotková kupní cena nemovitosti,7432,2 000 - 9 999 obyv.,432000641000000,Česko,CZ,Jihomoravský kraj,CZ064,,,Rodinné domy [Kč/m2],10302,2021,2021,38796
Průměrná jednotková kupní cena nemovitosti,7432,2 000 - 9 999 obyv.,432000641000000,Česko,CZ,Jihomoravský kraj,CZ064,,,Rodinné domy [Kč/m2],10302,2022,2022,44105
Průměrná jednotková kupní cena nemovitosti,7432,2 000 - 9 999 obyv.,432000641000000,Česko,CZ,Jihomoravský kraj,CZ064,,,Rodinné domy [Kč/m2],10302,2023,2023,43279
Průměrná jednotková kupní cena nemovitosti,7432,2 000 - 9 999 obyv.,432000641000000,Česko,CZ,Jihomoravský kraj,CZ064,,,Rodinné domy [Kč/m2],10302,2024,2024,47040
Průměrná jednotková kupní cena nemovitosti,7432,2 000 - 9 999 obyv.,432000641000000,Česko,CZ,Jihomoravský kraj,CZ064,,,Rodinné domy [Kč/m2],10302,2025,2025,49190
Průměrná jednotková kupní cena nemovitosti,7432,2 000 - 9 999 obyv.,432000641000000,Česko,CZ,Jihomoravský kraj,CZ064,,,Byty [Kč/m2],10602,2019,2019,28794
Průměrná jednotková kupní cena nemovitosti,7432,2 000 - 9 999 obyv.,432000641000000,Česko,CZ,Jihomoravský kraj,CZ064,,,Byty [Kč/m2],10602,2020,2020,32584
Průměrná jednotková kupní cena nemovitosti,7432,2 000 - 9 999 obyv.,432000641000000,Česko,CZ,Jihomoravský kraj,CZ064,,,Byty [Kč/m2],10602,2021,2021,40824
Průměrná jednotková kupní cena nemovitosti,7432,2 000 - 9 999 obyv.,432000641000000,Česko,CZ,Jihomoravský kraj,CZ064,,,Byty [Kč/m2],10602,2022,2022,51175
Průměrná jednotková kupní cena nemovitosti,7432,2 000 - 9 999 obyv.,432000641000000,Česko,CZ,Jihomoravský kraj,CZ064,,,Byty [Kč/m2],10602,2023,2023,50762
Průměrná jednotková kupní cena nemovitosti,7432,2 000 - 9 999 obyv.,432000641000000,Česko,CZ,Jihomoravský kraj,CZ064,,,Byty [Kč/m2],10602,2024,2024,54726
Průměrná jednotková kupní cena nemovitosti,7432,2 000 - 9 999 obyv.,432000641000000,Česko,CZ,Jihomoravský kraj,CZ064,,,Byty [Kč/m2],10602,2025,2025,63561
Průměrná jednotková kupní cena nemovitosti,7432,2 000 - 9 999 obyv.,432000641000000,Česko,CZ,Olomoucký kraj,CZ071,,,Rodinné domy [Kč/m2],10302,2019,2019,27041
Průměrná jednotková kupní cena nemovitosti,7432,2 000 - 9 999 obyv.,432000641000000,Česko,CZ,Olomoucký kraj,CZ071,,,Rodinné domy [Kč/m2],10302,2020,2020,27726
Průměrná jednotková kupní cena nemovitosti,7432,2 000 - 9 999 obyv.,432000641000000,Česko,CZ,Olomoucký kraj,CZ071,,,Rodinné domy [Kč/m2],10302,2021,2021,32506
Průměrná jednotková kupní cena nemovitosti,7432,2 000 - 9 999 obyv.,432000641000000,Česko,CZ,Olomoucký kraj,CZ071,,,Rodinné domy [Kč/m2],10302,2022,2022,40277
Průměrná jednotková kupní cena nemovitosti,7432,2 000 - 9 999 obyv.,432000641000000,Česko,CZ,Olomoucký kraj,CZ071,,,Rodinné domy [Kč/m2],10302,2023,2023,38412
Průměrná jednotková kupní cena nemovitosti,7432,2 000 - 9 999 obyv.,432000641000000,Česko,CZ,Olomoucký kraj,CZ071,,,Rodinné domy [Kč/m2],10302,2024,2024,39111
Průměrná jednotková kupní cena nemovitosti,7432,2 000 - 9 999 obyv.,432000641000000,Česko,CZ,Olomoucký kraj,CZ071,,,Rodinné domy [Kč/m2],10302,2025,2025,44480
Průměrná jednotková kupní cena nemovitosti,7432,2 000 - 9 999 obyv.,432000641000000,Česko,CZ,Olomoucký kraj,CZ071,,,Byty [Kč/m2],10602,2019,2019,21968
Průměrná jednotková kupní cena nemovitosti,7432,2 000 - 9 999 obyv.,432000641000000,Česko,CZ,Olomoucký kraj,CZ071,,,Byty [Kč/m2],10602,2020,2020,24070
Průměrná jednotková kupní cena nemovitosti,7432,2 000 - 9 999 obyv.,432000641000000,Česko,CZ,Olomoucký kraj,CZ071,,,Byty [Kč/m2],10602,2021,2021,33083
Průměrná jednotková kupní cena nemovitosti,7432,2 000 - 9 999 obyv.,432000641000000,Česko,CZ,Olomoucký kraj,CZ071,,,Byty [Kč/m2],10602,2022,2022,40213
Průměrná jednotková kupní cena nemovitosti,7432,2 000 - 9 999 obyv.,432000641000000,Česko,CZ,Olomoucký kraj,CZ071,,,Byty [Kč/m2],10602,2023,2023,39684
Průměrná jednotková kupní cena nemovitosti,7432,2 000 - 9 999 obyv.,432000641000000,Česko,CZ,Olomoucký kraj,CZ071,,,Byty [Kč/m2],10602,2024,2024,40655
Průměrná jednotková kupní cena nemovitosti,7432,2 000 - 9 999 obyv.,432000641000000,Česko,CZ,Olomoucký kraj,CZ071,,,Byty [Kč/m2],10602,2025,2025,43891
Průměrná jednotková kupní cena nemovitosti,7432,2 000 - 9 999 obyv.,432000641000000,Česko,CZ,Zlínský kraj,CZ072,,,Rodinné domy [Kč/m2],10302,2019,2019,22478
Průměrná jednotková kupní cena nemovitosti,7432,2 000 - 9 999 obyv.,432000641000000,Česko,CZ,Zlínský kraj,CZ072,,,Rodinné domy [Kč/m2],10302,2020,2020,27829
Průměrná jednotková kupní cena nemovitosti,7432,2 000 - 9 999 obyv.,432000641000000,Česko,CZ,Zlínský kraj,CZ072,,,Rodinné domy [Kč/m2],10302,2021,2021,29730
Průměrná jednotková kupní cena nemovitosti,7432,2 000 - 9 999 obyv.,432000641000000,Česko,CZ,Zlínský kraj,CZ072,,,Rodinné domy [Kč/m2],10302,2022,2022,36665
Průměrná jednotková kupní cena nemovitosti,7432,2 000 - 9 999 obyv.,432000641000000,Česko,CZ,Zlínský kraj,CZ072,,,Rodinné domy [Kč/m2],10302,2023,2023,34451
Průměrná jednotková kupní cena nemovitosti,7432,2 000 - 9 999 obyv.,432000641000000,Česko,CZ,Zlínský kraj,CZ072,,,Rodinné domy [Kč/m2],10302,2024,2024,37382
Průměrná jednotková kupní cena nemovitosti,7432,2 000 - 9 999 obyv.,432000641000000,Česko,CZ,Zlínský kraj,CZ072,,,Rodinné domy [Kč/m2],10302,2025,2025,42307
Průměrná jednotková kupní cena nemovitosti,7432,2 000 - 9 999 obyv.,432000641000000,Česko,CZ,Zlínský kraj,CZ072,,,Byty [Kč/m2],10602,2019,2019,24299
Průměrná jednotková kupní cena nemovitosti,7432,2 000 - 9 999 obyv.,432000641000000,Česko,CZ,Zlínský kraj,CZ072,,,Byty [Kč/m2],10602,2020,2020,25589
Průměrná jednotková kupní cena nemovitosti,7432,2 000 - 9 999 obyv.,432000641000000,Česko,CZ,Zlínský kraj,CZ072,,,Byty [Kč/m2],10602,2021,2021,34606
Průměrná jednotková kupní cena nemovitosti,7432,2 000 - 9 999 obyv.,432000641000000,Česko,CZ,Zlínský kraj,CZ072,,,Byty [Kč/m2],10602,2022,2022,43126
Průměrná jednotková kupní cena nemovitosti,7432,2 000 - 9 999 obyv.,432000641000000,Česko,CZ,Zlínský kraj,CZ072,,,Byty [Kč/m2],10602,2023,2023,41279
Průměrná jednotková kupní cena nemovitosti,7432,2 000 - 9 999 obyv.,432000641000000,Česko,CZ,Zlínský kraj,CZ072,,,Byty [Kč/m2],10602,2024,2024,44884
Průměrná jednotková kupní cena nemovitosti,7432,2 000 - 9 999 obyv.,432000641000000,Česko,CZ,Zlínský kraj,CZ072,,,Byty [Kč/m2],10602,2025,2025,48743
Průměrná jednotková kupní cena nemovitosti,7432,2 000 - 9 999 obyv.,432000641000000,Česko,CZ,Moravskoslezský kraj,CZ080,,,Rodinné domy [Kč/m2],10302,2019,2019,27124
Průměrná jednotková kupní cena nemovitosti,7432,2 000 - 9 999 obyv.,432000641000000,Česko,CZ,Moravskoslezský kraj,CZ080,,,Rodinné domy [Kč/m2],10302,2020,2020,29274
Průměrná jednotková kupní cena nemovitosti,7432,2 000 - 9 999 obyv.,432000641000000,Česko,CZ,Moravskoslezský kraj,CZ080,,,Rodinné domy [Kč/m2],10302,2021,2021,33943
Průměrná jednotková kupní cena nemovitosti,7432,2 000 - 9 999 obyv.,432000641000000,Česko,CZ,Moravskoslezský kraj,CZ080,,,Rodinné domy [Kč/m2],10302,2022,2022,41754
Průměrná jednotková kupní cena nemovitosti,7432,2 000 - 9 999 obyv.,432000641000000,Česko,CZ,Moravskoslezský kraj,CZ080,,,Rodinné domy [Kč/m2],10302,2023,2023,40139
Průměrná jednotková kupní cena nemovitosti,7432,2 000 - 9 999 obyv.,432000641000000,Česko,CZ,Moravskoslezský kraj,CZ080,,,Rodinné domy [Kč/m2],10302,2024,2024,40611
Průměrná jednotková kupní cena nemovitosti,7432,2 000 - 9 999 obyv.,432000641000000,Česko,CZ,Moravskoslezský kraj,CZ080,,,Rodinné domy [Kč/m2],10302,2025,2025,45255
Průměrná jednotková kupní cena nemovitosti,7432,2 000 - 9 999 obyv.,432000641000000,Česko,CZ,Moravskoslezský kraj,CZ080,,,Byty [Kč/m2],10602,2019,2019,20381
Průměrná jednotková kupní cena nemovitosti,7432,2 000 - 9 999 obyv.,432000641000000,Česko,CZ,Moravskoslezský kraj,CZ080,,,Byty [Kč/m2],10602,2020,2020,23093
Průměrná jednotková kupní cena nemovitosti,7432,2 000 - 9 999 obyv.,432000641000000,Česko,CZ,Moravskoslezský kraj,CZ080,,,Byty [Kč/m2],10602,2021,2021,31792
Průměrná jednotková kupní cena nemovitosti,7432,2 000 - 9 999 obyv.,432000641000000,Česko,CZ,Moravskoslezský kraj,CZ080,,,Byty [Kč/m2],10602,2022,2022,38041
Průměrná jednotková kupní cena nemovitosti,7432,2 000 - 9 999 obyv.,432000641000000,Česko,CZ,Moravskoslezský kraj,CZ080,,,Byty [Kč/m2],10602,2023,2023,35749
Průměrná jednotková kupní cena nemovitosti,7432,2 000 - 9 999 obyv.,432000641000000,Česko,CZ,Moravskoslezský kraj,CZ080,,,Byty [Kč/m2],10602,2024,2024,39571
Průměrná jednotková kupní cena nemovitosti,7432,2 000 - 9 999 obyv.,432000641000000,Česko,CZ,Moravskoslezský kraj,CZ080,,,Byty [Kč/m2],10602,2025,2025,44992
Průměrná jednotková kupní cena nemovitosti,7432,10 000 - 49 999 obyv.,441000645000000,Česko,CZ,Středočeský kraj,CZ020,,,Rodinné domy [Kč/m2],10302,2019,2019,39129
Průměrná jednotková kupní cena nemovitosti,7432,10 000 - 49 999 obyv.,441000645000000,Česko,CZ,Středočeský kraj,CZ020,,,Rodinné domy [Kč/m2],10302,2020,2020,43867
Průměrná jednotková kupní cena nemovitosti,7432,10 000 - 49 999 obyv.,441000645000000,Česko,CZ,Středočeský kraj,CZ020,,,Rodinné domy [Kč/m2],10302,2021,2021,54927
Průměrná jednotková kupní cena nemovitosti,7432,10 000 - 49 999 obyv.,441000645000000,Česko,CZ,Středočeský kraj,CZ020,,,Rodinné domy [Kč/m2],10302,2022,2022,62468
Průměrná jednotková kupní cena nemovitosti,7432,10 000 - 49 999 obyv.,441000645000000,Česko,CZ,Středočeský kraj,CZ020,,,Rodinné domy [Kč/m2],10302,2023,2023,61351
Průměrná jednotková kupní cena nemovitosti,7432,10 000 - 49 999 obyv.,441000645000000,Česko,CZ,Středočeský kraj,CZ020,,,Rodinné domy [Kč/m2],10302,2024,2024,64827
Průměrná jednotková kupní cena nemovitosti,7432,10 000 - 49 999 obyv.,441000645000000,Česko,CZ,Středočeský kraj,CZ020,,,Rodinné domy [Kč/m2],10302,2025,2025,74198
Průměrná jednotková kupní cena nemovitosti,7432,10 000 - 49 999 obyv.,441000645000000,Česko,CZ,Středočeský kraj,CZ020,,,Byty [Kč/m2],10602,2019,2019,31784
Průměrná jednotková kupní cena nemovitosti,7432,10 000 - 49 999 obyv.,441000645000000,Česko,CZ,Středočeský kraj,CZ020,,,Byty [Kč/m2],10602,2020,2020,38473
Průměrná jednotková kupní cena nemovitosti,7432,10 000 - 49 999 obyv.,441000645000000,Česko,CZ,Středočeský kraj,CZ020,,,Byty [Kč/m2],10602,2021,2021,47396
Průměrná jednotková kupní cena nemovitosti,7432,10 000 - 49 999 obyv.,441000645000000,Česko,CZ,Středočeský kraj,CZ020,,,Byty [Kč/m2],10602,2022,2022,56554
Průměrná jednotková kupní cena nemovitosti,7432,10 000 - 49 999 obyv.,441000645000000,Česko,CZ,Středočeský kraj,CZ020,,,Byty [Kč/m2],10602,2023,2023,53471
Průměrná jednotková kupní cena nemovitosti,7432,10 000 - 49 999 obyv.,441000645000000,Česko,CZ,Středočeský kraj,CZ020,,,Byty [Kč/m2],10602,2024,2024,58440
Průměrná jednotková kupní cena nemovitosti,7432,10 000 - 49 999 obyv.,441000645000000,Česko,CZ,Středočeský kraj,CZ020,,,Byty [Kč/m2],10602,2025,2025,67181
Průměrná jednotková kupní cena nemovitosti,7432,10 000 - 49 999 obyv.,441000645000000,Česko,CZ,Jihočeský kraj,CZ031,,,Rodinné domy [Kč/m2],10302,2019,2019,29036
Průměrná jednotková kupní cena nemovitosti,7432,10 000 - 49 999 obyv.,441000645000000,Česko,CZ,Jihočeský kraj,CZ031,,,Rodinné domy [Kč/m2],10302,2020,2020,36520
Průměrná jednotková kupní cena nemovitosti,7432,10 000 - 49 999 obyv.,441000645000000,Česko,CZ,Jihočeský kraj,CZ031,,,Rodinné domy [Kč/m2],10302,2021,2021,42509
Průměrná jednotková kupní cena nemovitosti,7432,10 000 - 49 999 obyv.,441000645000000,Česko,CZ,Jihočeský kraj,CZ031,,,Rodinné domy [Kč/m2],10302,2022,2022,47850
Průměrná jednotková kupní cena nemovitosti,7432,10 000 - 49 999 obyv.,441000645000000,Česko,CZ,Jihočeský kraj,CZ031,,,Rodinné domy [Kč/m2],10302,2023,2023,49832
Průměrná jednotková kupní cena nemovitosti,7432,10 000 - 49 999 obyv.,441000645000000,Česko,CZ,Jihočeský kraj,CZ031,,,Rodinné domy [Kč/m2],10302,2024,2024,51828
Průměrná jednotková kupní cena nemovitosti,7432,10 000 - 49 999 obyv.,441000645000000,Česko,CZ,Jihočeský kraj,CZ031,,,Rodinné domy [Kč/m2],10302,2025,2025,53425
Průměrná jednotková kupní cena nemovitosti,7432,10 000 - 49 999 obyv.,441000645000000,Česko,CZ,Jihočeský kraj,CZ031,,,Byty [Kč/m2],10602,2019,2019,26401
Průměrná jednotková kupní cena nemovitosti,7432,10 000 - 49 999 obyv.,441000645000000,Česko,CZ,Jihočeský kraj,CZ031,,,Byty [Kč/m2],10602,2020,2020,32572
Průměrná jednotková kupní cena nemovitosti,7432,10 000 - 49 999 obyv.,441000645000000,Česko,CZ,Jihočeský kraj,CZ031,,,Byty [Kč/m2],10602,2021,2021,41004
Průměrná jednotková kupní cena nemovitosti,7432,10 000 - 49 999 obyv.,441000645000000,Česko,CZ,Jihočeský kraj,CZ031,,,Byty [Kč/m2],10602,2022,2022,50306
Průměrná jednotková kupní cena nemovitosti,7432,10 000 - 49 999 obyv.,441000645000000,Česko,CZ,Jihočeský kraj,CZ031,,,Byty [Kč/m2],10602,2023,2023,45231
Průměrná jednotková kupní cena nemovitosti,7432,10 000 - 49 999 obyv.,441000645000000,Česko,CZ,Jihočeský kraj,CZ031,,,Byty [Kč/m2],10602,2024,2024,49443
Průměrná jednotková kupní cena nemovitosti,7432,10 000 - 49 999 obyv.,441000645000000,Česko,CZ,Jihočeský kraj,CZ031,,,Byty [Kč/m2],10602,2025,2025,55796
Průměrná jednotková kupní cena nemovitosti,7432,10 000 - 49 999 obyv.,441000645000000,Česko,CZ,Plzeňský kraj,CZ032,,,Rodinné domy [Kč/m2],10302,2019,2019,31319
Průměrná jednotková kupní cena nemovitosti,7432,10 000 - 49 999 obyv.,441000645000000,Česko,CZ,Plzeňský kraj,CZ032,,,Rodinné domy [Kč/m2],10302,2020,2020,35374
Průměrná jednotková kupní cena nemovitosti,7432,10 000 - 49 999 obyv.,441000645000000,Česko,CZ,Plzeňský kraj,CZ032,,,Rodinné domy [Kč/m2],10302,2021,2021,42478
Průměrná jednotková kupní cena nemovitosti,7432,10 000 - 49 999 obyv.,441000645000000,Česko,CZ,Plzeňský kraj,CZ032,,,Rodinné domy [Kč/m2],10302,2022,2022,47792
Průměrná jednotková kupní cena nemovitosti,7432,10 000 - 49 999 obyv.,441000645000000,Česko,CZ,Plzeňský kraj,CZ032,,,Rodinné domy [Kč/m2],10302,2023,2023,42218
Průměrná jednotková kupní cena nemovitosti,7432,10 000 - 49 999 obyv.,441000645000000,Česko,CZ,Plzeňský kraj,CZ032,,,Rodinné domy [Kč/m2],10302,2024,2024,51828
Průměrná jednotková kupní cena nemovitosti,7432,10 000 - 49 999 obyv.,441000645000000,Česko,CZ,Plzeňský kraj,CZ032,,,Rodinné domy [Kč/m2],10302,2025,2025,50962
Průměrná jednotková kupní cena nemovitosti,7432,10 000 - 49 999 obyv.,441000645000000,Česko,CZ,Plzeňský kraj,CZ032,,,Byty [Kč/m2],10602,2019,2019,26557
Průměrná jednotková kupní cena nemovitosti,7432,10 000 - 49 999 obyv.,441000645000000,Česko,CZ,Plzeňský kraj,CZ032,,,Byty [Kč/m2],10602,2020,2020,29945
Průměrná jednotková kupní cena nemovitosti,7432,10 000 - 49 999 obyv.,441000645000000,Česko,CZ,Plzeňský kraj,CZ032,,,Byty [Kč/m2],10602,2021,2021,37749
Průměrná jednotková kupní cena nemovitosti,7432,10 000 - 49 999 obyv.,441000645000000,Česko,CZ,Plzeňský kraj,CZ032,,,Byty [Kč/m2],10602,2022,2022,46997
Průměrná jednotková kupní cena nemovitosti,7432,10 000 - 49 999 obyv.,441000645000000,Česko,CZ,Plzeňský kraj,CZ032,,,Byty [Kč/m2],10602,2023,2023,43950
Průměrná jednotková kupní cena nemovitosti,7432,10 000 - 49 999 obyv.,441000645000000,Česko,CZ,Plzeňský kraj,CZ032,,,Byty [Kč/m2],10602,2024,2024,47437
Průměrná jednotková kupní cena nemovitosti,7432,10 000 - 49 999 obyv.,441000645000000,Česko,CZ,Plzeňský kraj,CZ032,,,Byty [Kč/m2],10602,2025,2025,53242
Průměrná jednotková kupní cena nemovitosti,7432,10 000 - 49 999 obyv.,441000645000000,Česko,CZ,Karlovarský kraj,CZ041,,,Rodinné domy [Kč/m2],10302,2019,2019,29386
Průměrná jednotková kupní cena nemovitosti,7432,10 000 - 49 999 obyv.,441000645000000,Česko,CZ,Karlovarský kraj,CZ041,,,Rodinné domy [Kč/m2],10302,2020,2020,28446
Průměrná jednotková kupní cena nemovitosti,7432,10 000 - 49 999 obyv.,441000645000000,Česko,CZ,Karlovarský kraj,CZ041,,,Rodinné domy [Kč/m2],10302,2021,2021,34321
Průměrná jednotková kupní cena nemovitosti,7432,10 000 - 49 999 obyv.,441000645000000,Česko,CZ,Karlovarský kraj,CZ041,,,Rodinné domy [Kč/m2],10302,2022,2022,42291
Průměrná jednotková kupní cena nemovitosti,7432,10 000 - 49 999 obyv.,441000645000000,Česko,CZ,Karlovarský kraj,CZ041,,,Rodinné domy [Kč/m2],10302,2023,2023,40554
Průměrná jednotková kupní cena nemovitosti,7432,10 000 - 49 999 obyv.,441000645000000,Česko,CZ,Karlovarský kraj,CZ041,,,Rodinné domy [Kč/m2],10302,2024,2024,44659
Průměrná jednotková kupní cena nemovitosti,7432,10 000 - 49 999 obyv.,441000645000000,Česko,CZ,Karlovarský kraj,CZ041,,,Rodinné domy [Kč/m2],10302,2025,2025,45102
Průměrná jednotková kupní cena nemovitosti,7432,10 000 - 49 999 obyv.,441000645000000,Česko,CZ,Karlovarský kraj,CZ041,,,Byty [Kč/m2],10602,2019,2019,22473
Průměrná jednotková kupní cena nemovitosti,7432,10 000 - 49 999 obyv.,441000645000000,Česko,CZ,Karlovarský kraj,CZ041,,,Byty [Kč/m2],10602,2020,2020,25268
Průměrná jednotková kupní cena nemovitosti,7432,10 000 - 49 999 obyv.,441000645000000,Česko,CZ,Karlovarský kraj,CZ041,,,Byty [Kč/m2],10602,2021,2021,31186
Průměrná jednotková kupní cena nemovitosti,7432,10 000 - 49 999 obyv.,441000645000000,Česko,CZ,Karlovarský kraj,CZ041,,,Byty [Kč/m2],10602,2022,2022,38278
Průměrná jednotková kupní cena nemovitosti,7432,10 000 - 49 999 obyv.,441000645000000,Česko,CZ,Karlovarský kraj,CZ041,,,Byty [Kč/m2],10602,2023,2023,35428
Průměrná jednotková kupní cena nemovitosti,7432,10 000 - 49 999 obyv.,441000645000000,Česko,CZ,Karlovarský kraj,CZ041,,,Byty [Kč/m2],10602,2024,2024,37897
Průměrná jednotková kupní cena nemovitosti,7432,10 000 - 49 999 obyv.,441000645000000,Česko,CZ,Karlovarský kraj,CZ041,,,Byty [Kč/m2],10602,2025,2025,44134
Průměrná jednotková kupní cena nemovitosti,7432,10 000 - 49 999 obyv.,441000645000000,Česko,CZ,Ústecký kraj,CZ042,,,Rodinné domy [Kč/m2],10302,2019,2019,27244
Průměrná jednotková kupní cena nemovitosti,7432,10 000 - 49 999 obyv.,441000645000000,Česko,CZ,Ústecký kraj,CZ042,,,Rodinné domy [Kč/m2],10302,2020,2020,29274
Průměrná jednotková kupní cena nemovitosti,7432,10 000 - 49 999 obyv.,441000645000000,Česko,CZ,Ústecký kraj,CZ042,,,Rodinné domy [Kč/m2],10302,2021,2021,34107
Průměrná jednotková kupní cena nemovitosti,7432,10 000 - 49 999 obyv.,441000645000000,Česko,CZ,Ústecký kraj,CZ042,,,Rodinné domy [Kč/m2],10302,2022,2022,40164
Průměrná jednotková kupní cena nemovitosti,7432,10 000 - 49 999 obyv.,441000645000000,Česko,CZ,Ústecký kraj,CZ042,,,Rodinné domy [Kč/m2],10302,2023,2023,40185
Průměrná jednotková kupní cena nemovitosti,7432,10 000 - 49 999 obyv.,441000645000000,Česko,CZ,Ústecký kraj,CZ042,,,Rodinné domy [Kč/m2],10302,2024,2024,41844
Průměrná jednotková kupní cena nemovitosti,7432,10 000 - 49 999 obyv.,441000645000000,Česko,CZ,Ústecký kraj,CZ042,,,Rodinné domy [Kč/m2],10302,2025,2025,49440
Průměrná jednotková kupní cena nemovitosti,7432,10 000 - 49 999 obyv.,441000645000000,Česko,CZ,Ústecký kraj,CZ042,,,Byty [Kč/m2],10602,2019,2019,19642
Průměrná jednotková kupní cena nemovitosti,7432,10 000 - 49 999 obyv.,441000645000000,Česko,CZ,Ústecký kraj,CZ042,,,Byty [Kč/m2],10602,2020,2020,23101
Průměrná jednotková kupní cena nemovitosti,7432,10 000 - 49 999 obyv.,441000645000000,Česko,CZ,Ústecký kraj,CZ042,,,Byty [Kč/m2],10602,2021,2021,29352
Průměrná jednotková kupní cena nemovitosti,7432,10 000 - 49 999 obyv.,441000645000000,Česko,CZ,Ústecký kraj,CZ042,,,Byty [Kč/m2],10602,2022,2022,34571
Průměrná jednotková kupní cena nemovitosti,7432,10 000 - 49 999 obyv.,441000645000000,Česko,CZ,Ústecký kraj,CZ042,,,Byty [Kč/m2],10602,2023,2023,32315
Průměrná jednotková kupní cena nemovitosti,7432,10 000 - 49 999 obyv.,441000645000000,Česko,CZ,Ústecký kraj,CZ042,,,Byty [Kč/m2],10602,2024,2024,35346
Průměrná jednotková kupní cena nemovitosti,7432,10 000 - 49 999 obyv.,441000645000000,Česko,CZ,Ústecký kraj,CZ042,,,Byty [Kč/m2],10602,2025,2025,40928
Průměrná jednotková kupní cena nemovitosti,7432,10 000 - 49 999 obyv.,441000645000000,Česko,CZ,Liberecký kraj,CZ051,,,Rodinné domy [Kč/m2],10302,2019,2019,30196
Průměrná jednotková kupní cena nemovitosti,7432,10 000 - 49 999 obyv.,441000645000000,Česko,CZ,Liberecký kraj,CZ051,,,Rodinné domy [Kč/m2],10302,2020,2020,32710
Průměrná jednotková kupní cena nemovitosti,7432,10 000 - 49 999 obyv.,441000645000000,Česko,CZ,Liberecký kraj,CZ051,,,Rodinné domy [Kč/m2],10302,2021,2021,37760
Průměrná jednotková kupní cena nemovitosti,7432,10 000 - 49 999 obyv.,441000645000000,Česko,CZ,Liberecký kraj,CZ051,,,Rodinné domy [Kč/m2],10302,2022,2022,53338
Průměrná jednotková kupní cena nemovitosti,7432,10 000 - 49 999 obyv.,441000645000000,Česko,CZ,Liberecký kraj,CZ051,,,Rodinné domy [Kč/m2],10302,2023,2023,45451
Průměrná jednotková kupní cena nemovitosti,7432,10 000 - 49 999 obyv.,441000645000000,Česko,CZ,Liberecký kraj,CZ051,,,Rodinné domy [Kč/m2],10302,2024,2024,47199
Průměrná jednotková kupní cena nemovitosti,7432,10 000 - 49 999 obyv.,441000645000000,Česko,CZ,Liberecký kraj,CZ051,,,Rodinné domy [Kč/m2],10302,2025,2025,56776
Průměrná jednotková kupní cena nemovitosti,7432,10 000 - 49 999 obyv.,441000645000000,Česko,CZ,Liberecký kraj,CZ051,,,Byty [Kč/m2],10602,2019,2019,24938
Průměrná jednotková kupní cena nemovitosti,7432,10 000 - 49 999 obyv.,441000645000000,Česko,CZ,Liberecký kraj,CZ051,,,Byty [Kč/m2],10602,2020,2020,29206
Průměrná jednotková kupní cena nemovitosti,7432,10 000 - 49 999 obyv.,441000645000000,Česko,CZ,Liberecký kraj,CZ051,,,Byty [Kč/m2],10602,2021,2021,37042
Průměrná jednotková kupní cena nemovitosti,7432,10 000 - 49 999 obyv.,441000645000000,Česko,CZ,Liberecký kraj,CZ051,,,Byty [Kč/m2],10602,2022,2022,46200
Průměrná jednotková kupní cena nemovitosti,7432,10 000 - 49 999 obyv.,441000645000000,Česko,CZ,Liberecký kraj,CZ051,,,Byty [Kč/m2],10602,2023,2023,42634
Průměrná jednotková kupní cena nemovitosti,7432,10 000 - 49 999 obyv.,441000645000000,Česko,CZ,Liberecký kraj,CZ051,,,Byty [Kč/m2],10602,2024,2024,45283
Průměrná jednotková kupní cena nemovitosti,7432,10 000 - 49 999 obyv.,441000645000000,Česko,CZ,Liberecký kraj,CZ051,,,Byty [Kč/m2],10602,2025,2025,50193
Průměrná jednotková kupní cena nemovitosti,7432,10 000 - 49 999 obyv.,441000645000000,Česko,CZ,Královéhradecký kraj,CZ052,,,Rodinné domy [Kč/m2],10302,2019,2019,28073
Průměrná jednotková kupní cena nemovitosti,7432,10 000 - 49 999 obyv.,441000645000000,Česko,CZ,Královéhradecký kraj,CZ052,,,Rodinné domy [Kč/m2],10302,2020,2020,33026
Průměrná jednotková kupní cena nemovitosti,7432,10 000 - 49 999 obyv.,441000645000000,Česko,CZ,Královéhradecký kraj,CZ052,,,Rodinné domy [Kč/m2],10302,2021,2021,34452
Průměrná jednotková kupní cena nemovitosti,7432,10 000 - 49 999 obyv.,441000645000000,Česko,CZ,Královéhradecký kraj,CZ052,,,Rodinné domy [Kč/m2],10302,2022,2022,40243
Průměrná jednotková kupní cena nemovitosti,7432,10 000 - 49 999 obyv.,441000645000000,Česko,CZ,Královéhradecký kraj,CZ052,,,Rodinné domy [Kč/m2],10302,2023,2023,43288
Průměrná jednotková kupní cena nemovitosti,7432,10 000 - 49 999 obyv.,441000645000000,Česko,CZ,Královéhradecký kraj,CZ052,,,Rodinné domy [Kč/m2],10302,2024,2024,47971
Průměrná jednotková kupní cena nemovitosti,7432,10 000 - 49 999 obyv.,441000645000000,Česko,CZ,Královéhradecký kraj,CZ052,,,Rodinné domy [Kč/m2],10302,2025,2025,50126
Průměrná jednotková kupní cena nemovitosti,7432,10 000 - 49 999 obyv.,441000645000000,Česko,CZ,Královéhradecký kraj,CZ052,,,Byty [Kč/m2],10602,2019,2019,25607
Průměrná jednotková kupní cena nemovitosti,7432,10 000 - 49 999 obyv.,441000645000000,Česko,CZ,Královéhradecký kraj,CZ052,,,Byty [Kč/m2],10602,2020,2020,30389
Průměrná jednotková kupní cena nemovitosti,7432,10 000 - 49 999 obyv.,441000645000000,Česko,CZ,Královéhradecký kraj,CZ052,,,Byty [Kč/m2],10602,2021,2021,38419
Průměrná jednotková kupní cena nemovitosti,7432,10 000 - 49 999 obyv.,441000645000000,Česko,CZ,Královéhradecký kraj,CZ052,,,Byty [Kč/m2],10602,2022,2022,45929
Průměrná jednotková kupní cena nemovitosti,7432,10 000 - 49 999 obyv.,441000645000000,Česko,CZ,Královéhradecký kraj,CZ052,,,Byty [Kč/m2],10602,2023,2023,45848
Průměrná jednotková kupní cena nemovitosti,7432,10 000 - 49 999 obyv.,441000645000000,Česko,CZ,Královéhradecký kraj,CZ052,,,Byty [Kč/m2],10602,2024,2024,46679
Průměrná jednotková kupní cena nemovitosti,7432,10 000 - 49 999 obyv.,441000645000000,Česko,CZ,Královéhradecký kraj,CZ052,,,Byty [Kč/m2],10602,2025,2025,54034
Průměrná jednotková kupní cena nemovitosti,7432,10 000 - 49 999 obyv.,441000645000000,Česko,CZ,Pardubický kraj,CZ053,,,Rodinné domy [Kč/m2],10302,2019,2019,32187
Průměrná jednotková kupní cena nemovitosti,7432,10 000 - 49 999 obyv.,441000645000000,Česko,CZ,Pardubický kraj,CZ053,,,Rodinné domy [Kč/m2],10302,2020,2020,31919
Průměrná jednotková kupní cena nemovitosti,7432,10 000 - 49 999 obyv.,441000645000000,Česko,CZ,Pardubický kraj,CZ053,,,Rodinné domy [Kč/m2],10302,2021,2021,36511
Průměrná jednotková kupní cena nemovitosti,7432,10 000 - 49 999 obyv.,441000645000000,Česko,CZ,Pardubický kraj,CZ053,,,Rodinné domy [Kč/m2],10302,2022,2022,43507
Průměrná jednotková kupní cena nemovitosti,7432,10 000 - 49 999 obyv.,441000645000000,Česko,CZ,Pardubický kraj,CZ053,,,Rodinné domy [Kč/m2],10302,2023,2023,41763
Průměrná jednotková kupní cena nemovitosti,7432,10 000 - 49 999 obyv.,441000645000000,Česko,CZ,Pardubický kraj,CZ053,,,Rodinné domy [Kč/m2],10302,2024,2024,47241
Průměrná jednotková kupní cena nemovitosti,7432,10 000 - 49 999 obyv.,441000645000000,Česko,CZ,Pardubický kraj,CZ053,,,Rodinné domy [Kč/m2],10302,2025,2025,50871
Průměrná jednotková kupní cena nemovitosti,7432,10 000 - 49 999 obyv.,441000645000000,Česko,CZ,Pardubický kraj,CZ053,,,Byty [Kč/m2],10602,2019,2019,26996
Průměrná jednotková kupní cena nemovitosti,7432,10 000 - 49 999 obyv.,441000645000000,Česko,CZ,Pardubický kraj,CZ053,,,Byty [Kč/m2],10602,2020,2020,31478
Průměrná jednotková kupní cena nemovitosti,7432,10 000 - 49 999 obyv.,441000645000000,Česko,CZ,Pardubický kraj,CZ053,,,Byty [Kč/m2],10602,2021,2021,40864
Průměrná jednotková kupní cena nemovitosti,7432,10 000 - 49 999 obyv.,441000645000000,Česko,CZ,Pardubický kraj,CZ053,,,Byty [Kč/m2],10602,2022,2022,44801
Průměrná jednotková kupní cena nemovitosti,7432,10 000 - 49 999 obyv.,441000645000000,Česko,CZ,Pardubický kraj,CZ053,,,Byty [Kč/m2],10602,2023,2023,43025
Průměrná jednotková kupní cena nemovitosti,7432,10 000 - 49 999 obyv.,441000645000000,Česko,CZ,Pardubický kraj,CZ053,,,Byty [Kč/m2],10602,2024,2024,45480
Průměrná jednotková kupní cena nemovitosti,7432,10 000 - 49 999 obyv.,441000645000000,Česko,CZ,Pardubický kraj,CZ053,,,Byty [Kč/m2],10602,2025,2025,50227
Průměrná jednotková kupní cena nemovitosti,7432,10 000 - 49 999 obyv.,441000645000000,Česko,CZ,Kraj Vysočina,CZ063,,,Rodinné domy [Kč/m2],10302,2019,2019,32718
Průměrná jednotková kupní cena nemovitosti,7432,10 000 - 49 999 obyv.,441000645000000,Česko,CZ,Kraj Vysočina,CZ063,,,Rodinné domy [Kč/m2],10302,2020,2020,32458
Průměrná jednotková kupní cena nemovitosti,7432,10 000 - 49 999 obyv.,441000645000000,Česko,CZ,Kraj Vysočina,CZ063,,,Rodinné domy [Kč/m2],10302,2021,2021,37963
Průměrná jednotková kupní cena nemovitosti,7432,10 000 - 49 999 obyv.,441000645000000,Česko,CZ,Kraj Vysočina,CZ063,,,Rodinné domy [Kč/m2],10302,2022,2022,43163
Průměrná jednotková kupní cena nemovitosti,7432,10 000 - 49 999 obyv.,441000645000000,Česko,CZ,Kraj Vysočina,CZ063,,,Rodinné domy [Kč/m2],10302,2023,2023,42858
Průměrná jednotková kupní cena nemovitosti,7432,10 000 - 49 999 obyv.,441000645000000,Česko,CZ,Kraj Vysočina,CZ063,,,Rodinné domy [Kč/m2],10302,2024,2024,51333
Průměrná jednotková kupní cena nemovitosti,7432,10 000 - 49 999 obyv.,441000645000000,Česko,CZ,Kraj Vysočina,CZ063,,,Rodinné domy [Kč/m2],10302,2025,2025,55721
Průměrná jednotková kupní cena nemovitosti,7432,10 000 - 49 999 obyv.,441000645000000,Česko,CZ,Kraj Vysočina,CZ063,,,Byty [Kč/m2],10602,2019,2019,29172
Průměrná jednotková kupní cena nemovitosti,7432,10 000 - 49 999 obyv.,441000645000000,Česko,CZ,Kraj Vysočina,CZ063,,,Byty [Kč/m2],10602,2020,2020,34209
Průměrná jednotková kupní cena nemovitosti,7432,10 000 - 49 999 obyv.,441000645000000,Česko,CZ,Kraj Vysočina,CZ063,,,Byty [Kč/m2],10602,2021,2021,42767
Průměrná jednotková kupní cena nemovitosti,7432,10 000 - 49 999 obyv.,441000645000000,Česko,CZ,Kraj Vysočina,CZ063,,,Byty [Kč/m2],10602,2022,2022,51325
Průměrná jednotková kupní cena nemovitosti,7432,10 000 - 49 999 obyv.,441000645000000,Česko,CZ,Kraj Vysočina,CZ063,,,Byty [Kč/m2],10602,2023,2023,47041
Průměrná jednotková kupní cena nemovitosti,7432,10 000 - 49 999 obyv.,441000645000000,Česko,CZ,Kraj Vysočina,CZ063,,,Byty [Kč/m2],10602,2024,2024,51873
Průměrná jednotková kupní cena nemovitosti,7432,10 000 - 49 999 obyv.,441000645000000,Česko,CZ,Kraj Vysočina,CZ063,,,Byty [Kč/m2],10602,2025,2025,60061
Průměrná jednotková kupní cena nemovitosti,7432,10 000 - 49 999 obyv.,441000645000000,Česko,CZ,Jihomoravský kraj,CZ064,,,Rodinné domy [Kč/m2],10302,2019,2019,31361
Průměrná jednotková kupní cena nemovitosti,7432,10 000 - 49 999 obyv.,441000645000000,Česko,CZ,Jihomoravský kraj,CZ064,,,Rodinné domy [Kč/m2],10302,2020,2020,34533
Průměrná jednotková kupní cena nemovitosti,7432,10 000 - 49 999 obyv.,441000645000000,Česko,CZ,Jihomoravský kraj,CZ064,,,Rodinné domy [Kč/m2],10302,2021,2021,37589
Průměrná jednotková kupní cena nemovitosti,7432,10 000 - 49 999 obyv.,441000645000000,Česko,CZ,Jihomoravský kraj,CZ064,,,Rodinné domy [Kč/m2],10302,2022,2022,41112
Průměrná jednotková kupní cena nemovitosti,7432,10 000 - 49 999 obyv.,441000645000000,Česko,CZ,Jihomoravský kraj,CZ064,,,Rodinné domy [Kč/m2],10302,2023,2023,47358
Průměrná jednotková kupní cena nemovitosti,7432,10 000 - 49 999 obyv.,441000645000000,Česko,CZ,Jihomoravský kraj,CZ064,,,Rodinné domy [Kč/m2],10302,2024,2024,53850
Průměrná jednotková kupní cena nemovitosti,7432,10 000 - 49 999 obyv.,441000645000000,Česko,CZ,Jihomoravský kraj,CZ064,,,Rodinné domy [Kč/m2],10302,2025,2025,51593
Průměrná jednotková kupní cena nemovitosti,7432,10 000 - 49 999 obyv.,441000645000000,Česko,CZ,Jihomoravský kraj,CZ064,,,Byty [Kč/m2],10602,2019,2019,28790
Průměrná jednotková kupní cena nemovitosti,7432,10 000 - 49 999 obyv.,441000645000000,Česko,CZ,Jihomoravský kraj,CZ064,,,Byty [Kč/m2],10602,2020,2020,34428
Průměrná jednotková kupní cena nemovitosti,7432,10 000 - 49 999 obyv.,441000645000000,Česko,CZ,Jihomoravský kraj,CZ064,,,Byty [Kč/m2],10602,2021,2021,42935
Průměrná jednotková kupní cena nemovitosti,7432,10 000 - 49 999 obyv.,441000645000000,Česko,CZ,Jihomoravský kraj,CZ064,,,Byty [Kč/m2],10602,2022,2022,52258
Průměrná jednotková kupní cena nemovitosti,7432,10 000 - 49 999 obyv.,441000645000000,Česko,CZ,Jihomoravský kraj,CZ064,,,Byty [Kč/m2],10602,2023,2023,48576
Průměrná jednotková kupní cena nemovitosti,7432,10 000 - 49 999 obyv.,441000645000000,Česko,CZ,Jihomoravský kraj,CZ064,,,Byty [Kč/m2],10602,2024,2024,51298
Průměrná jednotková kupní cena nemovitosti,7432,10 000 - 49 999 obyv.,441000645000000,Česko,CZ,Jihomoravský kraj,CZ064,,,Byty [Kč/m2],10602,2025,2025,58390
Průměrná jednotková kupní cena nemovitosti,7432,10 000 - 49 999 obyv.,441000645000000,Česko,CZ,Olomoucký kraj,CZ071,,,Rodinné domy [Kč/m2],10302,2019,2019,29014
Průměrná jednotková kupní cena nemovitosti,7432,10 000 - 49 999 obyv.,441000645000000,Česko,CZ,Olomoucký kraj,CZ071,,,Rodinné domy [Kč/m2],10302,2020,2020,28370
Průměrná jednotková kupní cena nemovitosti,7432,10 000 - 49 999 obyv.,441000645000000,Česko,CZ,Olomoucký kraj,CZ071,,,Rodinné domy [Kč/m2],10302,2021,2021,33944
Průměrná jednotková kupní cena nemovitosti,7432,10 000 - 49 999 obyv.,441000645000000,Česko,CZ,Olomoucký kraj,CZ071,,,Rodinné domy [Kč/m2],10302,2022,2022,41193
Průměrná jednotková kupní cena nemovitosti,7432,10 000 - 49 999 obyv.,441000645000000,Česko,CZ,Olomoucký kraj,CZ071,,,Rodinné domy [Kč/m2],10302,2023,2023,41379
Průměrná jednotková kupní cena nemovitosti,7432,10 000 - 49 999 obyv.,441000645000000,Česko,CZ,Olomoucký kraj,CZ071,,,Rodinné domy [Kč/m2],10302,2024,2024,44944
Průměrná jednotková kupní cena nemovitosti,7432,10 000 - 49 999 obyv.,441000645000000,Česko,CZ,Olomoucký kraj,CZ071,,,Rodinné domy [Kč/m2],10302,2025,2025,45020
Průměrná jednotková kupní cena nemovitosti,7432,10 000 - 49 999 obyv.,441000645000000,Česko,CZ,Olomoucký kraj,CZ071,,,Byty [Kč/m2],10602,2019,2019,24229
Průměrná jednotková kupní cena nemovitosti,7432,10 000 - 49 999 obyv.,441000645000000,Česko,CZ,Olomoucký kraj,CZ071,,,Byty [Kč/m2],10602,2020,2020,28319
Průměrná jednotková kupní cena nemovitosti,7432,10 000 - 49 999 obyv.,441000645000000,Česko,CZ,Olomoucký kraj,CZ071,,,Byty [Kč/m2],10602,2021,2021,36154
Průměrná jednotková kupní cena nemovitosti,7432,10 000 - 49 999 obyv.,441000645000000,Česko,CZ,Olomoucký kraj,CZ071,,,Byty [Kč/m2],10602,2022,2022,44925
Průměrná jednotková kupní cena nemovitosti,7432,10 000 - 49 999 obyv.,441000645000000,Česko,CZ,Olomoucký kraj,CZ071,,,Byty [Kč/m2],10602,2023,2023,40950
Průměrná jednotková kupní cena nemovitosti,7432,10 000 - 49 999 obyv.,441000645000000,Česko,CZ,Olomoucký kraj,CZ071,,,Byty [Kč/m2],10602,2024,2024,44222
Průměrná jednotková kupní cena nemovitosti,7432,10 000 - 49 999 obyv.,441000645000000,Česko,CZ,Olomoucký kraj,CZ071,,,Byty [Kč/m2],10602,2025,2025,51611
Průměrná jednotková kupní cena nemovitosti,7432,10 000 - 49 999 obyv.,441000645000000,Česko,CZ,Zlínský kraj,CZ072,,,Rodinné domy [Kč/m2],10302,2019,2019,27202
Průměrná jednotková kupní cena nemovitosti,7432,10 000 - 49 999 obyv.,441000645000000,Česko,CZ,Zlínský kraj,CZ072,,,Rodinné domy [Kč/m2],10302,2020,2020,32281
Průměrná jednotková kupní cena nemovitosti,7432,10 000 - 49 999 obyv.,441000645000000,Česko,CZ,Zlínský kraj,CZ072,,,Rodinné domy [Kč/m2],10302,2021,2021,34083
Průměrná jednotková kupní cena nemovitosti,7432,10 000 - 49 999 obyv.,441000645000000,Česko,CZ,Zlínský kraj,CZ072,,,Rodinné domy [Kč/m2],10302,2022,2022,43050
Průměrná jednotková kupní cena nemovitosti,7432,10 000 - 49 999 obyv.,441000645000000,Česko,CZ,Zlínský kraj,CZ072,,,Rodinné domy [Kč/m2],10302,2023,2023,39195
Průměrná jednotková kupní cena nemovitosti,7432,10 000 - 49 999 obyv.,441000645000000,Česko,CZ,Zlínský kraj,CZ072,,,Rodinné domy [Kč/m2],10302,2024,2024,45697
Průměrná jednotková kupní cena nemovitosti,7432,10 000 - 49 999 obyv.,441000645000000,Česko,CZ,Zlínský kraj,CZ072,,,Rodinné domy [Kč/m2],10302,2025,2025,47811
Průměrná jednotková kupní cena nemovitosti,7432,10 000 - 49 999 obyv.,441000645000000,Česko,CZ,Zlínský kraj,CZ072,,,Byty [Kč/m2],10602,2019,2019,28491
Průměrná jednotková kupní cena nemovitosti,7432,10 000 - 49 999 obyv.,441000645000000,Česko,CZ,Zlínský kraj,CZ072,,,Byty [Kč/m2],10602,2020,2020,32362
Průměrná jednotková kupní cena nemovitosti,7432,10 000 - 49 999 obyv.,441000645000000,Česko,CZ,Zlínský kraj,CZ072,,,Byty [Kč/m2],10602,2021,2021,39856
Průměrná jednotková kupní cena nemovitosti,7432,10 000 - 49 999 obyv.,441000645000000,Česko,CZ,Zlínský kraj,CZ072,,,Byty [Kč/m2],10602,2022,2022,49195
Průměrná jednotková kupní cena nemovitosti,7432,10 000 - 49 999 obyv.,441000645000000,Česko,CZ,Zlínský kraj,CZ072,,,Byty [Kč/m2],10602,2023,2023,46663
Průměrná jednotková kupní cena nemovitosti,7432,10 000 - 49 999 obyv.,441000645000000,Česko,CZ,Zlínský kraj,CZ072,,,Byty [Kč/m2],10602,2024,2024,49470
Průměrná jednotková kupní cena nemovitosti,7432,10 000 - 49 999 obyv.,441000645000000,Česko,CZ,Zlínský kraj,CZ072,,,Byty [Kč/m2],10602,2025,2025,57195
Průměrná jednotková kupní cena nemovitosti,7432,10 000 - 49 999 obyv.,441000645000000,Česko,CZ,Moravskoslezský kraj,CZ080,,,Rodinné domy [Kč/m2],10302,2019,2019,28179
Průměrná jednotková kupní cena nemovitosti,7432,10 000 - 49 999 obyv.,441000645000000,Česko,CZ,Moravskoslezský kraj,CZ080,,,Rodinné domy [Kč/m2],10302,2020,2020,29467
Průměrná jednotková kupní cena nemovitosti,7432,10 000 - 49 999 obyv.,441000645000000,Česko,CZ,Moravskoslezský kraj,CZ080,,,Rodinné domy [Kč/m2],10302,2021,2021,33690
Průměrná jednotková kupní cena nemovitosti,7432,10 000 - 49 999 obyv.,441000645000000,Česko,CZ,Moravskoslezský kraj,CZ080,,,Rodinné domy [Kč/m2],10302,2022,2022,38479
Průměrná jednotková kupní cena nemovitosti,7432,10 000 - 49 999 obyv.,441000645000000,Česko,CZ,Moravskoslezský kraj,CZ080,,,Rodinné domy [Kč/m2],10302,2023,2023,39984
Průměrná jednotková kupní cena nemovitosti,7432,10 000 - 49 999 obyv.,441000645000000,Česko,CZ,Moravskoslezský kraj,CZ080,,,Rodinné domy [Kč/m2],10302,2024,2024,42669
Průměrná jednotková kupní cena nemovitosti,7432,10 000 - 49 999 obyv.,441000645000000,Česko,CZ,Moravskoslezský kraj,CZ080,,,Rodinné domy [Kč/m2],10302,2025,2025,43882
Průměrná jednotková kupní cena nemovitosti,7432,10 000 - 49 999 obyv.,441000645000000,Česko,CZ,Moravskoslezský kraj,CZ080,,,Byty [Kč/m2],10602,2019,2019,19909
Průměrná jednotková kupní cena nemovitosti,7432,10 000 - 49 999 obyv.,441000645000000,Česko,CZ,Moravskoslezský kraj,CZ080,,,Byty [Kč/m2],10602,2020,2020,22180
Průměrná jednotková kupní cena nemovitosti,7432,10 000 - 49 999 obyv.,441000645000000,Česko,CZ,Moravskoslezský kraj,CZ080,,,Byty [Kč/m2],10602,2021,2021,28731
Průměrná jednotková kupní cena nemovitosti,7432,10 000 - 49 999 obyv.,441000645000000,Česko,CZ,Moravskoslezský kraj,CZ080,,,Byty [Kč/m2],10602,2022,2022,36044
Průměrná jednotková kupní cena nemovitosti,7432,10 000 - 49 999 obyv.,441000645000000,Česko,CZ,Moravskoslezský kraj,CZ080,,,Byty [Kč/m2],10602,2023,2023,32372
Průměrná jednotková kupní cena nemovitosti,7432,10 000 - 49 999 obyv.,441000645000000,Česko,CZ,Moravskoslezský kraj,CZ080,,,Byty [Kč/m2],10602,2024,2024,35296
Průměrná jednotková kupní cena nemovitosti,7432,10 000 - 49 999 obyv.,441000645000000,Česko,CZ,Moravskoslezský kraj,CZ080,,,Byty [Kč/m2],10602,2025,2025,41050
Průměrná jednotková kupní cena nemovitosti,7432,50 000 obyv. a více,445000799999000,Česko,CZ,Hlavní město Praha,CZ010,,,Rodinné domy [Kč/m2],10302,2019,2019,65815
Průměrná jednotková kupní cena nemovitosti,7432,50 000 obyv. a více,445000799999000,Česko,CZ,Hlavní město Praha,CZ010,,,Rodinné domy [Kč/m2],10302,2020,2020,79703
Průměrná jednotková kupní cena nemovitosti,7432,50 000 obyv. a více,445000799999000,Česko,CZ,Hlavní město Praha,CZ010,,,Rodinné domy [Kč/m2],10302,2021,2021,95870
Průměrná jednotková kupní cena nemovitosti,7432,50 000 obyv. a více,445000799999000,Česko,CZ,Hlavní město Praha,CZ010,,,Rodinné domy [Kč/m2],10302,2022,2022,105434
Průměrná jednotková kupní cena nemovitosti,7432,50 000 obyv. a více,445000799999000,Česko,CZ,Hlavní město Praha,CZ010,,,Rodinné domy [Kč/m2],10302,2023,2023,111087
Průměrná jednotková kupní cena nemovitosti,7432,50 000 obyv. a více,445000799999000,Česko,CZ,Hlavní město Praha,CZ010,,,Rodinné domy [Kč/m2],10302,2024,2024,106753
Průměrná jednotková kupní cena nemovitosti,7432,50 000 obyv. a více,445000799999000,Česko,CZ,Hlavní město Praha,CZ010,,,Rodinné domy [Kč/m2],10302,2025,2025,119239
Průměrná jednotková kupní cena nemovitosti,7432,50 000 obyv. a více,445000799999000,Česko,CZ,Hlavní město Praha,CZ010,,,Byty [Kč/m2],10602,2019,2019,76391
Průměrná jednotková kupní cena nemovitosti,7432,50 000 obyv. a více,445000799999000,Česko,CZ,Hlavní město Praha,CZ010,,,Byty [Kč/m2],10602,2020,2020,85784
Průměrná jednotková kupní cena nemovitosti,7432,50 000 obyv. a více,445000799999000,Česko,CZ,Hlavní město Praha,CZ010,,,Byty [Kč/m2],10602,2021,2021,100809
Průměrná jednotková kupní cena nemovitosti,7432,50 000 obyv. a více,445000799999000,Česko,CZ,Hlavní město Praha,CZ010,,,Byty [Kč/m2],10602,2022,2022,112676
Průměrná jednotková kupní cena nemovitosti,7432,50 000 obyv. a více,445000799999000,Česko,CZ,Hlavní město Praha,CZ010,,,Byty [Kč/m2],10602,2023,2023,103693
Průměrná jednotková kupní cena nemovitosti,7432,50 000 obyv. a více,445000799999000,Česko,CZ,Hlavní město Praha,CZ010,,,Byty [Kč/m2],10602,2024,2024,115889
Průměrná jednotková kupní cena nemovitosti,7432,50 000 obyv. a více,445000799999000,Česko,CZ,Hlavní město Praha,CZ010,,,Byty [Kč/m2],10602,2025,2025,131520
Průměrná jednotková kupní cena nemovitosti,7432,50 000 obyv. a více,445000799999000,Česko,CZ,Středočeský kraj,CZ020,,,Rodinné domy [Kč/m2],10302,2019,2019,40073
Průměrná jednotková kupní cena nemovitosti,7432,50 000 obyv. a více,445000799999000,Česko,CZ,Středočeský kraj,CZ020,,,Rodinné domy [Kč/m2],10302,2020,2020,47652
Průměrná jednotková kupní cena nemovitosti,7432,50 000 obyv. a více,445000799999000,Česko,CZ,Středočeský kraj,CZ020,,,Rodinné domy [Kč/m2],10302,2021,2021,55816
Průměrná jednotková kupní cena nemovitosti,7432,50 000 obyv. a více,445000799999000,Česko,CZ,Středočeský kraj,CZ020,,,Rodinné domy [Kč/m2],10302,2022,2022,66323
Průměrná jednotková kupní cena nemovitosti,7432,50 000 obyv. a více,445000799999000,Česko,CZ,Středočeský kraj,CZ020,,,Rodinné domy [Kč/m2],10302,2023,2023,61151
Průměrná jednotková kupní cena nemovitosti,7432,50 000 obyv. a více,445000799999000,Česko,CZ,Středočeský kraj,CZ020,,,Rodinné domy [Kč/m2],10302,2024,2024,70657
Průměrná jednotková kupní cena nemovitosti,7432,50 000 obyv. a více,445000799999000,Česko,CZ,Středočeský kraj,CZ020,,,Rodinné domy [Kč/m2],10302,2025,2025,71500
Průměrná jednotková kupní cena nemovitosti,7432,50 000 obyv. a více,445000799999000,Česko,CZ,Středočeský kraj,CZ020,,,Byty [Kč/m2],10602,2019,2019,40601
Průměrná jednotková kupní cena nemovitosti,7432,50 000 obyv. a více,445000799999000,Česko,CZ,Středočeský kraj,CZ020,,,Byty [Kč/m2],10602,2020,2020,46478
Průměrná jednotková kupní cena nemovitosti,7432,50 000 obyv. a více,445000799999000,Česko,CZ,Středočeský kraj,CZ020,,,Byty [Kč/m2],10602,2021,2021,59694
Průměrná jednotková kupní cena nemovitosti,7432,50 000 obyv. a více,445000799999000,Česko,CZ,Středočeský kraj,CZ020,,,Byty [Kč/m2],10602,2022,2022,71570
Průměrná jednotková kupní cena nemovitosti,7432,50 000 obyv. a více,445000799999000,Česko,CZ,Středočeský kraj,CZ020,,,Byty [Kč/m2],10602,2023,2023,60826
Průměrná jednotková kupní cena nemovitosti,7432,50 000 obyv. a více,445000799999000,Česko,CZ,Středočeský kraj,CZ020,,,Byty [Kč/m2],10602,2024,2024,68525
Průměrná jednotková kupní cena nemovitosti,7432,50 000 obyv. a více,445000799999000,Česko,CZ,Středočeský kraj,CZ020,,,Byty [Kč/m2],10602,2025,2025,73845
Průměrná jednotková kupní cena nemovitosti,7432,50 000 obyv. a více,445000799999000,Česko,CZ,Jihočeský kraj,CZ031,,,Rodinné domy [Kč/m2],10302,2019,2019,46744
Průměrná jednotková kupní cena nemovitosti,7432,50 000 obyv. a více,445000799999000,Česko,CZ,Jihočeský kraj,CZ031,,,Rodinné domy [Kč/m2],10302,2020,2020,53031
Průměrná jednotková kupní cena nemovitosti,7432,50 000 obyv. a více,445000799999000,Česko,CZ,Jihočeský kraj,CZ031,,,Rodinné domy [Kč/m2],10302,2021,2021,65467
Průměrná jednotková kupní cena nemovitosti,7432,50 000 obyv. a více,445000799999000,Česko,CZ,Jihočeský kraj,CZ031,,,Rodinné domy [Kč/m2],10302,2022,2022,91310
Průměrná jednotková kupní cena nemovitosti,7432,50 000 obyv. a více,445000799999000,Česko,CZ,Jihočeský kraj,CZ031,,,Rodinné domy [Kč/m2],10302,2023,2023,79355
Průměrná jednotková kupní cena nemovitosti,7432,50 000 obyv. a více,445000799999000,Česko,CZ,Jihočeský kraj,CZ031,,,Rodinné domy [Kč/m2],10302,2024,2024,78940
Průměrná jednotková kupní cena nemovitosti,7432,50 000 obyv. a více,445000799999000,Česko,CZ,Jihočeský kraj,CZ031,,,Rodinné domy [Kč/m2],10302,2025,2025,79134
Průměrná jednotková kupní cena nemovitosti,7432,50 000 obyv. a více,445000799999000,Česko,CZ,Jihočeský kraj,CZ031,,,Byty [Kč/m2],10602,2019,2019,37259
Průměrná jednotková kupní cena nemovitosti,7432,50 000 obyv. a více,445000799999000,Česko,CZ,Jihočeský kraj,CZ031,,,Byty [Kč/m2],10602,2020,2020,42796
Průměrná jednotková kupní cena nemovitosti,7432,50 000 obyv. a více,445000799999000,Česko,CZ,Jihočeský kraj,CZ031,,,Byty [Kč/m2],10602,2021,2021,54131
Průměrná jednotková kupní cena nemovitosti,7432,50 000 obyv. a více,445000799999000,Česko,CZ,Jihočeský kraj,CZ031,,,Byty [Kč/m2],10602,2022,2022,64665
Průměrná jednotková kupní cena nemovitosti,7432,50 000 obyv. a více,445000799999000,Česko,CZ,Jihočeský kraj,CZ031,,,Byty [Kč/m2],10602,2023,2023,57544
Průměrná jednotková kupní cena nemovitosti,7432,50 000 obyv. a více,445000799999000,Česko,CZ,Jihočeský kraj,CZ031,,,Byty [Kč/m2],10602,2024,2024,62753
Průměrná jednotková kupní cena nemovitosti,7432,50 000 obyv. a více,445000799999000,Česko,CZ,Jihočeský kraj,CZ031,,,Byty [Kč/m2],10602,2025,2025,73170
Průměrná jednotková kupní cena nemovitosti,7432,50 000 obyv. a více,445000799999000,Česko,CZ,Plzeňský kraj,CZ032,,,Rodinné domy [Kč/m2],10302,2019,2019,46271
Průměrná jednotková kupní cena nemovitosti,7432,50 000 obyv. a více,445000799999000,Česko,CZ,Plzeňský kraj,CZ032,,,Rodinné domy [Kč/m2],10302,2020,2020,49978
Průměrná jednotková kupní cena nemovitosti,7432,50 000 obyv. a více,445000799999000,Česko,CZ,Plzeňský kraj,CZ032,,,Rodinné domy [Kč/m2],10302,2021,2021,69009
Průměrná jednotková kupní cena nemovitosti,7432,50 000 obyv. a více,445000799999000,Česko,CZ,Plzeňský kraj,CZ032,,,Rodinné domy [Kč/m2],10302,2022,2022,80979
Průměrná jednotková kupní cena nemovitosti,7432,50 000 obyv. a více,445000799999000,Česko,CZ,Plzeňský kraj,CZ032,,,Rodinné domy [Kč/m2],10302,2023,2023,70500
Průměrná jednotková kupní cena nemovitosti,7432,50 000 obyv. a více,445000799999000,Česko,CZ,Plzeňský kraj,CZ032,,,Rodinné domy [Kč/m2],10302,2024,2024,67342
Průměrná jednotková kupní cena nemovitosti,7432,50 000 obyv. a více,445000799999000,Česko,CZ,Plzeňský kraj,CZ032,,,Rodinné domy [Kč/m2],10302,2025,2025,81610
Průměrná jednotková kupní cena nemovitosti,7432,50 000 obyv. a více,445000799999000,Česko,CZ,Plzeňský kraj,CZ032,,,Byty [Kč/m2],10602,2019,2019,38979
Průměrná jednotková kupní cena nemovitosti,7432,50 000 obyv. a více,445000799999000,Česko,CZ,Plzeňský kraj,CZ032,,,Byty [Kč/m2],10602,2020,2020,42848
Průměrná jednotková kupní cena nemovitosti,7432,50 000 obyv. a více,445000799999000,Česko,CZ,Plzeňský kraj,CZ032,,,Byty [Kč/m2],10602,2021,2021,53171
Průměrná jednotková kupní cena nemovitosti,7432,50 000 obyv. a více,445000799999000,Česko,CZ,Plzeňský kraj,CZ032,,,Byty [Kč/m2],10602,2022,2022,63663
Průměrná jednotková kupní cena nemovitosti,7432,50 000 obyv. a více,445000799999000,Česko,CZ,Plzeňský kraj,CZ032,,,Byty [Kč/m2],10602,2023,2023,56920
Průměrná jednotková kupní cena nemovitosti,7432,50 000 obyv. a více,445000799999000,Česko,CZ,Plzeňský kraj,CZ032,,,Byty [Kč/m2],10602,2024,2024,64217
Průměrná jednotková kupní cena nemovitosti,7432,50 000 obyv. a více,445000799999000,Česko,CZ,Plzeňský kraj,CZ032,,,Byty [Kč/m2],10602,2025,2025,73764
Průměrná jednotková kupní cena nemovitosti,7432,50 000 obyv. a více,445000799999000,Česko,CZ,Ústecký kraj,CZ042,,,Rodinné domy [Kč/m2],10302,2019,2019,39009
Průměrná jednotková kupní cena nemovitosti,7432,50 000 obyv. a více,445000799999000,Česko,CZ,Ústecký kraj,CZ042,,,Rodinné domy [Kč/m2],10302,2020,2020,43885
Průměrná jednotková kupní cena nemovitosti,7432,50 000 obyv. a více,445000799999000,Česko,CZ,Ústecký kraj,CZ042,,,Rodinné domy [Kč/m2],10302,2021,2021,45583
Průměrná jednotková kupní cena nemovitosti,7432,50 000 obyv. a více,445000799999000,Česko,CZ,Ústecký kraj,CZ042,,,Rodinné domy [Kč/m2],10302,2022,2022,56085
Průměrná jednotková kupní cena nemovitosti,7432,50 000 obyv. a více,445000799999000,Česko,CZ,Ústecký kraj,CZ042,,,Rodinné domy [Kč/m2],10302,2023,2023,53122
Průměrná jednotková kupní cena nemovitosti,7432,50 000 obyv. a více,445000799999000,Česko,CZ,Ústecký kraj,CZ042,,,Rodinné domy [Kč/m2],10302,2024,2024,66777
Průměrná jednotková kupní cena nemovitosti,7432,50 000 obyv. a více,445000799999000,Česko,CZ,Ústecký kraj,CZ042,,,Rodinné domy [Kč/m2],10302,2025,2025,64732
Průměrná jednotková kupní cena nemovitosti,7432,50 000 obyv. a více,445000799999000,Česko,CZ,Ústecký kraj,CZ042,,,Byty [Kč/m2],10602,2019,2019,24098
Průměrná jednotková kupní cena nemovitosti,7432,50 000 obyv. a více,445000799999000,Česko,CZ,Ústecký kraj,CZ042,,,Byty [Kč/m2],10602,2020,2020,27104
Průměrná jednotková kupní cena nemovitosti,7432,50 000 obyv. a více,445000799999000,Česko,CZ,Ústecký kraj,CZ042,,,Byty [Kč/m2],10602,2021,2021,36548
Průměrná jednotková kupní cena nemovitosti,7432,50 000 obyv. a více,445000799999000,Česko,CZ,Ústecký kraj,CZ042,,,Byty [Kč/m2],10602,2022,2022,42474
Průměrná jednotková kupní cena nemovitosti,7432,50 000 obyv. a více,445000799999000,Česko,CZ,Ústecký kraj,CZ042,,,Byty [Kč/m2],10602,2023,2023,39385
Průměrná jednotková kupní cena nemovitosti,7432,50 000 obyv. a více,445000799999000,Česko,CZ,Ústecký kraj,CZ042,,,Byty [Kč/m2],10602,2024,2024,42547
Průměrná jednotková kupní cena nemovitosti,7432,50 000 obyv. a více,445000799999000,Česko,CZ,Ústecký kraj,CZ042,,,Byty [Kč/m2],10602,2025,2025,48849
Průměrná jednotková kupní cena nemovitosti,7432,50 000 obyv. a více,445000799999000,Česko,CZ,Liberecký kraj,CZ051,,,Rodinné domy [Kč/m2],10302,2019,2019,43892
Průměrná jednotková kupní cena nemovitosti,7432,50 000 obyv. a více,445000799999000,Česko,CZ,Liberecký kraj,CZ051,,,Rodinné domy [Kč/m2],10302,2020,2020,51117
Průměrná jednotková kupní cena nemovitosti,7432,50 000 obyv. a více,445000799999000,Česko,CZ,Liberecký kraj,CZ051,,,Rodinné domy [Kč/m2],10302,2021,2021,57996
Průměrná jednotková kupní cena nemovitosti,7432,50 000 obyv. a více,445000799999000,Česko,CZ,Liberecký kraj,CZ051,,,Rodinné domy [Kč/m2],10302,2022,2022,73967
Průměrná jednotková kupní cena nemovitosti,7432,50 000 obyv. a více,445000799999000,Česko,CZ,Liberecký kraj,CZ051,,,Rodinné domy [Kč/m2],10302,2023,2023,68438
Průměrná jednotková kupní cena nemovitosti,7432,50 000 obyv. a více,445000799999000,Česko,CZ,Liberecký kraj,CZ051,,,Rodinné domy [Kč/m2],10302,2024,2024,78868
Průměrná jednotková kupní cena nemovitosti,7432,50 000 obyv. a více,445000799999000,Česko,CZ,Liberecký kraj,CZ051,,,Rodinné domy [Kč/m2],10302,2025,2025,78956
Průměrná jednotková kupní cena nemovitosti,7432,50 000 obyv. a více,445000799999000,Česko,CZ,Liberecký kraj,CZ051,,,Byty [Kč/m2],10602,2019,2019,35451
Průměrná jednotková kupní cena nemovitosti,7432,50 000 obyv. a více,445000799999000,Česko,CZ,Liberecký kraj,CZ051,,,Byty [Kč/m2],10602,2020,2020,41969
Průměrná jednotková kupní cena nemovitosti,7432,50 000 obyv. a více,445000799999000,Česko,CZ,Liberecký kraj,CZ051,,,Byty [Kč/m2],10602,2021,2021,50835
Průměrná jednotková kupní cena nemovitosti,7432,50 000 obyv. a více,445000799999000,Česko,CZ,Liberecký kraj,CZ051,,,Byty [Kč/m2],10602,2022,2022,61260
Průměrná jednotková kupní cena nemovitosti,7432,50 000 obyv. a více,445000799999000,Česko,CZ,Liberecký kraj,CZ051,,,Byty [Kč/m2],10602,2023,2023,57298
Průměrná jednotková kupní cena nemovitosti,7432,50 000 obyv. a více,445000799999000,Česko,CZ,Liberecký kraj,CZ051,,,Byty [Kč/m2],10602,2024,2024,62288
Průměrná jednotková kupní cena nemovitosti,7432,50 000 obyv. a více,445000799999000,Česko,CZ,Liberecký kraj,CZ051,,,Byty [Kč/m2],10602,2025,2025,70708
Průměrná jednotková kupní cena nemovitosti,7432,50 000 obyv. a více,445000799999000,Česko,CZ,Královéhradecký kraj,CZ052,,,Rodinné domy [Kč/m2],10302,2019,2019,48507
Průměrná jednotková kupní cena nemovitosti,7432,50 000 obyv. a více,445000799999000,Česko,CZ,Královéhradecký kraj,CZ052,,,Rodinné domy [Kč/m2],10302,2020,2020,48434
Průměrná jednotková kupní cena nemovitosti,7432,50 000 obyv. a více,445000799999000,Česko,CZ,Královéhradecký kraj,CZ052,,,Rodinné domy [Kč/m2],10302,2021,2021,60166
Průměrná jednotková kupní cena nemovitosti,7432,50 000 obyv. a více,445000799999000,Česko,CZ,Královéhradecký kraj,CZ052,,,Rodinné domy [Kč/m2],10302,2022,2022,69698
Průměrná jednotková kupní cena nemovitosti,7432,50 000 obyv. a více,445000799999000,Česko,CZ,Královéhradecký kraj,CZ052,,,Rodinné domy [Kč/m2],10302,2023,2023,73972
Průměrná jednotková kupní cena nemovitosti,7432,50 000 obyv. a více,445000799999000,Česko,CZ,Královéhradecký kraj,CZ052,,,Rodinné domy [Kč/m2],10302,2024,2024,77186
Průměrná jednotková kupní cena nemovitosti,7432,50 000 obyv. a více,445000799999000,Česko,CZ,Královéhradecký kraj,CZ052,,,Rodinné domy [Kč/m2],10302,2025,2025,81970
Průměrná jednotková kupní cena nemovitosti,7432,50 000 obyv. a více,445000799999000,Česko,CZ,Královéhradecký kraj,CZ052,,,Byty [Kč/m2],10602,2019,2019,40442
Průměrná jednotková kupní cena nemovitosti,7432,50 000 obyv. a více,445000799999000,Česko,CZ,Královéhradecký kraj,CZ052,,,Byty [Kč/m2],10602,2020,2020,46885
Průměrná jednotková kupní cena nemovitosti,7432,50 000 obyv. a více,445000799999000,Česko,CZ,Královéhradecký kraj,CZ052,,,Byty [Kč/m2],10602,2021,2021,59112
Průměrná jednotková kupní cena nemovitosti,7432,50 000 obyv. a více,445000799999000,Česko,CZ,Královéhradecký kraj,CZ052,,,Byty [Kč/m2],10602,2022,2022,73315
Průměrná jednotková kupní cena nemovitosti,7432,50 000 obyv. a více,445000799999000,Česko,CZ,Královéhradecký kraj,CZ052,,,Byty [Kč/m2],10602,2023,2023,63128
Průměrná jednotková kupní cena nemovitosti,7432,50 000 obyv. a více,445000799999000,Česko,CZ,Královéhradecký kraj,CZ052,,,Byty [Kč/m2],10602,2024,2024,70600
Průměrná jednotková kupní cena nemovitosti,7432,50 000 obyv. a více,445000799999000,Česko,CZ,Královéhradecký kraj,CZ052,,,Byty [Kč/m2],10602,2025,2025,81825
Průměrná jednotková kupní cena nemovitosti,7432,50 000 obyv. a více,445000799999000,Česko,CZ,Pardubický kraj,CZ053,,,Rodinné domy [Kč/m2],10302,2019,2019,43161
Průměrná jednotková kupní cena nemovitosti,7432,50 000 obyv. a více,445000799999000,Česko,CZ,Pardubický kraj,CZ053,,,Rodinné domy [Kč/m2],10302,2020,2020,51883
Průměrná jednotková kupní cena nemovitosti,7432,50 000 obyv. a více,445000799999000,Česko,CZ,Pardubický kraj,CZ053,,,Rodinné domy [Kč/m2],10302,2021,2021,60867
Průměrná jednotková kupní cena nemovitosti,7432,50 000 obyv. a více,445000799999000,Česko,CZ,Pardubický kraj,CZ053,,,Rodinné domy [Kč/m2],10302,2022,2022,66974
Průměrná jednotková kupní cena nemovitosti,7432,50 000 obyv. a více,445000799999000,Česko,CZ,Pardubický kraj,CZ053,,,Rodinné domy [Kč/m2],10302,2023,2023,78809
Průměrná jednotková kupní cena nemovitosti,7432,50 000 obyv. a více,445000799999000,Česko,CZ,Pardubický kraj,CZ053,,,Rodinné domy [Kč/m2],10302,2024,2024,68532
Průměrná jednotková kupní cena nemovitosti,7432,50 000 obyv. a více,445000799999000,Česko,CZ,Pardubický kraj,CZ053,,,Rodinné domy [Kč/m2],10302,2025,2025,96327
Průměrná jednotková kupní cena nemovitosti,7432,50 000 obyv. a více,445000799999000,Česko,CZ,Pardubický kraj,CZ053,,,Byty [Kč/m2],10602,2019,2019,37679
Průměrná jednotková kupní cena nemovitosti,7432,50 000 obyv. a více,445000799999000,Česko,CZ,Pardubický kraj,CZ053,,,Byty [Kč/m2],10602,2020,2020,44652
Průměrná jednotková kupní cena nemovitosti,7432,50 000 obyv. a více,445000799999000,Česko,CZ,Pardubický kraj,CZ053,,,Byty [Kč/m2],10602,2021,2021,55456
Průměrná jednotková kupní cena nemovitosti,7432,50 000 obyv. a více,445000799999000,Česko,CZ,Pardubický kraj,CZ053,,,Byty [Kč/m2],10602,2022,2022,67792
Průměrná jednotková kupní cena nemovitosti,7432,50 000 obyv. a více,445000799999000,Česko,CZ,Pardubický kraj,CZ053,,,Byty [Kč/m2],10602,2023,2023,60918
Průměrná jednotková kupní cena nemovitosti,7432,50 000 obyv. a více,445000799999000,Česko,CZ,Pardubický kraj,CZ053,,,Byty [Kč/m2],10602,2024,2024,66433
Průměrná jednotková kupní cena nemovitosti,7432,50 000 obyv. a více,445000799999000,Česko,CZ,Pardubický kraj,CZ053,,,Byty [Kč/m2],10602,2025,2025,78415
Průměrná jednotková kupní cena nemovitosti,7432,50 000 obyv. a více,445000799999000,Česko,CZ,Kraj Vysočina,CZ063,,,Rodinné domy [Kč/m2],10302,2019,2019,44867
Průměrná jednotková kupní cena nemovitosti,7432,50 000 obyv. a více,445000799999000,Česko,CZ,Kraj Vysočina,CZ063,,,Rodinné domy [Kč/m2],10302,2020,2020,49385
Průměrná jednotková kupní cena nemovitosti,7432,50 000 obyv. a více,445000799999000,Česko,CZ,Kraj Vysočina,CZ063,,,Rodinné domy [Kč/m2],10302,2021,2021,56740
Průměrná jednotková kupní cena nemovitosti,7432,50 000 obyv. a více,445000799999000,Česko,CZ,Kraj Vysočina,CZ063,,,Rodinné domy [Kč/m2],10302,2022,2022,67676
Průměrná jednotková kupní cena nemovitosti,7432,50 000 obyv. a více,445000799999000,Česko,CZ,Kraj Vysočina,CZ063,,,Rodinné domy [Kč/m2],10302,2023,2023,59232
Průměrná jednotková kupní cena nemovitosti,7432,50 000 obyv. a více,445000799999000,Česko,CZ,Kraj Vysočina,CZ063,,,Rodinné domy [Kč/m2],10302,2024,2024,69856
Průměrná jednotková kupní cena nemovitosti,7432,50 000 obyv. a více,445000799999000,Česko,CZ,Kraj Vysočina,CZ063,,,Rodinné domy [Kč/m2],10302,2025,2025,66010
Průměrná jednotková kupní cena nemovitosti,7432,50 000 obyv. a více,445000799999000,Česko,CZ,Kraj Vysočina,CZ063,,,Byty [Kč/m2],10602,2019,2019,33974
Průměrná jednotková kupní cena nemovitosti,7432,50 000 obyv. a více,445000799999000,Česko,CZ,Kraj Vysočina,CZ063,,,Byty [Kč/m2],10602,2020,2020,39310
Průměrná jednotková kupní cena nemovitosti,7432,50 000 obyv. a více,445000799999000,Česko,CZ,Kraj Vysočina,CZ063,,,Byty [Kč/m2],10602,2021,2021,47760
Průměrná jednotková kupní cena nemovitosti,7432,50 000 obyv. a více,445000799999000,Česko,CZ,Kraj Vysočina,CZ063,,,Byty [Kč/m2],10602,2022,2022,57481
Průměrná jednotková kupní cena nemovitosti,7432,50 000 obyv. a více,445000799999000,Česko,CZ,Kraj Vysočina,CZ063,,,Byty [Kč/m2],10602,2023,2023,53916
Průměrná jednotková kupní cena nemovitosti,7432,50 000 obyv. a více,445000799999000,Česko,CZ,Kraj Vysočina,CZ063,,,Byty [Kč/m2],10602,2024,2024,58936
Průměrná jednotková kupní cena nemovitosti,7432,50 000 obyv. a více,445000799999000,Česko,CZ,Kraj Vysočina,CZ063,,,Byty [Kč/m2],10602,2025,2025,65158
Průměrná jednotková kupní cena nemovitosti,7432,50 000 obyv. a více,445000799999000,Česko,CZ,Jihomoravský kraj,CZ064,,,Rodinné domy [Kč/m2],10302,2019,2019,52142
Průměrná jednotková kupní cena nemovitosti,7432,50 000 obyv. a více,445000799999000,Česko,CZ,Jihomoravský kraj,CZ064,,,Rodinné domy [Kč/m2],10302,2020,2020,53555
Průměrná jednotková kupní cena nemovitosti,7432,50 000 obyv. a více,445000799999000,Česko,CZ,Jihomoravský kraj,CZ064,,,Rodinné domy [Kč/m2],10302,2021,2021,66229
Průměrná jednotková kupní cena nemovitosti,7432,50 000 obyv. a více,445000799999000,Česko,CZ,Jihomoravský kraj,CZ064,,,Rodinné domy [Kč/m2],10302,2022,2022,74250
Průměrná jednotková kupní cena nemovitosti,7432,50 000 obyv. a více,445000799999000,Česko,CZ,Jihomoravský kraj,CZ064,,,Rodinné domy [Kč/m2],10302,2023,2023,78210
Průměrná jednotková kupní cena nemovitosti,7432,50 000 obyv. a více,445000799999000,Česko,CZ,Jihomoravský kraj,CZ064,,,Rodinné domy [Kč/m2],10302,2024,2024,83771
Průměrná jednotková kupní cena nemovitosti,7432,50 000 obyv. a více,445000799999000,Česko,CZ,Jihomoravský kraj,CZ064,,,Rodinné domy [Kč/m2],10302,2025,2025,88459
Průměrná jednotková kupní cena nemovitosti,7432,50 000 obyv. a více,445000799999000,Česko,CZ,Jihomoravský kraj,CZ064,,,Byty [Kč/m2],10602,2019,2019,50541
Průměrná jednotková kupní cena nemovitosti,7432,50 000 obyv. a více,445000799999000,Česko,CZ,Jihomoravský kraj,CZ064,,,Byty [Kč/m2],10602,2020,2020,57424
Průměrná jednotková kupní cena nemovitosti,7432,50 000 obyv. a více,445000799999000,Česko,CZ,Jihomoravský kraj,CZ064,,,Byty [Kč/m2],10602,2021,2021,71268
Průměrná jednotková kupní cena nemovitosti,7432,50 000 obyv. a více,445000799999000,Česko,CZ,Jihomoravský kraj,CZ064,,,Byty [Kč/m2],10602,2022,2022,83396
Průměrná jednotková kupní cena nemovitosti,7432,50 000 obyv. a více,445000799999000,Česko,CZ,Jihomoravský kraj,CZ064,,,Byty [Kč/m2],10602,2023,2023,77827
Průměrná jednotková kupní cena nemovitosti,7432,50 000 obyv. a více,445000799999000,Česko,CZ,Jihomoravský kraj,CZ064,,,Byty [Kč/m2],10602,2024,2024,88333
Průměrná jednotková kupní cena nemovitosti,7432,50 000 obyv. a více,445000799999000,Česko,CZ,Jihomoravský kraj,CZ064,,,Byty [Kč/m2],10602,2025,2025,99713
Průměrná jednotková kupní cena nemovitosti,7432,50 000 obyv. a více,445000799999000,Česko,CZ,Olomoucký kraj,CZ071,,,Rodinné domy [Kč/m2],10302,2019,2019,48204
Průměrná jednotková kupní cena nemovitosti,7432,50 000 obyv. a více,445000799999000,Česko,CZ,Olomoucký kraj,CZ071,,,Rodinné domy [Kč/m2],10302,2020,2020,51393
Průměrná jednotková kupní cena nemovitosti,7432,50 000 obyv. a více,445000799999000,Česko,CZ,Olomoucký kraj,CZ071,,,Rodinné domy [Kč/m2],10302,2021,2021,62240
Průměrná jednotková kupní cena nemovitosti,7432,50 000 obyv. a více,445000799999000,Česko,CZ,Olomoucký kraj,CZ071,,,Rodinné domy [Kč/m2],10302,2022,2022,71754
Průměrná jednotková kupní cena nemovitosti,7432,50 000 obyv. a více,445000799999000,Česko,CZ,Olomoucký kraj,CZ071,,,Rodinné domy [Kč/m2],10302,2023,2023,78184
Průměrná jednotková kupní cena nemovitosti,7432,50 000 obyv. a více,445000799999000,Česko,CZ,Olomoucký kraj,CZ071,,,Rodinné domy [Kč/m2],10302,2024,2024,65854
Průměrná jednotková kupní cena nemovitosti,7432,50 000 obyv. a více,445000799999000,Česko,CZ,Olomoucký kraj,CZ071,,,Rodinné domy [Kč/m2],10302,2025,2025,72186
Průměrná jednotková kupní cena nemovitosti,7432,50 000 obyv. a více,445000799999000,Česko,CZ,Olomoucký kraj,CZ071,,,Byty [Kč/m2],10602,2019,2019,38431
Průměrná jednotková kupní cena nemovitosti,7432,50 000 obyv. a více,445000799999000,Česko,CZ,Olomoucký kraj,CZ071,,,Byty [Kč/m2],10602,2020,2020,44943
Průměrná jednotková kupní cena nemovitosti,7432,50 000 obyv. a více,445000799999000,Česko,CZ,Olomoucký kraj,CZ071,,,Byty [Kč/m2],10602,2021,2021,54147
Průměrná jednotková kupní cena nemovitosti,7432,50 000 obyv. a více,445000799999000,Česko,CZ,Olomoucký kraj,CZ071,,,Byty [Kč/m2],10602,2022,2022,66648
Průměrná jednotková kupní cena nemovitosti,7432,50 000 obyv. a více,445000799999000,Česko,CZ,Olomoucký kraj,CZ071,,,Byty [Kč/m2],10602,2023,2023,60548
Průměrná jednotková kupní cena nemovitosti,7432,50 000 obyv. a více,445000799999000,Česko,CZ,Olomoucký kraj,CZ071,,,Byty [Kč/m2],10602,2024,2024,66397
Průměrná jednotková kupní cena nemovitosti,7432,50 000 obyv. a více,445000799999000,Česko,CZ,Olomoucký kraj,CZ071,,,Byty [Kč/m2],10602,2025,2025,74698
Průměrná jednotková kupní cena nemovitosti,7432,50 000 obyv. a více,445000799999000,Česko,CZ,Zlínský kraj,CZ072,,,Rodinné domy [Kč/m2],10302,2019,2019,39444
Průměrná jednotková kupní cena nemovitosti,7432,50 000 obyv. a více,445000799999000,Česko,CZ,Zlínský kraj,CZ072,,,Rodinné domy [Kč/m2],10302,2020,2020,40095
Průměrná jednotková kupní cena nemovitosti,7432,50 000 obyv. a více,445000799999000,Česko,CZ,Zlínský kraj,CZ072,,,Rodinné domy [Kč/m2],10302,2021,2021,51454
Průměrná jednotková kupní cena nemovitosti,7432,50 000 obyv. a více,445000799999000,Česko,CZ,Zlínský kraj,CZ072,,,Rodinné domy [Kč/m2],10302,2022,2022,69710
Průměrná jednotková kupní cena nemovitosti,7432,50 000 obyv. a více,445000799999000,Česko,CZ,Zlínský kraj,CZ072,,,Rodinné domy [Kč/m2],10302,2023,2023,59869
Průměrná jednotková kupní cena nemovitosti,7432,50 000 obyv. a více,445000799999000,Česko,CZ,Zlínský kraj,CZ072,,,Rodinné domy [Kč/m2],10302,2024,2024,67528
Průměrná jednotková kupní cena nemovitosti,7432,50 000 obyv. a více,445000799999000,Česko,CZ,Zlínský kraj,CZ072,,,Rodinné domy [Kč/m2],10302,2025,2025,70135
Průměrná jednotková kupní cena nemovitosti,7432,50 000 obyv. a více,445000799999000,Česko,CZ,Zlínský kraj,CZ072,,,Byty [Kč/m2],10602,2019,2019,37718
Průměrná jednotková kupní cena nemovitosti,7432,50 000 obyv. a více,445000799999000,Česko,CZ,Zlínský kraj,CZ072,,,Byty [Kč/m2],10602,2020,2020,41075
Průměrná jednotková kupní cena nemovitosti,7432,50 000 obyv. a více,445000799999000,Česko,CZ,Zlínský kraj,CZ072,,,Byty [Kč/m2],10602,2021,2021,51483
Průměrná jednotková kupní cena nemovitosti,7432,50 000 obyv. a více,445000799999000,Česko,CZ,Zlínský kraj,CZ072,,,Byty [Kč/m2],10602,2022,2022,56664
Průměrná jednotková kupní cena nemovitosti,7432,50 000 obyv. a více,445000799999000,Česko,CZ,Zlínský kraj,CZ072,,,Byty [Kč/m2],10602,2023,2023,54570
Průměrná jednotková kupní cena nemovitosti,7432,50 000 obyv. a více,445000799999000,Česko,CZ,Zlínský kraj,CZ072,,,Byty [Kč/m2],10602,2024,2024,63249
Průměrná jednotková kupní cena nemovitosti,7432,50 000 obyv. a více,445000799999000,Česko,CZ,Zlínský kraj,CZ072,,,Byty [Kč/m2],10602,2025,2025,72587
Průměrná jednotková kupní cena nemovitosti,7432,50 000 obyv. a více,445000799999000,Česko,CZ,Moravskoslezský kraj,CZ080,,,Rodinné domy [Kč/m2],10302,2019,2019,38702
Průměrná jednotková kupní cena nemovitosti,7432,50 000 obyv. a více,445000799999000,Česko,CZ,Moravskoslezský kraj,CZ080,,,Rodinné domy [Kč/m2],10302,2020,2020,38478
Průměrná jednotková kupní cena nemovitosti,7432,50 000 obyv. a více,445000799999000,Česko,CZ,Moravskoslezský kraj,CZ080,,,Rodinné domy [Kč/m2],10302,2021,2021,47348
Průměrná jednotková kupní cena nemovitosti,7432,50 000 obyv. a více,445000799999000,Česko,CZ,Moravskoslezský kraj,CZ080,,,Rodinné domy [Kč/m2],10302,2022,2022,55504
Průměrná jednotková kupní cena nemovitosti,7432,50 000 obyv. a více,445000799999000,Česko,CZ,Moravskoslezský kraj,CZ080,,,Rodinné domy [Kč/m2],10302,2023,2023,56644
Průměrná jednotková kupní cena nemovitosti,7432,50 000 obyv. a více,445000799999000,Česko,CZ,Moravskoslezský kraj,CZ080,,,Rodinné domy [Kč/m2],10302,2024,2024,61107
Průměrná jednotková kupní cena nemovitosti,7432,50 000 obyv. a více,445000799999000,Česko,CZ,Moravskoslezský kraj,CZ080,,,Rodinné domy [Kč/m2],10302,2025,2025,63148
Průměrná jednotková kupní cena nemovitosti,7432,50 000 obyv. a více,445000799999000,Česko,CZ,Moravskoslezský kraj,CZ080,,,Byty [Kč/m2],10602,2019,2019,26047
Průměrná jednotková kupní cena nemovitosti,7432,50 000 obyv. a více,445000799999000,Česko,CZ,Moravskoslezský kraj,CZ080,,,Byty [Kč/m2],10602,2020,2020,30310
Průměrná jednotková kupní cena nemovitosti,7432,50 000 obyv. a více,445000799999000,Česko,CZ,Moravskoslezský kraj,CZ080,,,Byty [Kč/m2],10602,2021,2021,39970
Průměrná jednotková kupní cena nemovitosti,7432,50 000 obyv. a více,445000799999000,Česko,CZ,Moravskoslezský kraj,CZ080,,,Byty [Kč/m2],10602,2022,2022,47483
Průměrná jednotková kupní cena nemovitosti,7432,50 000 obyv. a více,445000799999000,Česko,CZ,Moravskoslezský kraj,CZ080,,,Byty [Kč/m2],10602,2023,2023,43128
Průměrná jednotková kupní cena nemovitosti,7432,50 000 obyv. a více,445000799999000,Česko,CZ,Moravskoslezský kraj,CZ080,,,Byty [Kč/m2],10602,2024,2024,49060
Průměrná jednotková kupní cena nemovitosti,7432,50 000 obyv. a více,445000799999000,Česko,CZ,Moravskoslezský kraj,CZ080,,,Byty [Kč/m2],10602,2025,2025,59499
