"Ukazatel","IndicatorType","Území","Uz0","Měsíce, roky","CASRMX","Hodnota"
"Přírůstek průměrného ročního indexu spotřebitelských cen - měsíční","6134J09","Česko","CZ","prosinec 1997","1997-12","8.5"
"Přírůstek průměrného ročního indexu spotřebitelských cen - měsíční","6134J09","Česko","CZ","1997","1997","8.5"
"Přírůstek průměrného ročního indexu spotřebitelských cen - měsíční","6134J09","Česko","CZ","prosinec 1998","1998-12","10.7"
"Přírůstek průměrného ročního indexu spotřebitelských cen - měsíční","6134J09","Česko","CZ","1998","1998","10.7"
"Přírůstek průměrného ročního indexu spotřebitelských cen - měsíční","6134J09","Česko","CZ","prosinec 1999","1999-12","2.1"
"Přírůstek průměrného ročního indexu spotřebitelských cen - měsíční","6134J09","Česko","CZ","1999","1999","2.1"
"Přírůstek průměrného ročního indexu spotřebitelských cen - měsíční","6134J09","Česko","CZ","leden 2000","2000-01","2.1"
"Přírůstek průměrného ročního indexu spotřebitelských cen - měsíční","6134J09","Česko","CZ","únor 2000","2000-02","2.2"
"Přírůstek průměrného ročního indexu spotřebitelských cen - měsíční","6134J09","Česko","CZ","březen 2000","2000-03","2.3"
"Přírůstek průměrného ročního indexu spotřebitelských cen - měsíční","6134J09","Česko","CZ","duben 2000","2000-04","2.4"
"Přírůstek průměrného ročního indexu spotřebitelských cen - měsíční","6134J09","Česko","CZ","květen 2000","2000-05","2.5"
"Přírůstek průměrného ročního indexu spotřebitelských cen - měsíční","6134J09","Česko","CZ","červen 2000","2000-06","2.6"
"Přírůstek průměrného ročního indexu spotřebitelských cen - měsíční","6134J09","Česko","CZ","červenec 2000","2000-07","2.9"
"Přírůstek průměrného ročního indexu spotřebitelských cen - měsíční","6134J09","Česko","CZ","srpen 2000","2000-08","3.1"
"Přírůstek průměrného ročního indexu spotřebitelských cen - měsíční","6134J09","Česko","CZ","září 2000","2000-09","3.3"
"Přírůstek průměrného ročního indexu spotřebitelských cen - měsíční","6134J09","Česko","CZ","říjen 2000","2000-10","3.6"
"Přírůstek průměrného ročního indexu spotřebitelských cen - měsíční","6134J09","Česko","CZ","listopad 2000","2000-11","3.8"
"Přírůstek průměrného ročního indexu spotřebitelských cen - měsíční","6134J09","Česko","CZ","prosinec 2000","2000-12","3.9"
"Přírůstek průměrného ročního indexu spotřebitelských cen - měsíční","6134J09","Česko","CZ","2000","2000","3.9"
"Přírůstek průměrného ročního indexu spotřebitelských cen - měsíční","6134J09","Česko","CZ","leden 2001","2001-01","4"
"Přírůstek průměrného ročního indexu spotřebitelských cen - měsíční","6134J09","Česko","CZ","únor 2001","2001-02","4"
"Přírůstek průměrného ročního indexu spotřebitelských cen - měsíční","6134J09","Česko","CZ","březen 2001","2001-03","4"
"Přírůstek průměrného ročního indexu spotřebitelských cen - měsíční","6134J09","Česko","CZ","duben 2001","2001-04","4.1"
"Přírůstek průměrného ročního indexu spotřebitelských cen - měsíční","6134J09","Česko","CZ","květen 2001","2001-05","4.2"
"Přírůstek průměrného ročního indexu spotřebitelských cen - měsíční","6134J09","Česko","CZ","červen 2001","2001-06","4.3"
"Přírůstek průměrného ročního indexu spotřebitelských cen - měsíční","6134J09","Česko","CZ","červenec 2001","2001-07","4.5"
"Přírůstek průměrného ročního indexu spotřebitelských cen - měsíční","6134J09","Česko","CZ","srpen 2001","2001-08","4.6"
"Přírůstek průměrného ročního indexu spotřebitelských cen - měsíční","6134J09","Česko","CZ","září 2001","2001-09","4.7"
"Přírůstek průměrného ročního indexu spotřebitelských cen - měsíční","6134J09","Česko","CZ","říjen 2001","2001-10","4.7"
"Přírůstek průměrného ročního indexu spotřebitelských cen - měsíční","6134J09","Česko","CZ","listopad 2001","2001-11","4.7"
"Přírůstek průměrného ročního indexu spotřebitelských cen - měsíční","6134J09","Česko","CZ","prosinec 2001","2001-12","4.7"
"Přírůstek průměrného ročního indexu spotřebitelských cen - měsíční","6134J09","Česko","CZ","2001","2001","4.7"
"Přírůstek průměrného ročního indexu spotřebitelských cen - měsíční","6134J09","Česko","CZ","leden 2002","2002-01","4.6"
"Přírůstek průměrného ročního indexu spotřebitelských cen - měsíční","6134J09","Česko","CZ","únor 2002","2002-02","4.6"
"Přírůstek průměrného ročního indexu spotřebitelských cen - měsíční","6134J09","Česko","CZ","březen 2002","2002-03","4.6"
"Přírůstek průměrného ročního indexu spotřebitelských cen - měsíční","6134J09","Česko","CZ","duben 2002","2002-04","4.5"
"Přírůstek průměrného ročního indexu spotřebitelských cen - měsíční","6134J09","Česko","CZ","květen 2002","2002-05","4.3"
"Přírůstek průměrného ročního indexu spotřebitelských cen - měsíční","6134J09","Česko","CZ","červen 2002","2002-06","3.9"
"Přírůstek průměrného ročního indexu spotřebitelských cen - měsíční","6134J09","Česko","CZ","červenec 2002","2002-07","3.5"
"Přírůstek průměrného ročního indexu spotřebitelských cen - měsíční","6134J09","Česko","CZ","srpen 2002","2002-08","3.1"
"Přírůstek průměrného ročního indexu spotřebitelských cen - měsíční","6134J09","Česko","CZ","září 2002","2002-09","2.7"
"Přírůstek průměrného ročního indexu spotřebitelských cen - měsíční","6134J09","Česko","CZ","říjen 2002","2002-10","2.4"
"Přírůstek průměrného ročního indexu spotřebitelských cen - měsíční","6134J09","Česko","CZ","listopad 2002","2002-11","2.1"
"Přírůstek průměrného ročního indexu spotřebitelských cen - měsíční","6134J09","Česko","CZ","prosinec 2002","2002-12","1.8"
"Přírůstek průměrného ročního indexu spotřebitelských cen - měsíční","6134J09","Česko","CZ","2002","2002","1.8"
"Přírůstek průměrného ročního indexu spotřebitelských cen - měsíční","6134J09","Česko","CZ","leden 2003","2003-01","1.5"
"Přírůstek průměrného ročního indexu spotřebitelských cen - měsíční","6134J09","Česko","CZ","únor 2003","2003-02","1.1"
"Přírůstek průměrného ročního indexu spotřebitelských cen - měsíční","6134J09","Česko","CZ","březen 2003","2003-03","0.8"
"Přírůstek průměrného ročního indexu spotřebitelských cen - měsíční","6134J09","Česko","CZ","duben 2003","2003-04","0.5"
"Přírůstek průměrného ročního indexu spotřebitelských cen - měsíční","6134J09","Česko","CZ","květen 2003","2003-05","0.3"
"Přírůstek průměrného ročního indexu spotřebitelských cen - měsíční","6134J09","Česko","CZ","červen 2003","2003-06","0.2"
"Přírůstek průměrného ročního indexu spotřebitelských cen - měsíční","6134J09","Česko","CZ","červenec 2003","2003-07","0.2"
"Přírůstek průměrného ročního indexu spotřebitelských cen - měsíční","6134J09","Česko","CZ","srpen 2003","2003-08","0.1"
"Přírůstek průměrného ročního indexu spotřebitelských cen - měsíční","6134J09","Česko","CZ","září 2003","2003-09","0"
"Přírůstek průměrného ročního indexu spotřebitelských cen - měsíční","6134J09","Česko","CZ","říjen 2003","2003-10","0"
"Přírůstek průměrného ročního indexu spotřebitelských cen - měsíční","6134J09","Česko","CZ","listopad 2003","2003-11","0.1"
"Přírůstek průměrného ročního indexu spotřebitelských cen - měsíční","6134J09","Česko","CZ","prosinec 2003","2003-12","0.1"
"Přírůstek průměrného ročního indexu spotřebitelských cen - měsíční","6134J09","Česko","CZ","2003","2003","0.1"
"Přírůstek průměrného ročního indexu spotřebitelských cen - měsíční","6134J09","Česko","CZ","leden 2004","2004-01","0.3"
"Přírůstek průměrného ročního indexu spotřebitelských cen - měsíční","6134J09","Česko","CZ","únor 2004","2004-02","0.5"
"Přírůstek průměrného ročního indexu spotřebitelských cen - měsíční","6134J09","Česko","CZ","březen 2004","2004-03","0.8"
"Přírůstek průměrného ročního indexu spotřebitelských cen - měsíční","6134J09","Česko","CZ","duben 2004","2004-04","1"
"Přírůstek průměrného ročního indexu spotřebitelských cen - měsíční","6134J09","Česko","CZ","květen 2004","2004-05","1.2"
"Přírůstek průměrného ročního indexu spotřebitelských cen - měsíční","6134J09","Česko","CZ","červen 2004","2004-06","1.4"
"Přírůstek průměrného ročního indexu spotřebitelských cen - měsíční","6134J09","Česko","CZ","červenec 2004","2004-07","1.7"
"Přírůstek průměrného ročního indexu spotřebitelských cen - měsíční","6134J09","Česko","CZ","srpen 2004","2004-08","2"
"Přírůstek průměrného ročního indexu spotřebitelských cen - měsíční","6134J09","Česko","CZ","září 2004","2004-09","2.2"
"Přírůstek průměrného ročního indexu spotřebitelských cen - měsíční","6134J09","Česko","CZ","říjen 2004","2004-10","2.5"
"Přírůstek průměrného ročního indexu spotřebitelských cen - měsíční","6134J09","Česko","CZ","listopad 2004","2004-11","2.7"
"Přírůstek průměrného ročního indexu spotřebitelských cen - měsíční","6134J09","Česko","CZ","prosinec 2004","2004-12","2.8"
"Přírůstek průměrného ročního indexu spotřebitelských cen - měsíční","6134J09","Česko","CZ","2004","2004","2.8"
"Přírůstek průměrného ročního indexu spotřebitelských cen - měsíční","6134J09","Česko","CZ","leden 2005","2005-01","2.8"
"Přírůstek průměrného ročního indexu spotřebitelských cen - měsíční","6134J09","Česko","CZ","únor 2005","2005-02","2.7"
"Přírůstek průměrného ročního indexu spotřebitelských cen - měsíční","6134J09","Česko","CZ","březen 2005","2005-03","2.6"
"Přírůstek průměrného ročního indexu spotřebitelských cen - měsíční","6134J09","Česko","CZ","duben 2005","2005-04","2.6"
"Přírůstek průměrného ročního indexu spotřebitelských cen - měsíční","6134J09","Česko","CZ","květen 2005","2005-05","2.5"
"Přírůstek průměrného ročního indexu spotřebitelských cen - měsíční","6134J09","Česko","CZ","červen 2005","2005-06","2.4"
"Přírůstek průměrného ročního indexu spotřebitelských cen - měsíční","6134J09","Česko","CZ","červenec 2005","2005-07","2.2"
"Přírůstek průměrného ročního indexu spotřebitelských cen - měsíční","6134J09","Česko","CZ","srpen 2005","2005-08","2.1"
"Přírůstek průměrného ročního indexu spotřebitelských cen - měsíční","6134J09","Česko","CZ","září 2005","2005-09","2"
"Přírůstek průměrného ročního indexu spotřebitelských cen - měsíční","6134J09","Česko","CZ","říjen 2005","2005-10","2"
"Přírůstek průměrného ročního indexu spotřebitelských cen - měsíční","6134J09","Česko","CZ","listopad 2005","2005-11","1.9"
"Přírůstek průměrného ročního indexu spotřebitelských cen - měsíční","6134J09","Česko","CZ","prosinec 2005","2005-12","1.9"
"Přírůstek průměrného ročního indexu spotřebitelských cen - měsíční","6134J09","Česko","CZ","2005","2005","1.9"
"Přírůstek průměrného ročního indexu spotřebitelských cen - měsíční","6134J09","Česko","CZ","leden 2006","2006-01","2"
"Přírůstek průměrného ročního indexu spotřebitelských cen - měsíční","6134J09","Česko","CZ","únor 2006","2006-02","2.1"
"Přírůstek průměrného ročního indexu spotřebitelských cen - měsíční","6134J09","Česko","CZ","březen 2006","2006-03","2.2"
"Přírůstek průměrného ročního indexu spotřebitelských cen - měsíční","6134J09","Česko","CZ","duben 2006","2006-04","2.3"
"Přírůstek průměrného ročního indexu spotřebitelských cen - měsíční","6134J09","Česko","CZ","květen 2006","2006-05","2.4"
"Přírůstek průměrného ročního indexu spotřebitelských cen - měsíční","6134J09","Česko","CZ","červen 2006","2006-06","2.5"
"Přírůstek průměrného ročního indexu spotřebitelských cen - měsíční","6134J09","Česko","CZ","červenec 2006","2006-07","2.6"
"Přírůstek průměrného ročního indexu spotřebitelských cen - měsíční","6134J09","Česko","CZ","srpen 2006","2006-08","2.7"
"Přírůstek průměrného ročního indexu spotřebitelských cen - měsíční","6134J09","Česko","CZ","září 2006","2006-09","2.8"
"Přírůstek průměrného ročního indexu spotřebitelských cen - měsíční","6134J09","Česko","CZ","říjen 2006","2006-10","2.7"
"Přírůstek průměrného ročního indexu spotřebitelských cen - měsíční","6134J09","Česko","CZ","listopad 2006","2006-11","2.6"
"Přírůstek průměrného ročního indexu spotřebitelských cen - měsíční","6134J09","Česko","CZ","prosinec 2006","2006-12","2.5"
"Přírůstek průměrného ročního indexu spotřebitelských cen - měsíční","6134J09","Česko","CZ","2006","2006","2.5"
"Přírůstek průměrného ročního indexu spotřebitelských cen - měsíční","6134J09","Česko","CZ","leden 2007","2007-01","2.4"
"Přírůstek průměrného ročního indexu spotřebitelských cen - měsíční","6134J09","Česko","CZ","únor 2007","2007-02","2.3"
"Přírůstek průměrného ročního indexu spotřebitelských cen - měsíční","6134J09","Česko","CZ","březen 2007","2007-03","2.2"
"Přírůstek průměrného ročního indexu spotřebitelských cen - měsíční","6134J09","Česko","CZ","duben 2007","2007-04","2.2"
"Přírůstek průměrného ročního indexu spotřebitelských cen - měsíční","6134J09","Česko","CZ","květen 2007","2007-05","2.1"
"Přírůstek průměrného ročního indexu spotřebitelských cen - měsíční","6134J09","Česko","CZ","červen 2007","2007-06","2.1"
"Přírůstek průměrného ročního indexu spotřebitelských cen - měsíční","6134J09","Česko","CZ","červenec 2007","2007-07","2.1"
"Přírůstek průměrného ročního indexu spotřebitelských cen - měsíční","6134J09","Česko","CZ","srpen 2007","2007-08","2"
"Přírůstek průměrného ročního indexu spotřebitelských cen - měsíční","6134J09","Česko","CZ","září 2007","2007-09","2"
"Přírůstek průměrného ročního indexu spotřebitelských cen - měsíční","6134J09","Česko","CZ","říjen 2007","2007-10","2.2"
"Přírůstek průměrného ročního indexu spotřebitelských cen - měsíční","6134J09","Česko","CZ","listopad 2007","2007-11","2.5"
"Přírůstek průměrného ročního indexu spotřebitelských cen - měsíční","6134J09","Česko","CZ","prosinec 2007","2007-12","2.8"
"Přírůstek průměrného ročního indexu spotřebitelských cen - měsíční","6134J09","Česko","CZ","2007","2007","2.8"
"Přírůstek průměrného ročního indexu spotřebitelských cen - měsíční","6134J09","Česko","CZ","leden 2008","2008-01","3.4"
"Přírůstek průměrného ročního indexu spotřebitelských cen - měsíční","6134J09","Česko","CZ","únor 2008","2008-02","3.9"
"Přírůstek průměrného ročního indexu spotřebitelských cen - měsíční","6134J09","Česko","CZ","březen 2008","2008-03","4.3"
"Přírůstek průměrného ročního indexu spotřebitelských cen - měsíční","6134J09","Česko","CZ","duben 2008","2008-04","4.7"
"Přírůstek průměrného ročního indexu spotřebitelských cen - měsíční","6134J09","Česko","CZ","květen 2008","2008-05","5"
"Přírůstek průměrného ročního indexu spotřebitelských cen - měsíční","6134J09","Česko","CZ","červen 2008","2008-06","5.4"
"Přírůstek průměrného ročního indexu spotřebitelských cen - měsíční","6134J09","Česko","CZ","červenec 2008","2008-07","5.8"
"Přírůstek průměrného ročního indexu spotřebitelských cen - měsíční","6134J09","Česko","CZ","srpen 2008","2008-08","6.1"
"Přírůstek průměrného ročního indexu spotřebitelských cen - měsíční","6134J09","Česko","CZ","září 2008","2008-09","6.4"
"Přírůstek průměrného ročního indexu spotřebitelských cen - měsíční","6134J09","Česko","CZ","říjen 2008","2008-10","6.6"
"Přírůstek průměrného ročního indexu spotřebitelských cen - měsíční","6134J09","Česko","CZ","listopad 2008","2008-11","6.5"
"Přírůstek průměrného ročního indexu spotřebitelských cen - měsíční","6134J09","Česko","CZ","prosinec 2008","2008-12","6.3"
"Přírůstek průměrného ročního indexu spotřebitelských cen - měsíční","6134J09","Česko","CZ","2008","2008","6.3"
"Přírůstek průměrného ročního indexu spotřebitelských cen - měsíční","6134J09","Česko","CZ","leden 2009","2009-01","5.9"
"Přírůstek průměrného ročního indexu spotřebitelských cen - měsíční","6134J09","Česko","CZ","únor 2009","2009-02","5.4"
"Přírůstek průměrného ročního indexu spotřebitelských cen - měsíční","6134J09","Česko","CZ","březen 2009","2009-03","5"
"Přírůstek průměrného ročního indexu spotřebitelských cen - měsíční","6134J09","Česko","CZ","duben 2009","2009-04","4.6"
"Přírůstek průměrného ročního indexu spotřebitelských cen - měsíční","6134J09","Česko","CZ","květen 2009","2009-05","4.1"
"Přírůstek průměrného ročního indexu spotřebitelských cen - měsíční","6134J09","Česko","CZ","červen 2009","2009-06","3.7"
"Přírůstek průměrného ročního indexu spotřebitelských cen - měsíční","6134J09","Česko","CZ","červenec 2009","2009-07","3.1"
"Přírůstek průměrného ročního indexu spotřebitelských cen - měsíční","6134J09","Česko","CZ","srpen 2009","2009-08","2.6"
"Přírůstek průměrného ročního indexu spotřebitelských cen - měsíční","6134J09","Česko","CZ","září 2009","2009-09","2.1"
"Přírůstek průměrného ročního indexu spotřebitelských cen - měsíční","6134J09","Česko","CZ","říjen 2009","2009-10","1.6"
"Přírůstek průměrného ročního indexu spotřebitelských cen - měsíční","6134J09","Česko","CZ","listopad 2009","2009-11","1.3"
"Přírůstek průměrného ročního indexu spotřebitelských cen - měsíční","6134J09","Česko","CZ","prosinec 2009","2009-12","1"
"Přírůstek průměrného ročního indexu spotřebitelských cen - měsíční","6134J09","Česko","CZ","2009","2009","1"
"Přírůstek průměrného ročního indexu spotřebitelských cen - měsíční","6134J09","Česko","CZ","leden 2010","2010-01","0.9"
"Přírůstek průměrného ročního indexu spotřebitelských cen - měsíční","6134J09","Česko","CZ","únor 2010","2010-02","0.8"
"Přírůstek průměrného ročního indexu spotřebitelských cen - měsíční","6134J09","Česko","CZ","březen 2010","2010-03","0.7"
"Přírůstek průměrného ročního indexu spotřebitelských cen - měsíční","6134J09","Česko","CZ","duben 2010","2010-04","0.6"
"Přírůstek průměrného ročního indexu spotřebitelských cen - měsíční","6134J09","Česko","CZ","květen 2010","2010-05","0.6"
"Přírůstek průměrného ročního indexu spotřebitelských cen - měsíční","6134J09","Česko","CZ","červen 2010","2010-06","0.6"
"Přírůstek průměrného ročního indexu spotřebitelských cen - měsíční","6134J09","Česko","CZ","červenec 2010","2010-07","0.8"
"Přírůstek průměrného ročního indexu spotřebitelských cen - měsíční","6134J09","Česko","CZ","srpen 2010","2010-08","0.9"
"Přírůstek průměrného ročního indexu spotřebitelských cen - měsíční","6134J09","Česko","CZ","září 2010","2010-09","1.1"
"Přírůstek průměrného ročního indexu spotřebitelských cen - měsíční","6134J09","Česko","CZ","říjen 2010","2010-10","1.2"
"Přírůstek průměrného ročního indexu spotřebitelských cen - měsíční","6134J09","Česko","CZ","listopad 2010","2010-11","1.4"
"Přírůstek průměrného ročního indexu spotřebitelských cen - měsíční","6134J09","Česko","CZ","prosinec 2010","2010-12","1.5"
"Přírůstek průměrného ročního indexu spotřebitelských cen - měsíční","6134J09","Česko","CZ","2010","2010","1.5"
"Přírůstek průměrného ročního indexu spotřebitelských cen - měsíční","6134J09","Česko","CZ","leden 2011","2011-01","1.6"
"Přírůstek průměrného ročního indexu spotřebitelských cen - měsíční","6134J09","Česko","CZ","únor 2011","2011-02","1.7"
"Přírůstek průměrného ročního indexu spotřebitelských cen - měsíční","6134J09","Česko","CZ","březen 2011","2011-03","1.7"
"Přírůstek průměrného ročního indexu spotřebitelských cen - měsíční","6134J09","Česko","CZ","duben 2011","2011-04","1.8"
"Přírůstek průměrného ročního indexu spotřebitelských cen - měsíční","6134J09","Česko","CZ","květen 2011","2011-05","1.8"
"Přírůstek průměrného ročního indexu spotřebitelských cen - měsíční","6134J09","Česko","CZ","červen 2011","2011-06","1.9"
"Přírůstek průměrného ročního indexu spotřebitelských cen - měsíční","6134J09","Česko","CZ","červenec 2011","2011-07","1.9"
"Přírůstek průměrného ročního indexu spotřebitelských cen - měsíční","6134J09","Česko","CZ","srpen 2011","2011-08","1.9"
"Přírůstek průměrného ročního indexu spotřebitelských cen - měsíční","6134J09","Česko","CZ","září 2011","2011-09","1.8"
"Přírůstek průměrného ročního indexu spotřebitelských cen - měsíční","6134J09","Česko","CZ","říjen 2011","2011-10","1.9"
"Přírůstek průměrného ročního indexu spotřebitelských cen - měsíční","6134J09","Česko","CZ","listopad 2011","2011-11","1.9"
"Přírůstek průměrného ročního indexu spotřebitelských cen - měsíční","6134J09","Česko","CZ","prosinec 2011","2011-12","1.9"
"Přírůstek průměrného ročního indexu spotřebitelských cen - měsíční","6134J09","Česko","CZ","2011","2011","1.9"
"Přírůstek průměrného ročního indexu spotřebitelských cen - měsíční","6134J09","Česko","CZ","leden 2012","2012-01","2.1"
"Přírůstek průměrného ročního indexu spotřebitelských cen - měsíční","6134J09","Česko","CZ","únor 2012","2012-02","2.2"
"Přírůstek průměrného ročního indexu spotřebitelských cen - měsíční","6134J09","Česko","CZ","březen 2012","2012-03","2.4"
"Přírůstek průměrného ročního indexu spotřebitelských cen - měsíční","6134J09","Česko","CZ","duben 2012","2012-04","2.6"
"Přírůstek průměrného ročního indexu spotřebitelských cen - měsíční","6134J09","Česko","CZ","květen 2012","2012-05","2.7"
"Přírůstek průměrného ročního indexu spotřebitelských cen - měsíční","6134J09","Česko","CZ","červen 2012","2012-06","2.8"
"Přírůstek průměrného ročního indexu spotřebitelských cen - měsíční","6134J09","Česko","CZ","červenec 2012","2012-07","2.9"
"Přírůstek průměrného ročního indexu spotřebitelských cen - měsíční","6134J09","Česko","CZ","srpen 2012","2012-08","3.1"
"Přírůstek průměrného ročního indexu spotřebitelských cen - měsíční","6134J09","Česko","CZ","září 2012","2012-09","3.2"
"Přírůstek průměrného ročního indexu spotřebitelských cen - měsíční","6134J09","Česko","CZ","říjen 2012","2012-10","3.3"
"Přírůstek průměrného ročního indexu spotřebitelských cen - měsíční","6134J09","Česko","CZ","listopad 2012","2012-11","3.3"
"Přírůstek průměrného ročního indexu spotřebitelských cen - měsíční","6134J09","Česko","CZ","prosinec 2012","2012-12","3.3"
"Přírůstek průměrného ročního indexu spotřebitelských cen - měsíční","6134J09","Česko","CZ","2012","2012","3.3"
"Přírůstek průměrného ročního indexu spotřebitelských cen - měsíční","6134J09","Česko","CZ","leden 2013","2013-01","3.2"
"Přírůstek průměrného ročního indexu spotřebitelských cen - měsíční","6134J09","Česko","CZ","únor 2013","2013-02","3"
"Přírůstek průměrného ročního indexu spotřebitelských cen - měsíční","6134J09","Česko","CZ","březen 2013","2013-03","2.8"
"Přírůstek průměrného ročního indexu spotřebitelských cen - měsíční","6134J09","Česko","CZ","duben 2013","2013-04","2.7"
"Přírůstek průměrného ročního indexu spotřebitelských cen - měsíční","6134J09","Česko","CZ","květen 2013","2013-05","2.5"
"Přírůstek průměrného ročního indexu spotřebitelských cen - měsíční","6134J09","Česko","CZ","červen 2013","2013-06","2.3"
"Přírůstek průměrného ročního indexu spotřebitelských cen - měsíční","6134J09","Česko","CZ","červenec 2013","2013-07","2.2"
"Přírůstek průměrného ročního indexu spotřebitelských cen - měsíční","6134J09","Česko","CZ","srpen 2013","2013-08","2"
"Přírůstek průměrného ročního indexu spotřebitelských cen - měsíční","6134J09","Česko","CZ","září 2013","2013-09","1.8"
"Přírůstek průměrného ročního indexu spotřebitelských cen - měsíční","6134J09","Česko","CZ","říjen 2013","2013-10","1.6"
"Přírůstek průměrného ročního indexu spotřebitelských cen - měsíční","6134J09","Česko","CZ","listopad 2013","2013-11","1.5"
"Přírůstek průměrného ročního indexu spotřebitelských cen - měsíční","6134J09","Česko","CZ","prosinec 2013","2013-12","1.4"
"Přírůstek průměrného ročního indexu spotřebitelských cen - měsíční","6134J09","Česko","CZ","2013","2013","1.4"
"Přírůstek průměrného ročního indexu spotřebitelských cen - měsíční","6134J09","Česko","CZ","leden 2014","2014-01","1.3"
"Přírůstek průměrného ročního indexu spotřebitelských cen - měsíční","6134J09","Česko","CZ","únor 2014","2014-02","1.1"
"Přírůstek průměrného ročního indexu spotřebitelských cen - měsíční","6134J09","Česko","CZ","březen 2014","2014-03","1"
"Přírůstek průměrného ročního indexu spotřebitelských cen - měsíční","6134J09","Česko","CZ","duben 2014","2014-04","0.9"
"Přírůstek průměrného ročního indexu spotřebitelských cen - měsíční","6134J09","Česko","CZ","květen 2014","2014-05","0.8"
"Přírůstek průměrného ročního indexu spotřebitelských cen - měsíční","6134J09","Česko","CZ","červen 2014","2014-06","0.7"
"Přírůstek průměrného ročního indexu spotřebitelských cen - měsíční","6134J09","Česko","CZ","červenec 2014","2014-07","0.6"
"Přírůstek průměrného ročního indexu spotřebitelských cen - měsíční","6134J09","Česko","CZ","srpen 2014","2014-08","0.5"
"Přírůstek průměrného ročního indexu spotřebitelských cen - měsíční","6134J09","Česko","CZ","září 2014","2014-09","0.5"
"Přírůstek průměrného ročního indexu spotřebitelských cen - měsíční","6134J09","Česko","CZ","říjen 2014","2014-10","0.5"
"Přírůstek průměrného ročního indexu spotřebitelských cen - měsíční","6134J09","Česko","CZ","listopad 2014","2014-11","0.5"
"Přírůstek průměrného ročního indexu spotřebitelských cen - měsíční","6134J09","Česko","CZ","prosinec 2014","2014-12","0.4"
"Přírůstek průměrného ročního indexu spotřebitelských cen - měsíční","6134J09","Česko","CZ","2014","2014","0.4"
"Přírůstek průměrného ročního indexu spotřebitelských cen - měsíční","6134J09","Česko","CZ","leden 2015","2015-01","0.3"
"Přírůstek průměrného ročního indexu spotřebitelských cen - měsíční","6134J09","Česko","CZ","únor 2015","2015-02","0.3"
"Přírůstek průměrného ročního indexu spotřebitelských cen - měsíční","6134J09","Česko","CZ","březen 2015","2015-03","0.3"
"Přírůstek průměrného ročního indexu spotřebitelských cen - měsíční","6134J09","Česko","CZ","duben 2015","2015-04","0.4"
"Přírůstek průměrného ročního indexu spotřebitelských cen - měsíční","6134J09","Česko","CZ","květen 2015","2015-05","0.4"
"Přírůstek průměrného ročního indexu spotřebitelských cen - měsíční","6134J09","Česko","CZ","červen 2015","2015-06","0.5"
"Přírůstek průměrného ročního indexu spotřebitelských cen - měsíční","6134J09","Česko","CZ","červenec 2015","2015-07","0.5"
"Přírůstek průměrného ročního indexu spotřebitelských cen - měsíční","6134J09","Česko","CZ","srpen 2015","2015-08","0.4"
"Přírůstek průměrného ročního indexu spotřebitelských cen - měsíční","6134J09","Česko","CZ","září 2015","2015-09","0.4"
"Přírůstek průměrného ročního indexu spotřebitelských cen - měsíční","6134J09","Česko","CZ","říjen 2015","2015-10","0.4"
"Přírůstek průměrného ročního indexu spotřebitelských cen - měsíční","6134J09","Česko","CZ","listopad 2015","2015-11","0.3"
"Přírůstek průměrného ročního indexu spotřebitelských cen - měsíční","6134J09","Česko","CZ","prosinec 2015","2015-12","0.3"
"Přírůstek průměrného ročního indexu spotřebitelských cen - měsíční","6134J09","Česko","CZ","2015","2015","0.3"
"Přírůstek průměrného ročního indexu spotřebitelských cen - měsíční","6134J09","Česko","CZ","leden 2016","2016-01","0.4"
"Přírůstek průměrného ročního indexu spotřebitelských cen - měsíční","6134J09","Česko","CZ","únor 2016","2016-02","0.4"
"Přírůstek průměrného ročního indexu spotřebitelských cen - měsíční","6134J09","Česko","CZ","březen 2016","2016-03","0.4"
"Přírůstek průměrného ročního indexu spotřebitelských cen - měsíční","6134J09","Česko","CZ","duben 2016","2016-04","0.4"
"Přírůstek průměrného ročního indexu spotřebitelských cen - měsíční","6134J09","Česko","CZ","květen 2016","2016-05","0.4"
"Přírůstek průměrného ročního indexu spotřebitelských cen - měsíční","6134J09","Česko","CZ","červen 2016","2016-06","0.3"
"Přírůstek průměrného ročního indexu spotřebitelských cen - měsíční","6134J09","Česko","CZ","červenec 2016","2016-07","0.3"
"Přírůstek průměrného ročního indexu spotřebitelských cen - měsíční","6134J09","Česko","CZ","srpen 2016","2016-08","0.3"
"Přírůstek průměrného ročního indexu spotřebitelských cen - měsíční","6134J09","Česko","CZ","září 2016","2016-09","0.3"
"Přírůstek průměrného ročního indexu spotřebitelských cen - měsíční","6134J09","Česko","CZ","říjen 2016","2016-10","0.4"
"Přírůstek průměrného ročního indexu spotřebitelských cen - měsíční","6134J09","Česko","CZ","listopad 2016","2016-11","0.5"
"Přírůstek průměrného ročního indexu spotřebitelských cen - měsíční","6134J09","Česko","CZ","prosinec 2016","2016-12","0.7"
"Přírůstek průměrného ročního indexu spotřebitelských cen - měsíční","6134J09","Česko","CZ","2016","2016","0.7"
"Přírůstek průměrného ročního indexu spotřebitelských cen - měsíční","6134J09","Česko","CZ","leden 2017","2017-01","0.8"
"Přírůstek průměrného ročního indexu spotřebitelských cen - měsíční","6134J09","Česko","CZ","únor 2017","2017-02","1"
"Přírůstek průměrného ročního indexu spotřebitelských cen - měsíční","6134J09","Česko","CZ","březen 2017","2017-03","1.2"
"Přírůstek průměrného ročního indexu spotřebitelských cen - měsíční","6134J09","Česko","CZ","duben 2017","2017-04","1.3"
"Přírůstek průměrného ročního indexu spotřebitelských cen - měsíční","6134J09","Česko","CZ","květen 2017","2017-05","1.5"
"Přírůstek průměrného ročního indexu spotřebitelských cen - měsíční","6134J09","Česko","CZ","červen 2017","2017-06","1.7"
"Přírůstek průměrného ročního indexu spotřebitelských cen - měsíční","6134J09","Česko","CZ","červenec 2017","2017-07","1.8"
"Přírůstek průměrného ročního indexu spotřebitelských cen - měsíční","6134J09","Česko","CZ","srpen 2017","2017-08","2"
"Přírůstek průměrného ročního indexu spotřebitelských cen - měsíční","6134J09","Česko","CZ","září 2017","2017-09","2.2"
"Přírůstek průměrného ročního indexu spotřebitelských cen - měsíční","6134J09","Česko","CZ","říjen 2017","2017-10","2.3"
"Přírůstek průměrného ročního indexu spotřebitelských cen - měsíční","6134J09","Česko","CZ","listopad 2017","2017-11","2.4"
"Přírůstek průměrného ročního indexu spotřebitelských cen - měsíční","6134J09","Česko","CZ","prosinec 2017","2017-12","2.5"
"Přírůstek průměrného ročního indexu spotřebitelských cen - měsíční","6134J09","Česko","CZ","2017","2017","2.5"
"Přírůstek průměrného ročního indexu spotřebitelských cen - měsíční","6134J09","Česko","CZ","leden 2018","2018-01","2.4"
"Přírůstek průměrného ročního indexu spotřebitelských cen - měsíční","6134J09","Česko","CZ","únor 2018","2018-02","2.4"
"Přírůstek průměrného ročního indexu spotřebitelských cen - měsíční","6134J09","Česko","CZ","březen 2018","2018-03","2.3"
"Přírůstek průměrného ročního indexu spotřebitelských cen - měsíční","6134J09","Česko","CZ","duben 2018","2018-04","2.3"
"Přírůstek průměrného ročního indexu spotřebitelských cen - měsíční","6134J09","Česko","CZ","květen 2018","2018-05","2.3"
"Přírůstek průměrného ročního indexu spotřebitelských cen - měsíční","6134J09","Česko","CZ","červen 2018","2018-06","2.3"
"Přírůstek průměrného ročního indexu spotřebitelských cen - měsíční","6134J09","Česko","CZ","červenec 2018","2018-07","2.3"
"Přírůstek průměrného ročního indexu spotřebitelských cen - měsíční","6134J09","Česko","CZ","srpen 2018","2018-08","2.3"
"Přírůstek průměrného ročního indexu spotřebitelských cen - měsíční","6134J09","Česko","CZ","září 2018","2018-09","2.3"
"Přírůstek průměrného ročního indexu spotřebitelských cen - měsíční","6134J09","Česko","CZ","říjen 2018","2018-10","2.2"
"Přírůstek průměrného ročního indexu spotřebitelských cen - měsíční","6134J09","Česko","CZ","listopad 2018","2018-11","2.2"
"Přírůstek průměrného ročního indexu spotřebitelských cen - měsíční","6134J09","Česko","CZ","prosinec 2018","2018-12","2.1"
"Přírůstek průměrného ročního indexu spotřebitelských cen - měsíční","6134J09","Česko","CZ","2018","2018","2.1"
"Přírůstek průměrného ročního indexu spotřebitelských cen - měsíční","6134J09","Česko","CZ","leden 2019","2019-01","2.2"
"Přírůstek průměrného ročního indexu spotřebitelských cen - měsíční","6134J09","Česko","CZ","únor 2019","2019-02","2.3"
"Přírůstek průměrného ročního indexu spotřebitelských cen - měsíční","6134J09","Česko","CZ","březen 2019","2019-03","2.4"
"Přírůstek průměrného ročního indexu spotřebitelských cen - měsíční","6134J09","Česko","CZ","duben 2019","2019-04","2.4"
"Přírůstek průměrného ročního indexu spotřebitelských cen - měsíční","6134J09","Česko","CZ","květen 2019","2019-05","2.5"
"Přírůstek průměrného ročního indexu spotřebitelských cen - měsíční","6134J09","Česko","CZ","červen 2019","2019-06","2.5"
"Přírůstek průměrného ročního indexu spotřebitelských cen - měsíční","6134J09","Česko","CZ","červenec 2019","2019-07","2.6"
"Přírůstek průměrného ročního indexu spotřebitelských cen - měsíční","6134J09","Česko","CZ","srpen 2019","2019-08","2.6"
"Přírůstek průměrného ročního indexu spotřebitelských cen - měsíční","6134J09","Česko","CZ","září 2019","2019-09","2.6"
"Přírůstek průměrného ročního indexu spotřebitelských cen - měsíční","6134J09","Česko","CZ","říjen 2019","2019-10","2.7"
"Přírůstek průměrného ročního indexu spotřebitelských cen - měsíční","6134J09","Česko","CZ","listopad 2019","2019-11","2.7"
"Přírůstek průměrného ročního indexu spotřebitelských cen - měsíční","6134J09","Česko","CZ","prosinec 2019","2019-12","2.8"
"Přírůstek průměrného ročního indexu spotřebitelských cen - měsíční","6134J09","Česko","CZ","2019","2019","2.8"
"Přírůstek průměrného ročního indexu spotřebitelských cen - měsíční","6134J09","Česko","CZ","leden 2020","2020-01","2.9"
"Přírůstek průměrného ročního indexu spotřebitelských cen - měsíční","6134J09","Česko","CZ","únor 2020","2020-02","3"
"Přírůstek průměrného ročního indexu spotřebitelských cen - měsíční","6134J09","Česko","CZ","březen 2020","2020-03","3.1"
"Přírůstek průměrného ročního indexu spotřebitelských cen - měsíční","6134J09","Česko","CZ","duben 2020","2020-04","3.1"
"Přírůstek průměrného ročního indexu spotřebitelských cen - měsíční","6134J09","Česko","CZ","květen 2020","2020-05","3.1"
"Přírůstek průměrného ročního indexu spotřebitelských cen - měsíční","6134J09","Česko","CZ","červen 2020","2020-06","3.1"
"Přírůstek průměrného ročního indexu spotřebitelských cen - měsíční","6134J09","Česko","CZ","červenec 2020","2020-07","3.2"
"Přírůstek průměrného ročního indexu spotřebitelských cen - měsíční","6134J09","Česko","CZ","srpen 2020","2020-08","3.2"
"Přírůstek průměrného ročního indexu spotřebitelských cen - měsíční","6134J09","Česko","CZ","září 2020","2020-09","3.3"
"Přírůstek průměrného ročního indexu spotřebitelských cen - měsíční","6134J09","Česko","CZ","říjen 2020","2020-10","3.3"
"Přírůstek průměrného ročního indexu spotřebitelských cen - měsíční","6134J09","Česko","CZ","listopad 2020","2020-11","3.2"
"Přírůstek průměrného ročního indexu spotřebitelských cen - měsíční","6134J09","Česko","CZ","prosinec 2020","2020-12","3.2"
"Přírůstek průměrného ročního indexu spotřebitelských cen - měsíční","6134J09","Česko","CZ","2020","2020","3.2"
"Přírůstek průměrného ročního indexu spotřebitelských cen - měsíční","6134J09","Česko","CZ","leden 2021","2021-01","3"
"Přírůstek průměrného ročního indexu spotřebitelských cen - měsíční","6134J09","Česko","CZ","únor 2021","2021-02","2.9"
"Přírůstek průměrného ročního indexu spotřebitelských cen - měsíční","6134J09","Česko","CZ","březen 2021","2021-03","2.8"
"Přírůstek průměrného ročního indexu spotřebitelských cen - měsíční","6134J09","Česko","CZ","duben 2021","2021-04","2.8"
"Přírůstek průměrného ročního indexu spotřebitelských cen - měsíční","6134J09","Česko","CZ","květen 2021","2021-05","2.8"
"Přírůstek průměrného ročního indexu spotřebitelských cen - měsíční","6134J09","Česko","CZ","červen 2021","2021-06","2.8"
"Přírůstek průměrného ročního indexu spotřebitelských cen - měsíční","6134J09","Česko","CZ","červenec 2021","2021-07","2.8"
"Přírůstek průměrného ročního indexu spotřebitelských cen - měsíční","6134J09","Česko","CZ","srpen 2021","2021-08","2.8"
"Přírůstek průměrného ročního indexu spotřebitelských cen - měsíční","6134J09","Česko","CZ","září 2021","2021-09","3"
"Přírůstek průměrného ročního indexu spotřebitelských cen - měsíční","6134J09","Česko","CZ","říjen 2021","2021-10","3.2"
"Přírůstek průměrného ročního indexu spotřebitelských cen - měsíční","6134J09","Česko","CZ","listopad 2021","2021-11","3.5"
"Přírůstek průměrného ročního indexu spotřebitelských cen - měsíční","6134J09","Česko","CZ","prosinec 2021","2021-12","3.8"
"Přírůstek průměrného ročního indexu spotřebitelských cen - měsíční","6134J09","Česko","CZ","2021","2021","3.8"
"Přírůstek průměrného ročního indexu spotřebitelských cen - měsíční","6134J09","Česko","CZ","leden 2022","2022-01","4.5"
"Přírůstek průměrného ročního indexu spotřebitelských cen - měsíční","6134J09","Česko","CZ","únor 2022","2022-02","5.2"
"Přírůstek průměrného ročního indexu spotřebitelských cen - měsíční","6134J09","Česko","CZ","březen 2022","2022-03","6.1"
"Přírůstek průměrného ročního indexu spotřebitelských cen - měsíční","6134J09","Česko","CZ","duben 2022","2022-04","7"
"Přírůstek průměrného ročního indexu spotřebitelských cen - měsíční","6134J09","Česko","CZ","květen 2022","2022-05","8.1"
"Přírůstek průměrného ročního indexu spotřebitelských cen - měsíční","6134J09","Česko","CZ","červen 2022","2022-06","9.4"
"Přírůstek průměrného ročního indexu spotřebitelských cen - měsíční","6134J09","Česko","CZ","červenec 2022","2022-07","10.6"
"Přírůstek průměrného ročního indexu spotřebitelských cen - měsíční","6134J09","Česko","CZ","srpen 2022","2022-08","11.7"
"Přírůstek průměrného ročního indexu spotřebitelských cen - měsíční","6134J09","Česko","CZ","září 2022","2022-09","12.7"
"Přírůstek průměrného ročního indexu spotřebitelských cen - měsíční","6134J09","Česko","CZ","říjen 2022","2022-10","13.5"
"Přírůstek průměrného ročního indexu spotřebitelských cen - měsíční","6134J09","Česko","CZ","listopad 2022","2022-11","14.4"
"Přírůstek průměrného ročního indexu spotřebitelských cen - měsíční","6134J09","Česko","CZ","prosinec 2022","2022-12","15.1"
"Přírůstek průměrného ročního indexu spotřebitelských cen - měsíční","6134J09","Česko","CZ","2022","2022","15.1"
"Přírůstek průměrného ročního indexu spotřebitelských cen - měsíční","6134J09","Česko","CZ","leden 2023","2023-01","15.7"
"Přírůstek průměrného ročního indexu spotřebitelských cen - měsíční","6134J09","Česko","CZ","únor 2023","2023-02","16.2"
"Přírůstek průměrného ročního indexu spotřebitelských cen - měsíční","6134J09","Česko","CZ","březen 2023","2023-03","16.4"
"Přírůstek průměrného ročního indexu spotřebitelských cen - měsíční","6134J09","Česko","CZ","duben 2023","2023-04","16.2"
"Přírůstek průměrného ročního indexu spotřebitelských cen - měsíční","6134J09","Česko","CZ","květen 2023","2023-05","15.8"
"Přírůstek průměrného ročního indexu spotřebitelských cen - měsíční","6134J09","Česko","CZ","červen 2023","2023-06","15.1"
"Přírůstek průměrného ročního indexu spotřebitelských cen - měsíční","6134J09","Česko","CZ","červenec 2023","2023-07","14.3"
"Přírůstek průměrného ročního indexu spotřebitelských cen - měsíční","6134J09","Česko","CZ","srpen 2023","2023-08","13.6"
"Přírůstek průměrného ročního indexu spotřebitelských cen - měsíční","6134J09","Česko","CZ","září 2023","2023-09","12.7"
"Přírůstek průměrného ročního indexu spotřebitelských cen - měsíční","6134J09","Česko","CZ","říjen 2023","2023-10","12.1"
"Přírůstek průměrného ročního indexu spotřebitelských cen - měsíční","6134J09","Česko","CZ","listopad 2023","2023-11","11.4"
"Přírůstek průměrného ročního indexu spotřebitelských cen - měsíční","6134J09","Česko","CZ","prosinec 2023","2023-12","10.7"
"Přírůstek průměrného ročního indexu spotřebitelských cen - měsíční","6134J09","Česko","CZ","2023","2023","10.7"
"Přírůstek průměrného ročního indexu spotřebitelských cen - měsíční","6134J09","Česko","CZ","leden 2024","2024-01","9.4"
"Přírůstek průměrného ročního indexu spotřebitelských cen - měsíční","6134J09","Česko","CZ","únor 2024","2024-02","8.2"
"Přírůstek průměrného ročního indexu spotřebitelských cen - měsíční","6134J09","Česko","CZ","březen 2024","2024-03","7.1"
"Přírůstek průměrného ročního indexu spotřebitelských cen - měsíční","6134J09","Česko","CZ","duben 2024","2024-04","6.3"
"Přírůstek průměrného ročního indexu spotřebitelských cen - měsíční","6134J09","Česko","CZ","květen 2024","2024-05","5.6"
"Přírůstek průměrného ročního indexu spotřebitelských cen - měsíční","6134J09","Česko","CZ","červen 2024","2024-06","4.9"
"Přírůstek průměrného ročního indexu spotřebitelských cen - měsíční","6134J09","Česko","CZ","červenec 2024","2024-07","4.4"
"Přírůstek průměrného ročního indexu spotřebitelských cen - měsíční","6134J09","Česko","CZ","srpen 2024","2024-08","3.9"
"Přírůstek průměrného ročního indexu spotřebitelských cen - měsíční","6134J09","Česko","CZ","září 2024","2024-09","3.5"
"Přírůstek průměrného ročního indexu spotřebitelských cen - měsíční","6134J09","Česko","CZ","říjen 2024","2024-10","3.1"
"Přírůstek průměrného ročního indexu spotřebitelských cen - měsíční","6134J09","Česko","CZ","listopad 2024","2024-11","2.7"
"Přírůstek průměrného ročního indexu spotřebitelských cen - měsíční","6134J09","Česko","CZ","prosinec 2024","2024-12","2.4"
"Přírůstek průměrného ročního indexu spotřebitelských cen - měsíční","6134J09","Česko","CZ","2024","2024","2.4"
"Přírůstek průměrného ročního indexu spotřebitelských cen - měsíční","6134J09","Česko","CZ","leden 2025","2025-01","2.5"
"Přírůstek průměrného ročního indexu spotřebitelských cen - měsíční","6134J09","Česko","CZ","únor 2025","2025-02","2.5"
"Přírůstek průměrného ročního indexu spotřebitelských cen - měsíční","6134J09","Česko","CZ","březen 2025","2025-03","2.6"
"Přírůstek průměrného ročního indexu spotřebitelských cen - měsíční","6134J09","Česko","CZ","duben 2025","2025-04","2.5"
"Přírůstek průměrného ročního indexu spotřebitelských cen - měsíční","6134J09","Česko","CZ","květen 2025","2025-05","2.5"
"Přírůstek průměrného ročního indexu spotřebitelských cen - měsíční","6134J09","Česko","CZ","červen 2025","2025-06","2.6"
"Přírůstek průměrného ročního indexu spotřebitelských cen - měsíční","6134J09","Česko","CZ","červenec 2025","2025-07","2.6"
"Přírůstek průměrného ročního indexu spotřebitelských cen - měsíční","6134J09","Česko","CZ","srpen 2025","2025-08","2.6"
"Přírůstek průměrného ročního indexu spotřebitelských cen - měsíční","6134J09","Česko","CZ","září 2025","2025-09","2.6"
"Přírůstek průměrného ročního indexu spotřebitelských cen - měsíční","6134J09","Česko","CZ","říjen 2025","2025-10","2.6"
"Přírůstek průměrného ročního indexu spotřebitelských cen - měsíční","6134J09","Česko","CZ","listopad 2025","2025-11","2.5"
"Přírůstek průměrného ročního indexu spotřebitelských cen - měsíční","6134J09","Česko","CZ","prosinec 2025","2025-12","2.5"
"Přírůstek průměrného ročního indexu spotřebitelských cen - měsíční","6134J09","Česko","CZ","2025","2025","2.5"
"Přírůstek průměrného ročního indexu spotřebitelských cen - měsíční","6134J09","Česko","CZ","leden 2026","2026-01","2.4"
"Přírůstek průměrného ročního indexu spotřebitelských cen - měsíční","6134J09","Česko","CZ","únor 2026","2026-02","2.2"
"Přírůstek průměrného ročního indexu spotřebitelských cen - měsíční","6134J09","Česko","CZ","březen 2026","2026-03","2.2"
"Přírůstek průměrného ročního indexu spotřebitelských cen - měsíční","6134J09","Česko","CZ","duben 2026","2026-04","2.2"
"Přírůstek průměrného ročního indexu spotřebitelských cen - měsíční","6134J09","Česko","CZ","květen 2026","2026-05","2.2"
"Přírůstek průměrného ročního indexu spotřebitelských cen - měsíční","6134J09","Česko","CZ","červen 2026","2026-06","2.1"
"Přírůstek průměrného ročního indexu spotřebitelských cen - měsíční","6134J09","Česko","CZ","červenec 2026","2026-07","2"
"Přírůstek indexu spotřebitelských cen ke stejnému měsíci předchozího roku","6134J05","Česko","CZ","leden 1997","1997-01","7.4"
"Přírůstek indexu spotřebitelských cen ke stejnému měsíci předchozího roku","6134J05","Česko","CZ","únor 1997","1997-02","7.3"
"Přírůstek indexu spotřebitelských cen ke stejnému měsíci předchozího roku","6134J05","Česko","CZ","březen 1997","1997-03","6.8"
"Přírůstek indexu spotřebitelských cen ke stejnému měsíci předchozího roku","6134J05","Česko","CZ","duben 1997","1997-04","6.7"
"Přírůstek indexu spotřebitelských cen ke stejnému měsíci předchozího roku","6134J05","Česko","CZ","květen 1997","1997-05","6.3"
"Přírůstek indexu spotřebitelských cen ke stejnému měsíci předchozího roku","6134J05","Česko","CZ","červen 1997","1997-06","6.8"
"Přírůstek indexu spotřebitelských cen ke stejnému měsíci předchozího roku","6134J05","Česko","CZ","červenec 1997","1997-07","9.4"
"Přírůstek indexu spotřebitelských cen ke stejnému měsíci předchozího roku","6134J05","Česko","CZ","srpen 1997","1997-08","9.9"
"Přírůstek indexu spotřebitelských cen ke stejnému měsíci předchozího roku","6134J05","Česko","CZ","září 1997","1997-09","10.3"
"Přírůstek indexu spotřebitelských cen ke stejnému měsíci předchozího roku","6134J05","Česko","CZ","říjen 1997","1997-10","10.2"
"Přírůstek indexu spotřebitelských cen ke stejnému měsíci předchozího roku","6134J05","Česko","CZ","listopad 1997","1997-11","10.1"
"Přírůstek indexu spotřebitelských cen ke stejnému měsíci předchozího roku","6134J05","Česko","CZ","prosinec 1997","1997-12","10"
"Přírůstek indexu spotřebitelských cen ke stejnému měsíci předchozího roku","6134J05","Česko","CZ","leden 1998","1998-01","13.1"
"Přírůstek indexu spotřebitelských cen ke stejnému měsíci předchozího roku","6134J05","Česko","CZ","únor 1998","1998-02","13.4"
"Přírůstek indexu spotřebitelských cen ke stejnému měsíci předchozího roku","6134J05","Česko","CZ","březen 1998","1998-03","13.4"
"Přírůstek indexu spotřebitelských cen ke stejnému měsíci předchozího roku","6134J05","Česko","CZ","duben 1998","1998-04","13.1"
"Přírůstek indexu spotřebitelských cen ke stejnému měsíci předchozího roku","6134J05","Česko","CZ","květen 1998","1998-05","13"
"Přírůstek indexu spotřebitelských cen ke stejnému měsíci předchozího roku","6134J05","Česko","CZ","červen 1998","1998-06","12"
"Přírůstek indexu spotřebitelských cen ke stejnému měsíci předchozího roku","6134J05","Česko","CZ","červenec 1998","1998-07","10.4"
"Přírůstek indexu spotřebitelských cen ke stejnému měsíci předchozího roku","6134J05","Česko","CZ","srpen 1998","1998-08","9.4"
"Přírůstek indexu spotřebitelských cen ke stejnému měsíci předchozího roku","6134J05","Česko","CZ","září 1998","1998-09","8.8"
"Přírůstek indexu spotřebitelských cen ke stejnému měsíci předchozího roku","6134J05","Česko","CZ","říjen 1998","1998-10","8.2"
"Přírůstek indexu spotřebitelských cen ke stejnému měsíci předchozího roku","6134J05","Česko","CZ","listopad 1998","1998-11","7.5"
"Přírůstek indexu spotřebitelských cen ke stejnému měsíci předchozího roku","6134J05","Česko","CZ","prosinec 1998","1998-12","6.8"
"Přírůstek indexu spotřebitelských cen ke stejnému měsíci předchozího roku","6134J05","Česko","CZ","leden 1999","1999-01","3.5"
"Přírůstek indexu spotřebitelských cen ke stejnému měsíci předchozího roku","6134J05","Česko","CZ","únor 1999","1999-02","2.8"
"Přírůstek indexu spotřebitelských cen ke stejnému měsíci předchozího roku","6134J05","Česko","CZ","březen 1999","1999-03","2.5"
"Přírůstek indexu spotřebitelských cen ke stejnému měsíci předchozího roku","6134J05","Česko","CZ","duben 1999","1999-04","2.5"
"Přírůstek indexu spotřebitelských cen ke stejnému měsíci předchozího roku","6134J05","Česko","CZ","květen 1999","1999-05","2.4"
"Přírůstek indexu spotřebitelských cen ke stejnému měsíci předchozího roku","6134J05","Česko","CZ","červen 1999","1999-06","2.2"
"Přírůstek indexu spotřebitelských cen ke stejnému měsíci předchozího roku","6134J05","Česko","CZ","červenec 1999","1999-07","1.1"
"Přírůstek indexu spotřebitelských cen ke stejnému měsíci předchozího roku","6134J05","Česko","CZ","srpen 1999","1999-08","1.4"
"Přírůstek indexu spotřebitelských cen ke stejnému měsíci předchozího roku","6134J05","Česko","CZ","září 1999","1999-09","1.2"
"Přírůstek indexu spotřebitelských cen ke stejnému měsíci předchozího roku","6134J05","Česko","CZ","říjen 1999","1999-10","1.4"
"Přírůstek indexu spotřebitelských cen ke stejnému měsíci předchozího roku","6134J05","Česko","CZ","listopad 1999","1999-11","1.9"
"Přírůstek indexu spotřebitelských cen ke stejnému měsíci předchozího roku","6134J05","Česko","CZ","prosinec 1999","1999-12","2.5"
"Přírůstek indexu spotřebitelských cen ke stejnému měsíci předchozího roku","6134J05","Česko","CZ","leden 2000","2000-01","3.4"
"Přírůstek indexu spotřebitelských cen ke stejnému měsíci předchozího roku","6134J05","Česko","CZ","únor 2000","2000-02","3.7"
"Přírůstek indexu spotřebitelských cen ke stejnému měsíci předchozího roku","6134J05","Česko","CZ","březen 2000","2000-03","3.8"
"Přírůstek indexu spotřebitelských cen ke stejnému měsíci předchozího roku","6134J05","Česko","CZ","duben 2000","2000-04","3.4"
"Přírůstek indexu spotřebitelských cen ke stejnému měsíci předchozího roku","6134J05","Česko","CZ","květen 2000","2000-05","3.7"
"Přírůstek indexu spotřebitelských cen ke stejnému měsíci předchozího roku","6134J05","Česko","CZ","červen 2000","2000-06","4.1"
"Přírůstek indexu spotřebitelských cen ke stejnému měsíci předchozího roku","6134J05","Česko","CZ","červenec 2000","2000-07","3.9"
"Přírůstek indexu spotřebitelských cen ke stejnému měsíci předchozího roku","6134J05","Česko","CZ","srpen 2000","2000-08","4.1"
"Přírůstek indexu spotřebitelských cen ke stejnému měsíci předchozího roku","6134J05","Česko","CZ","září 2000","2000-09","4.1"
"Přírůstek indexu spotřebitelských cen ke stejnému měsíci předchozího roku","6134J05","Česko","CZ","říjen 2000","2000-10","4.4"
"Přírůstek indexu spotřebitelských cen ke stejnému měsíci předchozího roku","6134J05","Česko","CZ","listopad 2000","2000-11","4.3"
"Přírůstek indexu spotřebitelských cen ke stejnému měsíci předchozího roku","6134J05","Česko","CZ","prosinec 2000","2000-12","4"
"Přírůstek indexu spotřebitelských cen ke stejnému měsíci předchozího roku","6134J05","Česko","CZ","leden 2001","2001-01","4.2"
"Přírůstek indexu spotřebitelských cen ke stejnému měsíci předchozího roku","6134J05","Česko","CZ","únor 2001","2001-02","4"
"Přírůstek indexu spotřebitelských cen ke stejnému měsíci předchozího roku","6134J05","Česko","CZ","březen 2001","2001-03","4.1"
"Přírůstek indexu spotřebitelských cen ke stejnému měsíci předchozího roku","6134J05","Česko","CZ","duben 2001","2001-04","4.6"
"Přírůstek indexu spotřebitelských cen ke stejnému měsíci předchozího roku","6134J05","Česko","CZ","květen 2001","2001-05","5"
"Přírůstek indexu spotřebitelských cen ke stejnému měsíci předchozího roku","6134J05","Česko","CZ","červen 2001","2001-06","5.5"
"Přírůstek indexu spotřebitelských cen ke stejnému měsíci předchozího roku","6134J05","Česko","CZ","červenec 2001","2001-07","5.9"
"Přírůstek indexu spotřebitelských cen ke stejnému měsíci předchozího roku","6134J05","Česko","CZ","srpen 2001","2001-08","5.5"
"Přírůstek indexu spotřebitelských cen ke stejnému měsíci předchozího roku","6134J05","Česko","CZ","září 2001","2001-09","4.7"
"Přírůstek indexu spotřebitelských cen ke stejnému měsíci předchozího roku","6134J05","Česko","CZ","říjen 2001","2001-10","4.4"
"Přírůstek indexu spotřebitelských cen ke stejnému měsíci předchozího roku","6134J05","Česko","CZ","listopad 2001","2001-11","4.2"
"Přírůstek indexu spotřebitelských cen ke stejnému měsíci předchozího roku","6134J05","Česko","CZ","prosinec 2001","2001-12","4.1"
"Přírůstek indexu spotřebitelských cen ke stejnému měsíci předchozího roku","6134J05","Česko","CZ","leden 2002","2002-01","3.7"
"Přírůstek indexu spotřebitelských cen ke stejnému měsíci předchozího roku","6134J05","Česko","CZ","únor 2002","2002-02","3.9"
"Přírůstek indexu spotřebitelských cen ke stejnému měsíci předchozího roku","6134J05","Česko","CZ","březen 2002","2002-03","3.7"
"Přírůstek indexu spotřebitelských cen ke stejnému měsíci předchozího roku","6134J05","Česko","CZ","duben 2002","2002-04","3.2"
"Přírůstek indexu spotřebitelských cen ke stejnému měsíci předchozího roku","6134J05","Česko","CZ","květen 2002","2002-05","2.5"
"Přírůstek indexu spotřebitelských cen ke stejnému měsíci předchozího roku","6134J05","Česko","CZ","červen 2002","2002-06","1.2"
"Přírůstek indexu spotřebitelských cen ke stejnému měsíci předchozího roku","6134J05","Česko","CZ","červenec 2002","2002-07","0.6"
"Přírůstek indexu spotřebitelských cen ke stejnému měsíci předchozího roku","6134J05","Česko","CZ","srpen 2002","2002-08","0.6"
"Přírůstek indexu spotřebitelských cen ke stejnému měsíci předchozího roku","6134J05","Česko","CZ","září 2002","2002-09","0.8"
"Přírůstek indexu spotřebitelských cen ke stejnému měsíci předchozího roku","6134J05","Česko","CZ","říjen 2002","2002-10","0.6"
"Přírůstek indexu spotřebitelských cen ke stejnému měsíci předchozího roku","6134J05","Česko","CZ","listopad 2002","2002-11","0.5"
"Přírůstek indexu spotřebitelských cen ke stejnému měsíci předchozího roku","6134J05","Česko","CZ","prosinec 2002","2002-12","0.6"
"Přírůstek indexu spotřebitelských cen ke stejnému měsíci předchozího roku","6134J05","Česko","CZ","leden 2003","2003-01","-0.4"
"Přírůstek indexu spotřebitelských cen ke stejnému měsíci předchozího roku","6134J05","Česko","CZ","únor 2003","2003-02","-0.4"
"Přírůstek indexu spotřebitelských cen ke stejnému měsíci předchozího roku","6134J05","Česko","CZ","březen 2003","2003-03","-0.4"
"Přírůstek indexu spotřebitelských cen ke stejnému měsíci předchozího roku","6134J05","Česko","CZ","duben 2003","2003-04","-0.1"
"Přírůstek indexu spotřebitelských cen ke stejnému měsíci předchozího roku","6134J05","Česko","CZ","květen 2003","2003-05","0"
"Přírůstek indexu spotřebitelských cen ke stejnému měsíci předchozího roku","6134J05","Česko","CZ","červen 2003","2003-06","0.3"
"Přírůstek indexu spotřebitelských cen ke stejnému měsíci předchozího roku","6134J05","Česko","CZ","červenec 2003","2003-07","-0.1"
"Přírůstek indexu spotřebitelských cen ke stejnému měsíci předchozího roku","6134J05","Česko","CZ","srpen 2003","2003-08","-0.1"
"Přírůstek indexu spotřebitelských cen ke stejnému měsíci předchozího roku","6134J05","Česko","CZ","září 2003","2003-09","0"
"Přírůstek indexu spotřebitelských cen ke stejnému měsíci předchozího roku","6134J05","Česko","CZ","říjen 2003","2003-10","0.4"
"Přírůstek indexu spotřebitelských cen ke stejnému měsíci předchozího roku","6134J05","Česko","CZ","listopad 2003","2003-11","1"
"Přírůstek indexu spotřebitelských cen ke stejnému měsíci předchozího roku","6134J05","Česko","CZ","prosinec 2003","2003-12","1"
"Přírůstek indexu spotřebitelských cen ke stejnému měsíci předchozího roku","6134J05","Česko","CZ","leden 2004","2004-01","2.3"
"Přírůstek indexu spotřebitelských cen ke stejnému měsíci předchozího roku","6134J05","Česko","CZ","únor 2004","2004-02","2.3"
"Přírůstek indexu spotřebitelských cen ke stejnému měsíci předchozího roku","6134J05","Česko","CZ","březen 2004","2004-03","2.5"
"Přírůstek indexu spotřebitelských cen ke stejnému měsíci předchozího roku","6134J05","Česko","CZ","duben 2004","2004-04","2.3"
"Přírůstek indexu spotřebitelských cen ke stejnému měsíci předchozího roku","6134J05","Česko","CZ","květen 2004","2004-05","2.7"
"Přírůstek indexu spotřebitelských cen ke stejnému měsíci předchozího roku","6134J05","Česko","CZ","červen 2004","2004-06","2.9"
"Přírůstek indexu spotřebitelských cen ke stejnému měsíci předchozího roku","6134J05","Česko","CZ","červenec 2004","2004-07","3.2"
"Přírůstek indexu spotřebitelských cen ke stejnému měsíci předchozího roku","6134J05","Česko","CZ","srpen 2004","2004-08","3.4"
"Přírůstek indexu spotřebitelských cen ke stejnému měsíci předchozího roku","6134J05","Česko","CZ","září 2004","2004-09","3"
"Přírůstek indexu spotřebitelských cen ke stejnému měsíci předchozího roku","6134J05","Česko","CZ","říjen 2004","2004-10","3.5"
"Přírůstek indexu spotřebitelských cen ke stejnému měsíci předchozího roku","6134J05","Česko","CZ","listopad 2004","2004-11","2.9"
"Přírůstek indexu spotřebitelských cen ke stejnému měsíci předchozího roku","6134J05","Česko","CZ","prosinec 2004","2004-12","2.8"
"Přírůstek indexu spotřebitelských cen ke stejnému měsíci předchozího roku","6134J05","Česko","CZ","leden 2005","2005-01","1.7"
"Přírůstek indexu spotřebitelských cen ke stejnému měsíci předchozího roku","6134J05","Česko","CZ","únor 2005","2005-02","1.7"
"Přírůstek indexu spotřebitelských cen ke stejnému měsíci předchozího roku","6134J05","Česko","CZ","březen 2005","2005-03","1.5"
"Přírůstek indexu spotřebitelských cen ke stejnému měsíci předchozího roku","6134J05","Česko","CZ","duben 2005","2005-04","1.6"
"Přírůstek indexu spotřebitelských cen ke stejnému měsíci předchozího roku","6134J05","Česko","CZ","květen 2005","2005-05","1.3"
"Přírůstek indexu spotřebitelských cen ke stejnému měsíci předchozího roku","6134J05","Česko","CZ","červen 2005","2005-06","1.8"
"Přírůstek indexu spotřebitelských cen ke stejnému měsíci předchozího roku","6134J05","Česko","CZ","červenec 2005","2005-07","1.7"
"Přírůstek indexu spotřebitelských cen ke stejnému měsíci předchozího roku","6134J05","Česko","CZ","srpen 2005","2005-08","1.7"
"Přírůstek indexu spotřebitelských cen ke stejnému měsíci předchozího roku","6134J05","Česko","CZ","září 2005","2005-09","2.2"
"Přírůstek indexu spotřebitelských cen ke stejnému měsíci předchozího roku","6134J05","Česko","CZ","říjen 2005","2005-10","2.6"
"Přírůstek indexu spotřebitelských cen ke stejnému měsíci předchozího roku","6134J05","Česko","CZ","listopad 2005","2005-11","2.4"
"Přírůstek indexu spotřebitelských cen ke stejnému měsíci předchozího roku","6134J05","Česko","CZ","prosinec 2005","2005-12","2.2"
"Přírůstek indexu spotřebitelských cen ke stejnému měsíci předchozího roku","6134J05","Česko","CZ","leden 2006","2006-01","2.9"
"Přírůstek indexu spotřebitelských cen ke stejnému měsíci předchozího roku","6134J05","Česko","CZ","únor 2006","2006-02","2.8"
"Přírůstek indexu spotřebitelských cen ke stejnému měsíci předchozího roku","6134J05","Česko","CZ","březen 2006","2006-03","2.8"
"Přírůstek indexu spotřebitelských cen ke stejnému měsíci předchozího roku","6134J05","Česko","CZ","duben 2006","2006-04","2.8"
"Přírůstek indexu spotřebitelských cen ke stejnému měsíci předchozího roku","6134J05","Česko","CZ","květen 2006","2006-05","3.1"
"Přírůstek indexu spotřebitelských cen ke stejnému měsíci předchozího roku","6134J05","Česko","CZ","červen 2006","2006-06","2.8"
"Přírůstek indexu spotřebitelských cen ke stejnému měsíci předchozího roku","6134J05","Česko","CZ","červenec 2006","2006-07","2.9"
"Přírůstek indexu spotřebitelských cen ke stejnému měsíci předchozího roku","6134J05","Česko","CZ","srpen 2006","2006-08","3.1"
"Přírůstek indexu spotřebitelských cen ke stejnému měsíci předchozího roku","6134J05","Česko","CZ","září 2006","2006-09","2.7"
"Přírůstek indexu spotřebitelských cen ke stejnému měsíci předchozího roku","6134J05","Česko","CZ","říjen 2006","2006-10","1.3"
"Přírůstek indexu spotřebitelských cen ke stejnému měsíci předchozího roku","6134J05","Česko","CZ","listopad 2006","2006-11","1.5"
"Přírůstek indexu spotřebitelských cen ke stejnému měsíci předchozího roku","6134J05","Česko","CZ","prosinec 2006","2006-12","1.7"
"Přírůstek indexu spotřebitelských cen ke stejnému měsíci předchozího roku","6134J05","Česko","CZ","leden 2007","2007-01","1.3"
"Přírůstek indexu spotřebitelských cen ke stejnému měsíci předchozího roku","6134J05","Česko","CZ","únor 2007","2007-02","1.5"
"Přírůstek indexu spotřebitelských cen ke stejnému měsíci předchozího roku","6134J05","Česko","CZ","březen 2007","2007-03","1.9"
"Přírůstek indexu spotřebitelských cen ke stejnému měsíci předchozího roku","6134J05","Česko","CZ","duben 2007","2007-04","2.5"
"Přírůstek indexu spotřebitelských cen ke stejnému měsíci předchozího roku","6134J05","Česko","CZ","květen 2007","2007-05","2.4"
"Přírůstek indexu spotřebitelských cen ke stejnému měsíci předchozího roku","6134J05","Česko","CZ","červen 2007","2007-06","2.5"
"Přírůstek indexu spotřebitelských cen ke stejnému měsíci předchozího roku","6134J05","Česko","CZ","červenec 2007","2007-07","2.3"
"Přírůstek indexu spotřebitelských cen ke stejnému měsíci předchozího roku","6134J05","Česko","CZ","srpen 2007","2007-08","2.4"
"Přírůstek indexu spotřebitelských cen ke stejnému měsíci předchozího roku","6134J05","Česko","CZ","září 2007","2007-09","2.8"
"Přírůstek indexu spotřebitelských cen ke stejnému měsíci předchozího roku","6134J05","Česko","CZ","říjen 2007","2007-10","4"
"Přírůstek indexu spotřebitelských cen ke stejnému měsíci předchozího roku","6134J05","Česko","CZ","listopad 2007","2007-11","5"
"Přírůstek indexu spotřebitelských cen ke stejnému měsíci předchozího roku","6134J05","Česko","CZ","prosinec 2007","2007-12","5.4"
"Přírůstek indexu spotřebitelských cen ke stejnému měsíci předchozího roku","6134J05","Česko","CZ","leden 2008","2008-01","7.5"
"Přírůstek indexu spotřebitelských cen ke stejnému měsíci předchozího roku","6134J05","Česko","CZ","únor 2008","2008-02","7.5"
"Přírůstek indexu spotřebitelských cen ke stejnému měsíci předchozího roku","6134J05","Česko","CZ","březen 2008","2008-03","7.1"
"Přírůstek indexu spotřebitelských cen ke stejnému měsíci předchozího roku","6134J05","Česko","CZ","duben 2008","2008-04","6.8"
"Přírůstek indexu spotřebitelských cen ke stejnému měsíci předchozího roku","6134J05","Česko","CZ","květen 2008","2008-05","6.8"
"Přírůstek indexu spotřebitelských cen ke stejnému měsíci předchozího roku","6134J05","Česko","CZ","červen 2008","2008-06","6.7"
"Přírůstek indexu spotřebitelských cen ke stejnému měsíci předchozího roku","6134J05","Česko","CZ","červenec 2008","2008-07","6.9"
"Přírůstek indexu spotřebitelských cen ke stejnému měsíci předchozího roku","6134J05","Česko","CZ","srpen 2008","2008-08","6.5"
"Přírůstek indexu spotřebitelských cen ke stejnému měsíci předchozího roku","6134J05","Česko","CZ","září 2008","2008-09","6.6"
"Přírůstek indexu spotřebitelských cen ke stejnému měsíci předchozího roku","6134J05","Česko","CZ","říjen 2008","2008-10","6"
"Přírůstek indexu spotřebitelských cen ke stejnému měsíci předchozího roku","6134J05","Česko","CZ","listopad 2008","2008-11","4.4"
"Přírůstek indexu spotřebitelských cen ke stejnému měsíci předchozího roku","6134J05","Česko","CZ","prosinec 2008","2008-12","3.6"
"Přírůstek indexu spotřebitelských cen ke stejnému měsíci předchozího roku","6134J05","Česko","CZ","leden 2009","2009-01","2.2"
"Přírůstek indexu spotřebitelských cen ke stejnému měsíci předchozího roku","6134J05","Česko","CZ","únor 2009","2009-02","2"
"Přírůstek indexu spotřebitelských cen ke stejnému měsíci předchozího roku","6134J05","Česko","CZ","březen 2009","2009-03","2.3"
"Přírůstek indexu spotřebitelských cen ke stejnému měsíci předchozího roku","6134J05","Česko","CZ","duben 2009","2009-04","1.8"
"Přírůstek indexu spotřebitelských cen ke stejnému měsíci předchozího roku","6134J05","Česko","CZ","květen 2009","2009-05","1.3"
"Přírůstek indexu spotřebitelských cen ke stejnému měsíci předchozího roku","6134J05","Česko","CZ","červen 2009","2009-06","1.2"
"Přírůstek indexu spotřebitelských cen ke stejnému měsíci předchozího roku","6134J05","Česko","CZ","červenec 2009","2009-07","0.3"
"Přírůstek indexu spotřebitelských cen ke stejnému měsíci předchozího roku","6134J05","Česko","CZ","srpen 2009","2009-08","0.2"
"Přírůstek indexu spotřebitelských cen ke stejnému měsíci předchozího roku","6134J05","Česko","CZ","září 2009","2009-09","0"
"Přírůstek indexu spotřebitelských cen ke stejnému měsíci předchozího roku","6134J05","Česko","CZ","říjen 2009","2009-10","-0.2"
"Přírůstek indexu spotřebitelských cen ke stejnému měsíci předchozího roku","6134J05","Česko","CZ","listopad 2009","2009-11","0.5"
"Přírůstek indexu spotřebitelských cen ke stejnému měsíci předchozího roku","6134J05","Česko","CZ","prosinec 2009","2009-12","1"
"Přírůstek indexu spotřebitelských cen ke stejnému měsíci předchozího roku","6134J05","Česko","CZ","leden 2010","2010-01","0.7"
"Přírůstek indexu spotřebitelských cen ke stejnému měsíci předchozího roku","6134J05","Česko","CZ","únor 2010","2010-02","0.6"
"Přírůstek indexu spotřebitelských cen ke stejnému měsíci předchozího roku","6134J05","Česko","CZ","březen 2010","2010-03","0.7"
"Přírůstek indexu spotřebitelských cen ke stejnému měsíci předchozího roku","6134J05","Česko","CZ","duben 2010","2010-04","1.1"
"Přírůstek indexu spotřebitelských cen ke stejnému měsíci předchozího roku","6134J05","Česko","CZ","květen 2010","2010-05","1.2"
"Přírůstek indexu spotřebitelských cen ke stejnému měsíci předchozího roku","6134J05","Česko","CZ","červen 2010","2010-06","1.2"
"Přírůstek indexu spotřebitelských cen ke stejnému měsíci předchozího roku","6134J05","Česko","CZ","červenec 2010","2010-07","1.9"
"Přírůstek indexu spotřebitelských cen ke stejnému měsíci předchozího roku","6134J05","Česko","CZ","srpen 2010","2010-08","1.9"
"Přírůstek indexu spotřebitelských cen ke stejnému měsíci předchozího roku","6134J05","Česko","CZ","září 2010","2010-09","2"
"Přírůstek indexu spotřebitelských cen ke stejnému měsíci předchozího roku","6134J05","Česko","CZ","říjen 2010","2010-10","2"
"Přírůstek indexu spotřebitelských cen ke stejnému měsíci předchozího roku","6134J05","Česko","CZ","listopad 2010","2010-11","2"
"Přírůstek indexu spotřebitelských cen ke stejnému měsíci předchozího roku","6134J05","Česko","CZ","prosinec 2010","2010-12","2.3"
"Přírůstek indexu spotřebitelských cen ke stejnému měsíci předchozího roku","6134J05","Česko","CZ","leden 2011","2011-01","1.7"
"Přírůstek indexu spotřebitelských cen ke stejnému měsíci předchozího roku","6134J05","Česko","CZ","únor 2011","2011-02","1.8"
"Přírůstek indexu spotřebitelských cen ke stejnému měsíci předchozího roku","6134J05","Česko","CZ","březen 2011","2011-03","1.7"
"Přírůstek indexu spotřebitelských cen ke stejnému měsíci předchozího roku","6134J05","Česko","CZ","duben 2011","2011-04","1.6"
"Přírůstek indexu spotřebitelských cen ke stejnému měsíci předchozího roku","6134J05","Česko","CZ","květen 2011","2011-05","2"
"Přírůstek indexu spotřebitelských cen ke stejnému měsíci předchozího roku","6134J05","Česko","CZ","červen 2011","2011-06","1.8"
"Přírůstek indexu spotřebitelských cen ke stejnému měsíci předchozího roku","6134J05","Česko","CZ","červenec 2011","2011-07","1.7"
"Přírůstek indexu spotřebitelských cen ke stejnému měsíci předchozího roku","6134J05","Česko","CZ","srpen 2011","2011-08","1.7"
"Přírůstek indexu spotřebitelských cen ke stejnému měsíci předchozího roku","6134J05","Česko","CZ","září 2011","2011-09","1.8"
"Přírůstek indexu spotřebitelských cen ke stejnému měsíci předchozího roku","6134J05","Česko","CZ","říjen 2011","2011-10","2.3"
"Přírůstek indexu spotřebitelských cen ke stejnému měsíci předchozího roku","6134J05","Česko","CZ","listopad 2011","2011-11","2.5"
"Přírůstek indexu spotřebitelských cen ke stejnému měsíci předchozího roku","6134J05","Česko","CZ","prosinec 2011","2011-12","2.4"
"Přírůstek indexu spotřebitelských cen ke stejnému měsíci předchozího roku","6134J05","Česko","CZ","leden 2012","2012-01","3.5"
"Přírůstek indexu spotřebitelských cen ke stejnému měsíci předchozího roku","6134J05","Česko","CZ","únor 2012","2012-02","3.7"
"Přírůstek indexu spotřebitelských cen ke stejnému měsíci předchozího roku","6134J05","Česko","CZ","březen 2012","2012-03","3.8"
"Přírůstek indexu spotřebitelských cen ke stejnému měsíci předchozího roku","6134J05","Česko","CZ","duben 2012","2012-04","3.5"
"Přírůstek indexu spotřebitelských cen ke stejnému měsíci předchozího roku","6134J05","Česko","CZ","květen 2012","2012-05","3.2"
"Přírůstek indexu spotřebitelských cen ke stejnému měsíci předchozího roku","6134J05","Česko","CZ","červen 2012","2012-06","3.5"
"Přírůstek indexu spotřebitelských cen ke stejnému měsíci předchozího roku","6134J05","Česko","CZ","červenec 2012","2012-07","3.1"
"Přírůstek indexu spotřebitelských cen ke stejnému měsíci předchozího roku","6134J05","Česko","CZ","srpen 2012","2012-08","3.3"
"Přírůstek indexu spotřebitelských cen ke stejnému měsíci předchozího roku","6134J05","Česko","CZ","září 2012","2012-09","3.4"
"Přírůstek indexu spotřebitelských cen ke stejnému měsíci předchozího roku","6134J05","Česko","CZ","říjen 2012","2012-10","3.4"
"Přírůstek indexu spotřebitelských cen ke stejnému měsíci předchozího roku","6134J05","Česko","CZ","listopad 2012","2012-11","2.7"
"Přírůstek indexu spotřebitelských cen ke stejnému měsíci předchozího roku","6134J05","Česko","CZ","prosinec 2012","2012-12","2.4"
"Přírůstek indexu spotřebitelských cen ke stejnému měsíci předchozího roku","6134J05","Česko","CZ","leden 2013","2013-01","1.9"
"Přírůstek indexu spotřebitelských cen ke stejnému měsíci předchozího roku","6134J05","Česko","CZ","únor 2013","2013-02","1.7"
"Přírůstek indexu spotřebitelských cen ke stejnému měsíci předchozího roku","6134J05","Česko","CZ","březen 2013","2013-03","1.7"
"Přírůstek indexu spotřebitelských cen ke stejnému měsíci předchozího roku","6134J05","Česko","CZ","duben 2013","2013-04","1.7"
"Přírůstek indexu spotřebitelských cen ke stejnému měsíci předchozího roku","6134J05","Česko","CZ","květen 2013","2013-05","1.3"
"Přírůstek indexu spotřebitelských cen ke stejnému měsíci předchozího roku","6134J05","Česko","CZ","červen 2013","2013-06","1.6"
"Přírůstek indexu spotřebitelských cen ke stejnému měsíci předchozího roku","6134J05","Česko","CZ","červenec 2013","2013-07","1.4"
"Přírůstek indexu spotřebitelských cen ke stejnému měsíci předchozího roku","6134J05","Česko","CZ","srpen 2013","2013-08","1.3"
"Přírůstek indexu spotřebitelských cen ke stejnému měsíci předchozího roku","6134J05","Česko","CZ","září 2013","2013-09","1"
"Přírůstek indexu spotřebitelských cen ke stejnému měsíci předchozího roku","6134J05","Česko","CZ","říjen 2013","2013-10","0.9"
"Přírůstek indexu spotřebitelských cen ke stejnému měsíci předchozího roku","6134J05","Česko","CZ","listopad 2013","2013-11","1.1"
"Přírůstek indexu spotřebitelských cen ke stejnému měsíci předchozího roku","6134J05","Česko","CZ","prosinec 2013","2013-12","1.4"
"Přírůstek indexu spotřebitelských cen ke stejnému měsíci předchozího roku","6134J05","Česko","CZ","leden 2014","2014-01","0.2"
"Přírůstek indexu spotřebitelských cen ke stejnému měsíci předchozího roku","6134J05","Česko","CZ","únor 2014","2014-02","0.2"
"Přírůstek indexu spotřebitelských cen ke stejnému měsíci předchozího roku","6134J05","Česko","CZ","březen 2014","2014-03","0.2"
"Přírůstek indexu spotřebitelských cen ke stejnému měsíci předchozího roku","6134J05","Česko","CZ","duben 2014","2014-04","0.1"
"Přírůstek indexu spotřebitelských cen ke stejnému měsíci předchozího roku","6134J05","Česko","CZ","květen 2014","2014-05","0.4"
"Přírůstek indexu spotřebitelských cen ke stejnému měsíci předchozího roku","6134J05","Česko","CZ","červen 2014","2014-06","0"
"Přírůstek indexu spotřebitelských cen ke stejnému měsíci předchozího roku","6134J05","Česko","CZ","červenec 2014","2014-07","0.5"
"Přírůstek indexu spotřebitelských cen ke stejnému měsíci předchozího roku","6134J05","Česko","CZ","srpen 2014","2014-08","0.6"
"Přírůstek indexu spotřebitelských cen ke stejnému měsíci předchozího roku","6134J05","Česko","CZ","září 2014","2014-09","0.7"
"Přírůstek indexu spotřebitelských cen ke stejnému měsíci předchozího roku","6134J05","Česko","CZ","říjen 2014","2014-10","0.7"
"Přírůstek indexu spotřebitelských cen ke stejnému měsíci předchozího roku","6134J05","Česko","CZ","listopad 2014","2014-11","0.6"
"Přírůstek indexu spotřebitelských cen ke stejnému měsíci předchozího roku","6134J05","Česko","CZ","prosinec 2014","2014-12","0.1"
"Přírůstek indexu spotřebitelských cen ke stejnému měsíci předchozího roku","6134J05","Česko","CZ","leden 2015","2015-01","0.1"
"Přírůstek indexu spotřebitelských cen ke stejnému měsíci předchozího roku","6134J05","Česko","CZ","únor 2015","2015-02","0.1"
"Přírůstek indexu spotřebitelských cen ke stejnému měsíci předchozího roku","6134J05","Česko","CZ","březen 2015","2015-03","0.2"
"Přírůstek indexu spotřebitelských cen ke stejnému měsíci předchozího roku","6134J05","Česko","CZ","duben 2015","2015-04","0.5"
"Přírůstek indexu spotřebitelských cen ke stejnému měsíci předchozího roku","6134J05","Česko","CZ","květen 2015","2015-05","0.7"
"Přírůstek indexu spotřebitelských cen ke stejnému měsíci předchozího roku","6134J05","Česko","CZ","červen 2015","2015-06","0.8"
"Přírůstek indexu spotřebitelských cen ke stejnému měsíci předchozího roku","6134J05","Česko","CZ","červenec 2015","2015-07","0.5"
"Přírůstek indexu spotřebitelských cen ke stejnému měsíci předchozího roku","6134J05","Česko","CZ","srpen 2015","2015-08","0.3"
"Přírůstek indexu spotřebitelských cen ke stejnému měsíci předchozího roku","6134J05","Česko","CZ","září 2015","2015-09","0.4"
"Přírůstek indexu spotřebitelských cen ke stejnému měsíci předchozího roku","6134J05","Česko","CZ","říjen 2015","2015-10","0.2"
"Přírůstek indexu spotřebitelských cen ke stejnému měsíci předchozího roku","6134J05","Česko","CZ","listopad 2015","2015-11","0.1"
"Přírůstek indexu spotřebitelských cen ke stejnému měsíci předchozího roku","6134J05","Česko","CZ","prosinec 2015","2015-12","0.1"
"Přírůstek indexu spotřebitelských cen ke stejnému měsíci předchozího roku","6134J05","Česko","CZ","leden 2016","2016-01","0.6"
"Přírůstek indexu spotřebitelských cen ke stejnému měsíci předchozího roku","6134J05","Česko","CZ","únor 2016","2016-02","0.5"
"Přírůstek indexu spotřebitelských cen ke stejnému měsíci předchozího roku","6134J05","Česko","CZ","březen 2016","2016-03","0.3"
"Přírůstek indexu spotřebitelských cen ke stejnému měsíci předchozího roku","6134J05","Česko","CZ","duben 2016","2016-04","0.6"
"Přírůstek indexu spotřebitelských cen ke stejnému měsíci předchozího roku","6134J05","Česko","CZ","květen 2016","2016-05","0.1"
"Přírůstek indexu spotřebitelských cen ke stejnému měsíci předchozího roku","6134J05","Česko","CZ","červen 2016","2016-06","0.1"
"Přírůstek indexu spotřebitelských cen ke stejnému měsíci předchozího roku","6134J05","Česko","CZ","červenec 2016","2016-07","0.5"
"Přírůstek indexu spotřebitelských cen ke stejnému měsíci předchozího roku","6134J05","Česko","CZ","srpen 2016","2016-08","0.6"
"Přírůstek indexu spotřebitelských cen ke stejnému měsíci předchozího roku","6134J05","Česko","CZ","září 2016","2016-09","0.5"
"Přírůstek indexu spotřebitelských cen ke stejnému měsíci předchozího roku","6134J05","Česko","CZ","říjen 2016","2016-10","0.8"
"Přírůstek indexu spotřebitelských cen ke stejnému měsíci předchozího roku","6134J05","Česko","CZ","listopad 2016","2016-11","1.5"
"Přírůstek indexu spotřebitelských cen ke stejnému měsíci předchozího roku","6134J05","Česko","CZ","prosinec 2016","2016-12","2"
"Přírůstek indexu spotřebitelských cen ke stejnému měsíci předchozího roku","6134J05","Česko","CZ","leden 2017","2017-01","2.2"
"Přírůstek indexu spotřebitelských cen ke stejnému měsíci předchozího roku","6134J05","Česko","CZ","únor 2017","2017-02","2.5"
"Přírůstek indexu spotřebitelských cen ke stejnému měsíci předchozího roku","6134J05","Česko","CZ","březen 2017","2017-03","2.6"
"Přírůstek indexu spotřebitelských cen ke stejnému měsíci předchozího roku","6134J05","Česko","CZ","duben 2017","2017-04","2"
"Přírůstek indexu spotřebitelských cen ke stejnému měsíci předchozího roku","6134J05","Česko","CZ","květen 2017","2017-05","2.4"
"Přírůstek indexu spotřebitelských cen ke stejnému měsíci předchozího roku","6134J05","Česko","CZ","červen 2017","2017-06","2.3"
"Přírůstek indexu spotřebitelských cen ke stejnému měsíci předchozího roku","6134J05","Česko","CZ","červenec 2017","2017-07","2.5"
"Přírůstek indexu spotřebitelských cen ke stejnému měsíci předchozího roku","6134J05","Česko","CZ","srpen 2017","2017-08","2.5"
"Přírůstek indexu spotřebitelských cen ke stejnému měsíci předchozího roku","6134J05","Česko","CZ","září 2017","2017-09","2.7"
"Přírůstek indexu spotřebitelských cen ke stejnému měsíci předchozího roku","6134J05","Česko","CZ","říjen 2017","2017-10","2.9"
"Přírůstek indexu spotřebitelských cen ke stejnému měsíci předchozího roku","6134J05","Česko","CZ","listopad 2017","2017-11","2.6"
"Přírůstek indexu spotřebitelských cen ke stejnému měsíci předchozího roku","6134J05","Česko","CZ","prosinec 2017","2017-12","2.4"
"Přírůstek indexu spotřebitelských cen ke stejnému měsíci předchozího roku","6134J05","Česko","CZ","leden 2018","2018-01","2.2"
"Přírůstek indexu spotřebitelských cen ke stejnému měsíci předchozího roku","6134J05","Česko","CZ","únor 2018","2018-02","1.8"
"Přírůstek indexu spotřebitelských cen ke stejnému měsíci předchozího roku","6134J05","Česko","CZ","březen 2018","2018-03","1.7"
"Přírůstek indexu spotřebitelských cen ke stejnému měsíci předchozího roku","6134J05","Česko","CZ","duben 2018","2018-04","1.9"
"Přírůstek indexu spotřebitelských cen ke stejnému měsíci předchozího roku","6134J05","Česko","CZ","květen 2018","2018-05","2.2"
"Přírůstek indexu spotřebitelských cen ke stejnému měsíci předchozího roku","6134J05","Česko","CZ","červen 2018","2018-06","2.6"
"Přírůstek indexu spotřebitelských cen ke stejnému měsíci předchozího roku","6134J05","Česko","CZ","červenec 2018","2018-07","2.3"
"Přírůstek indexu spotřebitelských cen ke stejnému měsíci předchozího roku","6134J05","Česko","CZ","srpen 2018","2018-08","2.5"
"Přírůstek indexu spotřebitelských cen ke stejnému měsíci předchozího roku","6134J05","Česko","CZ","září 2018","2018-09","2.3"
"Přírůstek indexu spotřebitelských cen ke stejnému měsíci předchozího roku","6134J05","Česko","CZ","říjen 2018","2018-10","2.2"
"Přírůstek indexu spotřebitelských cen ke stejnému měsíci předchozího roku","6134J05","Česko","CZ","listopad 2018","2018-11","2"
"Přírůstek indexu spotřebitelských cen ke stejnému měsíci předchozího roku","6134J05","Česko","CZ","prosinec 2018","2018-12","2"
"Přírůstek indexu spotřebitelských cen ke stejnému měsíci předchozího roku","6134J05","Česko","CZ","leden 2019","2019-01","2.5"
"Přírůstek indexu spotřebitelských cen ke stejnému měsíci předchozího roku","6134J05","Česko","CZ","únor 2019","2019-02","2.7"
"Přírůstek indexu spotřebitelských cen ke stejnému měsíci předchozího roku","6134J05","Česko","CZ","březen 2019","2019-03","3"
"Přírůstek indexu spotřebitelských cen ke stejnému měsíci předchozího roku","6134J05","Česko","CZ","duben 2019","2019-04","2.8"
"Přírůstek indexu spotřebitelských cen ke stejnému měsíci předchozího roku","6134J05","Česko","CZ","květen 2019","2019-05","2.9"
"Přírůstek indexu spotřebitelských cen ke stejnému měsíci předchozího roku","6134J05","Česko","CZ","červen 2019","2019-06","2.7"
"Přírůstek indexu spotřebitelských cen ke stejnému měsíci předchozího roku","6134J05","Česko","CZ","červenec 2019","2019-07","2.9"
"Přírůstek indexu spotřebitelských cen ke stejnému měsíci předchozího roku","6134J05","Česko","CZ","srpen 2019","2019-08","2.9"
"Přírůstek indexu spotřebitelských cen ke stejnému měsíci předchozího roku","6134J05","Česko","CZ","září 2019","2019-09","2.7"
"Přírůstek indexu spotřebitelských cen ke stejnému měsíci předchozího roku","6134J05","Česko","CZ","říjen 2019","2019-10","2.7"
"Přírůstek indexu spotřebitelských cen ke stejnému měsíci předchozího roku","6134J05","Česko","CZ","listopad 2019","2019-11","3.1"
"Přírůstek indexu spotřebitelských cen ke stejnému měsíci předchozího roku","6134J05","Česko","CZ","prosinec 2019","2019-12","3.2"
"Přírůstek indexu spotřebitelských cen ke stejnému měsíci předchozího roku","6134J05","Česko","CZ","leden 2020","2020-01","3.6"
"Přírůstek indexu spotřebitelských cen ke stejnému měsíci předchozího roku","6134J05","Česko","CZ","únor 2020","2020-02","3.7"
"Přírůstek indexu spotřebitelských cen ke stejnému měsíci předchozího roku","6134J05","Česko","CZ","březen 2020","2020-03","3.4"
"Přírůstek indexu spotřebitelských cen ke stejnému měsíci předchozího roku","6134J05","Česko","CZ","duben 2020","2020-04","3.2"
"Přírůstek indexu spotřebitelských cen ke stejnému měsíci předchozího roku","6134J05","Česko","CZ","květen 2020","2020-05","2.9"
"Přírůstek indexu spotřebitelských cen ke stejnému měsíci předchozího roku","6134J05","Česko","CZ","červen 2020","2020-06","3.3"
"Přírůstek indexu spotřebitelských cen ke stejnému měsíci předchozího roku","6134J05","Česko","CZ","červenec 2020","2020-07","3.4"
"Přírůstek indexu spotřebitelských cen ke stejnému měsíci předchozího roku","6134J05","Česko","CZ","srpen 2020","2020-08","3.3"
"Přírůstek indexu spotřebitelských cen ke stejnému měsíci předchozího roku","6134J05","Česko","CZ","září 2020","2020-09","3.2"
"Přírůstek indexu spotřebitelských cen ke stejnému měsíci předchozího roku","6134J05","Česko","CZ","říjen 2020","2020-10","2.9"
"Přírůstek indexu spotřebitelských cen ke stejnému měsíci předchozího roku","6134J05","Česko","CZ","listopad 2020","2020-11","2.7"
"Přírůstek indexu spotřebitelských cen ke stejnému měsíci předchozího roku","6134J05","Česko","CZ","prosinec 2020","2020-12","2.3"
"Přírůstek indexu spotřebitelských cen ke stejnému měsíci předchozího roku","6134J05","Česko","CZ","leden 2021","2021-01","2.2"
"Přírůstek indexu spotřebitelských cen ke stejnému měsíci předchozího roku","6134J05","Česko","CZ","únor 2021","2021-02","2.1"
"Přírůstek indexu spotřebitelských cen ke stejnému měsíci předchozího roku","6134J05","Česko","CZ","březen 2021","2021-03","2.3"
"Přírůstek indexu spotřebitelských cen ke stejnému měsíci předchozího roku","6134J05","Česko","CZ","duben 2021","2021-04","3.1"
"Přírůstek indexu spotřebitelských cen ke stejnému měsíci předchozího roku","6134J05","Česko","CZ","květen 2021","2021-05","2.9"
"Přírůstek indexu spotřebitelských cen ke stejnému měsíci předchozího roku","6134J05","Česko","CZ","červen 2021","2021-06","2.8"
"Přírůstek indexu spotřebitelských cen ke stejnému měsíci předchozího roku","6134J05","Česko","CZ","červenec 2021","2021-07","3.4"
"Přírůstek indexu spotřebitelských cen ke stejnému měsíci předchozího roku","6134J05","Česko","CZ","srpen 2021","2021-08","4.1"
"Přírůstek indexu spotřebitelských cen ke stejnému měsíci předchozího roku","6134J05","Česko","CZ","září 2021","2021-09","4.9"
"Přírůstek indexu spotřebitelských cen ke stejnému měsíci předchozího roku","6134J05","Česko","CZ","říjen 2021","2021-10","5.8"
"Přírůstek indexu spotřebitelských cen ke stejnému měsíci předchozího roku","6134J05","Česko","CZ","listopad 2021","2021-11","6"
"Přírůstek indexu spotřebitelských cen ke stejnému měsíci předchozího roku","6134J05","Česko","CZ","prosinec 2021","2021-12","6.6"
"Přírůstek indexu spotřebitelských cen ke stejnému měsíci předchozího roku","6134J05","Česko","CZ","leden 2022","2022-01","9.9"
"Přírůstek indexu spotřebitelských cen ke stejnému měsíci předchozího roku","6134J05","Česko","CZ","únor 2022","2022-02","11.1"
"Přírůstek indexu spotřebitelských cen ke stejnému měsíci předchozího roku","6134J05","Česko","CZ","březen 2022","2022-03","12.7"
"Přírůstek indexu spotřebitelských cen ke stejnému měsíci předchozího roku","6134J05","Česko","CZ","duben 2022","2022-04","14.2"
"Přírůstek indexu spotřebitelských cen ke stejnému měsíci předchozího roku","6134J05","Česko","CZ","květen 2022","2022-05","16"
"Přírůstek indexu spotřebitelských cen ke stejnému měsíci předchozího roku","6134J05","Česko","CZ","červen 2022","2022-06","17.2"
"Přírůstek indexu spotřebitelských cen ke stejnému měsíci předchozího roku","6134J05","Česko","CZ","červenec 2022","2022-07","17.5"
"Přírůstek indexu spotřebitelských cen ke stejnému měsíci předchozího roku","6134J05","Česko","CZ","srpen 2022","2022-08","17.2"
"Přírůstek indexu spotřebitelských cen ke stejnému měsíci předchozího roku","6134J05","Česko","CZ","září 2022","2022-09","18"
"Přírůstek indexu spotřebitelských cen ke stejnému měsíci předchozího roku","6134J05","Česko","CZ","říjen 2022","2022-10","15.1"
"Přírůstek indexu spotřebitelských cen ke stejnému měsíci předchozího roku","6134J05","Česko","CZ","listopad 2022","2022-11","16.2"
"Přírůstek indexu spotřebitelských cen ke stejnému měsíci předchozího roku","6134J05","Česko","CZ","prosinec 2022","2022-12","15.8"
"Přírůstek indexu spotřebitelských cen ke stejnému měsíci předchozího roku","6134J05","Česko","CZ","leden 2023","2023-01","17.5"
"Přírůstek indexu spotřebitelských cen ke stejnému měsíci předchozího roku","6134J05","Česko","CZ","únor 2023","2023-02","16.7"
"Přírůstek indexu spotřebitelských cen ke stejnému měsíci předchozího roku","6134J05","Česko","CZ","březen 2023","2023-03","15"
"Přírůstek indexu spotřebitelských cen ke stejnému měsíci předchozího roku","6134J05","Česko","CZ","duben 2023","2023-04","12.7"
"Přírůstek indexu spotřebitelských cen ke stejnému měsíci předchozího roku","6134J05","Česko","CZ","květen 2023","2023-05","11.1"
"Přírůstek indexu spotřebitelských cen ke stejnému měsíci předchozího roku","6134J05","Česko","CZ","červen 2023","2023-06","9.7"
"Přírůstek indexu spotřebitelských cen ke stejnému měsíci předchozího roku","6134J05","Česko","CZ","červenec 2023","2023-07","8.8"
"Přírůstek indexu spotřebitelských cen ke stejnému měsíci předchozího roku","6134J05","Česko","CZ","srpen 2023","2023-08","8.5"
"Přírůstek indexu spotřebitelských cen ke stejnému měsíci předchozího roku","6134J05","Česko","CZ","září 2023","2023-09","6.9"
"Přírůstek indexu spotřebitelských cen ke stejnému měsíci předchozího roku","6134J05","Česko","CZ","říjen 2023","2023-10","8.5"
"Přírůstek indexu spotřebitelských cen ke stejnému měsíci předchozího roku","6134J05","Česko","CZ","listopad 2023","2023-11","7.3"
"Přírůstek indexu spotřebitelských cen ke stejnému měsíci předchozího roku","6134J05","Česko","CZ","prosinec 2023","2023-12","6.9"
"Přírůstek indexu spotřebitelských cen ke stejnému měsíci předchozího roku","6134J05","Česko","CZ","leden 2024","2024-01","2.3"
"Přírůstek indexu spotřebitelských cen ke stejnému měsíci předchozího roku","6134J05","Česko","CZ","únor 2024","2024-02","2"
"Přírůstek indexu spotřebitelských cen ke stejnému měsíci předchozího roku","6134J05","Česko","CZ","březen 2024","2024-03","2"
"Přírůstek indexu spotřebitelských cen ke stejnému měsíci předchozího roku","6134J05","Česko","CZ","duben 2024","2024-04","2.9"
"Přírůstek indexu spotřebitelských cen ke stejnému měsíci předchozího roku","6134J05","Česko","CZ","květen 2024","2024-05","2.6"
"Přírůstek indexu spotřebitelských cen ke stejnému měsíci předchozího roku","6134J05","Česko","CZ","červen 2024","2024-06","2"
"Přírůstek indexu spotřebitelských cen ke stejnému měsíci předchozího roku","6134J05","Česko","CZ","červenec 2024","2024-07","2.2"
"Přírůstek indexu spotřebitelských cen ke stejnému měsíci předchozího roku","6134J05","Česko","CZ","srpen 2024","2024-08","2.2"
"Přírůstek indexu spotřebitelských cen ke stejnému měsíci předchozího roku","6134J05","Česko","CZ","září 2024","2024-09","2.6"
"Přírůstek indexu spotřebitelských cen ke stejnému měsíci předchozího roku","6134J05","Česko","CZ","říjen 2024","2024-10","2.8"
"Přírůstek indexu spotřebitelských cen ke stejnému měsíci předchozího roku","6134J05","Česko","CZ","listopad 2024","2024-11","2.8"
"Přírůstek indexu spotřebitelských cen ke stejnému měsíci předchozího roku","6134J05","Česko","CZ","prosinec 2024","2024-12","3"
"Přírůstek indexu spotřebitelských cen ke stejnému měsíci předchozího roku","6134J05","Česko","CZ","leden 2025","2025-01","2.8"
"Přírůstek indexu spotřebitelských cen ke stejnému měsíci předchozího roku","6134J05","Česko","CZ","únor 2025","2025-02","2.7"
"Přírůstek indexu spotřebitelských cen ke stejnému měsíci předchozího roku","6134J05","Česko","CZ","březen 2025","2025-03","2.7"
"Přírůstek indexu spotřebitelských cen ke stejnému měsíci předchozího roku","6134J05","Česko","CZ","duben 2025","2025-04","1.8"
"Přírůstek indexu spotřebitelských cen ke stejnému měsíci předchozího roku","6134J05","Česko","CZ","květen 2025","2025-05","2.4"
"Přírůstek indexu spotřebitelských cen ke stejnému měsíci předchozího roku","6134J05","Česko","CZ","červen 2025","2025-06","2.9"
"Přírůstek indexu spotřebitelských cen ke stejnému měsíci předchozího roku","6134J05","Česko","CZ","červenec 2025","2025-07","2.7"
"Přírůstek indexu spotřebitelských cen ke stejnému měsíci předchozího roku","6134J05","Česko","CZ","srpen 2025","2025-08","2.5"
"Přírůstek indexu spotřebitelských cen ke stejnému měsíci předchozího roku","6134J05","Česko","CZ","září 2025","2025-09","2.3"
"Přírůstek indexu spotřebitelských cen ke stejnému měsíci předchozího roku","6134J05","Česko","CZ","říjen 2025","2025-10","2.5"
"Přírůstek indexu spotřebitelských cen ke stejnému měsíci předchozího roku","6134J05","Česko","CZ","listopad 2025","2025-11","2.1"
"Přírůstek indexu spotřebitelských cen ke stejnému měsíci předchozího roku","6134J05","Česko","CZ","prosinec 2025","2025-12","2.1"
"Přírůstek indexu spotřebitelských cen ke stejnému měsíci předchozího roku","6134J05","Česko","CZ","leden 2026","2026-01","1.6"
"Přírůstek indexu spotřebitelských cen ke stejnému měsíci předchozího roku","6134J05","Česko","CZ","únor 2026","2026-02","1.4"
"Přírůstek indexu spotřebitelských cen ke stejnému měsíci předchozího roku","6134J05","Česko","CZ","březen 2026","2026-03","1.9"
"Přírůstek indexu spotřebitelských cen ke stejnému měsíci předchozího roku","6134J05","Česko","CZ","duben 2026","2026-04","2.5"
"Přírůstek indexu spotřebitelských cen ke stejnému měsíci předchozího roku","6134J05","Česko","CZ","květen 2026","2026-05","2.1"
"Přírůstek indexu spotřebitelských cen ke stejnému měsíci předchozího roku","6134J05","Česko","CZ","červen 2026","2026-06","1.5"
"Přírůstek indexu spotřebitelských cen ke stejnému měsíci předchozího roku","6134J05","Česko","CZ","červenec 2026","2026-07","1.7"
"Přírůstek indexu spotřebitelských cen k předchozímu měsíci","6134J07","Česko","CZ","leden 1997","1997-01","1.2"
"Přírůstek indexu spotřebitelských cen k předchozímu měsíci","6134J07","Česko","CZ","únor 1997","1997-02","0.3"
"Přírůstek indexu spotřebitelských cen k předchozímu měsíci","6134J07","Česko","CZ","březen 1997","1997-03","0.1"
"Přírůstek indexu spotřebitelských cen k předchozímu měsíci","6134J07","Česko","CZ","duben 1997","1997-04","0.6"
"Přírůstek indexu spotřebitelských cen k předchozímu měsíci","6134J07","Česko","CZ","květen 1997","1997-05","0.1"
"Přírůstek indexu spotřebitelských cen k předchozímu měsíci","6134J07","Česko","CZ","červen 1997","1997-06","1.2"
"Přírůstek indexu spotřebitelských cen k předchozímu měsíci","6134J07","Česko","CZ","červenec 1997","1997-07","3.5"
"Přírůstek indexu spotřebitelských cen k předchozímu měsíci","6134J07","Česko","CZ","srpen 1997","1997-08","0.7"
"Přírůstek indexu spotřebitelských cen k předchozímu měsíci","6134J07","Česko","CZ","září 1997","1997-09","0.6"
"Přírůstek indexu spotřebitelských cen k předchozímu měsíci","6134J07","Česko","CZ","říjen 1997","1997-10","0.4"
"Přírůstek indexu spotřebitelských cen k předchozímu měsíci","6134J07","Česko","CZ","listopad 1997","1997-11","0.4"
"Přírůstek indexu spotřebitelských cen k předchozímu měsíci","6134J07","Česko","CZ","prosinec 1997","1997-12","0.5"
"Přírůstek indexu spotřebitelských cen k předchozímu měsíci","6134J07","Česko","CZ","leden 1998","1998-01","4"
"Přírůstek indexu spotřebitelských cen k předchozímu měsíci","6134J07","Česko","CZ","únor 1998","1998-02","0.6"
"Přírůstek indexu spotřebitelských cen k předchozímu měsíci","6134J07","Česko","CZ","březen 1998","1998-03","0.1"
"Přírůstek indexu spotřebitelských cen k předchozímu měsíci","6134J07","Česko","CZ","duben 1998","1998-04","0.3"
"Přírůstek indexu spotřebitelských cen k předchozímu měsíci","6134J07","Česko","CZ","květen 1998","1998-05","0.1"
"Přírůstek indexu spotřebitelských cen k předchozímu měsíci","6134J07","Česko","CZ","červen 1998","1998-06","0.3"
"Přírůstek indexu spotřebitelských cen k předchozímu měsíci","6134J07","Česko","CZ","červenec 1998","1998-07","1.9"
"Přírůstek indexu spotřebitelských cen k předchozímu měsíci","6134J07","Česko","CZ","srpen 1998","1998-08","-0.2"
"Přírůstek indexu spotřebitelských cen k předchozímu měsíci","6134J07","Česko","CZ","září 1998","1998-09","0.1"
"Přírůstek indexu spotřebitelských cen k předchozímu měsíci","6134J07","Česko","CZ","říjen 1998","1998-10","-0.2"
"Přírůstek indexu spotřebitelských cen k předchozímu měsíci","6134J07","Česko","CZ","listopad 1998","1998-11","-0.2"
"Přírůstek indexu spotřebitelských cen k předchozímu měsíci","6134J07","Česko","CZ","prosinec 1998","1998-12","-0.2"
"Přírůstek indexu spotřebitelských cen k předchozímu měsíci","6134J07","Česko","CZ","leden 1999","1999-01","0.8"
"Přírůstek indexu spotřebitelských cen k předchozímu měsíci","6134J07","Česko","CZ","únor 1999","1999-02","0"
"Přírůstek indexu spotřebitelských cen k předchozímu měsíci","6134J07","Česko","CZ","březen 1999","1999-03","-0.2"
"Přírůstek indexu spotřebitelských cen k předchozímu měsíci","6134J07","Česko","CZ","duben 1999","1999-04","0.3"
"Přírůstek indexu spotřebitelských cen k předchozímu měsíci","6134J07","Česko","CZ","květen 1999","1999-05","-0.1"
"Přírůstek indexu spotřebitelských cen k předchozímu měsíci","6134J07","Česko","CZ","červen 1999","1999-06","0.2"
"Přírůstek indexu spotřebitelských cen k předchozímu měsíci","6134J07","Česko","CZ","červenec 1999","1999-07","0.8"
"Přírůstek indexu spotřebitelských cen k předchozímu měsíci","6134J07","Česko","CZ","srpen 1999","1999-08","0.1"
"Přírůstek indexu spotřebitelských cen k předchozímu měsíci","6134J07","Česko","CZ","září 1999","1999-09","-0.1"
"Přírůstek indexu spotřebitelských cen k předchozímu měsíci","6134J07","Česko","CZ","říjen 1999","1999-10","0"
"Přírůstek indexu spotřebitelských cen k předchozímu měsíci","6134J07","Česko","CZ","listopad 1999","1999-11","0.2"
"Přírůstek indexu spotřebitelských cen k předchozímu měsíci","6134J07","Česko","CZ","prosinec 1999","1999-12","0.5"
"Přírůstek indexu spotřebitelských cen k předchozímu měsíci","6134J07","Česko","CZ","leden 2000","2000-01","1.7"
"Přírůstek indexu spotřebitelských cen k předchozímu měsíci","6134J07","Česko","CZ","únor 2000","2000-02","0.2"
"Přírůstek indexu spotřebitelských cen k předchozímu měsíci","6134J07","Česko","CZ","březen 2000","2000-03","0"
"Přírůstek indexu spotřebitelských cen k předchozímu měsíci","6134J07","Česko","CZ","duben 2000","2000-04","-0.1"
"Přírůstek indexu spotřebitelských cen k předchozímu měsíci","6134J07","Česko","CZ","květen 2000","2000-05","0.2"
"Přírůstek indexu spotřebitelských cen k předchozímu měsíci","6134J07","Česko","CZ","červen 2000","2000-06","0.6"
"Přírůstek indexu spotřebitelských cen k předchozímu měsíci","6134J07","Česko","CZ","červenec 2000","2000-07","0.6"
"Přírůstek indexu spotřebitelských cen k předchozímu měsíci","6134J07","Česko","CZ","srpen 2000","2000-08","0.2"
"Přírůstek indexu spotřebitelských cen k předchozímu měsíci","6134J07","Česko","CZ","září 2000","2000-09","0"
"Přírůstek indexu spotřebitelských cen k předchozímu měsíci","6134J07","Česko","CZ","říjen 2000","2000-10","0.3"
"Přírůstek indexu spotřebitelských cen k předchozímu měsíci","6134J07","Česko","CZ","listopad 2000","2000-11","0.1"
"Přírůstek indexu spotřebitelských cen k předchozímu měsíci","6134J07","Česko","CZ","prosinec 2000","2000-12","0.2"
"Přírůstek indexu spotřebitelských cen k předchozímu měsíci","6134J07","Česko","CZ","leden 2001","2001-01","1.9"
"Přírůstek indexu spotřebitelských cen k předchozímu měsíci","6134J07","Česko","CZ","únor 2001","2001-02","0"
"Přírůstek indexu spotřebitelských cen k předchozímu měsíci","6134J07","Česko","CZ","březen 2001","2001-03","0.1"
"Přírůstek indexu spotřebitelských cen k předchozímu měsíci","6134J07","Česko","CZ","duben 2001","2001-04","0.4"
"Přírůstek indexu spotřebitelských cen k předchozímu měsíci","6134J07","Česko","CZ","květen 2001","2001-05","0.6"
"Přírůstek indexu spotřebitelských cen k předchozímu měsíci","6134J07","Česko","CZ","červen 2001","2001-06","1"
"Přírůstek indexu spotřebitelských cen k předchozímu měsíci","6134J07","Česko","CZ","červenec 2001","2001-07","1"
"Přírůstek indexu spotřebitelských cen k předchozímu měsíci","6134J07","Česko","CZ","srpen 2001","2001-08","-0.2"
"Přírůstek indexu spotřebitelských cen k předchozímu měsíci","6134J07","Česko","CZ","září 2001","2001-09","-0.7"
"Přírůstek indexu spotřebitelských cen k předchozímu měsíci","6134J07","Česko","CZ","říjen 2001","2001-10","0"
"Přírůstek indexu spotřebitelských cen k předchozímu měsíci","6134J07","Česko","CZ","listopad 2001","2001-11","-0.1"
"Přírůstek indexu spotřebitelských cen k předchozímu měsíci","6134J07","Česko","CZ","prosinec 2001","2001-12","0.1"
"Přírůstek indexu spotřebitelských cen k předchozímu měsíci","6134J07","Česko","CZ","leden 2002","2002-01","1.5"
"Přírůstek indexu spotřebitelských cen k předchozímu měsíci","6134J07","Česko","CZ","únor 2002","2002-02","0.2"
"Přírůstek indexu spotřebitelských cen k předchozímu měsíci","6134J07","Česko","CZ","březen 2002","2002-03","-0.1"
"Přírůstek indexu spotřebitelských cen k předchozímu měsíci","6134J07","Česko","CZ","duben 2002","2002-04","-0.1"
"Přírůstek indexu spotřebitelských cen k předchozímu měsíci","6134J07","Česko","CZ","květen 2002","2002-05","-0.1"
"Přírůstek indexu spotřebitelských cen k předchozímu měsíci","6134J07","Česko","CZ","červen 2002","2002-06","-0.3"
"Přírůstek indexu spotřebitelských cen k předchozímu měsíci","6134J07","Česko","CZ","červenec 2002","2002-07","0.5"
"Přírůstek indexu spotřebitelských cen k předchozímu měsíci","6134J07","Česko","CZ","srpen 2002","2002-08","-0.2"
"Přírůstek indexu spotřebitelských cen k předchozímu měsíci","6134J07","Česko","CZ","září 2002","2002-09","-0.5"
"Přírůstek indexu spotřebitelských cen k předchozímu měsíci","6134J07","Česko","CZ","říjen 2002","2002-10","-0.3"
"Přírůstek indexu spotřebitelských cen k předchozímu měsíci","6134J07","Česko","CZ","listopad 2002","2002-11","-0.2"
"Přírůstek indexu spotřebitelských cen k předchozímu měsíci","6134J07","Česko","CZ","prosinec 2002","2002-12","0.2"
"Přírůstek indexu spotřebitelských cen k předchozímu měsíci","6134J07","Česko","CZ","leden 2003","2003-01","0.6"
"Přírůstek indexu spotřebitelských cen k předchozímu měsíci","6134J07","Česko","CZ","únor 2003","2003-02","0.2"
"Přírůstek indexu spotřebitelských cen k předchozímu měsíci","6134J07","Česko","CZ","březen 2003","2003-03","-0.1"
"Přírůstek indexu spotřebitelských cen k předchozímu měsíci","6134J07","Česko","CZ","duben 2003","2003-04","0.2"
"Přírůstek indexu spotřebitelských cen k předchozímu měsíci","6134J07","Česko","CZ","květen 2003","2003-05","0"
"Přírůstek indexu spotřebitelských cen k předchozímu měsíci","6134J07","Česko","CZ","červen 2003","2003-06","0"
"Přírůstek indexu spotřebitelských cen k předchozímu měsíci","6134J07","Česko","CZ","červenec 2003","2003-07","0.1"
"Přírůstek indexu spotřebitelských cen k předchozímu měsíci","6134J07","Česko","CZ","srpen 2003","2003-08","-0.2"
"Přírůstek indexu spotřebitelských cen k předchozímu měsíci","6134J07","Česko","CZ","září 2003","2003-09","-0.5"
"Přírůstek indexu spotřebitelských cen k předchozímu měsíci","6134J07","Česko","CZ","říjen 2003","2003-10","0.1"
"Přírůstek indexu spotřebitelských cen k předchozímu měsíci","6134J07","Česko","CZ","listopad 2003","2003-11","0.5"
"Přírůstek indexu spotřebitelských cen k předchozímu měsíci","6134J07","Česko","CZ","prosinec 2003","2003-12","0.2"
"Přírůstek indexu spotřebitelských cen k předchozímu měsíci","6134J07","Česko","CZ","leden 2004","2004-01","1.8"
"Přírůstek indexu spotřebitelských cen k předchozímu měsíci","6134J07","Česko","CZ","únor 2004","2004-02","0.2"
"Přírůstek indexu spotřebitelských cen k předchozímu měsíci","6134J07","Česko","CZ","březen 2004","2004-03","0.1"
"Přírůstek indexu spotřebitelských cen k předchozímu měsíci","6134J07","Česko","CZ","duben 2004","2004-04","0"
"Přírůstek indexu spotřebitelských cen k předchozímu měsíci","6134J07","Česko","CZ","květen 2004","2004-05","0.4"
"Přírůstek indexu spotřebitelských cen k předchozímu měsíci","6134J07","Česko","CZ","červen 2004","2004-06","0.2"
"Přírůstek indexu spotřebitelských cen k předchozímu měsíci","6134J07","Česko","CZ","červenec 2004","2004-07","0.4"
"Přírůstek indexu spotřebitelských cen k předchozímu měsíci","6134J07","Česko","CZ","srpen 2004","2004-08","0"
"Přírůstek indexu spotřebitelských cen k předchozímu měsíci","6134J07","Česko","CZ","září 2004","2004-09","-0.8"
"Přírůstek indexu spotřebitelských cen k předchozímu měsíci","6134J07","Česko","CZ","říjen 2004","2004-10","0.5"
"Přírůstek indexu spotřebitelských cen k předchozímu měsíci","6134J07","Česko","CZ","listopad 2004","2004-11","-0.1"
"Přírůstek indexu spotřebitelských cen k předchozímu měsíci","6134J07","Česko","CZ","prosinec 2004","2004-12","0.1"
"Přírůstek indexu spotřebitelských cen k předchozímu měsíci","6134J07","Česko","CZ","leden 2005","2005-01","0.7"
"Přírůstek indexu spotřebitelských cen k předchozímu měsíci","6134J07","Česko","CZ","únor 2005","2005-02","0.2"
"Přírůstek indexu spotřebitelských cen k předchozímu měsíci","6134J07","Česko","CZ","březen 2005","2005-03","-0.1"
"Přírůstek indexu spotřebitelských cen k předchozímu měsíci","6134J07","Česko","CZ","duben 2005","2005-04","0.1"
"Přírůstek indexu spotřebitelských cen k předchozímu měsíci","6134J07","Česko","CZ","květen 2005","2005-05","0.2"
"Přírůstek indexu spotřebitelských cen k předchozímu měsíci","6134J07","Česko","CZ","červen 2005","2005-06","0.6"
"Přírůstek indexu spotřebitelských cen k předchozímu měsíci","6134J07","Česko","CZ","červenec 2005","2005-07","0.3"
"Přírůstek indexu spotřebitelských cen k předchozímu měsíci","6134J07","Česko","CZ","srpen 2005","2005-08","0"
"Přírůstek indexu spotřebitelských cen k předchozímu měsíci","6134J07","Česko","CZ","září 2005","2005-09","-0.3"
"Přírůstek indexu spotřebitelských cen k předchozímu měsíci","6134J07","Česko","CZ","říjen 2005","2005-10","0.9"
"Přírůstek indexu spotřebitelských cen k předchozímu měsíci","6134J07","Česko","CZ","listopad 2005","2005-11","-0.3"
"Přírůstek indexu spotřebitelských cen k předchozímu měsíci","6134J07","Česko","CZ","prosinec 2005","2005-12","-0.1"
"Přírůstek indexu spotřebitelských cen k předchozímu měsíci","6134J07","Česko","CZ","leden 2006","2006-01","1.4"
"Přírůstek indexu spotřebitelských cen k předchozímu měsíci","6134J07","Česko","CZ","únor 2006","2006-02","0.1"
"Přírůstek indexu spotřebitelských cen k předchozímu měsíci","6134J07","Česko","CZ","březen 2006","2006-03","-0.1"
"Přírůstek indexu spotřebitelských cen k předchozímu měsíci","6134J07","Česko","CZ","duben 2006","2006-04","0.1"
"Přírůstek indexu spotřebitelských cen k předchozímu měsíci","6134J07","Česko","CZ","květen 2006","2006-05","0.5"
"Přírůstek indexu spotřebitelských cen k předchozímu měsíci","6134J07","Česko","CZ","červen 2006","2006-06","0.3"
"Přírůstek indexu spotřebitelských cen k předchozímu měsíci","6134J07","Česko","CZ","červenec 2006","2006-07","0.4"
"Přírůstek indexu spotřebitelských cen k předchozímu měsíci","6134J07","Česko","CZ","srpen 2006","2006-08","0.2"
"Přírůstek indexu spotřebitelských cen k předchozímu měsíci","6134J07","Česko","CZ","září 2006","2006-09","-0.7"
"Přírůstek indexu spotřebitelských cen k předchozímu měsíci","6134J07","Česko","CZ","říjen 2006","2006-10","-0.5"
"Přírůstek indexu spotřebitelských cen k předchozímu měsíci","6134J07","Česko","CZ","listopad 2006","2006-11","-0.1"
"Přírůstek indexu spotřebitelských cen k předchozímu měsíci","6134J07","Česko","CZ","prosinec 2006","2006-12","0.2"
"Přírůstek indexu spotřebitelských cen k předchozímu měsíci","6134J07","Česko","CZ","leden 2007","2007-01","1"
"Přírůstek indexu spotřebitelských cen k předchozímu měsíci","6134J07","Česko","CZ","únor 2007","2007-02","0.3"
"Přírůstek indexu spotřebitelských cen k předchozímu měsíci","6134J07","Česko","CZ","březen 2007","2007-03","0.3"
"Přírůstek indexu spotřebitelských cen k předchozímu měsíci","6134J07","Česko","CZ","duben 2007","2007-04","0.7"
"Přírůstek indexu spotřebitelských cen k předchozímu měsíci","6134J07","Česko","CZ","květen 2007","2007-05","0.4"
"Přírůstek indexu spotřebitelských cen k předchozímu měsíci","6134J07","Česko","CZ","červen 2007","2007-06","0.3"
"Přírůstek indexu spotřebitelských cen k předchozímu měsíci","6134J07","Česko","CZ","červenec 2007","2007-07","0.4"
"Přírůstek indexu spotřebitelských cen k předchozímu měsíci","6134J07","Česko","CZ","srpen 2007","2007-08","0.3"
"Přírůstek indexu spotřebitelských cen k předchozímu měsíci","6134J07","Česko","CZ","září 2007","2007-09","-0.3"
"Přírůstek indexu spotřebitelských cen k předchozímu měsíci","6134J07","Česko","CZ","říjen 2007","2007-10","0.6"
"Přírůstek indexu spotřebitelských cen k předchozímu měsíci","6134J07","Česko","CZ","listopad 2007","2007-11","0.9"
"Přírůstek indexu spotřebitelských cen k předchozímu měsíci","6134J07","Česko","CZ","prosinec 2007","2007-12","0.5"
"Přírůstek indexu spotřebitelských cen k předchozímu měsíci","6134J07","Česko","CZ","leden 2008","2008-01","3"
"Přírůstek indexu spotřebitelských cen k předchozímu měsíci","6134J07","Česko","CZ","únor 2008","2008-02","0.3"
"Přírůstek indexu spotřebitelských cen k předchozímu měsíci","6134J07","Česko","CZ","březen 2008","2008-03","-0.1"
"Přírůstek indexu spotřebitelských cen k předchozímu měsíci","6134J07","Česko","CZ","duben 2008","2008-04","0.4"
"Přírůstek indexu spotřebitelských cen k předchozímu měsíci","6134J07","Česko","CZ","květen 2008","2008-05","0.5"
"Přírůstek indexu spotřebitelských cen k předchozímu měsíci","6134J07","Česko","CZ","červen 2008","2008-06","0.2"
"Přírůstek indexu spotřebitelských cen k předchozímu měsíci","6134J07","Česko","CZ","červenec 2008","2008-07","0.5"
"Přírůstek indexu spotřebitelských cen k předchozímu měsíci","6134J07","Česko","CZ","srpen 2008","2008-08","-0.1"
"Přírůstek indexu spotřebitelských cen k předchozímu měsíci","6134J07","Česko","CZ","září 2008","2008-09","-0.2"
"Přírůstek indexu spotřebitelských cen k předchozímu měsíci","6134J07","Česko","CZ","říjen 2008","2008-10","0"
"Přírůstek indexu spotřebitelských cen k předchozímu měsíci","6134J07","Česko","CZ","listopad 2008","2008-11","-0.5"
"Přírůstek indexu spotřebitelských cen k předchozímu měsíci","6134J07","Česko","CZ","prosinec 2008","2008-12","-0.3"
"Přírůstek indexu spotřebitelských cen k předchozímu měsíci","6134J07","Česko","CZ","leden 2009","2009-01","1.5"
"Přírůstek indexu spotřebitelských cen k předchozímu měsíci","6134J07","Česko","CZ","únor 2009","2009-02","0.1"
"Přírůstek indexu spotřebitelských cen k předchozímu měsíci","6134J07","Česko","CZ","březen 2009","2009-03","0.2"
"Přírůstek indexu spotřebitelských cen k předchozímu měsíci","6134J07","Česko","CZ","duben 2009","2009-04","-0.1"
"Přírůstek indexu spotřebitelských cen k předchozímu měsíci","6134J07","Česko","CZ","květen 2009","2009-05","0"
"Přírůstek indexu spotřebitelských cen k předchozímu měsíci","6134J07","Česko","CZ","červen 2009","2009-06","0"
"Přírůstek indexu spotřebitelských cen k předchozímu měsíci","6134J07","Česko","CZ","červenec 2009","2009-07","-0.4"
"Přírůstek indexu spotřebitelských cen k předchozímu měsíci","6134J07","Česko","CZ","srpen 2009","2009-08","-0.2"
"Přírůstek indexu spotřebitelských cen k předchozímu měsíci","6134J07","Česko","CZ","září 2009","2009-09","-0.4"
"Přírůstek indexu spotřebitelských cen k předchozímu měsíci","6134J07","Česko","CZ","říjen 2009","2009-10","-0.2"
"Přírůstek indexu spotřebitelských cen k předchozímu měsíci","6134J07","Česko","CZ","listopad 2009","2009-11","0.2"
"Přírůstek indexu spotřebitelských cen k předchozímu měsíci","6134J07","Česko","CZ","prosinec 2009","2009-12","0.2"
"Přírůstek indexu spotřebitelských cen k předchozímu měsíci","6134J07","Česko","CZ","leden 2010","2010-01","1.2"
"Přírůstek indexu spotřebitelských cen k předchozímu měsíci","6134J07","Česko","CZ","únor 2010","2010-02","0"
"Přírůstek indexu spotřebitelských cen k předchozímu měsíci","6134J07","Česko","CZ","březen 2010","2010-03","0.3"
"Přírůstek indexu spotřebitelských cen k předchozímu měsíci","6134J07","Česko","CZ","duben 2010","2010-04","0.3"
"Přírůstek indexu spotřebitelských cen k předchozímu měsíci","6134J07","Česko","CZ","květen 2010","2010-05","0.1"
"Přírůstek indexu spotřebitelských cen k předchozímu měsíci","6134J07","Česko","CZ","červen 2010","2010-06","0"
"Přírůstek indexu spotřebitelských cen k předchozímu měsíci","6134J07","Česko","CZ","červenec 2010","2010-07","0.3"
"Přírůstek indexu spotřebitelských cen k předchozímu měsíci","6134J07","Česko","CZ","srpen 2010","2010-08","-0.3"
"Přírůstek indexu spotřebitelských cen k předchozímu měsíci","6134J07","Česko","CZ","září 2010","2010-09","-0.3"
"Přírůstek indexu spotřebitelských cen k předchozímu měsíci","6134J07","Česko","CZ","říjen 2010","2010-10","-0.2"
"Přírůstek indexu spotřebitelských cen k předchozímu měsíci","6134J07","Česko","CZ","listopad 2010","2010-11","0.2"
"Přírůstek indexu spotřebitelských cen k předchozímu měsíci","6134J07","Česko","CZ","prosinec 2010","2010-12","0.5"
"Přírůstek indexu spotřebitelských cen k předchozímu měsíci","6134J07","Česko","CZ","leden 2011","2011-01","0.7"
"Přírůstek indexu spotřebitelských cen k předchozímu měsíci","6134J07","Česko","CZ","únor 2011","2011-02","0.1"
"Přírůstek indexu spotřebitelských cen k předchozímu měsíci","6134J07","Česko","CZ","březen 2011","2011-03","0.1"
"Přírůstek indexu spotřebitelských cen k předchozímu měsíci","6134J07","Česko","CZ","duben 2011","2011-04","0.3"
"Přírůstek indexu spotřebitelských cen k předchozímu měsíci","6134J07","Česko","CZ","květen 2011","2011-05","0.5"
"Přírůstek indexu spotřebitelských cen k předchozímu měsíci","6134J07","Česko","CZ","červen 2011","2011-06","-0.2"
"Přírůstek indexu spotřebitelských cen k předchozímu měsíci","6134J07","Česko","CZ","červenec 2011","2011-07","0.3"
"Přírůstek indexu spotřebitelských cen k předchozímu měsíci","6134J07","Česko","CZ","srpen 2011","2011-08","-0.3"
"Přírůstek indexu spotřebitelských cen k předchozímu měsíci","6134J07","Česko","CZ","září 2011","2011-09","-0.2"
"Přírůstek indexu spotřebitelských cen k předchozímu měsíci","6134J07","Česko","CZ","říjen 2011","2011-10","0.3"
"Přírůstek indexu spotřebitelských cen k předchozímu měsíci","6134J07","Česko","CZ","listopad 2011","2011-11","0.4"
"Přírůstek indexu spotřebitelských cen k předchozímu měsíci","6134J07","Česko","CZ","prosinec 2011","2011-12","0.4"
"Přírůstek indexu spotřebitelských cen k předchozímu měsíci","6134J07","Česko","CZ","leden 2012","2012-01","1.8"
"Přírůstek indexu spotřebitelských cen k předchozímu měsíci","6134J07","Česko","CZ","únor 2012","2012-02","0.2"
"Přírůstek indexu spotřebitelských cen k předchozímu měsíci","6134J07","Česko","CZ","březen 2012","2012-03","0.2"
"Přírůstek indexu spotřebitelských cen k předchozímu měsíci","6134J07","Česko","CZ","duben 2012","2012-04","0"
"Přírůstek indexu spotřebitelských cen k předchozímu měsíci","6134J07","Česko","CZ","květen 2012","2012-05","0.2"
"Přírůstek indexu spotřebitelských cen k předchozímu měsíci","6134J07","Česko","CZ","červen 2012","2012-06","0.2"
"Přírůstek indexu spotřebitelských cen k předchozímu měsíci","6134J07","Česko","CZ","červenec 2012","2012-07","-0.1"
"Přírůstek indexu spotřebitelských cen k předchozímu měsíci","6134J07","Česko","CZ","srpen 2012","2012-08","-0.1"
"Přírůstek indexu spotřebitelských cen k předchozímu měsíci","6134J07","Česko","CZ","září 2012","2012-09","-0.1"
"Přírůstek indexu spotřebitelských cen k předchozímu měsíci","6134J07","Česko","CZ","říjen 2012","2012-10","0.2"
"Přírůstek indexu spotřebitelských cen k předchozímu měsíci","6134J07","Česko","CZ","listopad 2012","2012-11","-0.2"
"Přírůstek indexu spotřebitelských cen k předchozímu měsíci","6134J07","Česko","CZ","prosinec 2012","2012-12","0.1"
"Přírůstek indexu spotřebitelských cen k předchozímu měsíci","6134J07","Česko","CZ","leden 2013","2013-01","1.3"
"Přírůstek indexu spotřebitelských cen k předchozímu měsíci","6134J07","Česko","CZ","únor 2013","2013-02","0.1"
"Přírůstek indexu spotřebitelských cen k předchozímu měsíci","6134J07","Česko","CZ","březen 2013","2013-03","0.1"
"Přírůstek indexu spotřebitelských cen k předchozímu měsíci","6134J07","Česko","CZ","duben 2013","2013-04","0.1"
"Přírůstek indexu spotřebitelských cen k předchozímu měsíci","6134J07","Česko","CZ","květen 2013","2013-05","-0.2"
"Přírůstek indexu spotřebitelských cen k předchozímu měsíci","6134J07","Česko","CZ","červen 2013","2013-06","0.4"
"Přírůstek indexu spotřebitelských cen k předchozímu měsíci","6134J07","Česko","CZ","červenec 2013","2013-07","-0.2"
"Přírůstek indexu spotřebitelských cen k předchozímu měsíci","6134J07","Česko","CZ","srpen 2013","2013-08","-0.2"
"Přírůstek indexu spotřebitelských cen k předchozímu měsíci","6134J07","Česko","CZ","září 2013","2013-09","-0.4"
"Přírůstek indexu spotřebitelských cen k předchozímu měsíci","6134J07","Česko","CZ","říjen 2013","2013-10","0.2"
"Přírůstek indexu spotřebitelských cen k předchozímu měsíci","6134J07","Česko","CZ","listopad 2013","2013-11","-0.1"
"Přírůstek indexu spotřebitelských cen k předchozímu měsíci","6134J07","Česko","CZ","prosinec 2013","2013-12","0.4"
"Přírůstek indexu spotřebitelských cen k předchozímu měsíci","6134J07","Česko","CZ","leden 2014","2014-01","0.1"
"Přírůstek indexu spotřebitelských cen k předchozímu měsíci","6134J07","Česko","CZ","únor 2014","2014-02","0.2"
"Přírůstek indexu spotřebitelských cen k předchozímu měsíci","6134J07","Česko","CZ","březen 2014","2014-03","0"
"Přírůstek indexu spotřebitelských cen k předchozímu měsíci","6134J07","Česko","CZ","duben 2014","2014-04","0"
"Přírůstek indexu spotřebitelských cen k předchozímu měsíci","6134J07","Česko","CZ","květen 2014","2014-05","0.1"
"Přírůstek indexu spotřebitelských cen k předchozímu měsíci","6134J07","Česko","CZ","červen 2014","2014-06","0"
"Přírůstek indexu spotřebitelských cen k předchozímu měsíci","6134J07","Česko","CZ","červenec 2014","2014-07","0.2"
"Přírůstek indexu spotřebitelských cen k předchozímu měsíci","6134J07","Česko","CZ","srpen 2014","2014-08","-0.1"
"Přírůstek indexu spotřebitelských cen k předchozímu měsíci","6134J07","Česko","CZ","září 2014","2014-09","-0.2"
"Přírůstek indexu spotřebitelských cen k předchozímu měsíci","6134J07","Česko","CZ","říjen 2014","2014-10","0.2"
"Přírůstek indexu spotřebitelských cen k předchozímu měsíci","6134J07","Česko","CZ","listopad 2014","2014-11","-0.2"
"Přírůstek indexu spotřebitelských cen k předchozímu měsíci","6134J07","Česko","CZ","prosinec 2014","2014-12","-0.1"
"Přírůstek indexu spotřebitelských cen k předchozímu měsíci","6134J07","Česko","CZ","leden 2015","2015-01","0.1"
"Přírůstek indexu spotřebitelských cen k předchozímu měsíci","6134J07","Česko","CZ","únor 2015","2015-02","0.2"
"Přírůstek indexu spotřebitelských cen k předchozímu měsíci","6134J07","Česko","CZ","březen 2015","2015-03","0.1"
"Přírůstek indexu spotřebitelských cen k předchozímu měsíci","6134J07","Česko","CZ","duben 2015","2015-04","0.3"
"Přírůstek indexu spotřebitelských cen k předchozímu měsíci","6134J07","Česko","CZ","květen 2015","2015-05","0.3"
"Přírůstek indexu spotřebitelských cen k předchozímu měsíci","6134J07","Česko","CZ","červen 2015","2015-06","0.1"
"Přírůstek indexu spotřebitelských cen k předchozímu měsíci","6134J07","Česko","CZ","červenec 2015","2015-07","-0.1"
"Přírůstek indexu spotřebitelských cen k předchozímu měsíci","6134J07","Česko","CZ","srpen 2015","2015-08","-0.2"
"Přírůstek indexu spotřebitelských cen k předchozímu měsíci","6134J07","Česko","CZ","září 2015","2015-09","-0.2"
"Přírůstek indexu spotřebitelských cen k předchozímu měsíci","6134J07","Česko","CZ","říjen 2015","2015-10","0"
"Přírůstek indexu spotřebitelských cen k předchozímu měsíci","6134J07","Česko","CZ","listopad 2015","2015-11","-0.4"
"Přírůstek indexu spotřebitelských cen k předchozímu měsíci","6134J07","Česko","CZ","prosinec 2015","2015-12","-0.1"
"Přírůstek indexu spotřebitelských cen k předchozímu měsíci","6134J07","Česko","CZ","leden 2016","2016-01","0.6"
"Přírůstek indexu spotřebitelských cen k předchozímu měsíci","6134J07","Česko","CZ","únor 2016","2016-02","0.1"
"Přírůstek indexu spotřebitelských cen k předchozímu měsíci","6134J07","Česko","CZ","březen 2016","2016-03","-0.1"
"Přírůstek indexu spotřebitelských cen k předchozímu měsíci","6134J07","Česko","CZ","duben 2016","2016-04","0.6"
"Přírůstek indexu spotřebitelských cen k předchozímu měsíci","6134J07","Česko","CZ","květen 2016","2016-05","-0.2"
"Přírůstek indexu spotřebitelských cen k předchozímu měsíci","6134J07","Česko","CZ","červen 2016","2016-06","0.1"
"Přírůstek indexu spotřebitelských cen k předchozímu měsíci","6134J07","Česko","CZ","červenec 2016","2016-07","0.3"
"Přírůstek indexu spotřebitelských cen k předchozímu měsíci","6134J07","Česko","CZ","srpen 2016","2016-08","-0.2"
"Přírůstek indexu spotřebitelských cen k předchozímu měsíci","6134J07","Česko","CZ","září 2016","2016-09","-0.2"
"Přírůstek indexu spotřebitelských cen k předchozímu měsíci","6134J07","Česko","CZ","říjen 2016","2016-10","0.3"
"Přírůstek indexu spotřebitelských cen k předchozímu měsíci","6134J07","Česko","CZ","listopad 2016","2016-11","0.3"
"Přírůstek indexu spotřebitelských cen k předchozímu měsíci","6134J07","Česko","CZ","prosinec 2016","2016-12","0.3"
"Přírůstek indexu spotřebitelských cen k předchozímu měsíci","6134J07","Česko","CZ","leden 2017","2017-01","0.8"
"Přírůstek indexu spotřebitelských cen k předchozímu měsíci","6134J07","Česko","CZ","únor 2017","2017-02","0.4"
"Přírůstek indexu spotřebitelských cen k předchozímu měsíci","6134J07","Česko","CZ","březen 2017","2017-03","0"
"Přírůstek indexu spotřebitelských cen k předchozímu měsíci","6134J07","Česko","CZ","duben 2017","2017-04","0"
"Přírůstek indexu spotřebitelských cen k předchozímu měsíci","6134J07","Česko","CZ","květen 2017","2017-05","0.2"
"Přírůstek indexu spotřebitelských cen k předchozímu měsíci","6134J07","Česko","CZ","červen 2017","2017-06","0"
"Přírůstek indexu spotřebitelských cen k předchozímu měsíci","6134J07","Česko","CZ","červenec 2017","2017-07","0.5"
"Přírůstek indexu spotřebitelských cen k předchozímu měsíci","6134J07","Česko","CZ","srpen 2017","2017-08","-0.1"
"Přírůstek indexu spotřebitelských cen k předchozímu měsíci","6134J07","Česko","CZ","září 2017","2017-09","-0.1"
"Přírůstek indexu spotřebitelských cen k předchozímu měsíci","6134J07","Česko","CZ","říjen 2017","2017-10","0.5"
"Přírůstek indexu spotřebitelských cen k předchozímu měsíci","6134J07","Česko","CZ","listopad 2017","2017-11","0.1"
"Přírůstek indexu spotřebitelských cen k předchozímu měsíci","6134J07","Česko","CZ","prosinec 2017","2017-12","0.1"
"Přírůstek indexu spotřebitelských cen k předchozímu měsíci","6134J07","Česko","CZ","leden 2018","2018-01","0.6"
"Přírůstek indexu spotřebitelských cen k předchozímu měsíci","6134J07","Česko","CZ","únor 2018","2018-02","0"
"Přírůstek indexu spotřebitelských cen k předchozímu měsíci","6134J07","Česko","CZ","březen 2018","2018-03","-0.1"
"Přírůstek indexu spotřebitelských cen k předchozímu měsíci","6134J07","Česko","CZ","duben 2018","2018-04","0.3"
"Přírůstek indexu spotřebitelských cen k předchozímu měsíci","6134J07","Česko","CZ","květen 2018","2018-05","0.5"
"Přírůstek indexu spotřebitelských cen k předchozímu měsíci","6134J07","Česko","CZ","červen 2018","2018-06","0.4"
"Přírůstek indexu spotřebitelských cen k předchozímu měsíci","6134J07","Česko","CZ","červenec 2018","2018-07","0.2"
"Přírůstek indexu spotřebitelských cen k předchozímu měsíci","6134J07","Česko","CZ","srpen 2018","2018-08","0.1"
"Přírůstek indexu spotřebitelských cen k předchozímu měsíci","6134J07","Česko","CZ","září 2018","2018-09","-0.3"
"Přírůstek indexu spotřebitelských cen k předchozímu měsíci","6134J07","Česko","CZ","říjen 2018","2018-10","0.4"
"Přírůstek indexu spotřebitelských cen k předchozímu měsíci","6134J07","Česko","CZ","listopad 2018","2018-11","-0.1"
"Přírůstek indexu spotřebitelských cen k předchozímu měsíci","6134J07","Česko","CZ","prosinec 2018","2018-12","0.1"
"Přírůstek indexu spotřebitelských cen k předchozímu měsíci","6134J07","Česko","CZ","leden 2019","2019-01","1"
"Přírůstek indexu spotřebitelských cen k předchozímu měsíci","6134J07","Česko","CZ","únor 2019","2019-02","0.2"
"Přírůstek indexu spotřebitelských cen k předchozímu měsíci","6134J07","Česko","CZ","březen 2019","2019-03","0.2"
"Přírůstek indexu spotřebitelských cen k předchozímu měsíci","6134J07","Česko","CZ","duben 2019","2019-04","0.1"
"Přírůstek indexu spotřebitelských cen k předchozímu měsíci","6134J07","Česko","CZ","květen 2019","2019-05","0.7"
"Přírůstek indexu spotřebitelských cen k předchozímu měsíci","6134J07","Česko","CZ","červen 2019","2019-06","0.2"
"Přírůstek indexu spotřebitelských cen k předchozímu měsíci","6134J07","Česko","CZ","červenec 2019","2019-07","0.4"
"Přírůstek indexu spotřebitelských cen k předchozímu měsíci","6134J07","Česko","CZ","srpen 2019","2019-08","0.1"
"Přírůstek indexu spotřebitelských cen k předchozímu měsíci","6134J07","Česko","CZ","září 2019","2019-09","-0.6"
"Přírůstek indexu spotřebitelských cen k předchozímu měsíci","6134J07","Česko","CZ","říjen 2019","2019-10","0.5"
"Přírůstek indexu spotřebitelských cen k předchozímu měsíci","6134J07","Česko","CZ","listopad 2019","2019-11","0.3"
"Přírůstek indexu spotřebitelských cen k předchozímu měsíci","6134J07","Česko","CZ","prosinec 2019","2019-12","0.2"
"Přírůstek indexu spotřebitelských cen k předchozímu měsíci","6134J07","Česko","CZ","leden 2020","2020-01","1.5"
"Přírůstek indexu spotřebitelských cen k předchozímu měsíci","6134J07","Česko","CZ","únor 2020","2020-02","0.3"
"Přírůstek indexu spotřebitelských cen k předchozímu měsíci","6134J07","Česko","CZ","březen 2020","2020-03","-0.1"
"Přírůstek indexu spotřebitelských cen k předchozímu měsíci","6134J07","Česko","CZ","duben 2020","2020-04","-0.2"
"Přírůstek indexu spotřebitelských cen k předchozímu měsíci","6134J07","Česko","CZ","květen 2020","2020-05","0.4"
"Přírůstek indexu spotřebitelských cen k předchozímu měsíci","6134J07","Česko","CZ","červen 2020","2020-06","0.6"
"Přírůstek indexu spotřebitelských cen k předchozímu měsíci","6134J07","Česko","CZ","červenec 2020","2020-07","0.4"
"Přírůstek indexu spotřebitelských cen k předchozímu měsíci","6134J07","Česko","CZ","srpen 2020","2020-08","0"
"Přírůstek indexu spotřebitelských cen k předchozímu měsíci","6134J07","Česko","CZ","září 2020","2020-09","-0.6"
"Přírůstek indexu spotřebitelských cen k předchozímu měsíci","6134J07","Česko","CZ","říjen 2020","2020-10","0.2"
"Přírůstek indexu spotřebitelských cen k předchozímu měsíci","6134J07","Česko","CZ","listopad 2020","2020-11","0"
"Přírůstek indexu spotřebitelských cen k předchozímu měsíci","6134J07","Česko","CZ","prosinec 2020","2020-12","-0.2"
"Přírůstek indexu spotřebitelských cen k předchozímu měsíci","6134J07","Česko","CZ","leden 2021","2021-01","1.3"
"Přírůstek indexu spotřebitelských cen k předchozímu měsíci","6134J07","Česko","CZ","únor 2021","2021-02","0.2"
"Přírůstek indexu spotřebitelských cen k předchozímu měsíci","6134J07","Česko","CZ","březen 2021","2021-03","0.2"
"Přírůstek indexu spotřebitelských cen k předchozímu měsíci","6134J07","Česko","CZ","duben 2021","2021-04","0.5"
"Přírůstek indexu spotřebitelských cen k předchozímu měsíci","6134J07","Česko","CZ","květen 2021","2021-05","0.2"
"Přírůstek indexu spotřebitelských cen k předchozímu měsíci","6134J07","Česko","CZ","červen 2021","2021-06","0.5"
"Přírůstek indexu spotřebitelských cen k předchozímu měsíci","6134J07","Česko","CZ","červenec 2021","2021-07","1"
"Přírůstek indexu spotřebitelských cen k předchozímu měsíci","6134J07","Česko","CZ","srpen 2021","2021-08","0.7"
"Přírůstek indexu spotřebitelských cen k předchozímu měsíci","6134J07","Česko","CZ","září 2021","2021-09","0.2"
"Přírůstek indexu spotřebitelských cen k předchozímu měsíci","6134J07","Česko","CZ","říjen 2021","2021-10","1"
"Přírůstek indexu spotřebitelských cen k předchozímu měsíci","6134J07","Česko","CZ","listopad 2021","2021-11","0.2"
"Přírůstek indexu spotřebitelských cen k předchozímu měsíci","6134J07","Česko","CZ","prosinec 2021","2021-12","0.4"
"Přírůstek indexu spotřebitelských cen k předchozímu měsíci","6134J07","Česko","CZ","leden 2022","2022-01","4.4"
"Přírůstek indexu spotřebitelských cen k předchozímu měsíci","6134J07","Česko","CZ","únor 2022","2022-02","1.3"
"Přírůstek indexu spotřebitelských cen k předchozímu měsíci","6134J07","Česko","CZ","březen 2022","2022-03","1.7"
"Přírůstek indexu spotřebitelských cen k předchozímu měsíci","6134J07","Česko","CZ","duben 2022","2022-04","1.8"
"Přírůstek indexu spotřebitelských cen k předchozímu měsíci","6134J07","Česko","CZ","květen 2022","2022-05","1.8"
"Přírůstek indexu spotřebitelských cen k předchozímu měsíci","6134J07","Česko","CZ","červen 2022","2022-06","1.6"
"Přírůstek indexu spotřebitelských cen k předchozímu měsíci","6134J07","Česko","CZ","červenec 2022","2022-07","1.3"
"Přírůstek indexu spotřebitelských cen k předchozímu měsíci","6134J07","Česko","CZ","srpen 2022","2022-08","0.4"
"Přírůstek indexu spotřebitelských cen k předchozímu měsíci","6134J07","Česko","CZ","září 2022","2022-09","0.8"
"Přírůstek indexu spotřebitelských cen k předchozímu měsíci","6134J07","Česko","CZ","říjen 2022","2022-10","-1.4"
"Přírůstek indexu spotřebitelských cen k předchozímu měsíci","6134J07","Česko","CZ","listopad 2022","2022-11","1.2"
"Přírůstek indexu spotřebitelských cen k předchozímu měsíci","6134J07","Česko","CZ","prosinec 2022","2022-12","0"
"Přírůstek indexu spotřebitelských cen k předchozímu měsíci","6134J07","Česko","CZ","leden 2023","2023-01","6"
"Přírůstek indexu spotřebitelských cen k předchozímu měsíci","6134J07","Česko","CZ","únor 2023","2023-02","0.6"
"Přírůstek indexu spotřebitelských cen k předchozímu měsíci","6134J07","Česko","CZ","březen 2023","2023-03","0.1"
"Přírůstek indexu spotřebitelských cen k předchozímu měsíci","6134J07","Česko","CZ","duben 2023","2023-04","-0.2"
"Přírůstek indexu spotřebitelských cen k předchozímu měsíci","6134J07","Česko","CZ","květen 2023","2023-05","0.3"
"Přírůstek indexu spotřebitelských cen k předchozímu měsíci","6134J07","Česko","CZ","červen 2023","2023-06","0.3"
"Přírůstek indexu spotřebitelských cen k předchozímu měsíci","6134J07","Česko","CZ","červenec 2023","2023-07","0.5"
"Přírůstek indexu spotřebitelských cen k předchozímu měsíci","6134J07","Česko","CZ","srpen 2023","2023-08","0.2"
"Přírůstek indexu spotřebitelských cen k předchozímu měsíci","6134J07","Česko","CZ","září 2023","2023-09","-0.7"
"Přírůstek indexu spotřebitelských cen k předchozímu měsíci","6134J07","Česko","CZ","říjen 2023","2023-10","0.1"
"Přírůstek indexu spotřebitelských cen k předchozímu měsíci","6134J07","Česko","CZ","listopad 2023","2023-11","0.1"
"Přírůstek indexu spotřebitelských cen k předchozímu měsíci","6134J07","Česko","CZ","prosinec 2023","2023-12","-0.4"
"Přírůstek indexu spotřebitelských cen k předchozímu měsíci","6134J07","Česko","CZ","leden 2024","2024-01","1.5"
"Přírůstek indexu spotřebitelských cen k předchozímu měsíci","6134J07","Česko","CZ","únor 2024","2024-02","0.3"
"Přírůstek indexu spotřebitelských cen k předchozímu měsíci","6134J07","Česko","CZ","březen 2024","2024-03","0.1"
"Přírůstek indexu spotřebitelských cen k předchozímu měsíci","6134J07","Česko","CZ","duben 2024","2024-04","0.7"
"Přírůstek indexu spotřebitelských cen k předchozímu měsíci","6134J07","Česko","CZ","květen 2024","2024-05","0.00001"
"Přírůstek indexu spotřebitelských cen k předchozímu měsíci","6134J07","Česko","CZ","červen 2024","2024-06","-0.3"
"Přírůstek indexu spotřebitelských cen k předchozímu měsíci","6134J07","Česko","CZ","červenec 2024","2024-07","0.7"
"Přírůstek indexu spotřebitelských cen k předchozímu měsíci","6134J07","Česko","CZ","srpen 2024","2024-08","0.3"
"Přírůstek indexu spotřebitelských cen k předchozímu měsíci","6134J07","Česko","CZ","září 2024","2024-09","-0.4"
"Přírůstek indexu spotřebitelských cen k předchozímu měsíci","6134J07","Česko","CZ","říjen 2024","2024-10","0.3"
"Přírůstek indexu spotřebitelských cen k předchozímu měsíci","6134J07","Česko","CZ","listopad 2024","2024-11","0.1"
"Přírůstek indexu spotřebitelských cen k předchozímu měsíci","6134J07","Česko","CZ","prosinec 2024","2024-12","-0.3"
"Přírůstek indexu spotřebitelských cen k předchozímu měsíci","6134J07","Česko","CZ","leden 2025","2025-01","1.3"
"Přírůstek indexu spotřebitelských cen k předchozímu měsíci","6134J07","Česko","CZ","únor 2025","2025-02","0.2"
"Přírůstek indexu spotřebitelských cen k předchozímu měsíci","6134J07","Česko","CZ","březen 2025","2025-03","0.1"
"Přírůstek indexu spotřebitelských cen k předchozímu měsíci","6134J07","Česko","CZ","duben 2025","2025-04","-0.1"
"Přírůstek indexu spotřebitelských cen k předchozímu měsíci","6134J07","Česko","CZ","květen 2025","2025-05","0.5"
"Přírůstek indexu spotřebitelských cen k předchozímu měsíci","6134J07","Česko","CZ","červen 2025","2025-06","0.3"
"Přírůstek indexu spotřebitelských cen k předchozímu měsíci","6134J07","Česko","CZ","červenec 2025","2025-07","0.5"
"Přírůstek indexu spotřebitelských cen k předchozímu měsíci","6134J07","Česko","CZ","srpen 2025","2025-08","0.1"
"Přírůstek indexu spotřebitelských cen k předchozímu měsíci","6134J07","Česko","CZ","září 2025","2025-09","-0.6"
"Přírůstek indexu spotřebitelských cen k předchozímu měsíci","6134J07","Česko","CZ","říjen 2025","2025-10","0.5"
"Přírůstek indexu spotřebitelských cen k předchozímu měsíci","6134J07","Česko","CZ","listopad 2025","2025-11","-0.3"
"Přírůstek indexu spotřebitelských cen k předchozímu měsíci","6134J07","Česko","CZ","prosinec 2025","2025-12","-0.3"
"Přírůstek indexu spotřebitelských cen k předchozímu měsíci","6134J07","Česko","CZ","leden 2026","2026-01","0.9"
"Přírůstek indexu spotřebitelských cen k předchozímu měsíci","6134J07","Česko","CZ","únor 2026","2026-02","-0.1"
"Přírůstek indexu spotřebitelských cen k předchozímu měsíci","6134J07","Česko","CZ","březen 2026","2026-03","0.6"
"Přírůstek indexu spotřebitelských cen k předchozímu měsíci","6134J07","Česko","CZ","duben 2026","2026-04","0.5"
"Přírůstek indexu spotřebitelských cen k předchozímu měsíci","6134J07","Česko","CZ","květen 2026","2026-05","0.1"
"Přírůstek indexu spotřebitelských cen k předchozímu měsíci","6134J07","Česko","CZ","červen 2026","2026-06","-0.3"
"Přírůstek indexu spotřebitelských cen k předchozímu měsíci","6134J07","Česko","CZ","červenec 2026","2026-07","0.6"
"Průměrná roční míra inflace","6134J06","Česko","CZ","prosinec 1997","1997-12","8.5"
"Průměrná roční míra inflace","6134J06","Česko","CZ","1997","1997","8.5"
"Průměrná roční míra inflace","6134J06","Česko","CZ","prosinec 1998","1998-12","10.7"
"Průměrná roční míra inflace","6134J06","Česko","CZ","1998","1998","10.7"
"Průměrná roční míra inflace","6134J06","Česko","CZ","prosinec 1999","1999-12","2.1"
"Průměrná roční míra inflace","6134J06","Česko","CZ","1999","1999","2.1"
"Průměrná roční míra inflace","6134J06","Česko","CZ","leden 2000","2000-01","2.1"
"Průměrná roční míra inflace","6134J06","Česko","CZ","únor 2000","2000-02","2.2"
"Průměrná roční míra inflace","6134J06","Česko","CZ","březen 2000","2000-03","2.3"
"Průměrná roční míra inflace","6134J06","Česko","CZ","duben 2000","2000-04","2.4"
"Průměrná roční míra inflace","6134J06","Česko","CZ","květen 2000","2000-05","2.5"
"Průměrná roční míra inflace","6134J06","Česko","CZ","červen 2000","2000-06","2.6"
"Průměrná roční míra inflace","6134J06","Česko","CZ","červenec 2000","2000-07","2.9"
"Průměrná roční míra inflace","6134J06","Česko","CZ","srpen 2000","2000-08","3.1"
"Průměrná roční míra inflace","6134J06","Česko","CZ","září 2000","2000-09","3.3"
"Průměrná roční míra inflace","6134J06","Česko","CZ","říjen 2000","2000-10","3.6"
"Průměrná roční míra inflace","6134J06","Česko","CZ","listopad 2000","2000-11","3.8"
"Průměrná roční míra inflace","6134J06","Česko","CZ","prosinec 2000","2000-12","3.9"
"Průměrná roční míra inflace","6134J06","Česko","CZ","2000","2000","3.9"
"Průměrná roční míra inflace","6134J06","Česko","CZ","leden 2001","2001-01","4"
"Průměrná roční míra inflace","6134J06","Česko","CZ","únor 2001","2001-02","4"
"Průměrná roční míra inflace","6134J06","Česko","CZ","březen 2001","2001-03","4"
"Průměrná roční míra inflace","6134J06","Česko","CZ","duben 2001","2001-04","4.1"
"Průměrná roční míra inflace","6134J06","Česko","CZ","květen 2001","2001-05","4.2"
"Průměrná roční míra inflace","6134J06","Česko","CZ","červen 2001","2001-06","4.3"
"Průměrná roční míra inflace","6134J06","Česko","CZ","červenec 2001","2001-07","4.5"
"Průměrná roční míra inflace","6134J06","Česko","CZ","srpen 2001","2001-08","4.6"
"Průměrná roční míra inflace","6134J06","Česko","CZ","září 2001","2001-09","4.7"
"Průměrná roční míra inflace","6134J06","Česko","CZ","říjen 2001","2001-10","4.7"
"Průměrná roční míra inflace","6134J06","Česko","CZ","listopad 2001","2001-11","4.7"
"Průměrná roční míra inflace","6134J06","Česko","CZ","prosinec 2001","2001-12","4.7"
"Průměrná roční míra inflace","6134J06","Česko","CZ","2001","2001","4.7"
"Průměrná roční míra inflace","6134J06","Česko","CZ","leden 2002","2002-01","4.6"
"Průměrná roční míra inflace","6134J06","Česko","CZ","únor 2002","2002-02","4.6"
"Průměrná roční míra inflace","6134J06","Česko","CZ","březen 2002","2002-03","4.6"
"Průměrná roční míra inflace","6134J06","Česko","CZ","duben 2002","2002-04","4.5"
"Průměrná roční míra inflace","6134J06","Česko","CZ","květen 2002","2002-05","4.3"
"Průměrná roční míra inflace","6134J06","Česko","CZ","červen 2002","2002-06","3.9"
"Průměrná roční míra inflace","6134J06","Česko","CZ","červenec 2002","2002-07","3.5"
"Průměrná roční míra inflace","6134J06","Česko","CZ","srpen 2002","2002-08","3.1"
"Průměrná roční míra inflace","6134J06","Česko","CZ","září 2002","2002-09","2.7"
"Průměrná roční míra inflace","6134J06","Česko","CZ","říjen 2002","2002-10","2.4"
"Průměrná roční míra inflace","6134J06","Česko","CZ","listopad 2002","2002-11","2.1"
"Průměrná roční míra inflace","6134J06","Česko","CZ","prosinec 2002","2002-12","1.8"
"Průměrná roční míra inflace","6134J06","Česko","CZ","2002","2002","1.8"
"Průměrná roční míra inflace","6134J06","Česko","CZ","leden 2003","2003-01","1.5"
"Průměrná roční míra inflace","6134J06","Česko","CZ","únor 2003","2003-02","1.1"
"Průměrná roční míra inflace","6134J06","Česko","CZ","březen 2003","2003-03","0.8"
"Průměrná roční míra inflace","6134J06","Česko","CZ","duben 2003","2003-04","0.5"
"Průměrná roční míra inflace","6134J06","Česko","CZ","květen 2003","2003-05","0.3"
"Průměrná roční míra inflace","6134J06","Česko","CZ","červen 2003","2003-06","0.2"
"Průměrná roční míra inflace","6134J06","Česko","CZ","červenec 2003","2003-07","0.2"
"Průměrná roční míra inflace","6134J06","Česko","CZ","srpen 2003","2003-08","0.1"
"Průměrná roční míra inflace","6134J06","Česko","CZ","září 2003","2003-09","0"
"Průměrná roční míra inflace","6134J06","Česko","CZ","říjen 2003","2003-10","0"
"Průměrná roční míra inflace","6134J06","Česko","CZ","listopad 2003","2003-11","0.1"
"Průměrná roční míra inflace","6134J06","Česko","CZ","prosinec 2003","2003-12","0.1"
"Průměrná roční míra inflace","6134J06","Česko","CZ","2003","2003","0.1"
"Průměrná roční míra inflace","6134J06","Česko","CZ","leden 2004","2004-01","0.3"
"Průměrná roční míra inflace","6134J06","Česko","CZ","únor 2004","2004-02","0.5"
"Průměrná roční míra inflace","6134J06","Česko","CZ","březen 2004","2004-03","0.8"
"Průměrná roční míra inflace","6134J06","Česko","CZ","duben 2004","2004-04","1"
"Průměrná roční míra inflace","6134J06","Česko","CZ","květen 2004","2004-05","1.2"
"Průměrná roční míra inflace","6134J06","Česko","CZ","červen 2004","2004-06","1.4"
"Průměrná roční míra inflace","6134J06","Česko","CZ","červenec 2004","2004-07","1.7"
"Průměrná roční míra inflace","6134J06","Česko","CZ","srpen 2004","2004-08","2"
"Průměrná roční míra inflace","6134J06","Česko","CZ","září 2004","2004-09","2.2"
"Průměrná roční míra inflace","6134J06","Česko","CZ","říjen 2004","2004-10","2.5"
"Průměrná roční míra inflace","6134J06","Česko","CZ","listopad 2004","2004-11","2.7"
"Průměrná roční míra inflace","6134J06","Česko","CZ","prosinec 2004","2004-12","2.8"
"Průměrná roční míra inflace","6134J06","Česko","CZ","2004","2004","2.8"
"Průměrná roční míra inflace","6134J06","Česko","CZ","leden 2005","2005-01","2.8"
"Průměrná roční míra inflace","6134J06","Česko","CZ","únor 2005","2005-02","2.7"
"Průměrná roční míra inflace","6134J06","Česko","CZ","březen 2005","2005-03","2.6"
"Průměrná roční míra inflace","6134J06","Česko","CZ","duben 2005","2005-04","2.6"
"Průměrná roční míra inflace","6134J06","Česko","CZ","květen 2005","2005-05","2.5"
"Průměrná roční míra inflace","6134J06","Česko","CZ","červen 2005","2005-06","2.4"
"Průměrná roční míra inflace","6134J06","Česko","CZ","červenec 2005","2005-07","2.2"
"Průměrná roční míra inflace","6134J06","Česko","CZ","srpen 2005","2005-08","2.1"
"Průměrná roční míra inflace","6134J06","Česko","CZ","září 2005","2005-09","2"
"Průměrná roční míra inflace","6134J06","Česko","CZ","říjen 2005","2005-10","2"
"Průměrná roční míra inflace","6134J06","Česko","CZ","listopad 2005","2005-11","1.9"
"Průměrná roční míra inflace","6134J06","Česko","CZ","prosinec 2005","2005-12","1.9"
"Průměrná roční míra inflace","6134J06","Česko","CZ","2005","2005","1.9"
"Průměrná roční míra inflace","6134J06","Česko","CZ","leden 2006","2006-01","2"
"Průměrná roční míra inflace","6134J06","Česko","CZ","únor 2006","2006-02","2.1"
"Průměrná roční míra inflace","6134J06","Česko","CZ","březen 2006","2006-03","2.2"
"Průměrná roční míra inflace","6134J06","Česko","CZ","duben 2006","2006-04","2.3"
"Průměrná roční míra inflace","6134J06","Česko","CZ","květen 2006","2006-05","2.4"
"Průměrná roční míra inflace","6134J06","Česko","CZ","červen 2006","2006-06","2.5"
"Průměrná roční míra inflace","6134J06","Česko","CZ","červenec 2006","2006-07","2.6"
"Průměrná roční míra inflace","6134J06","Česko","CZ","srpen 2006","2006-08","2.7"
"Průměrná roční míra inflace","6134J06","Česko","CZ","září 2006","2006-09","2.8"
"Průměrná roční míra inflace","6134J06","Česko","CZ","říjen 2006","2006-10","2.7"
"Průměrná roční míra inflace","6134J06","Česko","CZ","listopad 2006","2006-11","2.6"
"Průměrná roční míra inflace","6134J06","Česko","CZ","prosinec 2006","2006-12","2.5"
"Průměrná roční míra inflace","6134J06","Česko","CZ","2006","2006","2.5"
"Průměrná roční míra inflace","6134J06","Česko","CZ","leden 2007","2007-01","2.4"
"Průměrná roční míra inflace","6134J06","Česko","CZ","únor 2007","2007-02","2.3"
"Průměrná roční míra inflace","6134J06","Česko","CZ","březen 2007","2007-03","2.2"
"Průměrná roční míra inflace","6134J06","Česko","CZ","duben 2007","2007-04","2.2"
"Průměrná roční míra inflace","6134J06","Česko","CZ","květen 2007","2007-05","2.1"
"Průměrná roční míra inflace","6134J06","Česko","CZ","červen 2007","2007-06","2.1"
"Průměrná roční míra inflace","6134J06","Česko","CZ","červenec 2007","2007-07","2.1"
"Průměrná roční míra inflace","6134J06","Česko","CZ","srpen 2007","2007-08","2"
"Průměrná roční míra inflace","6134J06","Česko","CZ","září 2007","2007-09","2"
"Průměrná roční míra inflace","6134J06","Česko","CZ","říjen 2007","2007-10","2.2"
"Průměrná roční míra inflace","6134J06","Česko","CZ","listopad 2007","2007-11","2.5"
"Průměrná roční míra inflace","6134J06","Česko","CZ","prosinec 2007","2007-12","2.8"
"Průměrná roční míra inflace","6134J06","Česko","CZ","2007","2007","2.8"
"Průměrná roční míra inflace","6134J06","Česko","CZ","leden 2008","2008-01","3.4"
"Průměrná roční míra inflace","6134J06","Česko","CZ","únor 2008","2008-02","3.9"
"Průměrná roční míra inflace","6134J06","Česko","CZ","březen 2008","2008-03","4.3"
"Průměrná roční míra inflace","6134J06","Česko","CZ","duben 2008","2008-04","4.7"
"Průměrná roční míra inflace","6134J06","Česko","CZ","květen 2008","2008-05","5"
"Průměrná roční míra inflace","6134J06","Česko","CZ","červen 2008","2008-06","5.4"
"Průměrná roční míra inflace","6134J06","Česko","CZ","červenec 2008","2008-07","5.8"
"Průměrná roční míra inflace","6134J06","Česko","CZ","srpen 2008","2008-08","6.1"
"Průměrná roční míra inflace","6134J06","Česko","CZ","září 2008","2008-09","6.4"
"Průměrná roční míra inflace","6134J06","Česko","CZ","říjen 2008","2008-10","6.6"
"Průměrná roční míra inflace","6134J06","Česko","CZ","listopad 2008","2008-11","6.5"
"Průměrná roční míra inflace","6134J06","Česko","CZ","prosinec 2008","2008-12","6.3"
"Průměrná roční míra inflace","6134J06","Česko","CZ","2008","2008","6.3"
"Průměrná roční míra inflace","6134J06","Česko","CZ","leden 2009","2009-01","5.9"
"Průměrná roční míra inflace","6134J06","Česko","CZ","únor 2009","2009-02","5.4"
"Průměrná roční míra inflace","6134J06","Česko","CZ","březen 2009","2009-03","5"
"Průměrná roční míra inflace","6134J06","Česko","CZ","duben 2009","2009-04","4.6"
"Průměrná roční míra inflace","6134J06","Česko","CZ","květen 2009","2009-05","4.1"
"Průměrná roční míra inflace","6134J06","Česko","CZ","červen 2009","2009-06","3.7"
"Průměrná roční míra inflace","6134J06","Česko","CZ","červenec 2009","2009-07","3.1"
"Průměrná roční míra inflace","6134J06","Česko","CZ","srpen 2009","2009-08","2.6"
"Průměrná roční míra inflace","6134J06","Česko","CZ","září 2009","2009-09","2.1"
"Průměrná roční míra inflace","6134J06","Česko","CZ","říjen 2009","2009-10","1.6"
"Průměrná roční míra inflace","6134J06","Česko","CZ","listopad 2009","2009-11","1.3"
"Průměrná roční míra inflace","6134J06","Česko","CZ","prosinec 2009","2009-12","1"
"Průměrná roční míra inflace","6134J06","Česko","CZ","2009","2009","1"
"Průměrná roční míra inflace","6134J06","Česko","CZ","leden 2010","2010-01","0.9"
"Průměrná roční míra inflace","6134J06","Česko","CZ","únor 2010","2010-02","0.8"
"Průměrná roční míra inflace","6134J06","Česko","CZ","březen 2010","2010-03","0.7"
"Průměrná roční míra inflace","6134J06","Česko","CZ","duben 2010","2010-04","0.6"
"Průměrná roční míra inflace","6134J06","Česko","CZ","květen 2010","2010-05","0.6"
"Průměrná roční míra inflace","6134J06","Česko","CZ","červen 2010","2010-06","0.6"
"Průměrná roční míra inflace","6134J06","Česko","CZ","červenec 2010","2010-07","0.8"
"Průměrná roční míra inflace","6134J06","Česko","CZ","srpen 2010","2010-08","0.9"
"Průměrná roční míra inflace","6134J06","Česko","CZ","září 2010","2010-09","1.1"
"Průměrná roční míra inflace","6134J06","Česko","CZ","říjen 2010","2010-10","1.2"
"Průměrná roční míra inflace","6134J06","Česko","CZ","listopad 2010","2010-11","1.4"
"Průměrná roční míra inflace","6134J06","Česko","CZ","prosinec 2010","2010-12","1.5"
"Průměrná roční míra inflace","6134J06","Česko","CZ","2010","2010","1.5"
"Průměrná roční míra inflace","6134J06","Česko","CZ","leden 2011","2011-01","1.6"
"Průměrná roční míra inflace","6134J06","Česko","CZ","únor 2011","2011-02","1.7"
"Průměrná roční míra inflace","6134J06","Česko","CZ","březen 2011","2011-03","1.7"
"Průměrná roční míra inflace","6134J06","Česko","CZ","duben 2011","2011-04","1.8"
"Průměrná roční míra inflace","6134J06","Česko","CZ","květen 2011","2011-05","1.8"
"Průměrná roční míra inflace","6134J06","Česko","CZ","červen 2011","2011-06","1.9"
"Průměrná roční míra inflace","6134J06","Česko","CZ","červenec 2011","2011-07","1.9"
"Průměrná roční míra inflace","6134J06","Česko","CZ","srpen 2011","2011-08","1.9"
"Průměrná roční míra inflace","6134J06","Česko","CZ","září 2011","2011-09","1.8"
"Průměrná roční míra inflace","6134J06","Česko","CZ","říjen 2011","2011-10","1.9"
"Průměrná roční míra inflace","6134J06","Česko","CZ","listopad 2011","2011-11","1.9"
"Průměrná roční míra inflace","6134J06","Česko","CZ","prosinec 2011","2011-12","1.9"
"Průměrná roční míra inflace","6134J06","Česko","CZ","2011","2011","1.9"
"Průměrná roční míra inflace","6134J06","Česko","CZ","leden 2012","2012-01","2.1"
"Průměrná roční míra inflace","6134J06","Česko","CZ","únor 2012","2012-02","2.2"
"Průměrná roční míra inflace","6134J06","Česko","CZ","březen 2012","2012-03","2.4"
"Průměrná roční míra inflace","6134J06","Česko","CZ","duben 2012","2012-04","2.6"
"Průměrná roční míra inflace","6134J06","Česko","CZ","květen 2012","2012-05","2.7"
"Průměrná roční míra inflace","6134J06","Česko","CZ","červen 2012","2012-06","2.8"
"Průměrná roční míra inflace","6134J06","Česko","CZ","červenec 2012","2012-07","2.9"
"Průměrná roční míra inflace","6134J06","Česko","CZ","srpen 2012","2012-08","3.1"
"Průměrná roční míra inflace","6134J06","Česko","CZ","září 2012","2012-09","3.2"
"Průměrná roční míra inflace","6134J06","Česko","CZ","říjen 2012","2012-10","3.3"
"Průměrná roční míra inflace","6134J06","Česko","CZ","listopad 2012","2012-11","3.3"
"Průměrná roční míra inflace","6134J06","Česko","CZ","prosinec 2012","2012-12","3.3"
"Průměrná roční míra inflace","6134J06","Česko","CZ","2012","2012","3.3"
"Průměrná roční míra inflace","6134J06","Česko","CZ","leden 2013","2013-01","3.2"
"Průměrná roční míra inflace","6134J06","Česko","CZ","únor 2013","2013-02","3"
"Průměrná roční míra inflace","6134J06","Česko","CZ","březen 2013","2013-03","2.8"
"Průměrná roční míra inflace","6134J06","Česko","CZ","duben 2013","2013-04","2.7"
"Průměrná roční míra inflace","6134J06","Česko","CZ","květen 2013","2013-05","2.5"
"Průměrná roční míra inflace","6134J06","Česko","CZ","červen 2013","2013-06","2.3"
"Průměrná roční míra inflace","6134J06","Česko","CZ","červenec 2013","2013-07","2.2"
"Průměrná roční míra inflace","6134J06","Česko","CZ","srpen 2013","2013-08","2"
"Průměrná roční míra inflace","6134J06","Česko","CZ","září 2013","2013-09","1.8"
"Průměrná roční míra inflace","6134J06","Česko","CZ","říjen 2013","2013-10","1.6"
"Průměrná roční míra inflace","6134J06","Česko","CZ","listopad 2013","2013-11","1.5"
"Průměrná roční míra inflace","6134J06","Česko","CZ","prosinec 2013","2013-12","1.4"
"Průměrná roční míra inflace","6134J06","Česko","CZ","2013","2013","1.4"
"Průměrná roční míra inflace","6134J06","Česko","CZ","leden 2014","2014-01","1.3"
"Průměrná roční míra inflace","6134J06","Česko","CZ","únor 2014","2014-02","1.1"
"Průměrná roční míra inflace","6134J06","Česko","CZ","březen 2014","2014-03","1"
"Průměrná roční míra inflace","6134J06","Česko","CZ","duben 2014","2014-04","0.9"
"Průměrná roční míra inflace","6134J06","Česko","CZ","květen 2014","2014-05","0.8"
"Průměrná roční míra inflace","6134J06","Česko","CZ","červen 2014","2014-06","0.7"
"Průměrná roční míra inflace","6134J06","Česko","CZ","červenec 2014","2014-07","0.6"
"Průměrná roční míra inflace","6134J06","Česko","CZ","srpen 2014","2014-08","0.5"
"Průměrná roční míra inflace","6134J06","Česko","CZ","září 2014","2014-09","0.5"
"Průměrná roční míra inflace","6134J06","Česko","CZ","říjen 2014","2014-10","0.5"
"Průměrná roční míra inflace","6134J06","Česko","CZ","listopad 2014","2014-11","0.5"
"Průměrná roční míra inflace","6134J06","Česko","CZ","prosinec 2014","2014-12","0.4"
"Průměrná roční míra inflace","6134J06","Česko","CZ","2014","2014","0.4"
"Průměrná roční míra inflace","6134J06","Česko","CZ","leden 2015","2015-01","0.3"
"Průměrná roční míra inflace","6134J06","Česko","CZ","únor 2015","2015-02","0.3"
"Průměrná roční míra inflace","6134J06","Česko","CZ","březen 2015","2015-03","0.3"
"Průměrná roční míra inflace","6134J06","Česko","CZ","duben 2015","2015-04","0.4"
"Průměrná roční míra inflace","6134J06","Česko","CZ","květen 2015","2015-05","0.4"
"Průměrná roční míra inflace","6134J06","Česko","CZ","červen 2015","2015-06","0.5"
"Průměrná roční míra inflace","6134J06","Česko","CZ","červenec 2015","2015-07","0.5"
"Průměrná roční míra inflace","6134J06","Česko","CZ","srpen 2015","2015-08","0.4"
"Průměrná roční míra inflace","6134J06","Česko","CZ","září 2015","2015-09","0.4"
"Průměrná roční míra inflace","6134J06","Česko","CZ","říjen 2015","2015-10","0.4"
"Průměrná roční míra inflace","6134J06","Česko","CZ","listopad 2015","2015-11","0.3"
"Průměrná roční míra inflace","6134J06","Česko","CZ","prosinec 2015","2015-12","0.3"
"Průměrná roční míra inflace","6134J06","Česko","CZ","2015","2015","0.3"
"Průměrná roční míra inflace","6134J06","Česko","CZ","leden 2016","2016-01","0.4"
"Průměrná roční míra inflace","6134J06","Česko","CZ","únor 2016","2016-02","0.4"
"Průměrná roční míra inflace","6134J06","Česko","CZ","březen 2016","2016-03","0.4"
"Průměrná roční míra inflace","6134J06","Česko","CZ","duben 2016","2016-04","0.4"
"Průměrná roční míra inflace","6134J06","Česko","CZ","květen 2016","2016-05","0.4"
"Průměrná roční míra inflace","6134J06","Česko","CZ","červen 2016","2016-06","0.3"
"Průměrná roční míra inflace","6134J06","Česko","CZ","červenec 2016","2016-07","0.3"
"Průměrná roční míra inflace","6134J06","Česko","CZ","srpen 2016","2016-08","0.3"
"Průměrná roční míra inflace","6134J06","Česko","CZ","září 2016","2016-09","0.3"
"Průměrná roční míra inflace","6134J06","Česko","CZ","říjen 2016","2016-10","0.4"
"Průměrná roční míra inflace","6134J06","Česko","CZ","listopad 2016","2016-11","0.5"
"Průměrná roční míra inflace","6134J06","Česko","CZ","prosinec 2016","2016-12","0.7"
"Průměrná roční míra inflace","6134J06","Česko","CZ","2016","2016","0.7"
"Průměrná roční míra inflace","6134J06","Česko","CZ","leden 2017","2017-01","0.8"
"Průměrná roční míra inflace","6134J06","Česko","CZ","únor 2017","2017-02","1"
"Průměrná roční míra inflace","6134J06","Česko","CZ","březen 2017","2017-03","1.2"
"Průměrná roční míra inflace","6134J06","Česko","CZ","duben 2017","2017-04","1.3"
"Průměrná roční míra inflace","6134J06","Česko","CZ","květen 2017","2017-05","1.5"
"Průměrná roční míra inflace","6134J06","Česko","CZ","červen 2017","2017-06","1.7"
"Průměrná roční míra inflace","6134J06","Česko","CZ","červenec 2017","2017-07","1.8"
"Průměrná roční míra inflace","6134J06","Česko","CZ","srpen 2017","2017-08","2"
"Průměrná roční míra inflace","6134J06","Česko","CZ","září 2017","2017-09","2.2"
"Průměrná roční míra inflace","6134J06","Česko","CZ","říjen 2017","2017-10","2.3"
"Průměrná roční míra inflace","6134J06","Česko","CZ","listopad 2017","2017-11","2.4"
"Průměrná roční míra inflace","6134J06","Česko","CZ","prosinec 2017","2017-12","2.5"
"Průměrná roční míra inflace","6134J06","Česko","CZ","2017","2017","2.5"
"Průměrná roční míra inflace","6134J06","Česko","CZ","leden 2018","2018-01","2.4"
"Průměrná roční míra inflace","6134J06","Česko","CZ","únor 2018","2018-02","2.4"
"Průměrná roční míra inflace","6134J06","Česko","CZ","březen 2018","2018-03","2.3"
"Průměrná roční míra inflace","6134J06","Česko","CZ","duben 2018","2018-04","2.3"
"Průměrná roční míra inflace","6134J06","Česko","CZ","květen 2018","2018-05","2.3"
"Průměrná roční míra inflace","6134J06","Česko","CZ","červen 2018","2018-06","2.3"
"Průměrná roční míra inflace","6134J06","Česko","CZ","červenec 2018","2018-07","2.3"
"Průměrná roční míra inflace","6134J06","Česko","CZ","srpen 2018","2018-08","2.3"
"Průměrná roční míra inflace","6134J06","Česko","CZ","září 2018","2018-09","2.3"
"Průměrná roční míra inflace","6134J06","Česko","CZ","říjen 2018","2018-10","2.2"
"Průměrná roční míra inflace","6134J06","Česko","CZ","listopad 2018","2018-11","2.2"
"Průměrná roční míra inflace","6134J06","Česko","CZ","prosinec 2018","2018-12","2.1"
"Průměrná roční míra inflace","6134J06","Česko","CZ","2018","2018","2.1"
"Průměrná roční míra inflace","6134J06","Česko","CZ","leden 2019","2019-01","2.2"
"Průměrná roční míra inflace","6134J06","Česko","CZ","únor 2019","2019-02","2.3"
"Průměrná roční míra inflace","6134J06","Česko","CZ","březen 2019","2019-03","2.4"
"Průměrná roční míra inflace","6134J06","Česko","CZ","duben 2019","2019-04","2.4"
"Průměrná roční míra inflace","6134J06","Česko","CZ","květen 2019","2019-05","2.5"
"Průměrná roční míra inflace","6134J06","Česko","CZ","červen 2019","2019-06","2.5"
"Průměrná roční míra inflace","6134J06","Česko","CZ","červenec 2019","2019-07","2.6"
"Průměrná roční míra inflace","6134J06","Česko","CZ","srpen 2019","2019-08","2.6"
"Průměrná roční míra inflace","6134J06","Česko","CZ","září 2019","2019-09","2.6"
"Průměrná roční míra inflace","6134J06","Česko","CZ","říjen 2019","2019-10","2.7"
"Průměrná roční míra inflace","6134J06","Česko","CZ","listopad 2019","2019-11","2.7"
"Průměrná roční míra inflace","6134J06","Česko","CZ","prosinec 2019","2019-12","2.8"
"Průměrná roční míra inflace","6134J06","Česko","CZ","2019","2019","2.8"
"Průměrná roční míra inflace","6134J06","Česko","CZ","leden 2020","2020-01","2.9"
"Průměrná roční míra inflace","6134J06","Česko","CZ","únor 2020","2020-02","3"
"Průměrná roční míra inflace","6134J06","Česko","CZ","březen 2020","2020-03","3.1"
"Průměrná roční míra inflace","6134J06","Česko","CZ","duben 2020","2020-04","3.1"
"Průměrná roční míra inflace","6134J06","Česko","CZ","květen 2020","2020-05","3.1"
"Průměrná roční míra inflace","6134J06","Česko","CZ","červen 2020","2020-06","3.1"
"Průměrná roční míra inflace","6134J06","Česko","CZ","červenec 2020","2020-07","3.2"
"Průměrná roční míra inflace","6134J06","Česko","CZ","srpen 2020","2020-08","3.2"
"Průměrná roční míra inflace","6134J06","Česko","CZ","září 2020","2020-09","3.3"
"Průměrná roční míra inflace","6134J06","Česko","CZ","říjen 2020","2020-10","3.3"
"Průměrná roční míra inflace","6134J06","Česko","CZ","listopad 2020","2020-11","3.2"
"Průměrná roční míra inflace","6134J06","Česko","CZ","prosinec 2020","2020-12","3.2"
"Průměrná roční míra inflace","6134J06","Česko","CZ","2020","2020","3.2"
"Průměrná roční míra inflace","6134J06","Česko","CZ","leden 2021","2021-01","3"
"Průměrná roční míra inflace","6134J06","Česko","CZ","únor 2021","2021-02","2.9"
"Průměrná roční míra inflace","6134J06","Česko","CZ","březen 2021","2021-03","2.8"
"Průměrná roční míra inflace","6134J06","Česko","CZ","duben 2021","2021-04","2.8"
"Průměrná roční míra inflace","6134J06","Česko","CZ","květen 2021","2021-05","2.8"
"Průměrná roční míra inflace","6134J06","Česko","CZ","červen 2021","2021-06","2.8"
"Průměrná roční míra inflace","6134J06","Česko","CZ","červenec 2021","2021-07","2.8"
"Průměrná roční míra inflace","6134J06","Česko","CZ","srpen 2021","2021-08","2.8"
"Průměrná roční míra inflace","6134J06","Česko","CZ","září 2021","2021-09","3"
"Průměrná roční míra inflace","6134J06","Česko","CZ","říjen 2021","2021-10","3.2"
"Průměrná roční míra inflace","6134J06","Česko","CZ","listopad 2021","2021-11","3.5"
"Průměrná roční míra inflace","6134J06","Česko","CZ","prosinec 2021","2021-12","3.8"
"Průměrná roční míra inflace","6134J06","Česko","CZ","2021","2021","3.8"
"Průměrná roční míra inflace","6134J06","Česko","CZ","leden 2022","2022-01","4.5"
"Průměrná roční míra inflace","6134J06","Česko","CZ","únor 2022","2022-02","5.2"
"Průměrná roční míra inflace","6134J06","Česko","CZ","březen 2022","2022-03","6.1"
"Průměrná roční míra inflace","6134J06","Česko","CZ","duben 2022","2022-04","7"
"Průměrná roční míra inflace","6134J06","Česko","CZ","květen 2022","2022-05","8.1"
"Průměrná roční míra inflace","6134J06","Česko","CZ","červen 2022","2022-06","9.4"
"Průměrná roční míra inflace","6134J06","Česko","CZ","červenec 2022","2022-07","10.6"
"Průměrná roční míra inflace","6134J06","Česko","CZ","srpen 2022","2022-08","11.7"
"Průměrná roční míra inflace","6134J06","Česko","CZ","září 2022","2022-09","12.7"
"Průměrná roční míra inflace","6134J06","Česko","CZ","říjen 2022","2022-10","13.5"
"Průměrná roční míra inflace","6134J06","Česko","CZ","listopad 2022","2022-11","14.4"
"Průměrná roční míra inflace","6134J06","Česko","CZ","prosinec 2022","2022-12","15.1"
"Průměrná roční míra inflace","6134J06","Česko","CZ","2022","2022","15.1"
"Průměrná roční míra inflace","6134J06","Česko","CZ","leden 2023","2023-01","15.7"
"Průměrná roční míra inflace","6134J06","Česko","CZ","únor 2023","2023-02","16.2"
"Průměrná roční míra inflace","6134J06","Česko","CZ","březen 2023","2023-03","16.4"
"Průměrná roční míra inflace","6134J06","Česko","CZ","duben 2023","2023-04","16.2"
"Průměrná roční míra inflace","6134J06","Česko","CZ","květen 2023","2023-05","15.8"
"Průměrná roční míra inflace","6134J06","Česko","CZ","červen 2023","2023-06","15.1"
"Průměrná roční míra inflace","6134J06","Česko","CZ","červenec 2023","2023-07","14.3"
"Průměrná roční míra inflace","6134J06","Česko","CZ","srpen 2023","2023-08","13.6"
"Průměrná roční míra inflace","6134J06","Česko","CZ","září 2023","2023-09","12.7"
"Průměrná roční míra inflace","6134J06","Česko","CZ","říjen 2023","2023-10","12.1"
"Průměrná roční míra inflace","6134J06","Česko","CZ","listopad 2023","2023-11","11.4"
"Průměrná roční míra inflace","6134J06","Česko","CZ","prosinec 2023","2023-12","10.7"
"Průměrná roční míra inflace","6134J06","Česko","CZ","2023","2023","10.7"
"Průměrná roční míra inflace","6134J06","Česko","CZ","leden 2024","2024-01","9.4"
"Průměrná roční míra inflace","6134J06","Česko","CZ","únor 2024","2024-02","8.2"
"Průměrná roční míra inflace","6134J06","Česko","CZ","březen 2024","2024-03","7.1"
"Průměrná roční míra inflace","6134J06","Česko","CZ","duben 2024","2024-04","6.3"
"Průměrná roční míra inflace","6134J06","Česko","CZ","květen 2024","2024-05","5.6"
"Průměrná roční míra inflace","6134J06","Česko","CZ","červen 2024","2024-06","4.9"
"Průměrná roční míra inflace","6134J06","Česko","CZ","červenec 2024","2024-07","4.4"
"Průměrná roční míra inflace","6134J06","Česko","CZ","srpen 2024","2024-08","3.9"
"Průměrná roční míra inflace","6134J06","Česko","CZ","září 2024","2024-09","3.5"
"Průměrná roční míra inflace","6134J06","Česko","CZ","říjen 2024","2024-10","3.1"
"Průměrná roční míra inflace","6134J06","Česko","CZ","listopad 2024","2024-11","2.7"
"Průměrná roční míra inflace","6134J06","Česko","CZ","prosinec 2024","2024-12","2.4"
"Průměrná roční míra inflace","6134J06","Česko","CZ","2024","2024","2.4"
"Průměrná roční míra inflace","6134J06","Česko","CZ","leden 2025","2025-01","2.5"
"Průměrná roční míra inflace","6134J06","Česko","CZ","únor 2025","2025-02","2.5"
"Průměrná roční míra inflace","6134J06","Česko","CZ","březen 2025","2025-03","2.6"
"Průměrná roční míra inflace","6134J06","Česko","CZ","duben 2025","2025-04","2.5"
"Průměrná roční míra inflace","6134J06","Česko","CZ","květen 2025","2025-05","2.5"
"Průměrná roční míra inflace","6134J06","Česko","CZ","červen 2025","2025-06","2.6"
"Průměrná roční míra inflace","6134J06","Česko","CZ","červenec 2025","2025-07","2.6"
"Průměrná roční míra inflace","6134J06","Česko","CZ","srpen 2025","2025-08","2.6"
"Průměrná roční míra inflace","6134J06","Česko","CZ","září 2025","2025-09","2.6"
"Průměrná roční míra inflace","6134J06","Česko","CZ","říjen 2025","2025-10","2.6"
"Průměrná roční míra inflace","6134J06","Česko","CZ","listopad 2025","2025-11","2.5"
"Průměrná roční míra inflace","6134J06","Česko","CZ","prosinec 2025","2025-12","2.5"
"Průměrná roční míra inflace","6134J06","Česko","CZ","2025","2025","2.5"
"Průměrná roční míra inflace","6134J06","Česko","CZ","leden 2026","2026-01","2.4"
"Průměrná roční míra inflace","6134J06","Česko","CZ","únor 2026","2026-02","2.2"
"Průměrná roční míra inflace","6134J06","Česko","CZ","březen 2026","2026-03","2.2"
"Průměrná roční míra inflace","6134J06","Česko","CZ","duben 2026","2026-04","2.2"
"Průměrná roční míra inflace","6134J06","Česko","CZ","květen 2026","2026-05","2.2"
"Průměrná roční míra inflace","6134J06","Česko","CZ","červen 2026","2026-06","2.1"
"Průměrná roční míra inflace","6134J06","Česko","CZ","červenec 2026","2026-07","2"
