Ukazatel,Čtvrtletí,Šetření,"ČR, regiony, kraje-Stát","ČR, regiony, kraje-Region","ČR, regiony, kraje-Kraj",Hodnota,MJ_TEXT,MJ_SYMBOL
Průměrná hrubá měsíční mzda na přepočtené počty zaměstnanců (Kč),1. čtvrtletí 2026,Pracovištní metoda,Česko,,,50282.2810779239,koruna česká,Kč
Průměrná hrubá měsíční mzda na přepočtené počty zaměstnanců (Kč),1. čtvrtletí 2026,Pracovištní metoda,Česko,Praha,,67945.354309043,koruna česká,Kč
Průměrná hrubá měsíční mzda na přepočtené počty zaměstnanců (Kč),1. čtvrtletí 2026,Pracovištní metoda,Česko,Střední Čechy,,49145.1082122793,koruna česká,Kč
Průměrná hrubá měsíční mzda na přepočtené počty zaměstnanců (Kč),1. čtvrtletí 2026,Pracovištní metoda,Česko,Jihozápad,,46085.629956527,koruna česká,Kč
Průměrná hrubá měsíční mzda na přepočtené počty zaměstnanců (Kč),1. čtvrtletí 2026,Pracovištní metoda,Česko,Severozápad,,44671.2453497883,koruna česká,Kč
Průměrná hrubá měsíční mzda na přepočtené počty zaměstnanců (Kč),1. čtvrtletí 2026,Pracovištní metoda,Česko,Severovýchod,,44479.783935651,koruna česká,Kč
Průměrná hrubá měsíční mzda na přepočtené počty zaměstnanců (Kč),1. čtvrtletí 2026,Pracovištní metoda,Česko,Jihovýchod,,48277.6049106834,koruna česká,Kč
Průměrná hrubá měsíční mzda na přepočtené počty zaměstnanců (Kč),1. čtvrtletí 2026,Pracovištní metoda,Česko,Střední Morava,,43465.6937417117,koruna česká,Kč
Průměrná hrubá měsíční mzda na přepočtené počty zaměstnanců (Kč),1. čtvrtletí 2026,Pracovištní metoda,Česko,Moravskoslezsko,,45012.9006749572,koruna česká,Kč
Průměrná hrubá měsíční mzda na přepočtené počty zaměstnanců (Kč),1. čtvrtletí 2026,Pracovištní metoda,Česko,Praha,Hlavní město Praha,67945.354309043,koruna česká,Kč
Průměrná hrubá měsíční mzda na přepočtené počty zaměstnanců (Kč),1. čtvrtletí 2026,Pracovištní metoda,Česko,Střední Čechy,Středočeský kraj,49145.1082122793,koruna česká,Kč
Průměrná hrubá měsíční mzda na přepočtené počty zaměstnanců (Kč),1. čtvrtletí 2026,Pracovištní metoda,Česko,Jihozápad,Jihočeský kraj,45070.5311535679,koruna česká,Kč
Průměrná hrubá měsíční mzda na přepočtené počty zaměstnanců (Kč),1. čtvrtletí 2026,Pracovištní metoda,Česko,Jihozápad,Plzeňský kraj,47076.015128763,koruna česká,Kč
Průměrná hrubá měsíční mzda na přepočtené počty zaměstnanců (Kč),1. čtvrtletí 2026,Pracovištní metoda,Česko,Severozápad,Karlovarský kraj,42391.1770102505,koruna česká,Kč
Průměrná hrubá měsíční mzda na přepočtené počty zaměstnanců (Kč),1. čtvrtletí 2026,Pracovištní metoda,Česko,Severozápad,Ústecký kraj,45482.3262519195,koruna česká,Kč
Průměrná hrubá měsíční mzda na přepočtené počty zaměstnanců (Kč),1. čtvrtletí 2026,Pracovištní metoda,Česko,Severovýchod,Liberecký kraj,44673.3127333615,koruna česká,Kč
Průměrná hrubá měsíční mzda na přepočtené počty zaměstnanců (Kč),1. čtvrtletí 2026,Pracovištní metoda,Česko,Severovýchod,Královéhradecký kraj,44673.2947927193,koruna česká,Kč
Průměrná hrubá měsíční mzda na přepočtené počty zaměstnanců (Kč),1. čtvrtletí 2026,Pracovištní metoda,Česko,Severovýchod,Pardubický kraj,44120.7875978285,koruna česká,Kč
Průměrná hrubá měsíční mzda na přepočtené počty zaměstnanců (Kč),1. čtvrtletí 2026,Pracovištní metoda,Česko,Jihovýchod,Kraj Vysočina,44905.9597268978,koruna česká,Kč
Průměrná hrubá měsíční mzda na přepočtené počty zaměstnanců (Kč),1. čtvrtletí 2026,Pracovištní metoda,Česko,Jihovýchod,Jihomoravský kraj,49509.8682108201,koruna česká,Kč
Průměrná hrubá měsíční mzda na přepočtené počty zaměstnanců (Kč),1. čtvrtletí 2026,Pracovištní metoda,Česko,Střední Morava,Olomoucký kraj,43819.1358974277,koruna česká,Kč
Průměrná hrubá měsíční mzda na přepočtené počty zaměstnanců (Kč),1. čtvrtletí 2026,Pracovištní metoda,Česko,Střední Morava,Zlínský kraj,43071.6205018534,koruna česká,Kč
Průměrná hrubá měsíční mzda na přepočtené počty zaměstnanců (Kč),1. čtvrtletí 2026,Pracovištní metoda,Česko,Moravskoslezsko,Moravskoslezský kraj,45012.9006749572,koruna česká,Kč
Průměrná hrubá měsíční mzda na přepočtené počty zaměstnanců (Kč),4. čtvrtletí 2025,Pracovištní metoda,Česko,,,51580.0541644775,koruna česká,Kč
Průměrná hrubá měsíční mzda na přepočtené počty zaměstnanců (Kč),4. čtvrtletí 2025,Pracovištní metoda,Česko,Praha,,65315.2693892644,koruna česká,Kč
Průměrná hrubá měsíční mzda na přepočtené počty zaměstnanců (Kč),4. čtvrtletí 2025,Pracovištní metoda,Česko,Střední Čechy,,51485.3901874845,koruna česká,Kč
Průměrná hrubá měsíční mzda na přepočtené počty zaměstnanců (Kč),4. čtvrtletí 2025,Pracovištní metoda,Česko,Jihozápad,,48079.7258391805,koruna česká,Kč
Průměrná hrubá měsíční mzda na přepočtené počty zaměstnanců (Kč),4. čtvrtletí 2025,Pracovištní metoda,Česko,Severozápad,,47013.709742677,koruna česká,Kč
Průměrná hrubá měsíční mzda na přepočtené počty zaměstnanců (Kč),4. čtvrtletí 2025,Pracovištní metoda,Česko,Severovýchod,,47431.8748532501,koruna česká,Kč
Průměrná hrubá měsíční mzda na přepočtené počty zaměstnanců (Kč),4. čtvrtletí 2025,Pracovištní metoda,Česko,Jihovýchod,,50147.8944306112,koruna česká,Kč
Průměrná hrubá měsíční mzda na přepočtené počty zaměstnanců (Kč),4. čtvrtletí 2025,Pracovištní metoda,Česko,Střední Morava,,46650.2850266532,koruna česká,Kč
Průměrná hrubá měsíční mzda na přepočtené počty zaměstnanců (Kč),4. čtvrtletí 2025,Pracovištní metoda,Česko,Moravskoslezsko,,46206.4787776124,koruna česká,Kč
Průměrná hrubá měsíční mzda na přepočtené počty zaměstnanců (Kč),4. čtvrtletí 2025,Pracovištní metoda,Česko,Praha,Hlavní město Praha,65315.2693892644,koruna česká,Kč
Průměrná hrubá měsíční mzda na přepočtené počty zaměstnanců (Kč),4. čtvrtletí 2025,Pracovištní metoda,Česko,Střední Čechy,Středočeský kraj,51485.3901874845,koruna česká,Kč
Průměrná hrubá měsíční mzda na přepočtené počty zaměstnanců (Kč),4. čtvrtletí 2025,Pracovištní metoda,Česko,Jihozápad,Jihočeský kraj,47414.3452441378,koruna česká,Kč
Průměrná hrubá měsíční mzda na přepočtené počty zaměstnanců (Kč),4. čtvrtletí 2025,Pracovištní metoda,Česko,Jihozápad,Plzeňský kraj,48730.0706166583,koruna česká,Kč
Průměrná hrubá měsíční mzda na přepočtené počty zaměstnanců (Kč),4. čtvrtletí 2025,Pracovištní metoda,Česko,Severozápad,Karlovarský kraj,44630.1920523882,koruna česká,Kč
Průměrná hrubá měsíční mzda na přepočtené počty zaměstnanců (Kč),4. čtvrtletí 2025,Pracovištní metoda,Česko,Severozápad,Ústecký kraj,47861.2914287121,koruna česká,Kč
Průměrná hrubá měsíční mzda na přepočtené počty zaměstnanců (Kč),4. čtvrtletí 2025,Pracovištní metoda,Česko,Severovýchod,Liberecký kraj,46952.385332195,koruna česká,Kč
Průměrná hrubá měsíční mzda na přepočtené počty zaměstnanců (Kč),4. čtvrtletí 2025,Pracovištní metoda,Česko,Severovýchod,Královéhradecký kraj,47713.4188131439,koruna česká,Kč
Průměrná hrubá měsíční mzda na přepočtené počty zaměstnanců (Kč),4. čtvrtletí 2025,Pracovištní metoda,Česko,Severovýchod,Pardubický kraj,47516.5400835801,koruna česká,Kč
Průměrná hrubá měsíční mzda na přepočtené počty zaměstnanců (Kč),4. čtvrtletí 2025,Pracovištní metoda,Česko,Jihovýchod,Kraj Vysočina,47626.6142357489,koruna česká,Kč
Průměrná hrubá měsíční mzda na přepočtené počty zaměstnanců (Kč),4. čtvrtletí 2025,Pracovištní metoda,Česko,Jihovýchod,Jihomoravský kraj,51070.8730362516,koruna česká,Kč
Průměrná hrubá měsíční mzda na přepočtené počty zaměstnanců (Kč),4. čtvrtletí 2025,Pracovištní metoda,Česko,Střední Morava,Olomoucký kraj,46738.2687814528,koruna česká,Kč
Průměrná hrubá měsíční mzda na přepočtené počty zaměstnanců (Kč),4. čtvrtletí 2025,Pracovištní metoda,Česko,Střední Morava,Zlínský kraj,46552.2679766792,koruna česká,Kč
Průměrná hrubá měsíční mzda na přepočtené počty zaměstnanců (Kč),4. čtvrtletí 2025,Pracovištní metoda,Česko,Moravskoslezsko,Moravskoslezský kraj,46206.4787776124,koruna česká,Kč
Průměrná hrubá měsíční mzda na přepočtené počty zaměstnanců (Kč),3. čtvrtletí 2025,Pracovištní metoda,Česko,,,47716.6116147333,koruna česká,Kč
Průměrná hrubá měsíční mzda na přepočtené počty zaměstnanců (Kč),3. čtvrtletí 2025,Pracovištní metoda,Česko,Praha,,61365.591947704,koruna česká,Kč
Průměrná hrubá měsíční mzda na přepočtené počty zaměstnanců (Kč),3. čtvrtletí 2025,Pracovištní metoda,Česko,Střední Čechy,,47609.7963427693,koruna česká,Kč
Průměrná hrubá měsíční mzda na přepočtené počty zaměstnanců (Kč),3. čtvrtletí 2025,Pracovištní metoda,Česko,Jihozápad,,44178.432631474,koruna česká,Kč
Průměrná hrubá měsíční mzda na přepočtené počty zaměstnanců (Kč),3. čtvrtletí 2025,Pracovištní metoda,Česko,Severozápad,,43426.6030577783,koruna česká,Kč
Průměrná hrubá měsíční mzda na přepočtené počty zaměstnanců (Kč),3. čtvrtletí 2025,Pracovištní metoda,Česko,Severovýchod,,43404.7658190467,koruna česká,Kč
Průměrná hrubá měsíční mzda na přepočtené počty zaměstnanců (Kč),3. čtvrtletí 2025,Pracovištní metoda,Česko,Jihovýchod,,46067.5498281297,koruna česká,Kč
Průměrná hrubá měsíční mzda na přepočtené počty zaměstnanců (Kč),3. čtvrtletí 2025,Pracovištní metoda,Česko,Střední Morava,,42774.8107827148,koruna česká,Kč
Průměrná hrubá měsíční mzda na přepočtené počty zaměstnanců (Kč),3. čtvrtletí 2025,Pracovištní metoda,Česko,Moravskoslezsko,,43003.1375118048,koruna česká,Kč
Průměrná hrubá měsíční mzda na přepočtené počty zaměstnanců (Kč),3. čtvrtletí 2025,Pracovištní metoda,Česko,Praha,Hlavní město Praha,61365.591947704,koruna česká,Kč
Průměrná hrubá měsíční mzda na přepočtené počty zaměstnanců (Kč),3. čtvrtletí 2025,Pracovištní metoda,Česko,Střední Čechy,Středočeský kraj,47609.7963427693,koruna česká,Kč
Průměrná hrubá měsíční mzda na přepočtené počty zaměstnanců (Kč),3. čtvrtletí 2025,Pracovištní metoda,Česko,Jihozápad,Jihočeský kraj,43317.5622497886,koruna česká,Kč
Průměrná hrubá měsíční mzda na přepočtené počty zaměstnanců (Kč),3. čtvrtletí 2025,Pracovištní metoda,Česko,Jihozápad,Plzeňský kraj,45021.6891834915,koruna česká,Kč
Průměrná hrubá měsíční mzda na přepočtené počty zaměstnanců (Kč),3. čtvrtletí 2025,Pracovištní metoda,Česko,Severozápad,Karlovarský kraj,41576.7701481803,koruna česká,Kč
Průměrná hrubá měsíční mzda na přepočtené počty zaměstnanců (Kč),3. čtvrtletí 2025,Pracovištní metoda,Česko,Severozápad,Ústecký kraj,44081.9013980735,koruna česká,Kč
Průměrná hrubá měsíční mzda na přepočtené počty zaměstnanců (Kč),3. čtvrtletí 2025,Pracovištní metoda,Česko,Severovýchod,Liberecký kraj,43384.7578907146,koruna česká,Kč
Průměrná hrubá měsíční mzda na přepočtené počty zaměstnanců (Kč),3. čtvrtletí 2025,Pracovištní metoda,Česko,Severovýchod,Královéhradecký kraj,43811.186834385,koruna česká,Kč
Průměrná hrubá měsíční mzda na přepočtené počty zaměstnanců (Kč),3. čtvrtletí 2025,Pracovištní metoda,Česko,Severovýchod,Pardubický kraj,42990.6840774308,koruna česká,Kč
Průměrná hrubá měsíční mzda na přepočtené počty zaměstnanců (Kč),3. čtvrtletí 2025,Pracovištní metoda,Česko,Jihovýchod,Kraj Vysočina,43521.3761782572,koruna česká,Kč
Průměrná hrubá měsíční mzda na přepočtené počty zaměstnanců (Kč),3. čtvrtletí 2025,Pracovištní metoda,Česko,Jihovýchod,Jihomoravský kraj,47002.679410957,koruna česká,Kč
Průměrná hrubá měsíční mzda na přepočtené počty zaměstnanců (Kč),3. čtvrtletí 2025,Pracovištní metoda,Česko,Střední Morava,Olomoucký kraj,43144.7034992052,koruna česká,Kč
Průměrná hrubá měsíční mzda na přepočtené počty zaměstnanců (Kč),3. čtvrtletí 2025,Pracovištní metoda,Česko,Střední Morava,Zlínský kraj,42364.0958933897,koruna česká,Kč
Průměrná hrubá měsíční mzda na přepočtené počty zaměstnanců (Kč),3. čtvrtletí 2025,Pracovištní metoda,Česko,Moravskoslezsko,Moravskoslezský kraj,43003.1375118048,koruna česká,Kč
Průměrná hrubá měsíční mzda na přepočtené počty zaměstnanců (Kč),2. čtvrtletí 2025,Pracovištní metoda,Česko,,,48860.058616377,koruna česká,Kč
Průměrná hrubá měsíční mzda na přepočtené počty zaměstnanců (Kč),2. čtvrtletí 2025,Pracovištní metoda,Česko,Praha,,62584.8245869619,koruna česká,Kč
Průměrná hrubá měsíční mzda na přepočtené počty zaměstnanců (Kč),2. čtvrtletí 2025,Pracovištní metoda,Česko,Střední Čechy,,52005.1870836114,koruna česká,Kč
Průměrná hrubá měsíční mzda na přepočtené počty zaměstnanců (Kč),2. čtvrtletí 2025,Pracovištní metoda,Česko,Jihozápad,,44628.3813772816,koruna česká,Kč
Průměrná hrubá měsíční mzda na přepočtené počty zaměstnanců (Kč),2. čtvrtletí 2025,Pracovištní metoda,Česko,Severozápad,,44022.69098054,koruna česká,Kč
Průměrná hrubá měsíční mzda na přepočtené počty zaměstnanců (Kč),2. čtvrtletí 2025,Pracovištní metoda,Česko,Severovýchod,,44624.1065021374,koruna česká,Kč
Průměrná hrubá měsíční mzda na přepočtené počty zaměstnanců (Kč),2. čtvrtletí 2025,Pracovištní metoda,Česko,Jihovýchod,,46504.5210767409,koruna česká,Kč
Průměrná hrubá měsíční mzda na přepočtené počty zaměstnanců (Kč),2. čtvrtletí 2025,Pracovištní metoda,Česko,Střední Morava,,43183.5653788272,koruna česká,Kč
Průměrná hrubá měsíční mzda na přepočtené počty zaměstnanců (Kč),2. čtvrtletí 2025,Pracovištní metoda,Česko,Moravskoslezsko,,43598.0596234063,koruna česká,Kč
Průměrná hrubá měsíční mzda na přepočtené počty zaměstnanců (Kč),2. čtvrtletí 2025,Pracovištní metoda,Česko,Praha,Hlavní město Praha,62584.8245869619,koruna česká,Kč
Průměrná hrubá měsíční mzda na přepočtené počty zaměstnanců (Kč),2. čtvrtletí 2025,Pracovištní metoda,Česko,Střední Čechy,Středočeský kraj,52005.1870836114,koruna česká,Kč
Průměrná hrubá měsíční mzda na přepočtené počty zaměstnanců (Kč),2. čtvrtletí 2025,Pracovištní metoda,Česko,Jihozápad,Jihočeský kraj,43928.7546735223,koruna česká,Kč
Průměrná hrubá měsíční mzda na přepočtené počty zaměstnanců (Kč),2. čtvrtletí 2025,Pracovištní metoda,Česko,Jihozápad,Plzeňský kraj,45313.9652672538,koruna česká,Kč
Průměrná hrubá měsíční mzda na přepočtené počty zaměstnanců (Kč),2. čtvrtletí 2025,Pracovištní metoda,Česko,Severozápad,Karlovarský kraj,41877.3880171397,koruna česká,Kč
Průměrná hrubá měsíční mzda na přepočtené počty zaměstnanců (Kč),2. čtvrtletí 2025,Pracovištní metoda,Česko,Severozápad,Ústecký kraj,44784.3861785967,koruna česká,Kč
Průměrná hrubá měsíční mzda na přepočtené počty zaměstnanců (Kč),2. čtvrtletí 2025,Pracovištní metoda,Česko,Severovýchod,Liberecký kraj,44029.3845932207,koruna česká,Kč
Průměrná hrubá měsíční mzda na přepočtené počty zaměstnanců (Kč),2. čtvrtletí 2025,Pracovištní metoda,Česko,Severovýchod,Královéhradecký kraj,46423.3711445725,koruna česká,Kč
Průměrná hrubá měsíční mzda na přepočtené počty zaměstnanců (Kč),2. čtvrtletí 2025,Pracovištní metoda,Česko,Severovýchod,Pardubický kraj,43185.7635688905,koruna česká,Kč
Průměrná hrubá měsíční mzda na přepočtené počty zaměstnanců (Kč),2. čtvrtletí 2025,Pracovištní metoda,Česko,Jihovýchod,Kraj Vysočina,43956.2813907947,koruna česká,Kč
Průměrná hrubá měsíční mzda na přepočtené počty zaměstnanců (Kč),2. čtvrtletí 2025,Pracovištní metoda,Česko,Jihovýchod,Jihomoravský kraj,47441.1713725821,koruna česká,Kč
Průměrná hrubá měsíční mzda na přepočtené počty zaměstnanců (Kč),2. čtvrtletí 2025,Pracovištní metoda,Česko,Střední Morava,Olomoucký kraj,43074.2821211668,koruna česká,Kč
Průměrná hrubá měsíční mzda na přepočtené počty zaměstnanců (Kč),2. čtvrtletí 2025,Pracovištní metoda,Česko,Střední Morava,Zlínský kraj,43304.4779031021,koruna česká,Kč
Průměrná hrubá měsíční mzda na přepočtené počty zaměstnanců (Kč),2. čtvrtletí 2025,Pracovištní metoda,Česko,Moravskoslezsko,Moravskoslezský kraj,43598.0596234063,koruna česká,Kč
Průměrná hrubá měsíční mzda na přepočtené počty zaměstnanců (Kč),1. čtvrtletí 2025,Pracovištní metoda,Česko,,,46493.1237461837,koruna česká,Kč
Průměrná hrubá měsíční mzda na přepočtené počty zaměstnanců (Kč),1. čtvrtletí 2025,Pracovištní metoda,Česko,Praha,,62794.789639343,koruna česká,Kč
Průměrná hrubá měsíční mzda na přepočtené počty zaměstnanců (Kč),1. čtvrtletí 2025,Pracovištní metoda,Česko,Střední Čechy,,45740.9994308955,koruna česká,Kč
Průměrná hrubá měsíční mzda na přepočtené počty zaměstnanců (Kč),1. čtvrtletí 2025,Pracovištní metoda,Česko,Jihozápad,,42409.1312529084,koruna česká,Kč
Průměrná hrubá měsíční mzda na přepočtené počty zaměstnanců (Kč),1. čtvrtletí 2025,Pracovištní metoda,Česko,Severozápad,,41914.4292323839,koruna česká,Kč
Průměrná hrubá měsíční mzda na přepočtené počty zaměstnanců (Kč),1. čtvrtletí 2025,Pracovištní metoda,Česko,Severovýchod,,41212.2645610955,koruna česká,Kč
Průměrná hrubá měsíční mzda na přepočtené počty zaměstnanců (Kč),1. čtvrtletí 2025,Pracovištní metoda,Česko,Jihovýchod,,44751.829404996,koruna česká,Kč
Průměrná hrubá měsíční mzda na přepočtené počty zaměstnanců (Kč),1. čtvrtletí 2025,Pracovištní metoda,Česko,Střední Morava,,40330.7076947734,koruna česká,Kč
Průměrná hrubá měsíční mzda na přepočtené počty zaměstnanců (Kč),1. čtvrtletí 2025,Pracovištní metoda,Česko,Moravskoslezsko,,40994.6759186952,koruna česká,Kč
Průměrná hrubá měsíční mzda na přepočtené počty zaměstnanců (Kč),1. čtvrtletí 2025,Pracovištní metoda,Česko,Praha,Hlavní město Praha,62794.789639343,koruna česká,Kč
Průměrná hrubá měsíční mzda na přepočtené počty zaměstnanců (Kč),1. čtvrtletí 2025,Pracovištní metoda,Česko,Střední Čechy,Středočeský kraj,45740.9994308955,koruna česká,Kč
Průměrná hrubá měsíční mzda na přepočtené počty zaměstnanců (Kč),1. čtvrtletí 2025,Pracovištní metoda,Česko,Jihozápad,Jihočeský kraj,41526.7489776612,koruna česká,Kč
Průměrná hrubá měsíční mzda na přepočtené počty zaměstnanců (Kč),1. čtvrtletí 2025,Pracovištní metoda,Česko,Jihozápad,Plzeňský kraj,43271.2613454944,koruna česká,Kč
Průměrná hrubá měsíční mzda na přepočtené počty zaměstnanců (Kč),1. čtvrtletí 2025,Pracovištní metoda,Česko,Severozápad,Karlovarský kraj,39510.8238750985,koruna česká,Kč
Průměrná hrubá měsíční mzda na přepočtené počty zaměstnanců (Kč),1. čtvrtletí 2025,Pracovištní metoda,Česko,Severozápad,Ústecký kraj,42770.4182363113,koruna česká,Kč
Průměrná hrubá měsíční mzda na přepočtené počty zaměstnanců (Kč),1. čtvrtletí 2025,Pracovištní metoda,Česko,Severovýchod,Liberecký kraj,41636.7697342547,koruna česká,Kč
Průměrná hrubá měsíční mzda na přepočtené počty zaměstnanců (Kč),1. čtvrtletí 2025,Pracovištní metoda,Česko,Severovýchod,Královéhradecký kraj,41481.7301705924,koruna česká,Kč
Průměrná hrubá měsíční mzda na přepočtené počty zaměstnanců (Kč),1. čtvrtletí 2025,Pracovištní metoda,Česko,Severovýchod,Pardubický kraj,40582.4840089184,koruna česká,Kč
Průměrná hrubá měsíční mzda na přepočtené počty zaměstnanců (Kč),1. čtvrtletí 2025,Pracovištní metoda,Česko,Jihovýchod,Kraj Vysočina,41989.3846133322,koruna česká,Kč
Průměrná hrubá měsíční mzda na přepočtené počty zaměstnanců (Kč),1. čtvrtletí 2025,Pracovištní metoda,Česko,Jihovýchod,Jihomoravský kraj,45769.7330946412,koruna česká,Kč
Průměrná hrubá měsíční mzda na přepočtené počty zaměstnanců (Kč),1. čtvrtletí 2025,Pracovištní metoda,Česko,Střední Morava,Olomoucký kraj,40526.3003900429,koruna česká,Kč
Průměrná hrubá měsíční mzda na přepočtené počty zaměstnanců (Kč),1. čtvrtletí 2025,Pracovištní metoda,Česko,Střední Morava,Zlínský kraj,40113.7902978437,koruna česká,Kč
Průměrná hrubá měsíční mzda na přepočtené počty zaměstnanců (Kč),1. čtvrtletí 2025,Pracovištní metoda,Česko,Moravskoslezsko,Moravskoslezský kraj,40994.6759186952,koruna česká,Kč
Průměrná hrubá měsíční mzda na přepočtené počty zaměstnanců (Kč),4. čtvrtletí 2024,Pracovištní metoda,Česko,,,48349.932629095,koruna česká,Kč
Průměrná hrubá měsíční mzda na přepočtené počty zaměstnanců (Kč),4. čtvrtletí 2024,Pracovištní metoda,Česko,Praha,,59858.6662724016,koruna česká,Kč
Průměrná hrubá měsíční mzda na přepočtené počty zaměstnanců (Kč),4. čtvrtletí 2024,Pracovištní metoda,Česko,Střední Čechy,,48414.1508649837,koruna česká,Kč
Průměrná hrubá měsíční mzda na přepočtené počty zaměstnanců (Kč),4. čtvrtletí 2024,Pracovištní metoda,Česko,Jihozápad,,45431.3783135151,koruna česká,Kč
Průměrná hrubá měsíční mzda na přepočtené počty zaměstnanců (Kč),4. čtvrtletí 2024,Pracovištní metoda,Česko,Severozápad,,43970.2835936933,koruna česká,Kč
Průměrná hrubá měsíční mzda na přepočtené počty zaměstnanců (Kč),4. čtvrtletí 2024,Pracovištní metoda,Česko,Severovýchod,,44572.383075684,koruna česká,Kč
Průměrná hrubá měsíční mzda na přepočtené počty zaměstnanců (Kč),4. čtvrtletí 2024,Pracovištní metoda,Česko,Jihovýchod,,46970.6768325899,koruna česká,Kč
Průměrná hrubá měsíční mzda na přepočtené počty zaměstnanců (Kč),4. čtvrtletí 2024,Pracovištní metoda,Česko,Střední Morava,,44103.8461656756,koruna česká,Kč
Průměrná hrubá měsíční mzda na přepočtené počty zaměstnanců (Kč),4. čtvrtletí 2024,Pracovištní metoda,Česko,Moravskoslezsko,,43341.4117955607,koruna česká,Kč
Průměrná hrubá měsíční mzda na přepočtené počty zaměstnanců (Kč),4. čtvrtletí 2024,Pracovištní metoda,Česko,Praha,Hlavní město Praha,59858.6662724016,koruna česká,Kč
Průměrná hrubá měsíční mzda na přepočtené počty zaměstnanců (Kč),4. čtvrtletí 2024,Pracovištní metoda,Česko,Střední Čechy,Středočeský kraj,48414.1508649837,koruna česká,Kč
Průměrná hrubá měsíční mzda na přepočtené počty zaměstnanců (Kč),4. čtvrtletí 2024,Pracovištní metoda,Česko,Jihozápad,Jihočeský kraj,44989.4695823122,koruna česká,Kč
Průměrná hrubá měsíční mzda na přepočtené počty zaměstnanců (Kč),4. čtvrtletí 2024,Pracovištní metoda,Česko,Jihozápad,Plzeňský kraj,45869.3075188211,koruna česká,Kč
Průměrná hrubá měsíční mzda na přepočtené počty zaměstnanců (Kč),4. čtvrtletí 2024,Pracovištní metoda,Česko,Severozápad,Karlovarský kraj,42001.0493804642,koruna česká,Kč
Průměrná hrubá měsíční mzda na přepočtené počty zaměstnanců (Kč),4. čtvrtletí 2024,Pracovištní metoda,Česko,Severozápad,Ústecký kraj,44660.6951082096,koruna česká,Kč
Průměrná hrubá měsíční mzda na přepočtené počty zaměstnanců (Kč),4. čtvrtletí 2024,Pracovištní metoda,Česko,Severovýchod,Liberecký kraj,44296.2745426469,koruna česká,Kč
Průměrná hrubá měsíční mzda na přepočtené počty zaměstnanců (Kč),4. čtvrtletí 2024,Pracovištní metoda,Česko,Severovýchod,Královéhradecký kraj,44797.9164488244,koruna česká,Kč
Průměrná hrubá měsíční mzda na přepočtené počty zaměstnanců (Kč),4. čtvrtletí 2024,Pracovištní metoda,Česko,Severovýchod,Pardubický kraj,44550.4663077651,koruna česká,Kč
Průměrná hrubá měsíční mzda na přepočtené počty zaměstnanců (Kč),4. čtvrtletí 2024,Pracovištní metoda,Česko,Jihovýchod,Kraj Vysočina,44271.2507700899,koruna česká,Kč
Průměrná hrubá měsíční mzda na přepočtené počty zaměstnanců (Kč),4. čtvrtletí 2024,Pracovištní metoda,Česko,Jihovýchod,Jihomoravský kraj,47966.4197832721,koruna česká,Kč
Průměrná hrubá měsíční mzda na přepočtené počty zaměstnanců (Kč),4. čtvrtletí 2024,Pracovištní metoda,Česko,Střední Morava,Olomoucký kraj,43883.2637016795,koruna česká,Kč
Průměrná hrubá měsíční mzda na přepočtené počty zaměstnanců (Kč),4. čtvrtletí 2024,Pracovištní metoda,Česko,Střední Morava,Zlínský kraj,44348.3869524581,koruna česká,Kč
Průměrná hrubá měsíční mzda na přepočtené počty zaměstnanců (Kč),4. čtvrtletí 2024,Pracovištní metoda,Česko,Moravskoslezsko,Moravskoslezský kraj,43341.4117955607,koruna česká,Kč
Průměrná hrubá měsíční mzda na přepočtené počty zaměstnanců (Kč),3. čtvrtletí 2024,Pracovištní metoda,Česko,,,44809.8219350603,koruna česká,Kč
Průměrná hrubá měsíční mzda na přepočtené počty zaměstnanců (Kč),3. čtvrtletí 2024,Pracovištní metoda,Česko,Praha,,56113.8021914978,koruna česká,Kč
Průměrná hrubá měsíční mzda na přepočtené počty zaměstnanců (Kč),3. čtvrtletí 2024,Pracovištní metoda,Česko,Střední Čechy,,44886.4103956236,koruna česká,Kč
Průměrná hrubá měsíční mzda na přepočtené počty zaměstnanců (Kč),3. čtvrtletí 2024,Pracovištní metoda,Česko,Jihozápad,,41724.2624682972,koruna česká,Kč
Průměrná hrubá měsíční mzda na přepočtené počty zaměstnanců (Kč),3. čtvrtletí 2024,Pracovištní metoda,Česko,Severozápad,,40800.9196435505,koruna česká,Kč
Průměrná hrubá měsíční mzda na přepočtené počty zaměstnanců (Kč),3. čtvrtletí 2024,Pracovištní metoda,Česko,Severovýchod,,40863.3365291211,koruna česká,Kč
Průměrná hrubá měsíční mzda na přepočtené počty zaměstnanců (Kč),3. čtvrtletí 2024,Pracovištní metoda,Česko,Jihovýchod,,43228.729324897,koruna česká,Kč
Průměrná hrubá měsíční mzda na přepočtené počty zaměstnanců (Kč),3. čtvrtletí 2024,Pracovištní metoda,Česko,Střední Morava,,40439.9110267614,koruna česká,Kč
Průměrná hrubá měsíční mzda na přepočtené počty zaměstnanců (Kč),3. čtvrtletí 2024,Pracovištní metoda,Česko,Moravskoslezsko,,40796.0280240324,koruna česká,Kč
Průměrná hrubá měsíční mzda na přepočtené počty zaměstnanců (Kč),3. čtvrtletí 2024,Pracovištní metoda,Česko,Praha,Hlavní město Praha,56113.8021914978,koruna česká,Kč
Průměrná hrubá měsíční mzda na přepočtené počty zaměstnanců (Kč),3. čtvrtletí 2024,Pracovištní metoda,Česko,Střední Čechy,Středočeský kraj,44886.4103956236,koruna česká,Kč
Průměrná hrubá měsíční mzda na přepočtené počty zaměstnanců (Kč),3. čtvrtletí 2024,Pracovištní metoda,Česko,Jihozápad,Jihočeský kraj,40977.6480145211,koruna česká,Kč
Průměrná hrubá měsíční mzda na přepočtené počty zaměstnanců (Kč),3. čtvrtletí 2024,Pracovištní metoda,Česko,Jihozápad,Plzeňský kraj,42456.9110092845,koruna česká,Kč
Průměrná hrubá měsíční mzda na přepočtené počty zaměstnanců (Kč),3. čtvrtletí 2024,Pracovištní metoda,Česko,Severozápad,Karlovarský kraj,38930.3435166834,koruna česká,Kč
Průměrná hrubá měsíční mzda na přepočtené počty zaměstnanců (Kč),3. čtvrtletí 2024,Pracovištní metoda,Česko,Severozápad,Ústecký kraj,41455.9722033116,koruna česká,Kč
Průměrná hrubá měsíční mzda na přepočtené počty zaměstnanců (Kč),3. čtvrtletí 2024,Pracovištní metoda,Česko,Severovýchod,Liberecký kraj,41035.3695807284,koruna česká,Kč
Průměrná hrubá měsíční mzda na přepočtené počty zaměstnanců (Kč),3. čtvrtletí 2024,Pracovištní metoda,Česko,Severovýchod,Královéhradecký kraj,41198.6792251534,koruna česká,Kč
Průměrná hrubá měsíční mzda na přepočtené počty zaměstnanců (Kč),3. čtvrtletí 2024,Pracovištní metoda,Česko,Severovýchod,Pardubický kraj,40368.430796132,koruna česká,Kč
Průměrná hrubá měsíční mzda na přepočtené počty zaměstnanců (Kč),3. čtvrtletí 2024,Pracovištní metoda,Česko,Jihovýchod,Kraj Vysočina,40800.978016335,koruna česká,Kč
Průměrná hrubá měsíční mzda na přepočtené počty zaměstnanců (Kč),3. čtvrtletí 2024,Pracovištní metoda,Česko,Jihovýchod,Jihomoravský kraj,44125.1431836397,koruna česká,Kč
Průměrná hrubá měsíční mzda na přepočtené počty zaměstnanců (Kč),3. čtvrtletí 2024,Pracovištní metoda,Česko,Střední Morava,Olomoucký kraj,40640.8866025967,koruna česká,Kč
Průměrná hrubá měsíční mzda na přepočtené počty zaměstnanců (Kč),3. čtvrtletí 2024,Pracovištní metoda,Česko,Střední Morava,Zlínský kraj,40218.0547308466,koruna česká,Kč
Průměrná hrubá měsíční mzda na přepočtené počty zaměstnanců (Kč),3. čtvrtletí 2024,Pracovištní metoda,Česko,Moravskoslezsko,Moravskoslezský kraj,40796.0280240324,koruna česká,Kč
Průměrná hrubá měsíční mzda na přepočtené počty zaměstnanců (Kč),2. čtvrtletí 2024,Pracovištní metoda,Česko,,,45590.4743565788,koruna česká,Kč
Průměrná hrubá měsíční mzda na přepočtené počty zaměstnanců (Kč),2. čtvrtletí 2024,Pracovištní metoda,Česko,Praha,,57244.852985673,koruna česká,Kč
Průměrná hrubá měsíční mzda na přepočtené počty zaměstnanců (Kč),2. čtvrtletí 2024,Pracovištní metoda,Česko,Střední Čechy,,48510.746367877,koruna česká,Kč
Průměrná hrubá měsíční mzda na přepočtené počty zaměstnanců (Kč),2. čtvrtletí 2024,Pracovištní metoda,Česko,Jihozápad,,41779.7841982772,koruna česká,Kč
Průměrná hrubá měsíční mzda na přepočtené počty zaměstnanců (Kč),2. čtvrtletí 2024,Pracovištní metoda,Česko,Severozápad,,41363.4107476016,koruna česká,Kč
Průměrná hrubá měsíční mzda na přepočtené počty zaměstnanců (Kč),2. čtvrtletí 2024,Pracovištní metoda,Česko,Severovýchod,,41591.3772733639,koruna česká,Kč
Průměrná hrubá měsíční mzda na přepočtené počty zaměstnanců (Kč),2. čtvrtletí 2024,Pracovištní metoda,Česko,Jihovýchod,,43376.5785720317,koruna česká,Kč
Průměrná hrubá měsíční mzda na přepočtené počty zaměstnanců (Kč),2. čtvrtletí 2024,Pracovištní metoda,Česko,Střední Morava,,40533.9716046977,koruna česká,Kč
Průměrná hrubá měsíční mzda na přepočtené počty zaměstnanců (Kč),2. čtvrtletí 2024,Pracovištní metoda,Česko,Moravskoslezsko,,40784.5855639362,koruna česká,Kč
Průměrná hrubá měsíční mzda na přepočtené počty zaměstnanců (Kč),2. čtvrtletí 2024,Pracovištní metoda,Česko,Praha,Hlavní město Praha,57244.852985673,koruna česká,Kč
Průměrná hrubá měsíční mzda na přepočtené počty zaměstnanců (Kč),2. čtvrtletí 2024,Pracovištní metoda,Česko,Střední Čechy,Středočeský kraj,48510.746367877,koruna česká,Kč
Průměrná hrubá měsíční mzda na přepočtené počty zaměstnanců (Kč),2. čtvrtletí 2024,Pracovištní metoda,Česko,Jihozápad,Jihočeský kraj,40939.3874837998,koruna česká,Kč
Průměrná hrubá měsíční mzda na přepočtené počty zaměstnanců (Kč),2. čtvrtletí 2024,Pracovištní metoda,Česko,Jihozápad,Plzeňský kraj,42606.8701621896,koruna česká,Kč
Průměrná hrubá měsíční mzda na přepočtené počty zaměstnanců (Kč),2. čtvrtletí 2024,Pracovištní metoda,Česko,Severozápad,Karlovarský kraj,38911.5195033552,koruna česká,Kč
Průměrná hrubá měsíční mzda na přepočtené počty zaměstnanců (Kč),2. čtvrtletí 2024,Pracovištní metoda,Česko,Severozápad,Ústecký kraj,42222.124977133,koruna česká,Kč
Průměrná hrubá měsíční mzda na přepočtené počty zaměstnanců (Kč),2. čtvrtletí 2024,Pracovištní metoda,Česko,Severovýchod,Liberecký kraj,41270.4038271756,koruna česká,Kč
Průměrná hrubá měsíční mzda na přepočtené počty zaměstnanců (Kč),2. čtvrtletí 2024,Pracovištní metoda,Česko,Severovýchod,Královéhradecký kraj,43276.0329129114,koruna česká,Kč
Průměrná hrubá měsíční mzda na přepočtené počty zaměstnanců (Kč),2. čtvrtletí 2024,Pracovištní metoda,Česko,Severovýchod,Pardubický kraj,40046.8124153095,koruna česká,Kč
Průměrná hrubá měsíční mzda na přepočtené počty zaměstnanců (Kč),2. čtvrtletí 2024,Pracovištní metoda,Česko,Jihovýchod,Kraj Vysočina,41131.1369019958,koruna česká,Kč
Průměrná hrubá měsíční mzda na přepočtené počty zaměstnanců (Kč),2. čtvrtletí 2024,Pracovištní metoda,Česko,Jihovýchod,Jihomoravský kraj,44199.1505186258,koruna česká,Kč
Průměrná hrubá měsíční mzda na přepočtené počty zaměstnanců (Kč),2. čtvrtletí 2024,Pracovištní metoda,Česko,Střední Morava,Olomoucký kraj,40281.4601226408,koruna česká,Kč
Průměrná hrubá měsíční mzda na přepočtené počty zaměstnanců (Kč),2. čtvrtletí 2024,Pracovištní metoda,Česko,Střední Morava,Zlínský kraj,40812.4923604509,koruna česká,Kč
Průměrná hrubá měsíční mzda na přepočtené počty zaměstnanců (Kč),2. čtvrtletí 2024,Pracovištní metoda,Česko,Moravskoslezsko,Moravskoslezský kraj,40784.5855639362,koruna česká,Kč
Průměrná hrubá měsíční mzda na přepočtené počty zaměstnanců (Kč),1. čtvrtletí 2024,Pracovištní metoda,Česko,,,43781.2359369791,koruna česká,Kč
Průměrná hrubá měsíční mzda na přepočtené počty zaměstnanců (Kč),1. čtvrtletí 2024,Pracovištní metoda,Česko,Praha,,57895.4212412149,koruna česká,Kč
Průměrná hrubá měsíční mzda na přepočtené počty zaměstnanců (Kč),1. čtvrtletí 2024,Pracovištní metoda,Česko,Střední Čechy,,43302.2055516146,koruna česká,Kč
Průměrná hrubá měsíční mzda na přepočtené počty zaměstnanců (Kč),1. čtvrtletí 2024,Pracovištní metoda,Česko,Jihozápad,,40119.6225488309,koruna česká,Kč
Průměrná hrubá měsíční mzda na přepočtené počty zaměstnanců (Kč),1. čtvrtletí 2024,Pracovištní metoda,Česko,Severozápad,,39390.5872711011,koruna česká,Kč
Průměrná hrubá měsíční mzda na přepočtené počty zaměstnanců (Kč),1. čtvrtletí 2024,Pracovištní metoda,Česko,Severovýchod,,38822.0365883102,koruna česká,Kč
Průměrná hrubá měsíční mzda na přepočtené počty zaměstnanců (Kč),1. čtvrtletí 2024,Pracovištní metoda,Česko,Jihovýchod,,41832.4738251216,koruna česká,Kč
Průměrná hrubá měsíční mzda na přepočtené počty zaměstnanců (Kč),1. čtvrtletí 2024,Pracovištní metoda,Česko,Střední Morava,,38240.2199517663,koruna česká,Kč
Průměrná hrubá měsíční mzda na přepočtené počty zaměstnanců (Kč),1. čtvrtletí 2024,Pracovištní metoda,Česko,Moravskoslezsko,,39048.470183364,koruna česká,Kč
Průměrná hrubá měsíční mzda na přepočtené počty zaměstnanců (Kč),1. čtvrtletí 2024,Pracovištní metoda,Česko,Praha,Hlavní město Praha,57895.4212412149,koruna česká,Kč
Průměrná hrubá měsíční mzda na přepočtené počty zaměstnanců (Kč),1. čtvrtletí 2024,Pracovištní metoda,Česko,Střední Čechy,Středočeský kraj,43302.2055516146,koruna česká,Kč
Průměrná hrubá měsíční mzda na přepočtené počty zaměstnanců (Kč),1. čtvrtletí 2024,Pracovištní metoda,Česko,Jihozápad,Jihočeský kraj,39180.5892307942,koruna česká,Kč
Průměrná hrubá měsíční mzda na přepočtené počty zaměstnanců (Kč),1. čtvrtletí 2024,Pracovištní metoda,Česko,Jihozápad,Plzeňský kraj,41047.4300357116,koruna česká,Kč
Průměrná hrubá měsíční mzda na přepočtené počty zaměstnanců (Kč),1. čtvrtletí 2024,Pracovištní metoda,Česko,Severozápad,Karlovarský kraj,37161.163676614,koruna česká,Kč
Průměrná hrubá měsíční mzda na přepočtené počty zaměstnanců (Kč),1. čtvrtletí 2024,Pracovištní metoda,Česko,Severozápad,Ústecký kraj,40167.4762379484,koruna česká,Kč
Průměrná hrubá měsíční mzda na přepočtené počty zaměstnanců (Kč),1. čtvrtletí 2024,Pracovištní metoda,Česko,Severovýchod,Liberecký kraj,39197.225091177,koruna česká,Kč
Průměrná hrubá měsíční mzda na přepočtené počty zaměstnanců (Kč),1. čtvrtletí 2024,Pracovištní metoda,Česko,Severovýchod,Královéhradecký kraj,39205.0111222969,koruna česká,Kč
Průměrná hrubá měsíční mzda na přepočtené počty zaměstnanců (Kč),1. čtvrtletí 2024,Pracovištní metoda,Česko,Severovýchod,Pardubický kraj,38113.9209334951,koruna česká,Kč
Průměrná hrubá měsíční mzda na přepočtené počty zaměstnanců (Kč),1. čtvrtletí 2024,Pracovištní metoda,Česko,Jihovýchod,Kraj Vysočina,39437.7964448531,koruna česká,Kč
Průměrná hrubá měsíční mzda na přepočtené počty zaměstnanců (Kč),1. čtvrtletí 2024,Pracovištní metoda,Česko,Jihovýchod,Jihomoravský kraj,42713.3565693768,koruna česká,Kč
Průměrná hrubá měsíční mzda na přepočtené počty zaměstnanců (Kč),1. čtvrtletí 2024,Pracovištní metoda,Česko,Střední Morava,Olomoucký kraj,38168.0036164078,koruna česká,Kč
Průměrná hrubá měsíční mzda na přepočtené počty zaměstnanců (Kč),1. čtvrtletí 2024,Pracovištní metoda,Česko,Střední Morava,Zlínský kraj,38320.0060116543,koruna česká,Kč
Průměrná hrubá měsíční mzda na přepočtené počty zaměstnanců (Kč),1. čtvrtletí 2024,Pracovištní metoda,Česko,Moravskoslezsko,Moravskoslezský kraj,39048.470183364,koruna česká,Kč
Průměrná hrubá měsíční mzda na přepočtené počty zaměstnanců (Kč),4. čtvrtletí 2023,Pracovištní metoda,Česko,,,45532.0554367528,koruna česká,Kč
Průměrná hrubá měsíční mzda na přepočtené počty zaměstnanců (Kč),4. čtvrtletí 2023,Pracovištní metoda,Česko,Praha,,54856.9744168336,koruna česká,Kč
Průměrná hrubá měsíční mzda na přepočtené počty zaměstnanců (Kč),4. čtvrtletí 2023,Pracovištní metoda,Česko,Střední Čechy,,45941.767411783,koruna česká,Kč
Průměrná hrubá měsíční mzda na přepočtené počty zaměstnanců (Kč),4. čtvrtletí 2023,Pracovištní metoda,Česko,Jihozápad,,42813.095181817,koruna česká,Kč
Průměrná hrubá měsíční mzda na přepočtené počty zaměstnanců (Kč),4. čtvrtletí 2023,Pracovištní metoda,Česko,Severozápad,,42081.6125925785,koruna česká,Kč
Průměrná hrubá měsíční mzda na přepočtené počty zaměstnanců (Kč),4. čtvrtletí 2023,Pracovištní metoda,Česko,Severovýchod,,41790.3553150542,koruna česká,Kč
Průměrná hrubá měsíční mzda na přepočtené počty zaměstnanců (Kč),4. čtvrtletí 2023,Pracovištní metoda,Česko,Jihovýchod,,44325.6971953608,koruna česká,Kč
Průměrná hrubá měsíční mzda na přepočtené počty zaměstnanců (Kč),4. čtvrtletí 2023,Pracovištní metoda,Česko,Střední Morava,,41518.2100709416,koruna česká,Kč
Průměrná hrubá měsíční mzda na přepočtené počty zaměstnanců (Kč),4. čtvrtletí 2023,Pracovištní metoda,Česko,Moravskoslezsko,,41573.6242252689,koruna česká,Kč
Průměrná hrubá měsíční mzda na přepočtené počty zaměstnanců (Kč),4. čtvrtletí 2023,Pracovištní metoda,Česko,Praha,Hlavní město Praha,54856.9744168336,koruna česká,Kč
Průměrná hrubá měsíční mzda na přepočtené počty zaměstnanců (Kč),4. čtvrtletí 2023,Pracovištní metoda,Česko,Střední Čechy,Středočeský kraj,45941.767411783,koruna česká,Kč
Průměrná hrubá měsíční mzda na přepočtené počty zaměstnanců (Kč),4. čtvrtletí 2023,Pracovištní metoda,Česko,Jihozápad,Jihočeský kraj,42210.6972356974,koruna česká,Kč
Průměrná hrubá měsíční mzda na přepočtené počty zaměstnanců (Kč),4. čtvrtletí 2023,Pracovištní metoda,Česko,Jihozápad,Plzeňský kraj,43411.216119396,koruna česká,Kč
Průměrná hrubá měsíční mzda na přepočtené počty zaměstnanců (Kč),4. čtvrtletí 2023,Pracovištní metoda,Česko,Severozápad,Karlovarský kraj,40189.367056993,koruna česká,Kč
Průměrná hrubá měsíční mzda na přepočtené počty zaměstnanců (Kč),4. čtvrtletí 2023,Pracovištní metoda,Česko,Severozápad,Ústecký kraj,42740.1135379324,koruna česká,Kč
Průměrná hrubá měsíční mzda na přepočtené počty zaměstnanců (Kč),4. čtvrtletí 2023,Pracovištní metoda,Česko,Severovýchod,Liberecký kraj,41374.4021598818,koruna česká,Kč
Průměrná hrubá měsíční mzda na přepočtené počty zaměstnanců (Kč),4. čtvrtletí 2023,Pracovištní metoda,Česko,Severovýchod,Královéhradecký kraj,42479.8041263564,koruna česká,Kč
Průměrná hrubá měsíční mzda na přepočtené počty zaměstnanců (Kč),4. čtvrtletí 2023,Pracovištní metoda,Česko,Severovýchod,Pardubický kraj,41372.7685679362,koruna česká,Kč
Průměrná hrubá měsíční mzda na přepočtené počty zaměstnanců (Kč),4. čtvrtletí 2023,Pracovištní metoda,Česko,Jihovýchod,Kraj Vysočina,41997.6706294504,koruna česká,Kč
Průměrná hrubá měsíční mzda na přepočtené počty zaměstnanců (Kč),4. čtvrtletí 2023,Pracovištní metoda,Česko,Jihovýchod,Jihomoravský kraj,45173.6540305992,koruna česká,Kč
Průměrná hrubá měsíční mzda na přepočtené počty zaměstnanců (Kč),4. čtvrtletí 2023,Pracovištní metoda,Česko,Střední Morava,Olomoucký kraj,41257.8701584667,koruna česká,Kč
Průměrná hrubá měsíční mzda na přepočtené počty zaměstnanců (Kč),4. čtvrtletí 2023,Pracovištní metoda,Česko,Střední Morava,Zlínský kraj,41803.3552261974,koruna česká,Kč
Průměrná hrubá měsíční mzda na přepočtené počty zaměstnanců (Kč),4. čtvrtletí 2023,Pracovištní metoda,Česko,Moravskoslezsko,Moravskoslezský kraj,41573.6242252689,koruna česká,Kč
Průměrná hrubá měsíční mzda na přepočtené počty zaměstnanců (Kč),3. čtvrtletí 2023,Pracovištní metoda,Česko,,,42071.4246666012,koruna česká,Kč
Průměrná hrubá měsíční mzda na přepočtené počty zaměstnanců (Kč),3. čtvrtletí 2023,Pracovištní metoda,Česko,Praha,,51564.8427288081,koruna česká,Kč
Průměrná hrubá měsíční mzda na přepočtené počty zaměstnanců (Kč),3. čtvrtletí 2023,Pracovištní metoda,Česko,Střední Čechy,,42332.8044841834,koruna česká,Kč
Průměrná hrubá měsíční mzda na přepočtené počty zaměstnanců (Kč),3. čtvrtletí 2023,Pracovištní metoda,Česko,Jihozápad,,39460.7052819601,koruna česká,Kč
Průměrná hrubá měsíční mzda na přepočtené počty zaměstnanců (Kč),3. čtvrtletí 2023,Pracovištní metoda,Česko,Severozápad,,38484.9254644966,koruna česká,Kč
Průměrná hrubá měsíční mzda na přepočtené počty zaměstnanců (Kč),3. čtvrtletí 2023,Pracovištní metoda,Česko,Severovýchod,,38323.438840938,koruna česká,Kč
Průměrná hrubá měsíční mzda na přepočtené počty zaměstnanců (Kč),3. čtvrtletí 2023,Pracovištní metoda,Česko,Jihovýchod,,40636.3675521188,koruna česká,Kč
Průměrná hrubá měsíční mzda na přepočtené počty zaměstnanců (Kč),3. čtvrtletí 2023,Pracovištní metoda,Česko,Střední Morava,,38136.214499349,koruna česká,Kč
Průměrná hrubá měsíční mzda na přepočtené počty zaměstnanců (Kč),3. čtvrtletí 2023,Pracovištní metoda,Česko,Moravskoslezsko,,38389.3792109656,koruna česká,Kč
Průměrná hrubá měsíční mzda na přepočtené počty zaměstnanců (Kč),3. čtvrtletí 2023,Pracovištní metoda,Česko,Praha,Hlavní město Praha,51564.8427288081,koruna česká,Kč
Průměrná hrubá měsíční mzda na přepočtené počty zaměstnanců (Kč),3. čtvrtletí 2023,Pracovištní metoda,Česko,Střední Čechy,Středočeský kraj,42332.8044841834,koruna česká,Kč
Průměrná hrubá měsíční mzda na přepočtené počty zaměstnanců (Kč),3. čtvrtletí 2023,Pracovištní metoda,Česko,Jihozápad,Jihočeský kraj,38619.0374502504,koruna česká,Kč
Průměrná hrubá měsíční mzda na přepočtené počty zaměstnanců (Kč),3. čtvrtletí 2023,Pracovištní metoda,Česko,Jihozápad,Plzeňský kraj,40297.7469552941,koruna česká,Kč
Průměrná hrubá měsíční mzda na přepočtené počty zaměstnanců (Kč),3. čtvrtletí 2023,Pracovištní metoda,Česko,Severozápad,Karlovarský kraj,36659.76686602,koruna česká,Kč
Průměrná hrubá měsíční mzda na přepočtené počty zaměstnanců (Kč),3. čtvrtletí 2023,Pracovištní metoda,Česko,Severozápad,Ústecký kraj,39121.3839306311,koruna česká,Kč
Průměrná hrubá měsíční mzda na přepočtené počty zaměstnanců (Kč),3. čtvrtletí 2023,Pracovištní metoda,Česko,Severovýchod,Liberecký kraj,38189.2878535068,koruna česká,Kč
Průměrná hrubá měsíční mzda na přepočtené počty zaměstnanců (Kč),3. čtvrtletí 2023,Pracovištní metoda,Česko,Severovýchod,Královéhradecký kraj,39015.9052675658,koruna česká,Kč
Průměrná hrubá měsíční mzda na přepočtené počty zaměstnanců (Kč),3. čtvrtletí 2023,Pracovištní metoda,Česko,Severovýchod,Pardubický kraj,37680.7211151319,koruna česká,Kč
Průměrná hrubá měsíční mzda na přepočtené počty zaměstnanců (Kč),3. čtvrtletí 2023,Pracovištní metoda,Česko,Jihovýchod,Kraj Vysočina,38642.2545126175,koruna česká,Kč
Průměrná hrubá měsíční mzda na přepočtené počty zaměstnanců (Kč),3. čtvrtletí 2023,Pracovištní metoda,Česko,Jihovýchod,Jihomoravský kraj,41364.6475279858,koruna česká,Kč
Průměrná hrubá měsíční mzda na přepočtené počty zaměstnanců (Kč),3. čtvrtletí 2023,Pracovištní metoda,Česko,Střední Morava,Olomoucký kraj,38261.6980127464,koruna česká,Kč
Průměrná hrubá měsíční mzda na přepočtené počty zaměstnanců (Kč),3. čtvrtletí 2023,Pracovištní metoda,Česko,Střední Morava,Zlínský kraj,37998.5626416616,koruna česká,Kč
Průměrná hrubá měsíční mzda na přepočtené počty zaměstnanců (Kč),3. čtvrtletí 2023,Pracovištní metoda,Česko,Moravskoslezsko,Moravskoslezský kraj,38389.3792109656,koruna česká,Kč
Průměrná hrubá měsíční mzda na přepočtené počty zaměstnanců (Kč),2. čtvrtletí 2023,Pracovištní metoda,Česko,,,42773.7207792751,koruna česká,Kč
Průměrná hrubá měsíční mzda na přepočtené počty zaměstnanců (Kč),2. čtvrtletí 2023,Pracovištní metoda,Česko,Praha,,52929.7209643432,koruna česká,Kč
Průměrná hrubá měsíční mzda na přepočtené počty zaměstnanců (Kč),2. čtvrtletí 2023,Pracovištní metoda,Česko,Střední Čechy,,45018.3296891163,koruna česká,Kč
Průměrná hrubá měsíční mzda na přepočtené počty zaměstnanců (Kč),2. čtvrtletí 2023,Pracovištní metoda,Česko,Jihozápad,,39466.2036082282,koruna česká,Kč
Průměrná hrubá měsíční mzda na přepočtené počty zaměstnanců (Kč),2. čtvrtletí 2023,Pracovištní metoda,Česko,Severozápad,,38496.0627060272,koruna česká,Kč
Průměrná hrubá měsíční mzda na přepočtené počty zaměstnanců (Kč),2. čtvrtletí 2023,Pracovištní metoda,Česko,Severovýchod,,39143.4454279476,koruna česká,Kč
Průměrná hrubá měsíční mzda na přepočtené počty zaměstnanců (Kč),2. čtvrtletí 2023,Pracovištní metoda,Česko,Jihovýchod,,40734.3649442824,koruna česká,Kč
Průměrná hrubá měsíční mzda na přepočtené počty zaměstnanců (Kč),2. čtvrtletí 2023,Pracovištní metoda,Česko,Střední Morava,,38199.4528559698,koruna česká,Kč
Průměrná hrubá měsíční mzda na přepočtené počty zaměstnanců (Kč),2. čtvrtletí 2023,Pracovištní metoda,Česko,Moravskoslezsko,,38596.4805848794,koruna česká,Kč
Průměrná hrubá měsíční mzda na přepočtené počty zaměstnanců (Kč),2. čtvrtletí 2023,Pracovištní metoda,Česko,Praha,Hlavní město Praha,52929.7209643432,koruna česká,Kč
Průměrná hrubá měsíční mzda na přepočtené počty zaměstnanců (Kč),2. čtvrtletí 2023,Pracovištní metoda,Česko,Střední Čechy,Středočeský kraj,45018.3296891163,koruna česká,Kč
Průměrná hrubá měsíční mzda na přepočtené počty zaměstnanců (Kč),2. čtvrtletí 2023,Pracovištní metoda,Česko,Jihozápad,Jihočeský kraj,38727.3548538313,koruna česká,Kč
Průměrná hrubá měsíční mzda na přepočtené počty zaměstnanců (Kč),2. čtvrtletí 2023,Pracovištní metoda,Česko,Jihozápad,Plzeňský kraj,40201.3980728743,koruna česká,Kč
Průměrná hrubá měsíční mzda na přepočtené počty zaměstnanců (Kč),2. čtvrtletí 2023,Pracovištní metoda,Česko,Severozápad,Karlovarský kraj,36651.0979370367,koruna česká,Kč
Průměrná hrubá měsíční mzda na přepočtené počty zaměstnanců (Kč),2. čtvrtletí 2023,Pracovištní metoda,Česko,Severozápad,Ústecký kraj,39139.0641865975,koruna česká,Kč
Průměrná hrubá měsíční mzda na přepočtené počty zaměstnanců (Kč),2. čtvrtletí 2023,Pracovištní metoda,Česko,Severovýchod,Liberecký kraj,38655.3732125847,koruna česká,Kč
Průměrná hrubá měsíční mzda na přepočtené počty zaměstnanců (Kč),2. čtvrtletí 2023,Pracovištní metoda,Česko,Severovýchod,Královéhradecký kraj,40779.1843886834,koruna česká,Kč
Průměrná hrubá měsíční mzda na přepočtené počty zaměstnanců (Kč),2. čtvrtletí 2023,Pracovištní metoda,Česko,Severovýchod,Pardubický kraj,37762.2383977559,koruna česká,Kč
Průměrná hrubá měsíční mzda na přepočtené počty zaměstnanců (Kč),2. čtvrtletí 2023,Pracovištní metoda,Česko,Jihovýchod,Kraj Vysočina,38797.823794243,koruna česká,Kč
Průměrná hrubá měsíční mzda na přepočtené počty zaměstnanců (Kč),2. čtvrtletí 2023,Pracovištní metoda,Česko,Jihovýchod,Jihomoravský kraj,41441.8101768701,koruna česká,Kč
Průměrná hrubá měsíční mzda na přepočtené počty zaměstnanců (Kč),2. čtvrtletí 2023,Pracovištní metoda,Česko,Střední Morava,Olomoucký kraj,37922.6236243723,koruna česká,Kč
Průměrná hrubá měsíční mzda na přepočtené počty zaměstnanců (Kč),2. čtvrtletí 2023,Pracovištní metoda,Česko,Střední Morava,Zlínský kraj,38503.4613999707,koruna česká,Kč
Průměrná hrubá měsíční mzda na přepočtené počty zaměstnanců (Kč),2. čtvrtletí 2023,Pracovištní metoda,Česko,Moravskoslezsko,Moravskoslezský kraj,38596.4805848794,koruna česká,Kč
Průměrná hrubá měsíční mzda na přepočtené počty zaměstnanců (Kč),1. čtvrtletí 2023,Pracovištní metoda,Česko,,,40801.1062410444,koruna česká,Kč
Průměrná hrubá měsíční mzda na přepočtené počty zaměstnanců (Kč),1. čtvrtletí 2023,Pracovištní metoda,Česko,Praha,,52873.4555225046,koruna česká,Kč
Průměrná hrubá měsíční mzda na přepočtené počty zaměstnanců (Kč),1. čtvrtletí 2023,Pracovištní metoda,Česko,Střední Čechy,,40108.2001877997,koruna česká,Kč
Průměrná hrubá měsíční mzda na přepočtené počty zaměstnanců (Kč),1. čtvrtletí 2023,Pracovištní metoda,Česko,Jihozápad,,37420.7384871384,koruna česká,Kč
Průměrná hrubá měsíční mzda na přepočtené počty zaměstnanců (Kč),1. čtvrtletí 2023,Pracovištní metoda,Česko,Severozápad,,36662.5069002453,koruna česká,Kč
Průměrná hrubá měsíční mzda na přepočtené počty zaměstnanců (Kč),1. čtvrtletí 2023,Pracovištní metoda,Česko,Severovýchod,,36271.7446748517,koruna česká,Kč
Průměrná hrubá měsíční mzda na přepočtené počty zaměstnanců (Kč),1. čtvrtletí 2023,Pracovištní metoda,Česko,Jihovýchod,,39014.2929192154,koruna česká,Kč
Průměrná hrubá měsíční mzda na přepočtené počty zaměstnanců (Kč),1. čtvrtletí 2023,Pracovištní metoda,Česko,Střední Morava,,35968.3510633984,koruna česká,Kč
Průměrná hrubá měsíční mzda na přepočtené počty zaměstnanců (Kč),1. čtvrtletí 2023,Pracovištní metoda,Česko,Moravskoslezsko,,36606.3039251864,koruna česká,Kč
Průměrná hrubá měsíční mzda na přepočtené počty zaměstnanců (Kč),1. čtvrtletí 2023,Pracovištní metoda,Česko,Praha,Hlavní město Praha,52873.4555225046,koruna česká,Kč
Průměrná hrubá měsíční mzda na přepočtené počty zaměstnanců (Kč),1. čtvrtletí 2023,Pracovištní metoda,Česko,Střední Čechy,Středočeský kraj,40108.2001877997,koruna česká,Kč
Průměrná hrubá měsíční mzda na přepočtené počty zaměstnanců (Kč),1. čtvrtletí 2023,Pracovištní metoda,Česko,Jihozápad,Jihočeský kraj,36742.4093606671,koruna česká,Kč
Průměrná hrubá měsíční mzda na přepočtené počty zaměstnanců (Kč),1. čtvrtletí 2023,Pracovištní metoda,Česko,Jihozápad,Plzeňský kraj,38095.2177315034,koruna česká,Kč
Průměrná hrubá měsíční mzda na přepočtené počty zaměstnanců (Kč),1. čtvrtletí 2023,Pracovištní metoda,Česko,Severozápad,Karlovarský kraj,34654.6500143608,koruna česká,Kč
Průměrná hrubá měsíční mzda na přepočtené počty zaměstnanců (Kč),1. čtvrtletí 2023,Pracovištní metoda,Česko,Severozápad,Ústecký kraj,37360.2658733878,koruna česká,Kč
Průměrná hrubá měsíční mzda na přepočtené počty zaměstnanců (Kč),1. čtvrtletí 2023,Pracovištní metoda,Česko,Severovýchod,Liberecký kraj,36169.4561660811,koruna česká,Kč
Průměrná hrubá měsíční mzda na přepočtené počty zaměstnanců (Kč),1. čtvrtletí 2023,Pracovištní metoda,Česko,Severovýchod,Královéhradecký kraj,36869.7796433656,koruna česká,Kč
Průměrná hrubá měsíční mzda na přepočtené počty zaměstnanců (Kč),1. čtvrtletí 2023,Pracovištní metoda,Česko,Severovýchod,Pardubický kraj,35707.2483301775,koruna česká,Kč
Průměrná hrubá měsíční mzda na přepočtené počty zaměstnanců (Kč),1. čtvrtletí 2023,Pracovištní metoda,Česko,Jihovýchod,Kraj Vysočina,37076.4844402184,koruna česká,Kč
Průměrná hrubá měsíční mzda na přepočtené počty zaměstnanců (Kč),1. čtvrtletí 2023,Pracovištní metoda,Česko,Jihovýchod,Jihomoravský kraj,39722.357836561,koruna česká,Kč
Průměrná hrubá měsíční mzda na přepočtené počty zaměstnanců (Kč),1. čtvrtletí 2023,Pracovištní metoda,Česko,Střední Morava,Olomoucký kraj,35900.9056545571,koruna česká,Kč
Průměrná hrubá měsíční mzda na přepočtené počty zaměstnanců (Kč),1. čtvrtletí 2023,Pracovištní metoda,Česko,Střední Morava,Zlínský kraj,36042.2020993206,koruna česká,Kč
Průměrná hrubá měsíční mzda na přepočtené počty zaměstnanců (Kč),1. čtvrtletí 2023,Pracovištní metoda,Česko,Moravskoslezsko,Moravskoslezský kraj,36606.3039251864,koruna česká,Kč
Průměrná hrubá měsíční mzda na přepočtené počty zaměstnanců (Kč),4. čtvrtletí 2022,Pracovištní metoda,Česko,,,42877.8497942407,koruna česká,Kč
Průměrná hrubá měsíční mzda na přepočtené počty zaměstnanců (Kč),4. čtvrtletí 2022,Pracovištní metoda,Česko,Praha,,51921.7342843947,koruna česká,Kč
Průměrná hrubá měsíční mzda na přepočtené počty zaměstnanců (Kč),4. čtvrtletí 2022,Pracovištní metoda,Česko,Střední Čechy,,43429.4707893135,koruna česká,Kč
Průměrná hrubá měsíční mzda na přepočtené počty zaměstnanců (Kč),4. čtvrtletí 2022,Pracovištní metoda,Česko,Jihozápad,,40464.7194598317,koruna česká,Kč
Průměrná hrubá měsíční mzda na přepočtené počty zaměstnanců (Kč),4. čtvrtletí 2022,Pracovištní metoda,Česko,Severozápad,,39352.1457283838,koruna česká,Kč
Průměrná hrubá měsíční mzda na přepočtené počty zaměstnanců (Kč),4. čtvrtletí 2022,Pracovištní metoda,Česko,Severovýchod,,39378.851555962,koruna česká,Kč
Průměrná hrubá měsíční mzda na přepočtené počty zaměstnanců (Kč),4. čtvrtletí 2022,Pracovištní metoda,Česko,Jihovýchod,,41747.5290025593,koruna česká,Kč
Průměrná hrubá měsíční mzda na přepočtené počty zaměstnanců (Kč),4. čtvrtletí 2022,Pracovištní metoda,Česko,Střední Morava,,39149.8794368796,koruna česká,Kč
Průměrná hrubá měsíční mzda na přepočtené počty zaměstnanců (Kč),4. čtvrtletí 2022,Pracovištní metoda,Česko,Moravskoslezsko,,38885.5761269268,koruna česká,Kč
Průměrná hrubá měsíční mzda na přepočtené počty zaměstnanců (Kč),4. čtvrtletí 2022,Pracovištní metoda,Česko,Praha,Hlavní město Praha,51921.7342843947,koruna česká,Kč
Průměrná hrubá měsíční mzda na přepočtené počty zaměstnanců (Kč),4. čtvrtletí 2022,Pracovištní metoda,Česko,Střední Čechy,Středočeský kraj,43429.4707893135,koruna česká,Kč
Průměrná hrubá měsíční mzda na přepočtené počty zaměstnanců (Kč),4. čtvrtletí 2022,Pracovištní metoda,Česko,Jihozápad,Jihočeský kraj,40029.9002975779,koruna česká,Kč
Průměrná hrubá měsíční mzda na přepočtené počty zaměstnanců (Kč),4. čtvrtletí 2022,Pracovištní metoda,Česko,Jihozápad,Plzeňský kraj,40899.7397658097,koruna česká,Kč
Průměrná hrubá měsíční mzda na přepočtené počty zaměstnanců (Kč),4. čtvrtletí 2022,Pracovištní metoda,Česko,Severozápad,Karlovarský kraj,37329.0251953474,koruna česká,Kč
Průměrná hrubá měsíční mzda na přepočtené počty zaměstnanců (Kč),4. čtvrtletí 2022,Pracovištní metoda,Česko,Severozápad,Ústecký kraj,40037.501408279,koruna česká,Kč
Průměrná hrubá měsíční mzda na přepočtené počty zaměstnanců (Kč),4. čtvrtletí 2022,Pracovištní metoda,Česko,Severovýchod,Liberecký kraj,38830.2479641229,koruna česká,Kč
Průměrná hrubá měsíční mzda na přepočtené počty zaměstnanců (Kč),4. čtvrtletí 2022,Pracovištní metoda,Česko,Severovýchod,Královéhradecký kraj,40210.5684562801,koruna česká,Kč
Průměrná hrubá měsíční mzda na přepočtené počty zaměstnanců (Kč),4. čtvrtletí 2022,Pracovištní metoda,Česko,Severovýchod,Pardubický kraj,38910.0195634388,koruna česká,Kč
Průměrná hrubá měsíční mzda na přepočtené počty zaměstnanců (Kč),4. čtvrtletí 2022,Pracovištní metoda,Česko,Jihovýchod,Kraj Vysočina,39525.8892272035,koruna česká,Kč
Průměrná hrubá měsíční mzda na přepočtené počty zaměstnanců (Kč),4. čtvrtletí 2022,Pracovištní metoda,Česko,Jihovýchod,Jihomoravský kraj,42556.71643746,koruna česká,Kč
Průměrná hrubá měsíční mzda na přepočtené počty zaměstnanců (Kč),4. čtvrtletí 2022,Pracovištní metoda,Česko,Střední Morava,Olomoucký kraj,39183.2628037194,koruna česká,Kč
Průměrná hrubá měsíční mzda na přepočtené počty zaměstnanců (Kč),4. čtvrtletí 2022,Pracovištní metoda,Česko,Střední Morava,Zlínský kraj,39113.7267632157,koruna česká,Kč
Průměrná hrubá měsíční mzda na přepočtené počty zaměstnanců (Kč),4. čtvrtletí 2022,Pracovištní metoda,Česko,Moravskoslezsko,Moravskoslezský kraj,38885.5761269268,koruna česká,Kč
Průměrná hrubá měsíční mzda na přepočtené počty zaměstnanců (Kč),3. čtvrtletí 2022,Pracovištní metoda,Česko,,,39386.1216829613,koruna česká,Kč
Průměrná hrubá měsíční mzda na přepočtené počty zaměstnanců (Kč),3. čtvrtletí 2022,Pracovištní metoda,Česko,Praha,,48598.6246973019,koruna česká,Kč
Průměrná hrubá měsíční mzda na přepočtené počty zaměstnanců (Kč),3. čtvrtletí 2022,Pracovištní metoda,Česko,Střední Čechy,,39518.9950925664,koruna česká,Kč
Průměrná hrubá měsíční mzda na přepočtené počty zaměstnanců (Kč),3. čtvrtletí 2022,Pracovištní metoda,Česko,Jihozápad,,36936.6191683329,koruna česká,Kč
Průměrná hrubá měsíční mzda na přepočtené počty zaměstnanců (Kč),3. čtvrtletí 2022,Pracovištní metoda,Česko,Severozápad,,36021.8183000971,koruna česká,Kč
Průměrná hrubá měsíční mzda na přepočtené počty zaměstnanců (Kč),3. čtvrtletí 2022,Pracovištní metoda,Česko,Severovýchod,,35955.1705771153,koruna česká,Kč
Průměrná hrubá měsíční mzda na přepočtené počty zaměstnanců (Kč),3. čtvrtletí 2022,Pracovištní metoda,Česko,Jihovýchod,,37990.3458932108,koruna česká,Kč
Průměrná hrubá měsíční mzda na přepočtené počty zaměstnanců (Kč),3. čtvrtletí 2022,Pracovištní metoda,Česko,Střední Morava,,35803.8521886844,koruna česká,Kč
Průměrná hrubá měsíční mzda na přepočtené počty zaměstnanců (Kč),3. čtvrtletí 2022,Pracovištní metoda,Česko,Moravskoslezsko,,35825.7646714501,koruna česká,Kč
Průměrná hrubá měsíční mzda na přepočtené počty zaměstnanců (Kč),3. čtvrtletí 2022,Pracovištní metoda,Česko,Praha,Hlavní město Praha,48598.6246973019,koruna česká,Kč
Průměrná hrubá měsíční mzda na přepočtené počty zaměstnanců (Kč),3. čtvrtletí 2022,Pracovištní metoda,Česko,Střední Čechy,Středočeský kraj,39518.9950925664,koruna česká,Kč
Průměrná hrubá měsíční mzda na přepočtené počty zaměstnanců (Kč),3. čtvrtletí 2022,Pracovištní metoda,Česko,Jihozápad,Jihočeský kraj,36159.0686186049,koruna česká,Kč
Průměrná hrubá měsíční mzda na přepočtené počty zaměstnanců (Kč),3. čtvrtletí 2022,Pracovištní metoda,Česko,Jihozápad,Plzeňský kraj,37724.0369814454,koruna česká,Kč
Průměrná hrubá měsíční mzda na přepočtené počty zaměstnanců (Kč),3. čtvrtletí 2022,Pracovištní metoda,Česko,Severozápad,Karlovarský kraj,34410.4275801311,koruna česká,Kč
Průměrná hrubá měsíční mzda na přepočtené počty zaměstnanců (Kč),3. čtvrtletí 2022,Pracovištní metoda,Česko,Severozápad,Ústecký kraj,36566.9168058606,koruna česká,Kč
Průměrná hrubá měsíční mzda na přepočtené počty zaměstnanců (Kč),3. čtvrtletí 2022,Pracovištní metoda,Česko,Severovýchod,Liberecký kraj,35943.5026927489,koruna česká,Kč
Průměrná hrubá měsíční mzda na přepočtené počty zaměstnanců (Kč),3. čtvrtletí 2022,Pracovištní metoda,Česko,Severovýchod,Královéhradecký kraj,36520.841231007,koruna česká,Kč
Průměrná hrubá měsíční mzda na přepočtené počty zaměstnanců (Kč),3. čtvrtletí 2022,Pracovištní metoda,Česko,Severovýchod,Pardubický kraj,35354.1748094976,koruna česká,Kč
Průměrná hrubá měsíční mzda na přepočtené počty zaměstnanců (Kč),3. čtvrtletí 2022,Pracovištní metoda,Česko,Jihovýchod,Kraj Vysočina,35997.737537169,koruna česká,Kč
Průměrná hrubá měsíční mzda na přepočtené počty zaměstnanců (Kč),3. čtvrtletí 2022,Pracovištní metoda,Česko,Jihovýchod,Jihomoravský kraj,38718.460898106,koruna česká,Kč
Průměrná hrubá měsíční mzda na přepočtené počty zaměstnanců (Kč),3. čtvrtletí 2022,Pracovištní metoda,Česko,Střední Morava,Olomoucký kraj,36077.0136356359,koruna česká,Kč
Průměrná hrubá měsíční mzda na přepočtené počty zaměstnanců (Kč),3. čtvrtletí 2022,Pracovištní metoda,Česko,Střední Morava,Zlínský kraj,35509.0552025864,koruna česká,Kč
Průměrná hrubá měsíční mzda na přepočtené počty zaměstnanců (Kč),3. čtvrtletí 2022,Pracovištní metoda,Česko,Moravskoslezsko,Moravskoslezský kraj,35825.7646714501,koruna česká,Kč
Průměrná hrubá měsíční mzda na přepočtené počty zaměstnanců (Kč),2. čtvrtletí 2022,Pracovištní metoda,Česko,,,39725.672144728,koruna česká,Kč
Průměrná hrubá měsíční mzda na přepočtené počty zaměstnanců (Kč),2. čtvrtletí 2022,Pracovištní metoda,Česko,Praha,,49437.3394085141,koruna česká,Kč
Průměrná hrubá měsíční mzda na přepočtené počty zaměstnanců (Kč),2. čtvrtletí 2022,Pracovištní metoda,Česko,Střední Čechy,,41663.7460526383,koruna česká,Kč
Průměrná hrubá měsíční mzda na přepočtené počty zaměstnanců (Kč),2. čtvrtletí 2022,Pracovištní metoda,Česko,Jihozápad,,36767.6502528185,koruna česká,Kč
Průměrná hrubá měsíční mzda na přepočtené počty zaměstnanců (Kč),2. čtvrtletí 2022,Pracovištní metoda,Česko,Severozápad,,35896.210183931,koruna česká,Kč
Průměrná hrubá měsíční mzda na přepočtené počty zaměstnanců (Kč),2. čtvrtletí 2022,Pracovištní metoda,Česko,Severovýchod,,36320.6709125607,koruna česká,Kč
Průměrná hrubá měsíční mzda na přepočtené počty zaměstnanců (Kč),2. čtvrtletí 2022,Pracovištní metoda,Česko,Jihovýchod,,37833.0866748744,koruna česká,Kč
Průměrná hrubá měsíční mzda na přepočtené počty zaměstnanců (Kč),2. čtvrtletí 2022,Pracovištní metoda,Česko,Střední Morava,,35573.8963363798,koruna česká,Kč
Průměrná hrubá měsíční mzda na přepočtené počty zaměstnanců (Kč),2. čtvrtletí 2022,Pracovištní metoda,Česko,Moravskoslezsko,,35682.5709522306,koruna česká,Kč
Průměrná hrubá měsíční mzda na přepočtené počty zaměstnanců (Kč),2. čtvrtletí 2022,Pracovištní metoda,Česko,Praha,Hlavní město Praha,49437.3394085141,koruna česká,Kč
Průměrná hrubá měsíční mzda na přepočtené počty zaměstnanců (Kč),2. čtvrtletí 2022,Pracovištní metoda,Česko,Střední Čechy,Středočeský kraj,41663.7460526383,koruna česká,Kč
Průměrná hrubá měsíční mzda na přepočtené počty zaměstnanců (Kč),2. čtvrtletí 2022,Pracovištní metoda,Česko,Jihozápad,Jihočeský kraj,36129.0814003052,koruna česká,Kč
Průměrná hrubá měsíční mzda na přepočtené počty zaměstnanců (Kč),2. čtvrtletí 2022,Pracovištní metoda,Česko,Jihozápad,Plzeňský kraj,37417.3788932644,koruna česká,Kč
Průměrná hrubá měsíční mzda na přepočtené počty zaměstnanců (Kč),2. čtvrtletí 2022,Pracovištní metoda,Česko,Severozápad,Karlovarský kraj,34113.6749621526,koruna česká,Kč
Průměrná hrubá měsíční mzda na přepočtené počty zaměstnanců (Kč),2. čtvrtletí 2022,Pracovištní metoda,Česko,Severozápad,Ústecký kraj,36498.8529990513,koruna česká,Kč
Průměrná hrubá měsíční mzda na přepočtené počty zaměstnanců (Kč),2. čtvrtletí 2022,Pracovištní metoda,Česko,Severovýchod,Liberecký kraj,35920.2249013317,koruna česká,Kč
Průměrná hrubá měsíční mzda na přepočtené počty zaměstnanců (Kč),2. čtvrtletí 2022,Pracovištní metoda,Česko,Severovýchod,Královéhradecký kraj,37778.0416010273,koruna česká,Kč
Průměrná hrubá měsíční mzda na přepočtené počty zaměstnanců (Kč),2. čtvrtletí 2022,Pracovištní metoda,Česko,Severovýchod,Pardubický kraj,35062.2813258811,koruna česká,Kč
Průměrná hrubá měsíční mzda na přepočtené počty zaměstnanců (Kč),2. čtvrtletí 2022,Pracovištní metoda,Česko,Jihovýchod,Kraj Vysočina,35974.76104301,koruna česká,Kč
Průměrná hrubá měsíční mzda na přepočtené počty zaměstnanců (Kč),2. čtvrtletí 2022,Pracovištní metoda,Česko,Jihovýchod,Jihomoravský kraj,38514.0246003154,koruna česká,Kč
Průměrná hrubá měsíční mzda na přepočtené počty zaměstnanců (Kč),2. čtvrtletí 2022,Pracovištní metoda,Česko,Střední Morava,Olomoucký kraj,35664.932241261,koruna česká,Kč
Průměrná hrubá měsíční mzda na přepočtené počty zaměstnanců (Kč),2. čtvrtletí 2022,Pracovištní metoda,Česko,Střední Morava,Zlínský kraj,35475.9081100863,koruna česká,Kč
Průměrná hrubá měsíční mzda na přepočtené počty zaměstnanců (Kč),2. čtvrtletí 2022,Pracovištní metoda,Česko,Moravskoslezsko,Moravskoslezský kraj,35682.5709522306,koruna česká,Kč
Průměrná hrubá měsíční mzda na přepočtené počty zaměstnanců (Kč),1. čtvrtletí 2022,Pracovištní metoda,Česko,,,37691.3807346824,koruna česká,Kč
Průměrná hrubá měsíční mzda na přepočtené počty zaměstnanců (Kč),1. čtvrtletí 2022,Pracovištní metoda,Česko,Praha,,49174.9810343844,koruna česká,Kč
Průměrná hrubá měsíční mzda na přepočtené počty zaměstnanců (Kč),1. čtvrtletí 2022,Pracovištní metoda,Česko,Střední Čechy,,37465.2764843173,koruna česká,Kč
Průměrná hrubá měsíční mzda na přepočtené počty zaměstnanců (Kč),1. čtvrtletí 2022,Pracovištní metoda,Česko,Jihozápad,,34576.5885408969,koruna česká,Kč
Průměrná hrubá měsíční mzda na přepočtené počty zaměstnanců (Kč),1. čtvrtletí 2022,Pracovištní metoda,Česko,Severozápad,,33944.2078771842,koruna česká,Kč
Průměrná hrubá měsíční mzda na přepočtené počty zaměstnanců (Kč),1. čtvrtletí 2022,Pracovištní metoda,Česko,Severovýchod,,33632.269999609,koruna česká,Kč
Průměrná hrubá měsíční mzda na přepočtené počty zaměstnanců (Kč),1. čtvrtletí 2022,Pracovištní metoda,Česko,Jihovýchod,,35940.3027778755,koruna česká,Kč
Průměrná hrubá měsíční mzda na přepočtené počty zaměstnanců (Kč),1. čtvrtletí 2022,Pracovištní metoda,Česko,Střední Morava,,33158.8484303471,koruna česká,Kč
Průměrná hrubá měsíční mzda na přepočtené počty zaměstnanců (Kč),1. čtvrtletí 2022,Pracovištní metoda,Česko,Moravskoslezsko,,33506.9023569581,koruna česká,Kč
Průměrná hrubá měsíční mzda na přepočtené počty zaměstnanců (Kč),1. čtvrtletí 2022,Pracovištní metoda,Česko,Praha,Hlavní město Praha,49174.9810343844,koruna česká,Kč
Průměrná hrubá měsíční mzda na přepočtené počty zaměstnanců (Kč),1. čtvrtletí 2022,Pracovištní metoda,Česko,Střední Čechy,Středočeský kraj,37465.2764843173,koruna česká,Kč
Průměrná hrubá měsíční mzda na přepočtené počty zaměstnanců (Kč),1. čtvrtletí 2022,Pracovištní metoda,Česko,Jihozápad,Jihočeský kraj,33782.2635161673,koruna česká,Kč
Průměrná hrubá měsíční mzda na přepočtené počty zaměstnanců (Kč),1. čtvrtletí 2022,Pracovištní metoda,Česko,Jihozápad,Plzeňský kraj,35384.8083010365,koruna česká,Kč
Průměrná hrubá měsíční mzda na přepočtené počty zaměstnanců (Kč),1. čtvrtletí 2022,Pracovištní metoda,Česko,Severozápad,Karlovarský kraj,31993.2361773377,koruna česká,Kč
Průměrná hrubá měsíční mzda na přepočtené počty zaměstnanců (Kč),1. čtvrtletí 2022,Pracovištní metoda,Česko,Severozápad,Ústecký kraj,34602.281024755,koruna česká,Kč
Průměrná hrubá měsíční mzda na přepočtené počty zaměstnanců (Kč),1. čtvrtletí 2022,Pracovištní metoda,Česko,Severovýchod,Liberecký kraj,33491.7498955537,koruna česká,Kč
Průměrná hrubá měsíční mzda na přepočtené počty zaměstnanců (Kč),1. čtvrtletí 2022,Pracovištní metoda,Česko,Severovýchod,Královéhradecký kraj,34319.8846388651,koruna česká,Kč
Průměrná hrubá měsíční mzda na přepočtené počty zaměstnanců (Kč),1. čtvrtletí 2022,Pracovištní metoda,Česko,Severovýchod,Pardubický kraj,32999.7574362607,koruna česká,Kč
Průměrná hrubá měsíční mzda na přepočtené počty zaměstnanců (Kč),1. čtvrtletí 2022,Pracovištní metoda,Česko,Jihovýchod,Kraj Vysočina,33965.1969228646,koruna česká,Kč
Průměrná hrubá měsíční mzda na přepočtené počty zaměstnanců (Kč),1. čtvrtletí 2022,Pracovištní metoda,Česko,Jihovýchod,Jihomoravský kraj,36665.9880907486,koruna česká,Kč
Průměrná hrubá měsíční mzda na přepočtené počty zaměstnanců (Kč),1. čtvrtletí 2022,Pracovištní metoda,Česko,Střední Morava,Olomoucký kraj,33441.6637212642,koruna česká,Kč
Průměrná hrubá měsíční mzda na přepočtené počty zaměstnanců (Kč),1. čtvrtletí 2022,Pracovištní metoda,Česko,Střední Morava,Zlínský kraj,32854.7765963477,koruna česká,Kč
Průměrná hrubá měsíční mzda na přepočtené počty zaměstnanců (Kč),1. čtvrtletí 2022,Pracovištní metoda,Česko,Moravskoslezsko,Moravskoslezský kraj,33506.9023569581,koruna česká,Kč
Průměrná hrubá měsíční mzda na přepočtené počty zaměstnanců (Kč),4. čtvrtletí 2021,Pracovištní metoda,Česko,,,40600.76052337,koruna česká,Kč
Průměrná hrubá měsíční mzda na přepočtené počty zaměstnanců (Kč),4. čtvrtletí 2021,Pracovištní metoda,Česko,Praha,,49315.2147174182,koruna česká,Kč
Průměrná hrubá měsíční mzda na přepočtené počty zaměstnanců (Kč),4. čtvrtletí 2021,Pracovištní metoda,Česko,Střední Čechy,,40765.3210724118,koruna česká,Kč
Průměrná hrubá měsíční mzda na přepočtené počty zaměstnanců (Kč),4. čtvrtletí 2021,Pracovištní metoda,Česko,Jihozápad,,38460.724164711,koruna česká,Kč
Průměrná hrubá měsíční mzda na přepočtené počty zaměstnanců (Kč),4. čtvrtletí 2021,Pracovištní metoda,Česko,Severozápad,,37029.7735511848,koruna česká,Kč
Průměrná hrubá měsíční mzda na přepočtené počty zaměstnanců (Kč),4. čtvrtletí 2021,Pracovištní metoda,Česko,Severovýchod,,37560.1643906913,koruna česká,Kč
Průměrná hrubá měsíční mzda na přepočtené počty zaměstnanců (Kč),4. čtvrtletí 2021,Pracovištní metoda,Česko,Jihovýchod,,39488.2146708525,koruna česká,Kč
Průměrná hrubá měsíční mzda na přepočtené počty zaměstnanců (Kč),4. čtvrtletí 2021,Pracovištní metoda,Česko,Střední Morava,,37197.9642293659,koruna česká,Kč
Průměrná hrubá měsíční mzda na přepočtené počty zaměstnanců (Kč),4. čtvrtletí 2021,Pracovištní metoda,Česko,Moravskoslezsko,,37034.4324302137,koruna česká,Kč
Průměrná hrubá měsíční mzda na přepočtené počty zaměstnanců (Kč),4. čtvrtletí 2021,Pracovištní metoda,Česko,Praha,Hlavní město Praha,49315.2147174182,koruna česká,Kč
Průměrná hrubá měsíční mzda na přepočtené počty zaměstnanců (Kč),4. čtvrtletí 2021,Pracovištní metoda,Česko,Střední Čechy,Středočeský kraj,40765.3210724118,koruna česká,Kč
Průměrná hrubá měsíční mzda na přepočtené počty zaměstnanců (Kč),4. čtvrtletí 2021,Pracovištní metoda,Česko,Jihozápad,Jihočeský kraj,37522.5358895386,koruna česká,Kč
Průměrná hrubá měsíční mzda na přepočtené počty zaměstnanců (Kč),4. čtvrtletí 2021,Pracovištní metoda,Česko,Jihozápad,Plzeňský kraj,39420.6064514354,koruna česká,Kč
Průměrná hrubá měsíční mzda na přepočtené počty zaměstnanců (Kč),4. čtvrtletí 2021,Pracovištní metoda,Česko,Severozápad,Karlovarský kraj,35665.5182301609,koruna česká,Kč
Průměrná hrubá měsíční mzda na přepočtené počty zaměstnanců (Kč),4. čtvrtletí 2021,Pracovištní metoda,Česko,Severozápad,Ústecký kraj,37492.8105779376,koruna česká,Kč
Průměrná hrubá měsíční mzda na přepočtené počty zaměstnanců (Kč),4. čtvrtletí 2021,Pracovištní metoda,Česko,Severovýchod,Liberecký kraj,36963.0457719929,koruna česká,Kč
Průměrná hrubá měsíční mzda na přepočtené počty zaměstnanců (Kč),4. čtvrtletí 2021,Pracovištní metoda,Česko,Severovýchod,Královéhradecký kraj,38239.9209611552,koruna česká,Kč
Průměrná hrubá měsíční mzda na přepočtené počty zaměstnanců (Kč),4. čtvrtletí 2021,Pracovištní metoda,Česko,Severovýchod,Pardubický kraj,37286.1151355359,koruna česká,Kč
Průměrná hrubá měsíční mzda na přepočtené počty zaměstnanců (Kč),4. čtvrtletí 2021,Pracovištní metoda,Česko,Jihovýchod,Kraj Vysočina,37616.3452000725,koruna česká,Kč
Průměrná hrubá měsíční mzda na přepočtené počty zaměstnanců (Kč),4. čtvrtletí 2021,Pracovištní metoda,Česko,Jihovýchod,Jihomoravský kraj,40176.4664642091,koruna česká,Kč
Průměrná hrubá měsíční mzda na přepočtené počty zaměstnanců (Kč),4. čtvrtletí 2021,Pracovištní metoda,Česko,Střední Morava,Olomoucký kraj,37261.890327815,koruna česká,Kč
Průměrná hrubá měsíční mzda na přepočtené počty zaměstnanců (Kč),4. čtvrtletí 2021,Pracovištní metoda,Česko,Střední Morava,Zlínský kraj,37128.6604023463,koruna česká,Kč
Průměrná hrubá měsíční mzda na přepočtené počty zaměstnanců (Kč),4. čtvrtletí 2021,Pracovištní metoda,Česko,Moravskoslezsko,Moravskoslezský kraj,37034.4324302137,koruna česká,Kč
Průměrná hrubá měsíční mzda na přepočtené počty zaměstnanců (Kč),3. čtvrtletí 2021,Pracovištní metoda,Česko,,,37896.3643556728,koruna česká,Kč
Průměrná hrubá měsíční mzda na přepočtené počty zaměstnanců (Kč),3. čtvrtletí 2021,Pracovištní metoda,Česko,Praha,,46468.0710190432,koruna česká,Kč
Průměrná hrubá měsíční mzda na přepočtené počty zaměstnanců (Kč),3. čtvrtletí 2021,Pracovištní metoda,Česko,Střední Čechy,,38004.8140034686,koruna česká,Kč
Průměrná hrubá měsíční mzda na přepočtené počty zaměstnanců (Kč),3. čtvrtletí 2021,Pracovištní metoda,Česko,Jihozápad,,35745.8019032908,koruna česká,Kč
Průměrná hrubá měsíční mzda na přepočtené počty zaměstnanců (Kč),3. čtvrtletí 2021,Pracovištní metoda,Česko,Severozápad,,34697.3809380734,koruna česká,Kč
Průměrná hrubá měsíční mzda na přepočtené počty zaměstnanců (Kč),3. čtvrtletí 2021,Pracovištní metoda,Česko,Severovýchod,,34808.0684521585,koruna česká,Kč
Průměrná hrubá měsíční mzda na přepočtené počty zaměstnanců (Kč),3. čtvrtletí 2021,Pracovištní metoda,Česko,Jihovýchod,,36704.5601741218,koruna česká,Kč
Průměrná hrubá měsíční mzda na přepočtené počty zaměstnanců (Kč),3. čtvrtletí 2021,Pracovištní metoda,Česko,Střední Morava,,34650.0040227076,koruna česká,Kč
Průměrná hrubá měsíční mzda na přepočtené počty zaměstnanců (Kč),3. čtvrtletí 2021,Pracovištní metoda,Česko,Moravskoslezsko,,34522.8239480396,koruna česká,Kč
Průměrná hrubá měsíční mzda na přepočtené počty zaměstnanců (Kč),3. čtvrtletí 2021,Pracovištní metoda,Česko,Praha,Hlavní město Praha,46468.0710190432,koruna česká,Kč
Průměrná hrubá měsíční mzda na přepočtené počty zaměstnanců (Kč),3. čtvrtletí 2021,Pracovištní metoda,Česko,Střední Čechy,Středočeský kraj,38004.8140034686,koruna česká,Kč
Průměrná hrubá měsíční mzda na přepočtené počty zaměstnanců (Kč),3. čtvrtletí 2021,Pracovištní metoda,Česko,Jihozápad,Jihočeský kraj,34840.9115266061,koruna česká,Kč
Průměrná hrubá měsíční mzda na přepočtené počty zaměstnanců (Kč),3. čtvrtletí 2021,Pracovištní metoda,Česko,Jihozápad,Plzeňský kraj,36670.211919425,koruna česká,Kč
Průměrná hrubá měsíční mzda na přepočtené počty zaměstnanců (Kč),3. čtvrtletí 2021,Pracovištní metoda,Česko,Severozápad,Karlovarský kraj,33300.1287367946,koruna česká,Kč
Průměrná hrubá měsíční mzda na přepočtené počty zaměstnanců (Kč),3. čtvrtletí 2021,Pracovištní metoda,Česko,Severozápad,Ústecký kraj,35172.0319484298,koruna česká,Kč
Průměrná hrubá měsíční mzda na přepočtené počty zaměstnanců (Kč),3. čtvrtletí 2021,Pracovištní metoda,Česko,Severovýchod,Liberecký kraj,34398.199339575,koruna česká,Kč
Průměrná hrubá měsíční mzda na přepočtené počty zaměstnanců (Kč),3. čtvrtletí 2021,Pracovištní metoda,Česko,Severovýchod,Královéhradecký kraj,35487.3388887763,koruna česká,Kč
Průměrná hrubá měsíční mzda na přepočtené počty zaměstnanců (Kč),3. čtvrtletí 2021,Pracovištní metoda,Česko,Severovýchod,Pardubický kraj,34384.567292643,koruna česká,Kč
Průměrná hrubá měsíční mzda na přepočtené počty zaměstnanců (Kč),3. čtvrtletí 2021,Pracovištní metoda,Česko,Jihovýchod,Kraj Vysočina,35230.3752197332,koruna česká,Kč
Průměrná hrubá měsíční mzda na přepočtené počty zaměstnanců (Kč),3. čtvrtletí 2021,Pracovištní metoda,Česko,Jihovýchod,Jihomoravský kraj,37247.9892024138,koruna česká,Kč
Průměrná hrubá měsíční mzda na přepočtené počty zaměstnanců (Kč),3. čtvrtletí 2021,Pracovištní metoda,Česko,Střední Morava,Olomoucký kraj,34929.6188863227,koruna česká,Kč
Průměrná hrubá měsíční mzda na přepočtené počty zaměstnanců (Kč),3. čtvrtletí 2021,Pracovištní metoda,Česko,Střední Morava,Zlínský kraj,34348.1331557667,koruna česká,Kč
Průměrná hrubá měsíční mzda na přepočtené počty zaměstnanců (Kč),3. čtvrtletí 2021,Pracovištní metoda,Česko,Moravskoslezsko,Moravskoslezský kraj,34522.8239480396,koruna česká,Kč
Průměrná hrubá měsíční mzda na přepočtené počty zaměstnanců (Kč),2. čtvrtletí 2021,Pracovištní metoda,Česko,,,38769.6749527042,koruna česká,Kč
Průměrná hrubá měsíční mzda na přepočtené počty zaměstnanců (Kč),2. čtvrtletí 2021,Pracovištní metoda,Česko,Praha,,47419.6812406078,koruna česká,Kč
Průměrná hrubá měsíční mzda na přepočtené počty zaměstnanců (Kč),2. čtvrtletí 2021,Pracovištní metoda,Česko,Střední Čechy,,40225.4050453485,koruna česká,Kč
Průměrná hrubá měsíční mzda na přepočtené počty zaměstnanců (Kč),2. čtvrtletí 2021,Pracovištní metoda,Česko,Jihozápad,,36354.9389701911,koruna česká,Kč
Průměrná hrubá měsíční mzda na přepočtené počty zaměstnanců (Kč),2. čtvrtletí 2021,Pracovištní metoda,Česko,Severozápad,,35659.7180603745,koruna česká,Kč
Průměrná hrubá měsíční mzda na přepočtené počty zaměstnanců (Kč),2. čtvrtletí 2021,Pracovištní metoda,Česko,Severovýchod,,35859.2663178975,koruna česká,Kč
Průměrná hrubá měsíční mzda na přepočtené počty zaměstnanců (Kč),2. čtvrtletí 2021,Pracovištní metoda,Česko,Jihovýchod,,37105.5053244915,koruna česká,Kč
Průměrná hrubá měsíční mzda na přepočtené počty zaměstnanců (Kč),2. čtvrtletí 2021,Pracovištní metoda,Česko,Střední Morava,,34887.2789434675,koruna česká,Kč
Průměrná hrubá měsíční mzda na přepočtené počty zaměstnanců (Kč),2. čtvrtletí 2021,Pracovištní metoda,Česko,Moravskoslezsko,,35324.663400271,koruna česká,Kč
Průměrná hrubá měsíční mzda na přepočtené počty zaměstnanců (Kč),2. čtvrtletí 2021,Pracovištní metoda,Česko,Praha,Hlavní město Praha,47419.6812406078,koruna česká,Kč
Průměrná hrubá měsíční mzda na přepočtené počty zaměstnanců (Kč),2. čtvrtletí 2021,Pracovištní metoda,Česko,Střední Čechy,Středočeský kraj,40225.4050453485,koruna česká,Kč
Průměrná hrubá měsíční mzda na přepočtené počty zaměstnanců (Kč),2. čtvrtletí 2021,Pracovištní metoda,Česko,Jihozápad,Jihočeský kraj,35450.9600252659,koruna česká,Kč
Průměrná hrubá měsíční mzda na přepočtené počty zaměstnanců (Kč),2. čtvrtletí 2021,Pracovištní metoda,Česko,Jihozápad,Plzeňský kraj,37280.6849797502,koruna česká,Kč
Průměrná hrubá měsíční mzda na přepočtené počty zaměstnanců (Kč),2. čtvrtletí 2021,Pracovištní metoda,Česko,Severozápad,Karlovarský kraj,33666.1665528952,koruna česká,Kč
Průměrná hrubá měsíční mzda na přepočtené počty zaměstnanců (Kč),2. čtvrtletí 2021,Pracovištní metoda,Česko,Severozápad,Ústecký kraj,36329.0275641914,koruna česká,Kč
Průměrná hrubá měsíční mzda na přepočtené počty zaměstnanců (Kč),2. čtvrtletí 2021,Pracovištní metoda,Česko,Severovýchod,Liberecký kraj,35125.6057019009,koruna česká,Kč
Průměrná hrubá měsíční mzda na přepočtené počty zaměstnanců (Kč),2. čtvrtletí 2021,Pracovištní metoda,Česko,Severovýchod,Královéhradecký kraj,37417.1815507282,koruna česká,Kč
Průměrná hrubá měsíční mzda na přepočtené počty zaměstnanců (Kč),2. čtvrtletí 2021,Pracovištní metoda,Česko,Severovýchod,Pardubický kraj,34721.4357507507,koruna česká,Kč
Průměrná hrubá měsíční mzda na přepočtené počty zaměstnanců (Kč),2. čtvrtletí 2021,Pracovištní metoda,Česko,Jihovýchod,Kraj Vysočina,35674.5494257397,koruna česká,Kč
Průměrná hrubá měsíční mzda na přepočtené počty zaměstnanců (Kč),2. čtvrtletí 2021,Pracovištní metoda,Česko,Jihovýchod,Jihomoravský kraj,37635.5403359832,koruna česká,Kč
Průměrná hrubá měsíční mzda na přepočtené počty zaměstnanců (Kč),2. čtvrtletí 2021,Pracovištní metoda,Česko,Střední Morava,Olomoucký kraj,35272.659005852,koruna česká,Kč
Průměrná hrubá měsíční mzda na přepočtené počty zaměstnanců (Kč),2. čtvrtletí 2021,Pracovištní metoda,Česko,Střední Morava,Zlínský kraj,34471.1717098965,koruna česká,Kč
Průměrná hrubá měsíční mzda na přepočtené počty zaměstnanců (Kč),2. čtvrtletí 2021,Pracovištní metoda,Česko,Moravskoslezsko,Moravskoslezský kraj,35324.663400271,koruna česká,Kč
Průměrná hrubá měsíční mzda na přepočtené počty zaměstnanců (Kč),1. čtvrtletí 2021,Pracovištní metoda,Česko,,,35804.0985481773,koruna česká,Kč
Průměrná hrubá měsíční mzda na přepočtené počty zaměstnanců (Kč),1. čtvrtletí 2021,Pracovištní metoda,Česko,Praha,,45959.8420940825,koruna česká,Kč
Průměrná hrubá měsíční mzda na přepočtené počty zaměstnanců (Kč),1. čtvrtletí 2021,Pracovištní metoda,Česko,Střední Čechy,,35578.1003741218,koruna česká,Kč
Průměrná hrubá měsíční mzda na přepočtené počty zaměstnanců (Kč),1. čtvrtletí 2021,Pracovištní metoda,Česko,Jihozápad,,33095.7366545315,koruna česká,Kč
Průměrná hrubá měsíční mzda na přepočtené počty zaměstnanců (Kč),1. čtvrtletí 2021,Pracovištní metoda,Česko,Severozápad,,32281.1521126894,koruna česká,Kč
Průměrná hrubá měsíční mzda na přepočtené počty zaměstnanců (Kč),1. čtvrtletí 2021,Pracovištní metoda,Česko,Severovýchod,,32228.2180486172,koruna česká,Kč
Průměrná hrubá měsíční mzda na přepočtené počty zaměstnanců (Kč),1. čtvrtletí 2021,Pracovištní metoda,Česko,Jihovýchod,,34433.7586720253,koruna česká,Kč
Průměrná hrubá měsíční mzda na přepočtené počty zaměstnanců (Kč),1. čtvrtletí 2021,Pracovištní metoda,Česko,Střední Morava,,31784.3591421754,koruna česká,Kč
Průměrná hrubá měsíční mzda na přepočtené počty zaměstnanců (Kč),1. čtvrtletí 2021,Pracovištní metoda,Česko,Moravskoslezsko,,32231.6778916849,koruna česká,Kč
Průměrná hrubá měsíční mzda na přepočtené počty zaměstnanců (Kč),1. čtvrtletí 2021,Pracovištní metoda,Česko,Praha,Hlavní město Praha,45959.8420940825,koruna česká,Kč
Průměrná hrubá měsíční mzda na přepočtené počty zaměstnanců (Kč),1. čtvrtletí 2021,Pracovištní metoda,Česko,Střední Čechy,Středočeský kraj,35578.1003741218,koruna česká,Kč
Průměrná hrubá měsíční mzda na přepočtené počty zaměstnanců (Kč),1. čtvrtletí 2021,Pracovištní metoda,Česko,Jihozápad,Jihočeský kraj,32213.0716024995,koruna česká,Kč
Průměrná hrubá měsíční mzda na přepočtené počty zaměstnanců (Kč),1. čtvrtletí 2021,Pracovištní metoda,Česko,Jihozápad,Plzeňský kraj,34001.3185453203,koruna česká,Kč
Průměrná hrubá měsíční mzda na přepočtené počty zaměstnanců (Kč),1. čtvrtletí 2021,Pracovištní metoda,Česko,Severozápad,Karlovarský kraj,30188.7922352416,koruna česká,Kč
Průměrná hrubá měsíční mzda na přepočtené počty zaměstnanců (Kč),1. čtvrtletí 2021,Pracovištní metoda,Česko,Severozápad,Ústecký kraj,32980.6720558036,koruna česká,Kč
Průměrná hrubá měsíční mzda na přepočtené počty zaměstnanců (Kč),1. čtvrtletí 2021,Pracovištní metoda,Česko,Severovýchod,Liberecký kraj,31956.2109522821,koruna česká,Kč
Průměrná hrubá měsíční mzda na přepočtené počty zaměstnanců (Kč),1. čtvrtletí 2021,Pracovištní metoda,Česko,Severovýchod,Královéhradecký kraj,33031.9729643749,koruna česká,Kč
Průměrná hrubá měsíční mzda na přepočtené počty zaměstnanců (Kč),1. čtvrtletí 2021,Pracovištní metoda,Česko,Severovýchod,Pardubický kraj,31554.2699677747,koruna česká,Kč
Průměrná hrubá měsíční mzda na přepočtené počty zaměstnanců (Kč),1. čtvrtletí 2021,Pracovištní metoda,Česko,Jihovýchod,Kraj Vysočina,32936.9378008945,koruna česká,Kč
Průměrná hrubá měsíční mzda na přepočtené počty zaměstnanců (Kč),1. čtvrtletí 2021,Pracovištní metoda,Česko,Jihovýchod,Jihomoravský kraj,34988.6721849109,koruna česká,Kč
Průměrná hrubá měsíční mzda na přepočtené počty zaměstnanců (Kč),1. čtvrtletí 2021,Pracovištní metoda,Česko,Střední Morava,Olomoucký kraj,32034.763725291,koruna česká,Kč
Průměrná hrubá měsíční mzda na přepočtené počty zaměstnanců (Kč),1. čtvrtletí 2021,Pracovištní metoda,Česko,Střední Morava,Zlínský kraj,31514.8813691664,koruna česká,Kč
Průměrná hrubá měsíční mzda na přepočtené počty zaměstnanců (Kč),1. čtvrtletí 2021,Pracovištní metoda,Česko,Moravskoslezsko,Moravskoslezský kraj,32231.6778916849,koruna česká,Kč
Průměrná hrubá měsíční mzda na přepočtené počty zaměstnanců (Kč),4. čtvrtletí 2020,Pracovištní metoda,Česko,,,39092.0628896785,koruna česká,Kč
Průměrná hrubá měsíční mzda na přepočtené počty zaměstnanců (Kč),4. čtvrtletí 2020,Pracovištní metoda,Česko,Praha,,47191.6041485703,koruna česká,Kč
Průměrná hrubá měsíční mzda na přepočtené počty zaměstnanců (Kč),4. čtvrtletí 2020,Pracovištní metoda,Česko,Střední Čechy,,39563.3967313625,koruna česká,Kč
Průměrná hrubá měsíční mzda na přepočtené počty zaměstnanců (Kč),4. čtvrtletí 2020,Pracovištní metoda,Česko,Jihozápad,,37146.4778147021,koruna česká,Kč
Průměrná hrubá měsíční mzda na přepočtené počty zaměstnanců (Kč),4. čtvrtletí 2020,Pracovištní metoda,Česko,Severozápad,,36142.1712432936,koruna česká,Kč
Průměrná hrubá měsíční mzda na přepočtené počty zaměstnanců (Kč),4. čtvrtletí 2020,Pracovištní metoda,Česko,Severovýchod,,36543.7161433178,koruna česká,Kč
Průměrná hrubá měsíční mzda na přepočtené počty zaměstnanců (Kč),4. čtvrtletí 2020,Pracovištní metoda,Česko,Jihovýchod,,37919.7531296805,koruna česká,Kč
Průměrná hrubá měsíční mzda na přepočtené počty zaměstnanců (Kč),4. čtvrtletí 2020,Pracovištní metoda,Česko,Střední Morava,,35452.8654665995,koruna česká,Kč
Průměrná hrubá měsíční mzda na přepočtené počty zaměstnanců (Kč),4. čtvrtletí 2020,Pracovištní metoda,Česko,Moravskoslezsko,,35487.641487287,koruna česká,Kč
Průměrná hrubá měsíční mzda na přepočtené počty zaměstnanců (Kč),4. čtvrtletí 2020,Pracovištní metoda,Česko,Praha,Hlavní město Praha,47191.6041485703,koruna česká,Kč
Průměrná hrubá měsíční mzda na přepočtené počty zaměstnanců (Kč),4. čtvrtletí 2020,Pracovištní metoda,Česko,Střední Čechy,Středočeský kraj,39563.3967313625,koruna česká,Kč
Průměrná hrubá měsíční mzda na přepočtené počty zaměstnanců (Kč),4. čtvrtletí 2020,Pracovištní metoda,Česko,Jihozápad,Jihočeský kraj,36080.8316449524,koruna česká,Kč
Průměrná hrubá měsíční mzda na přepočtené počty zaměstnanců (Kč),4. čtvrtletí 2020,Pracovištní metoda,Česko,Jihozápad,Plzeňský kraj,38257.7310561085,koruna česká,Kč
Průměrná hrubá měsíční mzda na přepočtené počty zaměstnanců (Kč),4. čtvrtletí 2020,Pracovištní metoda,Česko,Severozápad,Karlovarský kraj,34217.1832270786,koruna česká,Kč
Průměrná hrubá měsíční mzda na přepočtené počty zaměstnanců (Kč),4. čtvrtletí 2020,Pracovištní metoda,Česko,Severozápad,Ústecký kraj,36795.3185171597,koruna česká,Kč
Průměrná hrubá měsíční mzda na přepočtené počty zaměstnanců (Kč),4. čtvrtletí 2020,Pracovištní metoda,Česko,Severovýchod,Liberecký kraj,36379.1064746754,koruna česká,Kč
Průměrná hrubá měsíční mzda na přepočtené počty zaměstnanců (Kč),4. čtvrtletí 2020,Pracovištní metoda,Česko,Severovýchod,Královéhradecký kraj,37266.5627498591,koruna česká,Kč
Průměrná hrubá měsíční mzda na přepočtené počty zaměstnanců (Kč),4. čtvrtletí 2020,Pracovištní metoda,Česko,Severovýchod,Pardubický kraj,35894.1614418433,koruna česká,Kč
Průměrná hrubá měsíční mzda na přepočtené počty zaměstnanců (Kč),4. čtvrtletí 2020,Pracovištní metoda,Česko,Jihovýchod,Kraj Vysočina,36088.5614660968,koruna česká,Kč
Průměrná hrubá měsíční mzda na přepočtené počty zaměstnanců (Kč),4. čtvrtletí 2020,Pracovištní metoda,Česko,Jihovýchod,Jihomoravský kraj,38597.747611368,koruna česká,Kč
Průměrná hrubá měsíční mzda na přepočtené počty zaměstnanců (Kč),4. čtvrtletí 2020,Pracovištní metoda,Česko,Střední Morava,Olomoucký kraj,36144.9464479578,koruna česká,Kč
Průměrná hrubá měsíční mzda na přepočtené počty zaměstnanců (Kč),4. čtvrtletí 2020,Pracovištní metoda,Česko,Střední Morava,Zlínský kraj,34712.9962262016,koruna česká,Kč
Průměrná hrubá měsíční mzda na přepočtené počty zaměstnanců (Kč),4. čtvrtletí 2020,Pracovištní metoda,Česko,Moravskoslezsko,Moravskoslezský kraj,35487.641487287,koruna česká,Kč
Průměrná hrubá měsíční mzda na přepočtené počty zaměstnanců (Kč),3. čtvrtletí 2020,Pracovištní metoda,Česko,,,35975.2646847443,koruna česká,Kč
Průměrná hrubá měsíční mzda na přepočtené počty zaměstnanců (Kč),3. čtvrtletí 2020,Pracovištní metoda,Česko,Praha,,44294.440307367,koruna česká,Kč
Průměrná hrubá měsíční mzda na přepočtené počty zaměstnanců (Kč),3. čtvrtletí 2020,Pracovištní metoda,Česko,Střední Čechy,,36334.7776705071,koruna česká,Kč
Průměrná hrubá měsíční mzda na přepočtené počty zaměstnanců (Kč),3. čtvrtletí 2020,Pracovištní metoda,Česko,Jihozápad,,33793.8364339384,koruna česká,Kč
Průměrná hrubá měsíční mzda na přepočtené počty zaměstnanců (Kč),3. čtvrtletí 2020,Pracovištní metoda,Česko,Severozápad,,33123.5876792555,koruna česká,Kč
Průměrná hrubá měsíční mzda na přepočtené počty zaměstnanců (Kč),3. čtvrtletí 2020,Pracovištní metoda,Česko,Severovýchod,,33237.1125830011,koruna česká,Kč
Průměrná hrubá měsíční mzda na přepočtené počty zaměstnanců (Kč),3. čtvrtletí 2020,Pracovištní metoda,Česko,Jihovýchod,,34738.5536536466,koruna česká,Kč
Průměrná hrubá měsíční mzda na přepočtené počty zaměstnanců (Kč),3. čtvrtletí 2020,Pracovištní metoda,Česko,Střední Morava,,32447.2437668582,koruna česká,Kč
Průměrná hrubá měsíční mzda na přepočtené počty zaměstnanců (Kč),3. čtvrtletí 2020,Pracovištní metoda,Česko,Moravskoslezsko,,32571.4106428373,koruna česká,Kč
Průměrná hrubá měsíční mzda na přepočtené počty zaměstnanců (Kč),3. čtvrtletí 2020,Pracovištní metoda,Česko,Praha,Hlavní město Praha,44294.440307367,koruna česká,Kč
Průměrná hrubá měsíční mzda na přepočtené počty zaměstnanců (Kč),3. čtvrtletí 2020,Pracovištní metoda,Česko,Střední Čechy,Středočeský kraj,36334.7776705071,koruna česká,Kč
Průměrná hrubá měsíční mzda na přepočtené počty zaměstnanců (Kč),3. čtvrtletí 2020,Pracovištní metoda,Česko,Jihozápad,Jihočeský kraj,32630.7699747536,koruna česká,Kč
Průměrná hrubá měsíční mzda na přepočtené počty zaměstnanců (Kč),3. čtvrtletí 2020,Pracovištní metoda,Česko,Jihozápad,Plzeňský kraj,35015.1212929511,koruna česká,Kč
Průměrná hrubá měsíční mzda na přepočtené počty zaměstnanců (Kč),3. čtvrtletí 2020,Pracovištní metoda,Česko,Severozápad,Karlovarský kraj,31522.527566002,koruna česká,Kč
Průměrná hrubá měsíční mzda na přepočtené počty zaměstnanců (Kč),3. čtvrtletí 2020,Pracovištní metoda,Česko,Severozápad,Ústecký kraj,33669.6372768705,koruna česká,Kč
Průměrná hrubá měsíční mzda na přepočtené počty zaměstnanců (Kč),3. čtvrtletí 2020,Pracovištní metoda,Česko,Severovýchod,Liberecký kraj,33427.008149211,koruna česká,Kč
Průměrná hrubá měsíční mzda na přepočtené počty zaměstnanců (Kč),3. čtvrtletí 2020,Pracovištní metoda,Česko,Severovýchod,Královéhradecký kraj,33739.1829215494,koruna česká,Kč
Průměrná hrubá měsíční mzda na přepočtené počty zaměstnanců (Kč),3. čtvrtletí 2020,Pracovištní metoda,Česko,Severovýchod,Pardubický kraj,32547.5506187819,koruna česká,Kč
Průměrná hrubá měsíční mzda na přepočtené počty zaměstnanců (Kč),3. čtvrtletí 2020,Pracovištní metoda,Česko,Jihovýchod,Kraj Vysočina,33311.681964424,koruna česká,Kč
Průměrná hrubá měsíční mzda na přepočtené počty zaměstnanců (Kč),3. čtvrtletí 2020,Pracovištní metoda,Česko,Jihovýchod,Jihomoravský kraj,35265.1120918541,koruna česká,Kč
Průměrná hrubá měsíční mzda na přepočtené počty zaměstnanců (Kč),3. čtvrtletí 2020,Pracovištní metoda,Česko,Střední Morava,Olomoucký kraj,33049.4966012945,koruna česká,Kč
Průměrná hrubá měsíční mzda na přepočtené počty zaměstnanců (Kč),3. čtvrtletí 2020,Pracovištní metoda,Česko,Střední Morava,Zlínský kraj,31805.6740042127,koruna česká,Kč
Průměrná hrubá měsíční mzda na přepočtené počty zaměstnanců (Kč),3. čtvrtletí 2020,Pracovištní metoda,Česko,Moravskoslezsko,Moravskoslezský kraj,32571.4106428373,koruna česká,Kč
Průměrná hrubá měsíční mzda na přepočtené počty zaměstnanců (Kč),2. čtvrtletí 2020,Pracovištní metoda,Česko,,,34874.8346564018,koruna česká,Kč
Průměrná hrubá měsíční mzda na přepočtené počty zaměstnanců (Kč),2. čtvrtletí 2020,Pracovištní metoda,Česko,Praha,,43746.3431477942,koruna česká,Kč
Průměrná hrubá měsíční mzda na přepočtené počty zaměstnanců (Kč),2. čtvrtletí 2020,Pracovištní metoda,Česko,Střední Čechy,,36779.8012008508,koruna česká,Kč
Průměrná hrubá měsíční mzda na přepočtené počty zaměstnanců (Kč),2. čtvrtletí 2020,Pracovištní metoda,Česko,Jihozápad,,32235.9970804946,koruna česká,Kč
Průměrná hrubá měsíční mzda na přepočtené počty zaměstnanců (Kč),2. čtvrtletí 2020,Pracovištní metoda,Česko,Severozápad,,31750.9919151686,koruna česká,Kč
Průměrná hrubá měsíční mzda na přepočtené počty zaměstnanců (Kč),2. čtvrtletí 2020,Pracovištní metoda,Česko,Severovýchod,,31847.6741609141,koruna česká,Kč
Průměrná hrubá měsíční mzda na přepočtené počty zaměstnanců (Kč),2. čtvrtletí 2020,Pracovištní metoda,Česko,Jihovýchod,,33232.1887133017,koruna česká,Kč
Průměrná hrubá měsíční mzda na přepočtené počty zaměstnanců (Kč),2. čtvrtletí 2020,Pracovištní metoda,Česko,Střední Morava,,30778.1437647095,koruna česká,Kč
Průměrná hrubá měsíční mzda na přepočtené počty zaměstnanců (Kč),2. čtvrtletí 2020,Pracovištní metoda,Česko,Moravskoslezsko,,31119.0715167682,koruna česká,Kč
Průměrná hrubá měsíční mzda na přepočtené počty zaměstnanců (Kč),2. čtvrtletí 2020,Pracovištní metoda,Česko,Praha,Hlavní město Praha,43746.3431477942,koruna česká,Kč
Průměrná hrubá měsíční mzda na přepočtené počty zaměstnanců (Kč),2. čtvrtletí 2020,Pracovištní metoda,Česko,Střední Čechy,Středočeský kraj,36779.8012008508,koruna česká,Kč
Průměrná hrubá měsíční mzda na přepočtené počty zaměstnanců (Kč),2. čtvrtletí 2020,Pracovištní metoda,Česko,Jihozápad,Jihočeský kraj,31320.6821048057,koruna česká,Kč
Průměrná hrubá měsíční mzda na přepočtené počty zaměstnanců (Kč),2. čtvrtletí 2020,Pracovištní metoda,Česko,Jihozápad,Plzeňský kraj,33193.0210747279,koruna česká,Kč
Průměrná hrubá měsíční mzda na přepočtené počty zaměstnanců (Kč),2. čtvrtletí 2020,Pracovištní metoda,Česko,Severozápad,Karlovarský kraj,29555.1549037986,koruna česká,Kč
Průměrná hrubá měsíční mzda na přepočtené počty zaměstnanců (Kč),2. čtvrtletí 2020,Pracovištní metoda,Česko,Severozápad,Ústecký kraj,32504.6387797173,koruna česká,Kč
Průměrná hrubá měsíční mzda na přepočtené počty zaměstnanců (Kč),2. čtvrtletí 2020,Pracovištní metoda,Česko,Severovýchod,Liberecký kraj,31288.634904327,koruna česká,Kč
Průměrná hrubá měsíční mzda na přepočtené počty zaměstnanců (Kč),2. čtvrtletí 2020,Pracovištní metoda,Česko,Severovýchod,Královéhradecký kraj,33062.5110567335,koruna česká,Kč
Průměrná hrubá měsíční mzda na přepočtené počty zaměstnanců (Kč),2. čtvrtletí 2020,Pracovištní metoda,Česko,Severovýchod,Pardubický kraj,30980.0698591209,koruna česká,Kč
Průměrná hrubá měsíční mzda na přepočtené počty zaměstnanců (Kč),2. čtvrtletí 2020,Pracovištní metoda,Česko,Jihovýchod,Kraj Vysočina,31436.1927039126,koruna česká,Kč
Průměrná hrubá měsíční mzda na přepočtené počty zaměstnanců (Kč),2. čtvrtletí 2020,Pracovištní metoda,Česko,Jihovýchod,Jihomoravský kraj,33899.0888998522,koruna česká,Kč
Průměrná hrubá měsíční mzda na přepočtené počty zaměstnanců (Kč),2. čtvrtletí 2020,Pracovištní metoda,Česko,Střední Morava,Olomoucký kraj,31277.2478378053,koruna česká,Kč
Průměrná hrubá měsíční mzda na přepočtené počty zaměstnanců (Kč),2. čtvrtletí 2020,Pracovištní metoda,Česko,Střední Morava,Zlínský kraj,30245.3051642442,koruna česká,Kč
Průměrná hrubá měsíční mzda na přepočtené počty zaměstnanců (Kč),2. čtvrtletí 2020,Pracovištní metoda,Česko,Moravskoslezsko,Moravskoslezský kraj,31119.0715167682,koruna česká,Kč
Průměrná hrubá měsíční mzda na přepočtené počty zaměstnanců (Kč),1. čtvrtletí 2020,Pracovištní metoda,Česko,,,34760.5876038042,koruna česká,Kč
Průměrná hrubá měsíční mzda na přepočtené počty zaměstnanců (Kč),1. čtvrtletí 2020,Pracovištní metoda,Česko,Praha,,44503.7561996558,koruna česká,Kč
Průměrná hrubá měsíční mzda na přepočtené počty zaměstnanců (Kč),1. čtvrtletí 2020,Pracovištní metoda,Česko,Střední Čechy,,34997.8303375328,koruna česká,Kč
Průměrná hrubá měsíční mzda na přepočtené počty zaměstnanců (Kč),1. čtvrtletí 2020,Pracovištní metoda,Česko,Jihozápad,,32184.6880883596,koruna česká,Kč
Průměrná hrubá měsíční mzda na přepočtené počty zaměstnanců (Kč),1. čtvrtletí 2020,Pracovištní metoda,Česko,Severozápad,,31420.761920674,koruna česká,Kč
Průměrná hrubá měsíční mzda na přepočtené počty zaměstnanců (Kč),1. čtvrtletí 2020,Pracovištní metoda,Česko,Severovýchod,,31473.9068837786,koruna česká,Kč
Průměrná hrubá měsíční mzda na přepočtené počty zaměstnanců (Kč),1. čtvrtletí 2020,Pracovištní metoda,Česko,Jihovýchod,,33226.2393194429,koruna česká,Kč
Průměrná hrubá měsíční mzda na přepočtené počty zaměstnanců (Kč),1. čtvrtletí 2020,Pracovištní metoda,Česko,Střední Morava,,30578.0026282295,koruna česká,Kč
Průměrná hrubá měsíční mzda na přepočtené počty zaměstnanců (Kč),1. čtvrtletí 2020,Pracovištní metoda,Česko,Moravskoslezsko,,30989.2459440102,koruna česká,Kč
Průměrná hrubá měsíční mzda na přepočtené počty zaměstnanců (Kč),1. čtvrtletí 2020,Pracovištní metoda,Česko,Praha,Hlavní město Praha,44503.7561996558,koruna česká,Kč
Průměrná hrubá měsíční mzda na přepočtené počty zaměstnanců (Kč),1. čtvrtletí 2020,Pracovištní metoda,Česko,Střední Čechy,Středočeský kraj,34997.8303375328,koruna česká,Kč
Průměrná hrubá měsíční mzda na přepočtené počty zaměstnanců (Kč),1. čtvrtletí 2020,Pracovištní metoda,Česko,Jihozápad,Jihočeský kraj,31050.5726346042,koruna česká,Kč
Průměrná hrubá měsíční mzda na přepočtené počty zaměstnanců (Kč),1. čtvrtletí 2020,Pracovištní metoda,Česko,Jihozápad,Plzeňský kraj,33362.2294408853,koruna česká,Kč
Průměrná hrubá měsíční mzda na přepočtené počty zaměstnanců (Kč),1. čtvrtletí 2020,Pracovištní metoda,Česko,Severozápad,Karlovarský kraj,29727.6909792463,koruna česká,Kč
Průměrná hrubá měsíční mzda na přepočtené počty zaměstnanců (Kč),1. čtvrtletí 2020,Pracovištní metoda,Česko,Severozápad,Ústecký kraj,32013.3967443745,koruna česká,Kč
Průměrná hrubá měsíční mzda na přepočtené počty zaměstnanců (Kč),1. čtvrtletí 2020,Pracovištní metoda,Česko,Severovýchod,Liberecký kraj,31639.749915716,koruna česká,Kč
Průměrná hrubá měsíční mzda na přepočtené počty zaměstnanců (Kč),1. čtvrtletí 2020,Pracovištní metoda,Česko,Severovýchod,Královéhradecký kraj,31983.6248176088,koruna česká,Kč
Průměrná hrubá měsíční mzda na přepočtené počty zaměstnanců (Kč),1. čtvrtletí 2020,Pracovištní metoda,Česko,Severovýchod,Pardubický kraj,30789.8061481505,koruna česká,Kč
Průměrná hrubá měsíční mzda na přepočtené počty zaměstnanců (Kč),1. čtvrtletí 2020,Pracovištní metoda,Česko,Jihovýchod,Kraj Vysočina,31604.8697465353,koruna česká,Kč
Průměrná hrubá měsíční mzda na přepočtené počty zaměstnanců (Kč),1. čtvrtletí 2020,Pracovištní metoda,Česko,Jihovýchod,Jihomoravský kraj,33828.5183810925,koruna česká,Kč
Průměrná hrubá měsíční mzda na přepočtené počty zaměstnanců (Kč),1. čtvrtletí 2020,Pracovištní metoda,Česko,Střední Morava,Olomoucký kraj,30829.3951976292,koruna česká,Kč
Průměrná hrubá měsíční mzda na přepočtené počty zaměstnanců (Kč),1. čtvrtletí 2020,Pracovištní metoda,Česko,Střední Morava,Zlínský kraj,30310.1588811916,koruna česká,Kč
Průměrná hrubá měsíční mzda na přepočtené počty zaměstnanců (Kč),1. čtvrtletí 2020,Pracovištní metoda,Česko,Moravskoslezsko,Moravskoslezský kraj,30989.2459440102,koruna česká,Kč
Průměrná hrubá měsíční mzda na přepočtené počty zaměstnanců (Kč),4. čtvrtletí 2019,Pracovištní metoda,Česko,,,36634.1086215804,koruna česká,Kč
Průměrná hrubá měsíční mzda na přepočtené počty zaměstnanců (Kč),4. čtvrtletí 2019,Pracovištní metoda,Česko,Praha,,44871.2286943985,koruna česká,Kč
Průměrná hrubá měsíční mzda na přepočtené počty zaměstnanců (Kč),4. čtvrtletí 2019,Pracovištní metoda,Česko,Střední Čechy,,37561.6334636577,koruna česká,Kč
Průměrná hrubá měsíční mzda na přepočtené počty zaměstnanců (Kč),4. čtvrtletí 2019,Pracovištní metoda,Česko,Jihozápad,,34658.0621931467,koruna česká,Kč
Průměrná hrubá měsíční mzda na přepočtené počty zaměstnanců (Kč),4. čtvrtletí 2019,Pracovištní metoda,Česko,Severozápad,,33451.5406257801,koruna česká,Kč
Průměrná hrubá měsíční mzda na přepočtené počty zaměstnanců (Kč),4. čtvrtletí 2019,Pracovištní metoda,Česko,Severovýchod,,33976.5481849283,koruna česká,Kč
Průměrná hrubá měsíční mzda na přepočtené počty zaměstnanců (Kč),4. čtvrtletí 2019,Pracovištní metoda,Česko,Jihovýchod,,35275.5429678714,koruna česká,Kč
Průměrná hrubá měsíční mzda na přepočtené počty zaměstnanců (Kč),4. čtvrtletí 2019,Pracovištní metoda,Česko,Střední Morava,,33137.3353133346,koruna česká,Kč
Průměrná hrubá měsíční mzda na přepočtené počty zaměstnanců (Kč),4. čtvrtletí 2019,Pracovištní metoda,Česko,Moravskoslezsko,,32855.6356557924,koruna česká,Kč
Průměrná hrubá měsíční mzda na přepočtené počty zaměstnanců (Kč),4. čtvrtletí 2019,Pracovištní metoda,Česko,Praha,Hlavní město Praha,44871.2286943985,koruna česká,Kč
Průměrná hrubá měsíční mzda na přepočtené počty zaměstnanců (Kč),4. čtvrtletí 2019,Pracovištní metoda,Česko,Střední Čechy,Středočeský kraj,37561.6334636577,koruna česká,Kč
Průměrná hrubá měsíční mzda na přepočtené počty zaměstnanců (Kč),4. čtvrtletí 2019,Pracovištní metoda,Česko,Jihozápad,Jihočeský kraj,33631.6327680242,koruna česká,Kč
Průměrná hrubá měsíční mzda na přepočtené počty zaměstnanců (Kč),4. čtvrtletí 2019,Pracovištní metoda,Česko,Jihozápad,Plzeňský kraj,35732.8232133391,koruna česká,Kč
Průměrná hrubá měsíční mzda na přepočtené počty zaměstnanců (Kč),4. čtvrtletí 2019,Pracovištní metoda,Česko,Severozápad,Karlovarský kraj,32018.4362023044,koruna česká,Kč
Průměrná hrubá měsíční mzda na přepočtené počty zaměstnanců (Kč),4. čtvrtletí 2019,Pracovištní metoda,Česko,Severozápad,Ústecký kraj,33953.810526446,koruna česká,Kč
Průměrná hrubá měsíční mzda na přepočtené počty zaměstnanců (Kč),4. čtvrtletí 2019,Pracovištní metoda,Česko,Severovýchod,Liberecký kraj,34171.4808573709,koruna česká,Kč
Průměrná hrubá měsíční mzda na přepočtené počty zaměstnanců (Kč),4. čtvrtletí 2019,Pracovištní metoda,Česko,Severovýchod,Královéhradecký kraj,34286.4894239107,koruna česká,Kč
Průměrná hrubá měsíční mzda na přepočtené počty zaměstnanců (Kč),4. čtvrtletí 2019,Pracovištní metoda,Česko,Severovýchod,Pardubický kraj,33480.6477659444,koruna česká,Kč
Průměrná hrubá měsíční mzda na přepočtené počty zaměstnanců (Kč),4. čtvrtletí 2019,Pracovištní metoda,Česko,Jihovýchod,Kraj Vysočina,33690.8748331256,koruna česká,Kč
Průměrná hrubá měsíční mzda na přepočtené počty zaměstnanců (Kč),4. čtvrtletí 2019,Pracovištní metoda,Česko,Jihovýchod,Jihomoravský kraj,35865.4783124247,koruna česká,Kč
Průměrná hrubá měsíční mzda na přepočtené počty zaměstnanců (Kč),4. čtvrtletí 2019,Pracovištní metoda,Česko,Střední Morava,Olomoucký kraj,33288.9457714441,koruna česká,Kč
Průměrná hrubá měsíční mzda na přepočtené počty zaměstnanců (Kč),4. čtvrtletí 2019,Pracovištní metoda,Česko,Střední Morava,Zlínský kraj,32974.8588585665,koruna česká,Kč
Průměrná hrubá měsíční mzda na přepočtené počty zaměstnanců (Kč),4. čtvrtletí 2019,Pracovištní metoda,Česko,Moravskoslezsko,Moravskoslezský kraj,32855.6356557924,koruna česká,Kč
Průměrná hrubá měsíční mzda na přepočtené počty zaměstnanců (Kč),3. čtvrtletí 2019,Pracovištní metoda,Česko,,,34127.0489123391,koruna česká,Kč
Průměrná hrubá měsíční mzda na přepočtené počty zaměstnanců (Kč),3. čtvrtletí 2019,Pracovištní metoda,Česko,Praha,,42169.2171070901,koruna česká,Kč
Průměrná hrubá měsíční mzda na přepočtené počty zaměstnanců (Kč),3. čtvrtletí 2019,Pracovištní metoda,Česko,Střední Čechy,,34746.6318142823,koruna česká,Kč
Průměrná hrubá měsíční mzda na přepočtené počty zaměstnanců (Kč),3. čtvrtletí 2019,Pracovištní metoda,Česko,Jihozápad,,32232.5260793846,koruna česká,Kč
Průměrná hrubá měsíční mzda na přepočtené počty zaměstnanců (Kč),3. čtvrtletí 2019,Pracovištní metoda,Česko,Severozápad,,31319.1522657092,koruna česká,Kč
Průměrná hrubá měsíční mzda na přepočtené počty zaměstnanců (Kč),3. čtvrtletí 2019,Pracovištní metoda,Česko,Severovýchod,,31472.324798935,koruna česká,Kč
Průměrná hrubá měsíční mzda na přepočtené počty zaměstnanců (Kč),3. čtvrtletí 2019,Pracovištní metoda,Česko,Jihovýchod,,32739.8580789912,koruna česká,Kč
Průměrná hrubá měsíční mzda na přepočtené počty zaměstnanců (Kč),3. čtvrtletí 2019,Pracovištní metoda,Česko,Střední Morava,,30681.1270784875,koruna česká,Kč
Průměrná hrubá měsíční mzda na přepočtené počty zaměstnanců (Kč),3. čtvrtletí 2019,Pracovištní metoda,Česko,Moravskoslezsko,,30822.1491037492,koruna česká,Kč
Průměrná hrubá měsíční mzda na přepočtené počty zaměstnanců (Kč),3. čtvrtletí 2019,Pracovištní metoda,Česko,Praha,Hlavní město Praha,42169.2171070901,koruna česká,Kč
Průměrná hrubá měsíční mzda na přepočtené počty zaměstnanců (Kč),3. čtvrtletí 2019,Pracovištní metoda,Česko,Střední Čechy,Středočeský kraj,34746.6318142823,koruna česká,Kč
Průměrná hrubá měsíční mzda na přepočtené počty zaměstnanců (Kč),3. čtvrtletí 2019,Pracovištní metoda,Česko,Jihozápad,Jihočeský kraj,31037.0348836188,koruna česká,Kč
Průměrná hrubá měsíční mzda na přepočtené počty zaměstnanců (Kč),3. čtvrtletí 2019,Pracovištní metoda,Česko,Jihozápad,Plzeňský kraj,33491.4517330989,koruna česká,Kč
Průměrná hrubá měsíční mzda na přepočtené počty zaměstnanců (Kč),3. čtvrtletí 2019,Pracovištní metoda,Česko,Severozápad,Karlovarský kraj,30154.997909241,koruna česká,Kč
Průměrná hrubá měsíční mzda na přepočtené počty zaměstnanců (Kč),3. čtvrtletí 2019,Pracovištní metoda,Česko,Severozápad,Ústecký kraj,31727.8150546016,koruna česká,Kč
Průměrná hrubá měsíční mzda na přepočtené počty zaměstnanců (Kč),3. čtvrtletí 2019,Pracovištní metoda,Česko,Severovýchod,Liberecký kraj,31879.5542457942,koruna česká,Kč
Průměrná hrubá měsíční mzda na přepočtené počty zaměstnanců (Kč),3. čtvrtletí 2019,Pracovištní metoda,Česko,Severovýchod,Královéhradecký kraj,31817.6868160117,koruna česká,Kč
Průměrná hrubá měsíční mzda na přepočtené počty zaměstnanců (Kč),3. čtvrtletí 2019,Pracovištní metoda,Česko,Severovýchod,Pardubický kraj,30770.0798822803,koruna česká,Kč
Průměrná hrubá měsíční mzda na přepočtené počty zaměstnanců (Kč),3. čtvrtletí 2019,Pracovištní metoda,Česko,Jihovýchod,Kraj Vysočina,31495.6312833863,koruna česká,Kč
Průměrná hrubá měsíční mzda na přepočtené počty zaměstnanců (Kč),3. čtvrtletí 2019,Pracovištní metoda,Česko,Jihovýchod,Jihomoravský kraj,33204.8524880328,koruna česká,Kč
Průměrná hrubá měsíční mzda na přepočtené počty zaměstnanců (Kč),3. čtvrtletí 2019,Pracovištní metoda,Česko,Střední Morava,Olomoucký kraj,30957.6584391548,koruna česká,Kč
Průměrná hrubá měsíční mzda na přepočtené počty zaměstnanců (Kč),3. čtvrtletí 2019,Pracovištní metoda,Česko,Střední Morava,Zlínský kraj,30385.1548443984,koruna česká,Kč
Průměrná hrubá měsíční mzda na přepočtené počty zaměstnanců (Kč),3. čtvrtletí 2019,Pracovištní metoda,Česko,Moravskoslezsko,Moravskoslezský kraj,30822.1491037492,koruna česká,Kč
Průměrná hrubá měsíční mzda na přepočtené počty zaměstnanců (Kč),2. čtvrtletí 2019,Pracovištní metoda,Česko,,,34576.0599645211,koruna česká,Kč
Průměrná hrubá měsíční mzda na přepočtené počty zaměstnanců (Kč),2. čtvrtletí 2019,Pracovištní metoda,Česko,Praha,,42887.0549306141,koruna česká,Kč
Průměrná hrubá měsíční mzda na přepočtené počty zaměstnanců (Kč),2. čtvrtletí 2019,Pracovištní metoda,Česko,Střední Čechy,,36852.4152239412,koruna česká,Kč
Průměrná hrubá měsíční mzda na přepočtené počty zaměstnanců (Kč),2. čtvrtletí 2019,Pracovištní metoda,Česko,Jihozápad,,32224.7666980793,koruna česká,Kč
Průměrná hrubá měsíční mzda na přepočtené počty zaměstnanců (Kč),2. čtvrtletí 2019,Pracovištní metoda,Česko,Severozápad,,31256.7642892519,koruna česká,Kč
Průměrná hrubá měsíční mzda na přepočtené počty zaměstnanců (Kč),2. čtvrtletí 2019,Pracovištní metoda,Česko,Severovýchod,,32074.2935401462,koruna česká,Kč
Průměrná hrubá měsíční mzda na přepočtené počty zaměstnanců (Kč),2. čtvrtletí 2019,Pracovištní metoda,Česko,Jihovýchod,,32799.0421036311,koruna česká,Kč
Průměrná hrubá měsíční mzda na přepočtené počty zaměstnanců (Kč),2. čtvrtletí 2019,Pracovištní metoda,Česko,Střední Morava,,30641.4414083528,koruna česká,Kč
Průměrná hrubá měsíční mzda na přepočtené počty zaměstnanců (Kč),2. čtvrtletí 2019,Pracovištní metoda,Česko,Moravskoslezsko,,30963.4825507106,koruna česká,Kč
Průměrná hrubá měsíční mzda na přepočtené počty zaměstnanců (Kč),2. čtvrtletí 2019,Pracovištní metoda,Česko,Praha,Hlavní město Praha,42887.0549306141,koruna česká,Kč
Průměrná hrubá měsíční mzda na přepočtené počty zaměstnanců (Kč),2. čtvrtletí 2019,Pracovištní metoda,Česko,Střední Čechy,Středočeský kraj,36852.4152239412,koruna česká,Kč
Průměrná hrubá měsíční mzda na přepočtené počty zaměstnanců (Kč),2. čtvrtletí 2019,Pracovištní metoda,Česko,Jihozápad,Jihočeský kraj,31049.289047093,koruna česká,Kč
Průměrná hrubá měsíční mzda na přepočtené počty zaměstnanců (Kč),2. čtvrtletí 2019,Pracovištní metoda,Česko,Jihozápad,Plzeňský kraj,33456.3502792844,koruna česká,Kč
Průměrná hrubá měsíční mzda na přepočtené počty zaměstnanců (Kč),2. čtvrtletí 2019,Pracovištní metoda,Česko,Severozápad,Karlovarský kraj,29871.2825088507,koruna česká,Kč
Průměrná hrubá měsíční mzda na přepočtené počty zaměstnanců (Kč),2. čtvrtletí 2019,Pracovištní metoda,Česko,Severozápad,Ústecký kraj,31742.4975920987,koruna česká,Kč
Průměrná hrubá měsíční mzda na přepočtené počty zaměstnanců (Kč),2. čtvrtletí 2019,Pracovištní metoda,Česko,Severovýchod,Liberecký kraj,32302.1981177777,koruna česká,Kč
Průměrná hrubá měsíční mzda na přepočtené počty zaměstnanců (Kč),2. čtvrtletí 2019,Pracovištní metoda,Česko,Severovýchod,Královéhradecký kraj,33172.119114744,koruna česká,Kč
Průměrná hrubá měsíční mzda na přepočtené počty zaměstnanců (Kč),2. čtvrtletí 2019,Pracovištní metoda,Česko,Severovýchod,Pardubický kraj,30695.432107424,koruna česká,Kč
Průměrná hrubá měsíční mzda na přepočtené počty zaměstnanců (Kč),2. čtvrtletí 2019,Pracovištní metoda,Česko,Jihovýchod,Kraj Vysočina,31599.306598624,koruna česká,Kč
Průměrná hrubá měsíční mzda na přepočtené počty zaměstnanců (Kč),2. čtvrtletí 2019,Pracovištní metoda,Česko,Jihovýchod,Jihomoravský kraj,33247.8249595672,koruna česká,Kč
Průměrná hrubá měsíční mzda na přepočtené počty zaměstnanců (Kč),2. čtvrtletí 2019,Pracovištní metoda,Česko,Střední Morava,Olomoucký kraj,30761.5805229567,koruna česká,Kč
Průměrná hrubá měsíční mzda na přepočtené počty zaměstnanců (Kč),2. čtvrtletí 2019,Pracovištní metoda,Česko,Střední Morava,Zlínský kraj,30512.9697367399,koruna česká,Kč
Průměrná hrubá měsíční mzda na přepočtené počty zaměstnanců (Kč),2. čtvrtletí 2019,Pracovištní metoda,Česko,Moravskoslezsko,Moravskoslezský kraj,30963.4825507106,koruna česká,Kč
Průměrná hrubá měsíční mzda na přepočtené počty zaměstnanců (Kč),1. čtvrtletí 2019,Pracovištní metoda,Česko,,,32950.9726268539,koruna česká,Kč
Průměrná hrubá měsíční mzda na přepočtené počty zaměstnanců (Kč),1. čtvrtletí 2019,Pracovištní metoda,Česko,Praha,,42286.2881788699,koruna česká,Kč
Průměrná hrubá měsíční mzda na přepočtené počty zaměstnanců (Kč),1. čtvrtletí 2019,Pracovištní metoda,Česko,Střední Čechy,,33243.1436935042,koruna česká,Kč
Průměrná hrubá měsíční mzda na přepočtené počty zaměstnanců (Kč),1. čtvrtletí 2019,Pracovištní metoda,Česko,Jihozápad,,30610.5999099104,koruna česká,Kč
Průměrná hrubá měsíční mzda na přepočtené počty zaměstnanců (Kč),1. čtvrtletí 2019,Pracovištní metoda,Česko,Severozápad,,29894.313170027,koruna česká,Kč
Průměrná hrubá měsíční mzda na přepočtené počty zaměstnanců (Kč),1. čtvrtletí 2019,Pracovištní metoda,Česko,Severovýchod,,30120.2002496533,koruna česká,Kč
Průměrná hrubá měsíční mzda na přepočtené počty zaměstnanců (Kč),1. čtvrtletí 2019,Pracovištní metoda,Česko,Jihovýchod,,31353.0611201217,koruna česká,Kč
Průměrná hrubá měsíční mzda na přepočtené počty zaměstnanců (Kč),1. čtvrtletí 2019,Pracovištní metoda,Česko,Střední Morava,,28997.4272109328,koruna česká,Kč
Průměrná hrubá měsíční mzda na přepočtené počty zaměstnanců (Kč),1. čtvrtletí 2019,Pracovištní metoda,Česko,Moravskoslezsko,,29227.3116954903,koruna česká,Kč
Průměrná hrubá měsíční mzda na přepočtené počty zaměstnanců (Kč),1. čtvrtletí 2019,Pracovištní metoda,Česko,Praha,Hlavní město Praha,42286.2881788699,koruna česká,Kč
Průměrná hrubá měsíční mzda na přepočtené počty zaměstnanců (Kč),1. čtvrtletí 2019,Pracovištní metoda,Česko,Střední Čechy,Středočeský kraj,33243.1436935042,koruna česká,Kč
Průměrná hrubá měsíční mzda na přepočtené počty zaměstnanců (Kč),1. čtvrtletí 2019,Pracovištní metoda,Česko,Jihozápad,Jihočeský kraj,29504.2268175875,koruna česká,Kč
Průměrná hrubá měsíční mzda na přepočtené počty zaměstnanců (Kč),1. čtvrtletí 2019,Pracovištní metoda,Česko,Jihozápad,Plzeňský kraj,31765.6627002059,koruna česká,Kč
Průměrná hrubá měsíční mzda na přepočtené počty zaměstnanců (Kč),1. čtvrtletí 2019,Pracovištní metoda,Česko,Severozápad,Karlovarský kraj,28669.2856789075,koruna česká,Kč
Průměrná hrubá měsíční mzda na přepočtené počty zaměstnanců (Kč),1. čtvrtletí 2019,Pracovištní metoda,Česko,Severozápad,Ústecký kraj,30324.9154705612,koruna česká,Kč
Průměrná hrubá měsíční mzda na přepočtené počty zaměstnanců (Kč),1. čtvrtletí 2019,Pracovištní metoda,Česko,Severovýchod,Liberecký kraj,30704.9733061563,koruna česká,Kč
Průměrná hrubá měsíční mzda na přepočtené počty zaměstnanců (Kč),1. čtvrtletí 2019,Pracovištní metoda,Česko,Severovýchod,Královéhradecký kraj,30467.8566354941,koruna česká,Kč
Průměrná hrubá měsíční mzda na přepočtené počty zaměstnanců (Kč),1. čtvrtletí 2019,Pracovištní metoda,Česko,Severovýchod,Pardubický kraj,29271.2206023024,koruna česká,Kč
Průměrná hrubá měsíční mzda na přepočtené počty zaměstnanců (Kč),1. čtvrtletí 2019,Pracovištní metoda,Česko,Jihovýchod,Kraj Vysočina,29997.7039983127,koruna česká,Kč
Průměrná hrubá měsíční mzda na přepočtené počty zaměstnanců (Kč),1. čtvrtletí 2019,Pracovištní metoda,Česko,Jihovýchod,Jihomoravský kraj,31859.670120543,koruna česká,Kč
Průměrná hrubá měsíční mzda na přepočtené počty zaměstnanců (Kč),1. čtvrtletí 2019,Pracovištní metoda,Česko,Střední Morava,Olomoucký kraj,29226.2446265744,koruna česká,Kč
Průměrná hrubá měsíční mzda na přepočtené počty zaměstnanců (Kč),1. čtvrtletí 2019,Pracovištní metoda,Česko,Střední Morava,Zlínský kraj,28754.239523677,koruna česká,Kč
Průměrná hrubá měsíční mzda na přepočtené počty zaměstnanců (Kč),1. čtvrtletí 2019,Pracovištní metoda,Česko,Moravskoslezsko,Moravskoslezský kraj,29227.3116954903,koruna česká,Kč
Průměrná hrubá měsíční mzda na přepočtené počty zaměstnanců (Kč),4. čtvrtletí 2018,Pracovištní metoda,Česko,,,34057.485626046,koruna česká,Kč
Průměrná hrubá měsíční mzda na přepočtené počty zaměstnanců (Kč),4. čtvrtletí 2018,Pracovištní metoda,Česko,Praha,,42060.4763170725,koruna česká,Kč
Průměrná hrubá měsíční mzda na přepočtené počty zaměstnanců (Kč),4. čtvrtletí 2018,Pracovištní metoda,Česko,Střední Čechy,,34618.5433500973,koruna česká,Kč
Průměrná hrubá měsíční mzda na přepočtené počty zaměstnanců (Kč),4. čtvrtletí 2018,Pracovištní metoda,Česko,Jihozápad,,31990.1898963772,koruna česká,Kč
Průměrná hrubá měsíční mzda na přepočtené počty zaměstnanců (Kč),4. čtvrtletí 2018,Pracovištní metoda,Česko,Severozápad,,30803.4165314404,koruna česká,Kč
Průměrná hrubá měsíční mzda na přepočtené počty zaměstnanců (Kč),4. čtvrtletí 2018,Pracovištní metoda,Česko,Severovýchod,,31484.5969400244,koruna česká,Kč
Průměrná hrubá měsíční mzda na přepočtené počty zaměstnanců (Kč),4. čtvrtletí 2018,Pracovištní metoda,Česko,Jihovýchod,,32570.3012734124,koruna česká,Kč
Průměrná hrubá měsíční mzda na přepočtené počty zaměstnanců (Kč),4. čtvrtletí 2018,Pracovištní metoda,Česko,Střední Morava,,30891.4712859689,koruna česká,Kč
Průměrná hrubá měsíční mzda na přepočtené počty zaměstnanců (Kč),4. čtvrtletí 2018,Pracovištní metoda,Česko,Moravskoslezsko,,31041.3030897653,koruna česká,Kč
Průměrná hrubá měsíční mzda na přepočtené počty zaměstnanců (Kč),4. čtvrtletí 2018,Pracovištní metoda,Česko,Praha,Hlavní město Praha,42060.4763170725,koruna česká,Kč
Průměrná hrubá měsíční mzda na přepočtené počty zaměstnanců (Kč),4. čtvrtletí 2018,Pracovištní metoda,Česko,Střední Čechy,Středočeský kraj,34618.5433500973,koruna česká,Kč
Průměrná hrubá měsíční mzda na přepočtené počty zaměstnanců (Kč),4. čtvrtletí 2018,Pracovištní metoda,Česko,Jihozápad,Jihočeský kraj,30875.1638829889,koruna česká,Kč
Průměrná hrubá měsíční mzda na přepočtené počty zaměstnanců (Kč),4. čtvrtletí 2018,Pracovištní metoda,Česko,Jihozápad,Plzeňský kraj,33145.3895496226,koruna česká,Kč
Průměrná hrubá měsíční mzda na přepočtené počty zaměstnanců (Kč),4. čtvrtletí 2018,Pracovištní metoda,Česko,Severozápad,Karlovarský kraj,29736.6475786905,koruna česká,Kč
Průměrná hrubá měsíční mzda na přepočtené počty zaměstnanců (Kč),4. čtvrtletí 2018,Pracovištní metoda,Česko,Severozápad,Ústecký kraj,31181.2881402272,koruna česká,Kč
Průměrná hrubá měsíční mzda na přepočtené počty zaměstnanců (Kč),4. čtvrtletí 2018,Pracovištní metoda,Česko,Severovýchod,Liberecký kraj,31705.0120411604,koruna česká,Kč
Průměrná hrubá měsíční mzda na přepočtené počty zaměstnanců (Kč),4. čtvrtletí 2018,Pracovištní metoda,Česko,Severovýchod,Královéhradecký kraj,31645.533763843,koruna česká,Kč
Průměrná hrubá měsíční mzda na přepočtené počty zaměstnanců (Kč),4. čtvrtletí 2018,Pracovištní metoda,Česko,Severovýchod,Pardubický kraj,31132.0946039923,koruna česká,Kč
Průměrná hrubá měsíční mzda na přepočtené počty zaměstnanců (Kč),4. čtvrtletí 2018,Pracovištní metoda,Česko,Jihovýchod,Kraj Vysočina,31202.7621519081,koruna česká,Kč
Průměrná hrubá měsíční mzda na přepočtené počty zaměstnanců (Kč),4. čtvrtletí 2018,Pracovištní metoda,Česko,Jihovýchod,Jihomoravský kraj,33082.8004510078,koruna česká,Kč
Průměrná hrubá měsíční mzda na přepočtené počty zaměstnanců (Kč),4. čtvrtletí 2018,Pracovištní metoda,Česko,Střední Morava,Olomoucký kraj,30814.1227624381,koruna česká,Kč
Průměrná hrubá měsíční mzda na přepočtené počty zaměstnanců (Kč),4. čtvrtletí 2018,Pracovištní metoda,Česko,Střední Morava,Zlínský kraj,30974.4290538108,koruna česká,Kč
Průměrná hrubá měsíční mzda na přepočtené počty zaměstnanců (Kč),4. čtvrtletí 2018,Pracovištní metoda,Česko,Moravskoslezsko,Moravskoslezský kraj,31041.3030897653,koruna česká,Kč
Průměrná hrubá měsíční mzda na přepočtené počty zaměstnanců (Kč),3. čtvrtletí 2018,Pracovištní metoda,Česko,,,31684.8980694263,koruna česká,Kč
Průměrná hrubá měsíční mzda na přepočtené počty zaměstnanců (Kč),3. čtvrtletí 2018,Pracovištní metoda,Česko,Praha,,39441.8871787995,koruna česká,Kč
Průměrná hrubá měsíční mzda na přepočtené počty zaměstnanců (Kč),3. čtvrtletí 2018,Pracovištní metoda,Česko,Střední Čechy,,31925.4853507161,koruna česká,Kč
Průměrná hrubá měsíční mzda na přepočtené počty zaměstnanců (Kč),3. čtvrtletí 2018,Pracovištní metoda,Česko,Jihozápad,,29890.381522568,koruna česká,Kč
Průměrná hrubá měsíční mzda na přepočtené počty zaměstnanců (Kč),3. čtvrtletí 2018,Pracovištní metoda,Česko,Severozápad,,28855.9835294636,koruna česká,Kč
Průměrná hrubá měsíční mzda na přepočtené počty zaměstnanců (Kč),3. čtvrtletí 2018,Pracovištní metoda,Česko,Severovýchod,,29157.6054953639,koruna česká,Kč
Průměrná hrubá měsíční mzda na přepočtené počty zaměstnanců (Kč),3. čtvrtletí 2018,Pracovištní metoda,Česko,Jihovýchod,,30264.4344220117,koruna česká,Kč
Průměrná hrubá měsíční mzda na přepočtené počty zaměstnanců (Kč),3. čtvrtletí 2018,Pracovištní metoda,Česko,Střední Morava,,28537.0172161621,koruna česká,Kč
Průměrná hrubá měsíční mzda na přepočtené počty zaměstnanců (Kč),3. čtvrtletí 2018,Pracovištní metoda,Česko,Moravskoslezsko,,28814.5785563975,koruna česká,Kč
Průměrná hrubá měsíční mzda na přepočtené počty zaměstnanců (Kč),3. čtvrtletí 2018,Pracovištní metoda,Česko,Praha,Hlavní město Praha,39441.8871787995,koruna česká,Kč
Průměrná hrubá měsíční mzda na přepočtené počty zaměstnanců (Kč),3. čtvrtletí 2018,Pracovištní metoda,Česko,Střední Čechy,Středočeský kraj,31925.4853507161,koruna česká,Kč
Průměrná hrubá měsíční mzda na přepočtené počty zaměstnanců (Kč),3. čtvrtletí 2018,Pracovištní metoda,Česko,Jihozápad,Jihočeský kraj,28889.8724009122,koruna česká,Kč
Průměrná hrubá měsíční mzda na přepočtené počty zaměstnanců (Kč),3. čtvrtletí 2018,Pracovištní metoda,Česko,Jihozápad,Plzeňský kraj,30929.5246529221,koruna česká,Kč
Průměrná hrubá měsíční mzda na přepočtené počty zaměstnanců (Kč),3. čtvrtletí 2018,Pracovištní metoda,Česko,Severozápad,Karlovarský kraj,28002.7854370659,koruna česká,Kč
Průměrná hrubá měsíční mzda na přepočtené počty zaměstnanců (Kč),3. čtvrtletí 2018,Pracovištní metoda,Česko,Severozápad,Ústecký kraj,29158.9631019249,koruna česká,Kč
Průměrná hrubá měsíční mzda na přepočtené počty zaměstnanců (Kč),3. čtvrtletí 2018,Pracovištní metoda,Česko,Severovýchod,Liberecký kraj,29537.8381029064,koruna česká,Kč
Průměrná hrubá měsíční mzda na přepočtené počty zaměstnanců (Kč),3. čtvrtletí 2018,Pracovištní metoda,Česko,Severovýchod,Královéhradecký kraj,29307.7156694677,koruna česká,Kč
Průměrná hrubá měsíční mzda na přepočtené počty zaměstnanců (Kč),3. čtvrtletí 2018,Pracovištní metoda,Česko,Severovýchod,Pardubický kraj,28687.5136527293,koruna česká,Kč
Průměrná hrubá měsíční mzda na přepočtené počty zaměstnanců (Kč),3. čtvrtletí 2018,Pracovištní metoda,Česko,Jihovýchod,Kraj Vysočina,29245.6672655707,koruna česká,Kč
Průměrná hrubá měsíční mzda na přepočtené počty zaměstnanců (Kč),3. čtvrtletí 2018,Pracovištní metoda,Česko,Jihovýchod,Jihomoravský kraj,30647.369326103,koruna česká,Kč
Průměrná hrubá měsíční mzda na přepočtené počty zaměstnanců (Kč),3. čtvrtletí 2018,Pracovištní metoda,Česko,Střední Morava,Olomoucký kraj,28831.862680659,koruna česká,Kč
Průměrná hrubá měsíční mzda na přepočtené počty zaměstnanců (Kč),3. čtvrtletí 2018,Pracovištní metoda,Česko,Střední Morava,Zlínský kraj,28220.9568212378,koruna česká,Kč
Průměrná hrubá měsíční mzda na přepočtené počty zaměstnanců (Kč),3. čtvrtletí 2018,Pracovištní metoda,Česko,Moravskoslezsko,Moravskoslezský kraj,28814.5785563975,koruna česká,Kč
Průměrná hrubá měsíční mzda na přepočtené počty zaměstnanců (Kč),2. čtvrtletí 2018,Pracovištní metoda,Česko,,,32003.4306530442,koruna česká,Kč
Průměrná hrubá měsíční mzda na přepočtené počty zaměstnanců (Kč),2. čtvrtletí 2018,Pracovištní metoda,Česko,Praha,,39912.590189558,koruna česká,Kč
Průměrná hrubá měsíční mzda na přepočtené počty zaměstnanců (Kč),2. čtvrtletí 2018,Pracovištní metoda,Česko,Střední Čechy,,33927.2929426798,koruna česká,Kč
Průměrná hrubá měsíční mzda na přepočtené počty zaměstnanců (Kč),2. čtvrtletí 2018,Pracovištní metoda,Česko,Jihozápad,,29834.4686679971,koruna česká,Kč
Průměrná hrubá měsíční mzda na přepočtené počty zaměstnanců (Kč),2. čtvrtletí 2018,Pracovištní metoda,Česko,Severozápad,,28778.7829921349,koruna česká,Kč
Průměrná hrubá měsíční mzda na přepočtené počty zaměstnanců (Kč),2. čtvrtletí 2018,Pracovištní metoda,Česko,Severovýchod,,29657.7810922959,koruna česká,Kč
Průměrná hrubá měsíční mzda na přepočtené počty zaměstnanců (Kč),2. čtvrtletí 2018,Pracovištní metoda,Česko,Jihovýchod,,30148.0107787688,koruna česká,Kč
Průměrná hrubá měsíční mzda na přepočtené počty zaměstnanců (Kč),2. čtvrtletí 2018,Pracovištní metoda,Česko,Střední Morava,,28474.1051412585,koruna česká,Kč
Průměrná hrubá měsíční mzda na přepočtené počty zaměstnanců (Kč),2. čtvrtletí 2018,Pracovištní metoda,Česko,Moravskoslezsko,,28823.549846883,koruna česká,Kč
Průměrná hrubá měsíční mzda na přepočtené počty zaměstnanců (Kč),2. čtvrtletí 2018,Pracovištní metoda,Česko,Praha,Hlavní město Praha,39912.590189558,koruna česká,Kč
Průměrná hrubá měsíční mzda na přepočtené počty zaměstnanců (Kč),2. čtvrtletí 2018,Pracovištní metoda,Česko,Střední Čechy,Středočeský kraj,33927.2929426798,koruna česká,Kč
Průměrná hrubá měsíční mzda na přepočtené počty zaměstnanců (Kč),2. čtvrtletí 2018,Pracovištní metoda,Česko,Jihozápad,Jihočeský kraj,28637.5155220931,koruna česká,Kč
Průměrná hrubá měsíční mzda na přepočtené počty zaměstnanců (Kč),2. čtvrtletí 2018,Pracovištní metoda,Česko,Jihozápad,Plzeňský kraj,31078.9053796459,koruna česká,Kč
Průměrná hrubá měsíční mzda na přepočtené počty zaměstnanců (Kč),2. čtvrtletí 2018,Pracovištní metoda,Česko,Severozápad,Karlovarský kraj,27760.8560850097,koruna česká,Kč
Průměrná hrubá měsíční mzda na přepočtené počty zaměstnanců (Kč),2. čtvrtletí 2018,Pracovištní metoda,Česko,Severozápad,Ústecký kraj,29141.2460783478,koruna česká,Kč
Průměrná hrubá měsíční mzda na přepočtené počty zaměstnanců (Kč),2. čtvrtletí 2018,Pracovištní metoda,Česko,Severovýchod,Liberecký kraj,29792.3730087573,koruna česká,Kč
Průměrná hrubá měsíční mzda na přepočtené počty zaměstnanců (Kč),2. čtvrtletí 2018,Pracovištní metoda,Česko,Severovýchod,Královéhradecký kraj,30611.6823459592,koruna česká,Kč
Průměrná hrubá měsíční mzda na přepočtené počty zaměstnanců (Kč),2. čtvrtletí 2018,Pracovištní metoda,Česko,Severovýchod,Pardubický kraj,28512.6412014085,koruna česká,Kč
Průměrná hrubá měsíční mzda na přepočtené počty zaměstnanců (Kč),2. čtvrtletí 2018,Pracovištní metoda,Česko,Jihovýchod,Kraj Vysočina,29346.664249685,koruna česká,Kč
Průměrná hrubá měsíční mzda na přepočtené počty zaměstnanců (Kč),2. čtvrtletí 2018,Pracovištní metoda,Česko,Jihovýchod,Jihomoravský kraj,30451.0188061329,koruna česká,Kč
Průměrná hrubá měsíční mzda na přepočtené počty zaměstnanců (Kč),2. čtvrtletí 2018,Pracovištní metoda,Česko,Střední Morava,Olomoucký kraj,28560.8292631543,koruna česká,Kč
Průměrná hrubá měsíční mzda na přepočtené počty zaměstnanců (Kč),2. čtvrtletí 2018,Pracovištní metoda,Česko,Střední Morava,Zlínský kraj,28381.0301501495,koruna česká,Kč
Průměrná hrubá měsíční mzda na přepočtené počty zaměstnanců (Kč),2. čtvrtletí 2018,Pracovištní metoda,Česko,Moravskoslezsko,Moravskoslezský kraj,28823.549846883,koruna česká,Kč
Průměrná hrubá měsíční mzda na přepočtené počty zaměstnanců (Kč),1. čtvrtletí 2018,Pracovištní metoda,Česko,,,30426.9372312713,koruna česká,Kč
Průměrná hrubá měsíční mzda na přepočtené počty zaměstnanců (Kč),1. čtvrtletí 2018,Pracovištní metoda,Česko,Praha,,39142.5012323033,koruna česká,Kč
Průměrná hrubá měsíční mzda na přepočtené počty zaměstnanců (Kč),1. čtvrtletí 2018,Pracovištní metoda,Česko,Střední Čechy,,30399.7744302683,koruna česká,Kč
Průměrná hrubá měsíční mzda na přepočtené počty zaměstnanců (Kč),1. čtvrtletí 2018,Pracovištní metoda,Česko,Jihozápad,,28303.5759572029,koruna česká,Kč
Průměrná hrubá měsíční mzda na přepočtené počty zaměstnanců (Kč),1. čtvrtletí 2018,Pracovištní metoda,Česko,Severozápad,,27501.2074889418,koruna česká,Kč
Průměrná hrubá měsíční mzda na přepočtené počty zaměstnanců (Kč),1. čtvrtletí 2018,Pracovištní metoda,Česko,Severovýchod,,27677.9172210503,koruna česká,Kč
Průměrná hrubá měsíční mzda na přepočtené počty zaměstnanců (Kč),1. čtvrtletí 2018,Pracovištní metoda,Česko,Jihovýchod,,28908.3510818217,koruna česká,Kč
Průměrná hrubá měsíční mzda na přepočtené počty zaměstnanců (Kč),1. čtvrtletí 2018,Pracovištní metoda,Česko,Střední Morava,,26835.7273486977,koruna česká,Kč
Průměrná hrubá měsíční mzda na přepočtené počty zaměstnanců (Kč),1. čtvrtletí 2018,Pracovištní metoda,Česko,Moravskoslezsko,,27325.372744432,koruna česká,Kč
Průměrná hrubá měsíční mzda na přepočtené počty zaměstnanců (Kč),1. čtvrtletí 2018,Pracovištní metoda,Česko,Praha,Hlavní město Praha,39142.5012323033,koruna česká,Kč
Průměrná hrubá měsíční mzda na přepočtené počty zaměstnanců (Kč),1. čtvrtletí 2018,Pracovištní metoda,Česko,Střední Čechy,Středočeský kraj,30399.7744302683,koruna česká,Kč
Průměrná hrubá měsíční mzda na přepočtené počty zaměstnanců (Kč),1. čtvrtletí 2018,Pracovištní metoda,Česko,Jihozápad,Jihočeský kraj,27198.3015210168,koruna česká,Kč
Průměrná hrubá měsíční mzda na přepočtené počty zaměstnanců (Kč),1. čtvrtletí 2018,Pracovištní metoda,Česko,Jihozápad,Plzeňský kraj,29446.5851702924,koruna česká,Kč
Průměrná hrubá měsíční mzda na přepočtené počty zaměstnanců (Kč),1. čtvrtletí 2018,Pracovištní metoda,Česko,Severozápad,Karlovarský kraj,26478.3049185788,koruna česká,Kč
Průměrná hrubá měsíční mzda na přepočtené počty zaměstnanců (Kč),1. čtvrtletí 2018,Pracovištní metoda,Česko,Severozápad,Ústecký kraj,27866.6264179769,koruna česká,Kč
Průměrná hrubá měsíční mzda na přepočtené počty zaměstnanců (Kč),1. čtvrtletí 2018,Pracovištní metoda,Česko,Severovýchod,Liberecký kraj,28073.0647682018,koruna česká,Kč
Průměrná hrubá měsíční mzda na přepočtené počty zaměstnanců (Kč),1. čtvrtletí 2018,Pracovištní metoda,Česko,Severovýchod,Královéhradecký kraj,27892.3960972619,koruna česká,Kč
Průměrná hrubá měsíční mzda na přepočtené počty zaměstnanců (Kč),1. čtvrtletí 2018,Pracovištní metoda,Česko,Severovýchod,Pardubický kraj,27124.8573193479,koruna česká,Kč
Průměrná hrubá měsíční mzda na přepočtené počty zaměstnanců (Kč),1. čtvrtletí 2018,Pracovištní metoda,Česko,Jihovýchod,Kraj Vysočina,27927.0172244434,koruna česká,Kč
Průměrná hrubá měsíční mzda na přepočtené počty zaměstnanců (Kč),1. čtvrtletí 2018,Pracovištní metoda,Česko,Jihovýchod,Jihomoravský kraj,29279.2666788978,koruna česká,Kč
Průměrná hrubá měsíční mzda na přepočtené počty zaměstnanců (Kč),1. čtvrtletí 2018,Pracovištní metoda,Česko,Střední Morava,Olomoucký kraj,26958.0725731637,koruna česká,Kč
Průměrná hrubá měsíční mzda na přepočtené počty zaměstnanců (Kč),1. čtvrtletí 2018,Pracovištní metoda,Česko,Střední Morava,Zlínský kraj,26704.7698957465,koruna česká,Kč
Průměrná hrubá měsíční mzda na přepočtené počty zaměstnanců (Kč),1. čtvrtletí 2018,Pracovištní metoda,Česko,Moravskoslezsko,Moravskoslezský kraj,27325.372744432,koruna česká,Kč
Průměrná hrubá měsíční mzda na přepočtené počty zaměstnanců (Kč),4. čtvrtletí 2017,Pracovištní metoda,Česko,,,31802.101488415,koruna česká,Kč
Průměrná hrubá měsíční mzda na přepočtené počty zaměstnanců (Kč),4. čtvrtletí 2017,Pracovištní metoda,Česko,Praha,,39704.4245421589,koruna česká,Kč
Průměrná hrubá měsíční mzda na přepočtené počty zaměstnanců (Kč),4. čtvrtletí 2017,Pracovištní metoda,Česko,Střední Čechy,,31858.7167221319,koruna česká,Kč
Průměrná hrubá měsíční mzda na přepočtené počty zaměstnanců (Kč),4. čtvrtletí 2017,Pracovištní metoda,Česko,Jihozápad,,30046.6014697402,koruna česká,Kč
Průměrná hrubá měsíční mzda na přepočtené počty zaměstnanců (Kč),4. čtvrtletí 2017,Pracovištní metoda,Česko,Severozápad,,28938.5479943809,koruna česká,Kč
Průměrná hrubá měsíční mzda na přepočtené počty zaměstnanců (Kč),4. čtvrtletí 2017,Pracovištní metoda,Česko,Severovýchod,,29286.8375584682,koruna česká,Kč
Průměrná hrubá měsíční mzda na přepočtené počty zaměstnanců (Kč),4. čtvrtletí 2017,Pracovištní metoda,Česko,Jihovýchod,,30570.943403388,koruna česká,Kč
Průměrná hrubá měsíční mzda na přepočtené počty zaměstnanců (Kč),4. čtvrtletí 2017,Pracovištní metoda,Česko,Střední Morava,,28637.6752373621,koruna česká,Kč
Průměrná hrubá měsíční mzda na přepočtené počty zaměstnanců (Kč),4. čtvrtletí 2017,Pracovištní metoda,Česko,Moravskoslezsko,,29026.1450284,koruna česká,Kč
Průměrná hrubá měsíční mzda na přepočtené počty zaměstnanců (Kč),4. čtvrtletí 2017,Pracovištní metoda,Česko,Praha,Hlavní město Praha,39704.4245421589,koruna česká,Kč
Průměrná hrubá měsíční mzda na přepočtené počty zaměstnanců (Kč),4. čtvrtletí 2017,Pracovištní metoda,Česko,Střední Čechy,Středočeský kraj,31858.7167221319,koruna česká,Kč
Průměrná hrubá měsíční mzda na přepočtené počty zaměstnanců (Kč),4. čtvrtletí 2017,Pracovištní metoda,Česko,Jihozápad,Jihočeský kraj,28975.0397514578,koruna česká,Kč
Průměrná hrubá měsíční mzda na přepočtené počty zaměstnanců (Kč),4. čtvrtletí 2017,Pracovištní metoda,Česko,Jihozápad,Plzeňský kraj,31162.6558228356,koruna česká,Kč
Průměrná hrubá měsíční mzda na přepočtené počty zaměstnanců (Kč),4. čtvrtletí 2017,Pracovištní metoda,Česko,Severozápad,Karlovarský kraj,28294.9873251782,koruna česká,Kč
Průměrná hrubá měsíční mzda na přepočtené počty zaměstnanců (Kč),4. čtvrtletí 2017,Pracovištní metoda,Česko,Severozápad,Ústecký kraj,29170.9138542658,koruna česká,Kč
Průměrná hrubá měsíční mzda na přepočtené počty zaměstnanců (Kč),4. čtvrtletí 2017,Pracovištní metoda,Česko,Severovýchod,Liberecký kraj,29338.4079190794,koruna česká,Kč
Průměrná hrubá měsíční mzda na přepočtené počty zaměstnanců (Kč),4. čtvrtletí 2017,Pracovištní metoda,Česko,Severovýchod,Královéhradecký kraj,29353.0453199521,koruna česká,Kč
Průměrná hrubá měsíční mzda na přepočtené počty zaměstnanců (Kč),4. čtvrtletí 2017,Pracovištní metoda,Česko,Severovýchod,Pardubický kraj,29172.6256756073,koruna česká,Kč
Průměrná hrubá měsíční mzda na přepočtené počty zaměstnanců (Kč),4. čtvrtletí 2017,Pracovištní metoda,Česko,Jihovýchod,Kraj Vysočina,29356.5932622787,koruna česká,Kč
Průměrná hrubá měsíční mzda na přepočtené počty zaměstnanců (Kč),4. čtvrtletí 2017,Pracovištní metoda,Česko,Jihovýchod,Jihomoravský kraj,31031.090486949,koruna česká,Kč
Průměrná hrubá měsíční mzda na přepočtené počty zaměstnanců (Kč),4. čtvrtletí 2017,Pracovištní metoda,Česko,Střední Morava,Olomoucký kraj,28659.7965179621,koruna česká,Kč
Průměrná hrubá měsíční mzda na přepočtené počty zaměstnanců (Kč),4. čtvrtletí 2017,Pracovištní metoda,Česko,Střední Morava,Zlínský kraj,28613.8369891452,koruna česká,Kč
Průměrná hrubá měsíční mzda na přepočtené počty zaměstnanců (Kč),4. čtvrtletí 2017,Pracovištní metoda,Česko,Moravskoslezsko,Moravskoslezský kraj,29026.1450284,koruna česká,Kč
Průměrná hrubá měsíční mzda na přepočtené počty zaměstnanců (Kč),3. čtvrtletí 2017,Pracovištní metoda,Česko,,,29234.2408169657,koruna česká,Kč
Průměrná hrubá měsíční mzda na přepočtené počty zaměstnanců (Kč),3. čtvrtletí 2017,Pracovištní metoda,Česko,Praha,,36857.3743293096,koruna česká,Kč
Průměrná hrubá měsíční mzda na přepočtené počty zaměstnanců (Kč),3. čtvrtletí 2017,Pracovištní metoda,Česko,Střední Čechy,,29337.7845030484,koruna česká,Kč
Průměrná hrubá měsíční mzda na přepočtené počty zaměstnanců (Kč),3. čtvrtletí 2017,Pracovištní metoda,Česko,Jihozápad,,27579.2000960312,koruna česká,Kč
Průměrná hrubá měsíční mzda na přepočtené počty zaměstnanců (Kč),3. čtvrtletí 2017,Pracovištní metoda,Česko,Severozápad,,26560.8339434381,koruna česká,Kč
Průměrná hrubá měsíční mzda na přepočtené počty zaměstnanců (Kč),3. čtvrtletí 2017,Pracovištní metoda,Česko,Severovýchod,,26778.1168449861,koruna česká,Kč
Průměrná hrubá měsíční mzda na přepočtené počty zaměstnanců (Kč),3. čtvrtletí 2017,Pracovištní metoda,Česko,Jihovýchod,,27995.1555827615,koruna česká,Kč
Průměrná hrubá měsíční mzda na přepočtené počty zaměstnanců (Kč),3. čtvrtletí 2017,Pracovištní metoda,Česko,Střední Morava,,26159.7848426247,koruna česká,Kč
Průměrná hrubá měsíční mzda na přepočtené počty zaměstnanců (Kč),3. čtvrtletí 2017,Pracovištní metoda,Česko,Moravskoslezsko,,26662.0021833314,koruna česká,Kč
Průměrná hrubá měsíční mzda na přepočtené počty zaměstnanců (Kč),3. čtvrtletí 2017,Pracovištní metoda,Česko,Praha,Hlavní město Praha,36857.3743293096,koruna česká,Kč
Průměrná hrubá měsíční mzda na přepočtené počty zaměstnanců (Kč),3. čtvrtletí 2017,Pracovištní metoda,Česko,Střední Čechy,Středočeský kraj,29337.7845030484,koruna česká,Kč
Průměrná hrubá měsíční mzda na přepočtené počty zaměstnanců (Kč),3. čtvrtletí 2017,Pracovištní metoda,Česko,Jihozápad,Jihočeský kraj,26410.4717126144,koruna česká,Kč
Průměrná hrubá měsíční mzda na přepočtené počty zaměstnanců (Kč),3. čtvrtletí 2017,Pracovištní metoda,Česko,Jihozápad,Plzeňský kraj,28801.713913173,koruna česká,Kč
Průměrná hrubá měsíční mzda na přepočtené počty zaměstnanců (Kč),3. čtvrtletí 2017,Pracovištní metoda,Česko,Severozápad,Karlovarský kraj,25847.1246594502,koruna česká,Kč
Průměrná hrubá měsíční mzda na přepočtené počty zaměstnanců (Kč),3. čtvrtletí 2017,Pracovištní metoda,Česko,Severozápad,Ústecký kraj,26819.5435077667,koruna česká,Kč
Průměrná hrubá měsíční mzda na přepočtené počty zaměstnanců (Kč),3. čtvrtletí 2017,Pracovištní metoda,Česko,Severovýchod,Liberecký kraj,27230.8918693606,koruna česká,Kč
Průměrná hrubá měsíční mzda na přepočtené počty zaměstnanců (Kč),3. čtvrtletí 2017,Pracovištní metoda,Česko,Severovýchod,Královéhradecký kraj,26679.6009334593,koruna česká,Kč
Průměrná hrubá měsíční mzda na přepočtené počty zaměstnanců (Kč),3. čtvrtletí 2017,Pracovištní metoda,Česko,Severovýchod,Pardubický kraj,26525.2348749871,koruna česká,Kč
Průměrná hrubá měsíční mzda na přepočtené počty zaměstnanců (Kč),3. čtvrtletí 2017,Pracovištní metoda,Česko,Jihovýchod,Kraj Vysočina,26885.9419977666,koruna česká,Kč
Průměrná hrubá měsíční mzda na přepočtené počty zaměstnanců (Kč),3. čtvrtletí 2017,Pracovištní metoda,Česko,Jihovýchod,Jihomoravský kraj,28417.3545904693,koruna česká,Kč
Průměrná hrubá měsíční mzda na přepočtené počty zaměstnanců (Kč),3. čtvrtletí 2017,Pracovištní metoda,Česko,Střední Morava,Olomoucký kraj,26322.0809358069,koruna česká,Kč
Průměrná hrubá měsíční mzda na přepočtené počty zaměstnanců (Kč),3. čtvrtletí 2017,Pracovištní metoda,Česko,Střední Morava,Zlínský kraj,25984.688896133,koruna česká,Kč
Průměrná hrubá měsíční mzda na přepočtené počty zaměstnanců (Kč),3. čtvrtletí 2017,Pracovištní metoda,Česko,Moravskoslezsko,Moravskoslezský kraj,26662.0021833314,koruna česká,Kč
Průměrná hrubá měsíční mzda na přepočtené počty zaměstnanců (Kč),2. čtvrtletí 2017,Pracovištní metoda,Česko,,,29432.4453963964,koruna česká,Kč
Průměrná hrubá měsíční mzda na přepočtené počty zaměstnanců (Kč),2. čtvrtletí 2017,Pracovištní metoda,Česko,Praha,,37375.7149259993,koruna česká,Kč
Průměrná hrubá měsíční mzda na přepočtené počty zaměstnanců (Kč),2. čtvrtletí 2017,Pracovištní metoda,Česko,Střední Čechy,,30606.8962463726,koruna česká,Kč
Průměrná hrubá měsíční mzda na přepočtené počty zaměstnanců (Kč),2. čtvrtletí 2017,Pracovištní metoda,Česko,Jihozápad,,27542.2514993697,koruna česká,Kč
Průměrná hrubá měsíční mzda na přepočtené počty zaměstnanců (Kč),2. čtvrtletí 2017,Pracovištní metoda,Česko,Severozápad,,26448.7343745125,koruna česká,Kč
Průměrná hrubá měsíční mzda na přepočtené počty zaměstnanců (Kč),2. čtvrtletí 2017,Pracovištní metoda,Česko,Severovýchod,,26999.6923164507,koruna česká,Kč
Průměrná hrubá měsíční mzda na přepočtené počty zaměstnanců (Kč),2. čtvrtletí 2017,Pracovištní metoda,Česko,Jihovýchod,,27839.3157288727,koruna česká,Kč
Průměrná hrubá měsíční mzda na přepočtené počty zaměstnanců (Kč),2. čtvrtletí 2017,Pracovištní metoda,Česko,Střední Morava,,26005.802133462,koruna česká,Kč
Průměrná hrubá měsíční mzda na přepočtené počty zaměstnanců (Kč),2. čtvrtletí 2017,Pracovištní metoda,Česko,Moravskoslezsko,,26567.4600750679,koruna česká,Kč
Průměrná hrubá měsíční mzda na přepočtené počty zaměstnanců (Kč),2. čtvrtletí 2017,Pracovištní metoda,Česko,Praha,Hlavní město Praha,37375.7149259993,koruna česká,Kč
Průměrná hrubá měsíční mzda na přepočtené počty zaměstnanců (Kč),2. čtvrtletí 2017,Pracovištní metoda,Česko,Střední Čechy,Středočeský kraj,30606.8962463726,koruna česká,Kč
Průměrná hrubá měsíční mzda na přepočtené počty zaměstnanců (Kč),2. čtvrtletí 2017,Pracovištní metoda,Česko,Jihozápad,Jihočeský kraj,26326.6738387733,koruna česká,Kč
Průměrná hrubá měsíční mzda na přepočtené počty zaměstnanců (Kč),2. čtvrtletí 2017,Pracovištní metoda,Česko,Jihozápad,Plzeňský kraj,28808.5197559188,koruna česká,Kč
Průměrná hrubá měsíční mzda na přepočtené počty zaměstnanců (Kč),2. čtvrtletí 2017,Pracovištní metoda,Česko,Severozápad,Karlovarský kraj,25633.7754162712,koruna česká,Kč
Průměrná hrubá měsíční mzda na přepočtené počty zaměstnanců (Kč),2. čtvrtletí 2017,Pracovištní metoda,Česko,Severozápad,Ústecký kraj,26746.3051613761,koruna česká,Kč
Průměrná hrubá měsíční mzda na přepočtené počty zaměstnanců (Kč),2. čtvrtletí 2017,Pracovištní metoda,Česko,Severovýchod,Liberecký kraj,27201.5443550104,koruna česká,Kč
Průměrná hrubá měsíční mzda na přepočtené počty zaměstnanců (Kč),2. čtvrtletí 2017,Pracovištní metoda,Česko,Severovýchod,Královéhradecký kraj,27496.1582651015,koruna česká,Kč
Průměrná hrubá měsíční mzda na přepočtené počty zaměstnanců (Kč),2. čtvrtletí 2017,Pracovištní metoda,Česko,Severovýchod,Pardubický kraj,26294.7411909841,koruna česká,Kč
Průměrná hrubá měsíční mzda na přepočtené počty zaměstnanců (Kč),2. čtvrtletí 2017,Pracovištní metoda,Česko,Jihovýchod,Kraj Vysočina,26848.711685946,koruna česká,Kč
Průměrná hrubá měsíční mzda na přepočtené počty zaměstnanců (Kč),2. čtvrtletí 2017,Pracovištní metoda,Česko,Jihovýchod,Jihomoravský kraj,28217.9636825395,koruna česká,Kč
Průměrná hrubá měsíční mzda na přepočtené počty zaměstnanců (Kč),2. čtvrtletí 2017,Pracovištní metoda,Česko,Střední Morava,Olomoucký kraj,26044.3810760408,koruna česká,Kč
Průměrná hrubá měsíční mzda na přepočtené počty zaměstnanců (Kč),2. čtvrtletí 2017,Pracovištní metoda,Česko,Střední Morava,Zlínský kraj,25964.2035799907,koruna česká,Kč
Průměrná hrubá měsíční mzda na přepočtené počty zaměstnanců (Kč),2. čtvrtletí 2017,Pracovištní metoda,Česko,Moravskoslezsko,Moravskoslezský kraj,26567.4600750679,koruna česká,Kč
Průměrná hrubá měsíční mzda na přepočtené počty zaměstnanců (Kč),1. čtvrtletí 2017,Pracovištní metoda,Česko,,,28033.5913552408,koruna česká,Kč
Průměrná hrubá měsíční mzda na přepočtené počty zaměstnanců (Kč),1. čtvrtletí 2017,Pracovištní metoda,Česko,Praha,,36770.909480036,koruna česká,Kč
Průměrná hrubá měsíční mzda na přepočtené počty zaměstnanců (Kč),1. čtvrtletí 2017,Pracovištní metoda,Česko,Střední Čechy,,27953.5075082085,koruna česká,Kč
Průměrná hrubá měsíční mzda na přepočtené počty zaměstnanců (Kč),1. čtvrtletí 2017,Pracovištní metoda,Česko,Jihozápad,,26015.5000562702,koruna česká,Kč
Průměrná hrubá měsíční mzda na přepočtené počty zaměstnanců (Kč),1. čtvrtletí 2017,Pracovištní metoda,Česko,Severozápad,,25147.4962686753,koruna česká,Kč
Průměrná hrubá měsíční mzda na přepočtené počty zaměstnanců (Kč),1. čtvrtletí 2017,Pracovištní metoda,Česko,Severovýchod,,25348.4770185483,koruna česká,Kč
Průměrná hrubá měsíční mzda na přepočtené počty zaměstnanců (Kč),1. čtvrtletí 2017,Pracovištní metoda,Česko,Jihovýchod,,26550.5971497651,koruna česká,Kč
Průměrná hrubá měsíční mzda na přepočtené počty zaměstnanců (Kč),1. čtvrtletí 2017,Pracovištní metoda,Česko,Střední Morava,,24472.558151167,koruna česká,Kč
Průměrná hrubá měsíční mzda na přepočtené počty zaměstnanců (Kč),1. čtvrtletí 2017,Pracovištní metoda,Česko,Moravskoslezsko,,25207.0072602244,koruna česká,Kč
Průměrná hrubá měsíční mzda na přepočtené počty zaměstnanců (Kč),1. čtvrtletí 2017,Pracovištní metoda,Česko,Praha,Hlavní město Praha,36770.909480036,koruna česká,Kč
Průměrná hrubá měsíční mzda na přepočtené počty zaměstnanců (Kč),1. čtvrtletí 2017,Pracovištní metoda,Česko,Střední Čechy,Středočeský kraj,27953.5075082085,koruna česká,Kč
Průměrná hrubá měsíční mzda na přepočtené počty zaměstnanců (Kč),1. čtvrtletí 2017,Pracovištní metoda,Česko,Jihozápad,Jihočeský kraj,25000.8484868003,koruna česká,Kč
Průměrná hrubá měsíční mzda na přepočtené počty zaměstnanců (Kč),1. čtvrtletí 2017,Pracovištní metoda,Česko,Jihozápad,Plzeňský kraj,27067.3793589773,koruna česká,Kč
Průměrná hrubá měsíční mzda na přepočtené počty zaměstnanců (Kč),1. čtvrtletí 2017,Pracovištní metoda,Česko,Severozápad,Karlovarský kraj,24179.9023195064,koruna česká,Kč
Průměrná hrubá měsíční mzda na přepočtené počty zaměstnanců (Kč),1. čtvrtletí 2017,Pracovištní metoda,Česko,Severozápad,Ústecký kraj,25502.6175182274,koruna česká,Kč
Průměrná hrubá měsíční mzda na přepočtené počty zaměstnanců (Kč),1. čtvrtletí 2017,Pracovištní metoda,Česko,Severovýchod,Liberecký kraj,25803.2448371893,koruna česká,Kč
Průměrná hrubá měsíční mzda na přepočtené počty zaměstnanců (Kč),1. čtvrtletí 2017,Pracovištní metoda,Česko,Severovýchod,Královéhradecký kraj,25435.8550373308,koruna česká,Kč
Průměrná hrubá měsíční mzda na přepočtené počty zaměstnanců (Kč),1. čtvrtletí 2017,Pracovištní metoda,Česko,Severovýchod,Pardubický kraj,24891.0115781245,koruna česká,Kč
Průměrná hrubá měsíční mzda na přepočtené počty zaměstnanců (Kč),1. čtvrtletí 2017,Pracovištní metoda,Česko,Jihovýchod,Kraj Vysočina,25411.8125078062,koruna česká,Kč
Průměrná hrubá měsíční mzda na přepočtené počty zaměstnanců (Kč),1. čtvrtletí 2017,Pracovištní metoda,Česko,Jihovýchod,Jihomoravský kraj,26985.2984679433,koruna česká,Kč
Průměrná hrubá měsíční mzda na přepočtené počty zaměstnanců (Kč),1. čtvrtletí 2017,Pracovištní metoda,Česko,Střední Morava,Olomoucký kraj,24523.4947968965,koruna česká,Kč
Průměrná hrubá měsíční mzda na přepočtené počty zaměstnanců (Kč),1. čtvrtletí 2017,Pracovištní metoda,Česko,Střední Morava,Zlínský kraj,24417.8801045671,koruna česká,Kč
Průměrná hrubá měsíční mzda na přepočtené počty zaměstnanců (Kč),1. čtvrtletí 2017,Pracovištní metoda,Česko,Moravskoslezsko,Moravskoslezský kraj,25207.0072602244,koruna česká,Kč
Průměrná hrubá měsíční mzda na přepočtené počty zaměstnanců (Kč),4. čtvrtletí 2016,Pracovištní metoda,Česko,Praha,Hlavní město Praha,36789.0,koruna česká,Kč
Průměrná hrubá měsíční mzda na přepočtené počty zaměstnanců (Kč),4. čtvrtletí 2016,Pracovištní metoda,Česko,Střední Čechy,Středočeský kraj,29650.0,koruna česká,Kč
Průměrná hrubá měsíční mzda na přepočtené počty zaměstnanců (Kč),4. čtvrtletí 2016,Pracovištní metoda,Česko,Jihozápad,Jihočeský kraj,26823.0,koruna česká,Kč
Průměrná hrubá měsíční mzda na přepočtené počty zaměstnanců (Kč),4. čtvrtletí 2016,Pracovištní metoda,Česko,Jihozápad,Plzeňský kraj,28688.0,koruna česká,Kč
Průměrná hrubá měsíční mzda na přepočtené počty zaměstnanců (Kč),4. čtvrtletí 2016,Pracovištní metoda,Česko,Severozápad,Karlovarský kraj,25642.0,koruna česká,Kč
Průměrná hrubá měsíční mzda na přepočtené počty zaměstnanců (Kč),4. čtvrtletí 2016,Pracovištní metoda,Česko,Severozápad,Ústecký kraj,27089.0,koruna česká,Kč
Průměrná hrubá měsíční mzda na přepočtené počty zaměstnanců (Kč),4. čtvrtletí 2016,Pracovištní metoda,Česko,Severovýchod,Liberecký kraj,27479.0,koruna česká,Kč
Průměrná hrubá měsíční mzda na přepočtené počty zaměstnanců (Kč),4. čtvrtletí 2016,Pracovištní metoda,Česko,Severovýchod,Královéhradecký kraj,27158.0,koruna česká,Kč
Průměrná hrubá měsíční mzda na přepočtené počty zaměstnanců (Kč),4. čtvrtletí 2016,Pracovištní metoda,Česko,Severovýchod,Pardubický kraj,26884.0,koruna česká,Kč
Průměrná hrubá měsíční mzda na přepočtené počty zaměstnanců (Kč),4. čtvrtletí 2016,Pracovištní metoda,Česko,Jihovýchod,Kraj Vysočina,26892.0,koruna česká,Kč
Průměrná hrubá měsíční mzda na přepočtené počty zaměstnanců (Kč),4. čtvrtletí 2016,Pracovištní metoda,Česko,Jihovýchod,Jihomoravský kraj,28797.0,koruna česká,Kč
Průměrná hrubá měsíční mzda na přepočtené počty zaměstnanců (Kč),4. čtvrtletí 2016,Pracovištní metoda,Česko,Střední Morava,Olomoucký kraj,26584.0,koruna česká,Kč
Průměrná hrubá měsíční mzda na přepočtené počty zaměstnanců (Kč),4. čtvrtletí 2016,Pracovištní metoda,Česko,Střední Morava,Zlínský kraj,26133.0,koruna česká,Kč
Průměrná hrubá měsíční mzda na přepočtené počty zaměstnanců (Kč),4. čtvrtletí 2016,Pracovištní metoda,Česko,Moravskoslezsko,Moravskoslezský kraj,26873.0,koruna česká,Kč
Průměrná hrubá měsíční mzda na přepočtené počty zaměstnanců (Kč),3. čtvrtletí 2016,Pracovištní metoda,Česko,Praha,Hlavní město Praha,34699.0,koruna česká,Kč
Průměrná hrubá měsíční mzda na přepočtené počty zaměstnanců (Kč),3. čtvrtletí 2016,Pracovištní metoda,Česko,Střední Čechy,Středočeský kraj,27255.0,koruna česká,Kč
Průměrná hrubá měsíční mzda na přepočtené počty zaměstnanců (Kč),3. čtvrtletí 2016,Pracovištní metoda,Česko,Jihozápad,Jihočeský kraj,24697.0,koruna česká,Kč
Průměrná hrubá měsíční mzda na přepočtené počty zaměstnanců (Kč),3. čtvrtletí 2016,Pracovištní metoda,Česko,Jihozápad,Plzeňský kraj,26708.0,koruna česká,Kč
Průměrná hrubá měsíční mzda na přepočtené počty zaměstnanců (Kč),3. čtvrtletí 2016,Pracovištní metoda,Česko,Severozápad,Karlovarský kraj,23571.0,koruna česká,Kč
Průměrná hrubá měsíční mzda na přepočtené počty zaměstnanců (Kč),3. čtvrtletí 2016,Pracovištní metoda,Česko,Severozápad,Ústecký kraj,25120.0,koruna česká,Kč
Průměrná hrubá měsíční mzda na přepočtené počty zaměstnanců (Kč),3. čtvrtletí 2016,Pracovištní metoda,Česko,Severovýchod,Liberecký kraj,25540.0,koruna česká,Kč
Průměrná hrubá měsíční mzda na přepočtené počty zaměstnanců (Kč),3. čtvrtletí 2016,Pracovištní metoda,Česko,Severovýchod,Královéhradecký kraj,25124.0,koruna česká,Kč
Průměrná hrubá měsíční mzda na přepočtené počty zaměstnanců (Kč),3. čtvrtletí 2016,Pracovištní metoda,Česko,Severovýchod,Pardubický kraj,24579.0,koruna česká,Kč
Průměrná hrubá měsíční mzda na přepočtené počty zaměstnanců (Kč),3. čtvrtletí 2016,Pracovištní metoda,Česko,Jihovýchod,Kraj Vysočina,24987.0,koruna česká,Kč
Průměrná hrubá měsíční mzda na přepočtené počty zaměstnanců (Kč),3. čtvrtletí 2016,Pracovištní metoda,Česko,Jihovýchod,Jihomoravský kraj,26649.0,koruna česká,Kč
Průměrná hrubá měsíční mzda na přepočtené počty zaměstnanců (Kč),3. čtvrtletí 2016,Pracovištní metoda,Česko,Střední Morava,Olomoucký kraj,24628.0,koruna česká,Kč
Průměrná hrubá měsíční mzda na přepočtené počty zaměstnanců (Kč),3. čtvrtletí 2016,Pracovištní metoda,Česko,Střední Morava,Zlínský kraj,24087.0,koruna česká,Kč
Průměrná hrubá měsíční mzda na přepočtené počty zaměstnanců (Kč),3. čtvrtletí 2016,Pracovištní metoda,Česko,Moravskoslezsko,Moravskoslezský kraj,25007.0,koruna česká,Kč
Průměrná hrubá měsíční mzda na přepočtené počty zaměstnanců (Kč),2. čtvrtletí 2016,Pracovištní metoda,Česko,Praha,Hlavní město Praha,34992.0,koruna česká,Kč
Průměrná hrubá měsíční mzda na přepočtené počty zaměstnanců (Kč),2. čtvrtletí 2016,Pracovištní metoda,Česko,Střední Čechy,Středočeský kraj,28312.0,koruna česká,Kč
Průměrná hrubá měsíční mzda na přepočtené počty zaměstnanců (Kč),2. čtvrtletí 2016,Pracovištní metoda,Česko,Jihozápad,Jihočeský kraj,24552.0,koruna česká,Kč
Průměrná hrubá měsíční mzda na přepočtené počty zaměstnanců (Kč),2. čtvrtletí 2016,Pracovištní metoda,Česko,Jihozápad,Plzeňský kraj,26416.0,koruna česká,Kč
Průměrná hrubá měsíční mzda na přepočtené počty zaměstnanců (Kč),2. čtvrtletí 2016,Pracovištní metoda,Česko,Severozápad,Karlovarský kraj,23265.0,koruna česká,Kč
Průměrná hrubá měsíční mzda na přepočtené počty zaměstnanců (Kč),2. čtvrtletí 2016,Pracovištní metoda,Česko,Severozápad,Ústecký kraj,25047.0,koruna česká,Kč
Průměrná hrubá měsíční mzda na přepočtené počty zaměstnanců (Kč),2. čtvrtletí 2016,Pracovištní metoda,Česko,Severovýchod,Liberecký kraj,25420.0,koruna česká,Kč
Průměrná hrubá měsíční mzda na přepočtené počty zaměstnanců (Kč),2. čtvrtletí 2016,Pracovištní metoda,Česko,Severovýchod,Královéhradecký kraj,25407.0,koruna česká,Kč
Průměrná hrubá měsíční mzda na přepočtené počty zaměstnanců (Kč),2. čtvrtletí 2016,Pracovištní metoda,Česko,Severovýchod,Pardubický kraj,24277.0,koruna česká,Kč
Průměrná hrubá měsíční mzda na přepočtené počty zaměstnanců (Kč),2. čtvrtletí 2016,Pracovištní metoda,Česko,Jihovýchod,Kraj Vysočina,24880.0,koruna česká,Kč
Průměrná hrubá měsíční mzda na přepočtené počty zaměstnanců (Kč),2. čtvrtletí 2016,Pracovištní metoda,Česko,Jihovýchod,Jihomoravský kraj,26329.0,koruna česká,Kč
Průměrná hrubá měsíční mzda na přepočtené počty zaměstnanců (Kč),2. čtvrtletí 2016,Pracovištní metoda,Česko,Střední Morava,Olomoucký kraj,24339.0,koruna česká,Kč
Průměrná hrubá měsíční mzda na přepočtené počty zaměstnanců (Kč),2. čtvrtletí 2016,Pracovištní metoda,Česko,Střední Morava,Zlínský kraj,24140.0,koruna česká,Kč
Průměrná hrubá měsíční mzda na přepočtené počty zaměstnanců (Kč),2. čtvrtletí 2016,Pracovištní metoda,Česko,Moravskoslezsko,Moravskoslezský kraj,24910.0,koruna česká,Kč
Průměrná hrubá měsíční mzda na přepočtené počty zaměstnanců (Kč),1. čtvrtletí 2016,Pracovištní metoda,Česko,Praha,Hlavní město Praha,34846.0,koruna česká,Kč
Průměrná hrubá měsíční mzda na přepočtené počty zaměstnanců (Kč),1. čtvrtletí 2016,Pracovištní metoda,Česko,Střední Čechy,Středočeský kraj,26460.0,koruna česká,Kč
Průměrná hrubá měsíční mzda na přepočtené počty zaměstnanců (Kč),1. čtvrtletí 2016,Pracovištní metoda,Česko,Jihozápad,Jihočeský kraj,23749.0,koruna česká,Kč
Průměrná hrubá měsíční mzda na přepočtené počty zaměstnanců (Kč),1. čtvrtletí 2016,Pracovištní metoda,Česko,Jihozápad,Plzeňský kraj,25414.0,koruna česká,Kč
Průměrná hrubá měsíční mzda na přepočtené počty zaměstnanců (Kč),1. čtvrtletí 2016,Pracovištní metoda,Česko,Severozápad,Karlovarský kraj,22585.0,koruna česká,Kč
Průměrná hrubá měsíční mzda na přepočtené počty zaměstnanců (Kč),1. čtvrtletí 2016,Pracovištní metoda,Česko,Severozápad,Ústecký kraj,24208.0,koruna česká,Kč
Průměrná hrubá měsíční mzda na přepočtené počty zaměstnanců (Kč),1. čtvrtletí 2016,Pracovištní metoda,Česko,Severovýchod,Liberecký kraj,24582.0,koruna česká,Kč
Průměrná hrubá měsíční mzda na přepočtené počty zaměstnanců (Kč),1. čtvrtletí 2016,Pracovištní metoda,Česko,Severovýchod,Královéhradecký kraj,24332.0,koruna česká,Kč
Průměrná hrubá měsíční mzda na přepočtené počty zaměstnanců (Kč),1. čtvrtletí 2016,Pracovištní metoda,Česko,Severovýchod,Pardubický kraj,23667.0,koruna česká,Kč
Průměrná hrubá měsíční mzda na přepočtené počty zaměstnanců (Kč),1. čtvrtletí 2016,Pracovištní metoda,Česko,Jihovýchod,Kraj Vysočina,23959.0,koruna česká,Kč
Průměrná hrubá měsíční mzda na přepočtené počty zaměstnanců (Kč),1. čtvrtletí 2016,Pracovištní metoda,Česko,Jihovýchod,Jihomoravský kraj,25849.0,koruna česká,Kč
Průměrná hrubá měsíční mzda na přepočtené počty zaměstnanců (Kč),1. čtvrtletí 2016,Pracovištní metoda,Česko,Střední Morava,Olomoucký kraj,23436.0,koruna česká,Kč
Průměrná hrubá měsíční mzda na přepočtené počty zaměstnanců (Kč),1. čtvrtletí 2016,Pracovištní metoda,Česko,Střední Morava,Zlínský kraj,23041.0,koruna česká,Kč
Průměrná hrubá měsíční mzda na přepočtené počty zaměstnanců (Kč),1. čtvrtletí 2016,Pracovištní metoda,Česko,Moravskoslezsko,Moravskoslezský kraj,24224.0,koruna česká,Kč
Průměrná hrubá měsíční mzda na přepočtené počty zaměstnanců (Kč),4. čtvrtletí 2015,Pracovištní metoda,Česko,Praha,Hlavní město Praha,35976.0,koruna česká,Kč
Průměrná hrubá měsíční mzda na přepočtené počty zaměstnanců (Kč),4. čtvrtletí 2015,Pracovištní metoda,Česko,Střední Čechy,Středočeský kraj,28218.0,koruna česká,Kč
Průměrná hrubá měsíční mzda na přepočtené počty zaměstnanců (Kč),4. čtvrtletí 2015,Pracovištní metoda,Česko,Jihozápad,Jihočeský kraj,25625.0,koruna česká,Kč
Průměrná hrubá měsíční mzda na přepočtené počty zaměstnanců (Kč),4. čtvrtletí 2015,Pracovištní metoda,Česko,Jihozápad,Plzeňský kraj,27116.0,koruna česká,Kč
Průměrná hrubá měsíční mzda na přepočtené počty zaměstnanců (Kč),4. čtvrtletí 2015,Pracovištní metoda,Česko,Severozápad,Karlovarský kraj,24354.0,koruna česká,Kč
Průměrná hrubá měsíční mzda na přepočtené počty zaměstnanců (Kč),4. čtvrtletí 2015,Pracovištní metoda,Česko,Severozápad,Ústecký kraj,25611.0,koruna česká,Kč
Průměrná hrubá měsíční mzda na přepočtené počty zaměstnanců (Kč),4. čtvrtletí 2015,Pracovištní metoda,Česko,Severovýchod,Liberecký kraj,26325.0,koruna česká,Kč
Průměrná hrubá měsíční mzda na přepočtené počty zaměstnanců (Kč),4. čtvrtletí 2015,Pracovištní metoda,Česko,Severovýchod,Královéhradecký kraj,25595.0,koruna česká,Kč
Průměrná hrubá měsíční mzda na přepočtené počty zaměstnanců (Kč),4. čtvrtletí 2015,Pracovištní metoda,Česko,Severovýchod,Pardubický kraj,25505.0,koruna česká,Kč
Průměrná hrubá měsíční mzda na přepočtené počty zaměstnanců (Kč),4. čtvrtletí 2015,Pracovištní metoda,Česko,Jihovýchod,Kraj Vysočina,25752.0,koruna česká,Kč
Průměrná hrubá měsíční mzda na přepočtené počty zaměstnanců (Kč),4. čtvrtletí 2015,Pracovištní metoda,Česko,Jihovýchod,Jihomoravský kraj,27471.0,koruna česká,Kč
Průměrná hrubá měsíční mzda na přepočtené počty zaměstnanců (Kč),4. čtvrtletí 2015,Pracovištní metoda,Česko,Střední Morava,Olomoucký kraj,25371.0,koruna česká,Kč
Průměrná hrubá měsíční mzda na přepočtené počty zaměstnanců (Kč),4. čtvrtletí 2015,Pracovištní metoda,Česko,Střední Morava,Zlínský kraj,25093.0,koruna česká,Kč
Průměrná hrubá měsíční mzda na přepočtené počty zaměstnanců (Kč),4. čtvrtletí 2015,Pracovištní metoda,Česko,Moravskoslezsko,Moravskoslezský kraj,26209.0,koruna česká,Kč
Průměrná hrubá měsíční mzda na přepočtené počty zaměstnanců (Kč),3. čtvrtletí 2015,Pracovištní metoda,Česko,Praha,Hlavní město Praha,33714.0,koruna česká,Kč
Průměrná hrubá měsíční mzda na přepočtené počty zaměstnanců (Kč),3. čtvrtletí 2015,Pracovištní metoda,Česko,Střední Čechy,Středočeský kraj,25910.0,koruna česká,Kč
Průměrná hrubá měsíční mzda na přepočtené počty zaměstnanců (Kč),3. čtvrtletí 2015,Pracovištní metoda,Česko,Jihozápad,Jihočeský kraj,23599.0,koruna česká,Kč
Průměrná hrubá měsíční mzda na přepočtené počty zaměstnanců (Kč),3. čtvrtletí 2015,Pracovištní metoda,Česko,Jihozápad,Plzeňský kraj,25211.0,koruna česká,Kč
Průměrná hrubá měsíční mzda na přepočtené počty zaměstnanců (Kč),3. čtvrtletí 2015,Pracovištní metoda,Česko,Severozápad,Karlovarský kraj,22335.0,koruna česká,Kč
Průměrná hrubá měsíční mzda na přepočtené počty zaměstnanců (Kč),3. čtvrtletí 2015,Pracovištní metoda,Česko,Severozápad,Ústecký kraj,23683.0,koruna česká,Kč
Průměrná hrubá měsíční mzda na přepočtené počty zaměstnanců (Kč),3. čtvrtletí 2015,Pracovištní metoda,Česko,Severovýchod,Liberecký kraj,24331.0,koruna česká,Kč
Průměrná hrubá měsíční mzda na přepočtené počty zaměstnanců (Kč),3. čtvrtletí 2015,Pracovištní metoda,Česko,Severovýchod,Královéhradecký kraj,23615.0,koruna česká,Kč
Průměrná hrubá měsíční mzda na přepočtené počty zaměstnanců (Kč),3. čtvrtletí 2015,Pracovištní metoda,Česko,Severovýchod,Pardubický kraj,23511.0,koruna česká,Kč
Průměrná hrubá měsíční mzda na přepočtené počty zaměstnanců (Kč),3. čtvrtletí 2015,Pracovištní metoda,Česko,Jihovýchod,Kraj Vysočina,23876.0,koruna česká,Kč
Průměrná hrubá měsíční mzda na přepočtené počty zaměstnanců (Kč),3. čtvrtletí 2015,Pracovištní metoda,Česko,Jihovýchod,Jihomoravský kraj,25294.0,koruna česká,Kč
Průměrná hrubá měsíční mzda na přepočtené počty zaměstnanců (Kč),3. čtvrtletí 2015,Pracovištní metoda,Česko,Střední Morava,Olomoucký kraj,23527.0,koruna česká,Kč
Průměrná hrubá měsíční mzda na přepočtené počty zaměstnanců (Kč),3. čtvrtletí 2015,Pracovištní metoda,Česko,Střední Morava,Zlínský kraj,23042.0,koruna česká,Kč
Průměrná hrubá měsíční mzda na přepočtené počty zaměstnanců (Kč),3. čtvrtletí 2015,Pracovištní metoda,Česko,Moravskoslezsko,Moravskoslezský kraj,24180.0,koruna česká,Kč
Průměrná hrubá měsíční mzda na přepočtené počty zaměstnanců (Kč),2. čtvrtletí 2015,Pracovištní metoda,Česko,Praha,Hlavní město Praha,34399.0,koruna česká,Kč
Průměrná hrubá měsíční mzda na přepočtené počty zaměstnanců (Kč),2. čtvrtletí 2015,Pracovištní metoda,Česko,Střední Čechy,Středočeský kraj,27091.0,koruna česká,Kč
Průměrná hrubá měsíční mzda na přepočtené počty zaměstnanců (Kč),2. čtvrtletí 2015,Pracovištní metoda,Česko,Jihozápad,Jihočeský kraj,23529.0,koruna česká,Kč
Průměrná hrubá měsíční mzda na přepočtené počty zaměstnanců (Kč),2. čtvrtletí 2015,Pracovištní metoda,Česko,Jihozápad,Plzeňský kraj,25306.0,koruna česká,Kč
Průměrná hrubá měsíční mzda na přepočtené počty zaměstnanců (Kč),2. čtvrtletí 2015,Pracovištní metoda,Česko,Severozápad,Karlovarský kraj,22294.0,koruna česká,Kč
Průměrná hrubá měsíční mzda na přepočtené počty zaměstnanců (Kč),2. čtvrtletí 2015,Pracovištní metoda,Česko,Severozápad,Ústecký kraj,23757.0,koruna česká,Kč
Průměrná hrubá měsíční mzda na přepočtené počty zaměstnanců (Kč),2. čtvrtletí 2015,Pracovištní metoda,Česko,Severovýchod,Liberecký kraj,24367.0,koruna česká,Kč
Průměrná hrubá měsíční mzda na přepočtené počty zaměstnanců (Kč),2. čtvrtletí 2015,Pracovištní metoda,Česko,Severovýchod,Královéhradecký kraj,24113.0,koruna česká,Kč
Průměrná hrubá měsíční mzda na přepočtené počty zaměstnanců (Kč),2. čtvrtletí 2015,Pracovištní metoda,Česko,Severovýchod,Pardubický kraj,23406.0,koruna česká,Kč
Průměrná hrubá měsíční mzda na přepočtené počty zaměstnanců (Kč),2. čtvrtletí 2015,Pracovištní metoda,Česko,Jihovýchod,Kraj Vysočina,23862.0,koruna česká,Kč
Průměrná hrubá měsíční mzda na přepočtené počty zaměstnanců (Kč),2. čtvrtletí 2015,Pracovištní metoda,Česko,Jihovýchod,Jihomoravský kraj,25174.0,koruna česká,Kč
Průměrná hrubá měsíční mzda na přepočtené počty zaměstnanců (Kč),2. čtvrtletí 2015,Pracovištní metoda,Česko,Střední Morava,Olomoucký kraj,23308.0,koruna česká,Kč
Průměrná hrubá měsíční mzda na přepočtené počty zaměstnanců (Kč),2. čtvrtletí 2015,Pracovištní metoda,Česko,Střední Morava,Zlínský kraj,23122.0,koruna česká,Kč
Průměrná hrubá měsíční mzda na přepočtené počty zaměstnanců (Kč),2. čtvrtletí 2015,Pracovištní metoda,Česko,Moravskoslezsko,Moravskoslezský kraj,24067.0,koruna česká,Kč
Průměrná hrubá měsíční mzda na přepočtené počty zaměstnanců (Kč),1. čtvrtletí 2015,Pracovištní metoda,Česko,Praha,Hlavní město Praha,33910.0,koruna česká,Kč
Průměrná hrubá měsíční mzda na přepočtené počty zaměstnanců (Kč),1. čtvrtletí 2015,Pracovištní metoda,Česko,Střední Čechy,Středočeský kraj,25029.0,koruna česká,Kč
Průměrná hrubá měsíční mzda na přepočtené počty zaměstnanců (Kč),1. čtvrtletí 2015,Pracovištní metoda,Česko,Jihozápad,Jihočeský kraj,22583.0,koruna česká,Kč
Průměrná hrubá měsíční mzda na přepočtené počty zaměstnanců (Kč),1. čtvrtletí 2015,Pracovištní metoda,Česko,Jihozápad,Plzeňský kraj,24109.0,koruna česká,Kč
Průměrná hrubá měsíční mzda na přepočtené počty zaměstnanců (Kč),1. čtvrtletí 2015,Pracovištní metoda,Česko,Severozápad,Karlovarský kraj,21310.0,koruna česká,Kč
Průměrná hrubá měsíční mzda na přepočtené počty zaměstnanců (Kč),1. čtvrtletí 2015,Pracovištní metoda,Česko,Severozápad,Ústecký kraj,23091.0,koruna česká,Kč
Průměrná hrubá měsíční mzda na přepočtené počty zaměstnanců (Kč),1. čtvrtletí 2015,Pracovištní metoda,Česko,Severovýchod,Liberecký kraj,23506.0,koruna česká,Kč
Průměrná hrubá měsíční mzda na přepočtené počty zaměstnanců (Kč),1. čtvrtletí 2015,Pracovištní metoda,Česko,Severovýchod,Královéhradecký kraj,22987.0,koruna česká,Kč
Průměrná hrubá měsíční mzda na přepočtené počty zaměstnanců (Kč),1. čtvrtletí 2015,Pracovištní metoda,Česko,Severovýchod,Pardubický kraj,22551.0,koruna česká,Kč
Průměrná hrubá měsíční mzda na přepočtené počty zaměstnanců (Kč),1. čtvrtletí 2015,Pracovištní metoda,Česko,Jihovýchod,Kraj Vysočina,22950.0,koruna česká,Kč
Průměrná hrubá měsíční mzda na přepočtené počty zaměstnanců (Kč),1. čtvrtletí 2015,Pracovištní metoda,Česko,Jihovýchod,Jihomoravský kraj,24524.0,koruna česká,Kč
Průměrná hrubá měsíční mzda na přepočtené počty zaměstnanců (Kč),1. čtvrtletí 2015,Pracovištní metoda,Česko,Střední Morava,Olomoucký kraj,22346.0,koruna česká,Kč
Průměrná hrubá měsíční mzda na přepočtené počty zaměstnanců (Kč),1. čtvrtletí 2015,Pracovištní metoda,Česko,Střední Morava,Zlínský kraj,22072.0,koruna česká,Kč
Průměrná hrubá měsíční mzda na přepočtené počty zaměstnanců (Kč),1. čtvrtletí 2015,Pracovištní metoda,Česko,Moravskoslezsko,Moravskoslezský kraj,23292.0,koruna česká,Kč
Průměrná hrubá měsíční mzda na přepočtené počty zaměstnanců (Kč),4. čtvrtletí 2014,Pracovištní metoda,Česko,Praha,Hlavní město Praha,34714.0,koruna česká,Kč
Průměrná hrubá měsíční mzda na přepočtené počty zaměstnanců (Kč),4. čtvrtletí 2014,Pracovištní metoda,Česko,Střední Čechy,Středočeský kraj,27048.0,koruna česká,Kč
Průměrná hrubá měsíční mzda na přepočtené počty zaměstnanců (Kč),4. čtvrtletí 2014,Pracovištní metoda,Česko,Jihozápad,Jihočeský kraj,24660.0,koruna česká,Kč
Průměrná hrubá měsíční mzda na přepočtené počty zaměstnanců (Kč),4. čtvrtletí 2014,Pracovištní metoda,Česko,Jihozápad,Plzeňský kraj,26113.0,koruna česká,Kč
Průměrná hrubá měsíční mzda na přepočtené počty zaměstnanců (Kč),4. čtvrtletí 2014,Pracovištní metoda,Česko,Severozápad,Karlovarský kraj,23350.0,koruna česká,Kč
Průměrná hrubá měsíční mzda na přepočtené počty zaměstnanců (Kč),4. čtvrtletí 2014,Pracovištní metoda,Česko,Severozápad,Ústecký kraj,24687.0,koruna česká,Kč
Průměrná hrubá měsíční mzda na přepočtené počty zaměstnanců (Kč),4. čtvrtletí 2014,Pracovištní metoda,Česko,Severovýchod,Liberecký kraj,25412.0,koruna česká,Kč
Průměrná hrubá měsíční mzda na přepočtené počty zaměstnanců (Kč),4. čtvrtletí 2014,Pracovištní metoda,Česko,Severovýchod,Královéhradecký kraj,24764.0,koruna česká,Kč
Průměrná hrubá měsíční mzda na přepočtené počty zaměstnanců (Kč),4. čtvrtletí 2014,Pracovištní metoda,Česko,Severovýchod,Pardubický kraj,24653.0,koruna česká,Kč
Průměrná hrubá měsíční mzda na přepočtené počty zaměstnanců (Kč),4. čtvrtletí 2014,Pracovištní metoda,Česko,Jihovýchod,Kraj Vysočina,24833.0,koruna česká,Kč
Průměrná hrubá měsíční mzda na přepočtené počty zaměstnanců (Kč),4. čtvrtletí 2014,Pracovištní metoda,Česko,Jihovýchod,Jihomoravský kraj,26447.0,koruna česká,Kč
Průměrná hrubá měsíční mzda na přepočtené počty zaměstnanců (Kč),4. čtvrtletí 2014,Pracovištní metoda,Česko,Střední Morava,Olomoucký kraj,24621.0,koruna česká,Kč
Průměrná hrubá měsíční mzda na přepočtené počty zaměstnanců (Kč),4. čtvrtletí 2014,Pracovištní metoda,Česko,Střední Morava,Zlínský kraj,24260.0,koruna česká,Kč
Průměrná hrubá měsíční mzda na přepočtené počty zaměstnanců (Kč),4. čtvrtletí 2014,Pracovištní metoda,Česko,Moravskoslezsko,Moravskoslezský kraj,25364.0,koruna česká,Kč
Průměrná hrubá měsíční mzda na přepočtené počty zaměstnanců (Kč),3. čtvrtletí 2014,Pracovištní metoda,Česko,Praha,Hlavní město Praha,32692.0,koruna česká,Kč
Průměrná hrubá měsíční mzda na přepočtené počty zaměstnanců (Kč),3. čtvrtletí 2014,Pracovištní metoda,Česko,Střední Čechy,Středočeský kraj,25109.0,koruna česká,Kč
Průměrná hrubá měsíční mzda na přepočtené počty zaměstnanců (Kč),3. čtvrtletí 2014,Pracovištní metoda,Česko,Jihozápad,Jihočeský kraj,22605.0,koruna česká,Kč
Průměrná hrubá měsíční mzda na přepočtené počty zaměstnanců (Kč),3. čtvrtletí 2014,Pracovištní metoda,Česko,Jihozápad,Plzeňský kraj,24327.0,koruna česká,Kč
Průměrná hrubá měsíční mzda na přepočtené počty zaměstnanců (Kč),3. čtvrtletí 2014,Pracovištní metoda,Česko,Severozápad,Karlovarský kraj,21377.0,koruna česká,Kč
Průměrná hrubá měsíční mzda na přepočtené počty zaměstnanců (Kč),3. čtvrtletí 2014,Pracovištní metoda,Česko,Severozápad,Ústecký kraj,22828.0,koruna česká,Kč
Průměrná hrubá měsíční mzda na přepočtené počty zaměstnanců (Kč),3. čtvrtletí 2014,Pracovištní metoda,Česko,Severovýchod,Liberecký kraj,23556.0,koruna česká,Kč
Průměrná hrubá měsíční mzda na přepočtené počty zaměstnanců (Kč),3. čtvrtletí 2014,Pracovištní metoda,Česko,Severovýchod,Královéhradecký kraj,22881.0,koruna česká,Kč
Průměrná hrubá měsíční mzda na přepočtené počty zaměstnanců (Kč),3. čtvrtletí 2014,Pracovištní metoda,Česko,Severovýchod,Pardubický kraj,22673.0,koruna česká,Kč
Průměrná hrubá měsíční mzda na přepočtené počty zaměstnanců (Kč),3. čtvrtletí 2014,Pracovištní metoda,Česko,Jihovýchod,Kraj Vysočina,22900.0,koruna česká,Kč
Průměrná hrubá měsíční mzda na přepočtené počty zaměstnanců (Kč),3. čtvrtletí 2014,Pracovištní metoda,Česko,Jihovýchod,Jihomoravský kraj,24374.0,koruna česká,Kč
Průměrná hrubá měsíční mzda na přepočtené počty zaměstnanců (Kč),3. čtvrtletí 2014,Pracovištní metoda,Česko,Střední Morava,Olomoucký kraj,22713.0,koruna česká,Kč
Průměrná hrubá měsíční mzda na přepočtené počty zaměstnanců (Kč),3. čtvrtletí 2014,Pracovištní metoda,Česko,Střední Morava,Zlínský kraj,22141.0,koruna česká,Kč
Průměrná hrubá měsíční mzda na přepočtené počty zaměstnanců (Kč),3. čtvrtletí 2014,Pracovištní metoda,Česko,Moravskoslezsko,Moravskoslezský kraj,23384.0,koruna česká,Kč
Průměrná hrubá měsíční mzda na přepočtené počty zaměstnanců (Kč),2. čtvrtletí 2014,Pracovištní metoda,Česko,Praha,Hlavní město Praha,33273.0,koruna česká,Kč
Průměrná hrubá měsíční mzda na přepočtené počty zaměstnanců (Kč),2. čtvrtletí 2014,Pracovištní metoda,Česko,Střední Čechy,Středočeský kraj,26201.0,koruna česká,Kč
Průměrná hrubá měsíční mzda na přepočtené počty zaměstnanců (Kč),2. čtvrtletí 2014,Pracovištní metoda,Česko,Jihozápad,Jihočeský kraj,22741.0,koruna česká,Kč
Průměrná hrubá měsíční mzda na přepočtené počty zaměstnanců (Kč),2. čtvrtletí 2014,Pracovištní metoda,Česko,Jihozápad,Plzeňský kraj,24392.0,koruna česká,Kč
Průměrná hrubá měsíční mzda na přepočtené počty zaměstnanců (Kč),2. čtvrtletí 2014,Pracovištní metoda,Česko,Severozápad,Karlovarský kraj,21557.0,koruna česká,Kč
Průměrná hrubá měsíční mzda na přepočtené počty zaměstnanců (Kč),2. čtvrtletí 2014,Pracovištní metoda,Česko,Severozápad,Ústecký kraj,23010.0,koruna česká,Kč
Průměrná hrubá měsíční mzda na přepočtené počty zaměstnanců (Kč),2. čtvrtletí 2014,Pracovištní metoda,Česko,Severovýchod,Liberecký kraj,23556.0,koruna česká,Kč
Průměrná hrubá měsíční mzda na přepočtené počty zaměstnanců (Kč),2. čtvrtletí 2014,Pracovištní metoda,Česko,Severovýchod,Královéhradecký kraj,23293.0,koruna česká,Kč
Průměrná hrubá měsíční mzda na přepočtené počty zaměstnanců (Kč),2. čtvrtletí 2014,Pracovištní metoda,Česko,Severovýchod,Pardubický kraj,22455.0,koruna česká,Kč
Průměrná hrubá měsíční mzda na přepočtené počty zaměstnanců (Kč),2. čtvrtletí 2014,Pracovištní metoda,Česko,Jihovýchod,Kraj Vysočina,23069.0,koruna česká,Kč
Průměrná hrubá měsíční mzda na přepočtené počty zaměstnanců (Kč),2. čtvrtletí 2014,Pracovištní metoda,Česko,Jihovýchod,Jihomoravský kraj,24394.0,koruna česká,Kč
Průměrná hrubá měsíční mzda na přepočtené počty zaměstnanců (Kč),2. čtvrtletí 2014,Pracovištní metoda,Česko,Střední Morava,Olomoucký kraj,22572.0,koruna česká,Kč
Průměrná hrubá měsíční mzda na přepočtené počty zaměstnanců (Kč),2. čtvrtletí 2014,Pracovištní metoda,Česko,Střední Morava,Zlínský kraj,22457.0,koruna česká,Kč
Průměrná hrubá měsíční mzda na přepočtené počty zaměstnanců (Kč),2. čtvrtletí 2014,Pracovištní metoda,Česko,Moravskoslezsko,Moravskoslezský kraj,23444.0,koruna česká,Kč
Průměrná hrubá měsíční mzda na přepočtené počty zaměstnanců (Kč),1. čtvrtletí 2014,Pracovištní metoda,Česko,Praha,Hlavní město Praha,33146.0,koruna česká,Kč
Průměrná hrubá měsíční mzda na přepočtené počty zaměstnanců (Kč),1. čtvrtletí 2014,Pracovištní metoda,Česko,Střední Čechy,Středočeský kraj,24629.0,koruna česká,Kč
Průměrná hrubá měsíční mzda na přepočtené počty zaměstnanců (Kč),1. čtvrtletí 2014,Pracovištní metoda,Česko,Jihozápad,Jihočeský kraj,22099.0,koruna česká,Kč
Průměrná hrubá měsíční mzda na přepočtené počty zaměstnanců (Kč),1. čtvrtletí 2014,Pracovištní metoda,Česko,Jihozápad,Plzeňský kraj,23548.0,koruna česká,Kč
Průměrná hrubá měsíční mzda na přepočtené počty zaměstnanců (Kč),1. čtvrtletí 2014,Pracovištní metoda,Česko,Severozápad,Karlovarský kraj,20844.0,koruna česká,Kč
Průměrná hrubá měsíční mzda na přepočtené počty zaměstnanců (Kč),1. čtvrtletí 2014,Pracovištní metoda,Česko,Severozápad,Ústecký kraj,22473.0,koruna česká,Kč
Průměrná hrubá měsíční mzda na přepočtené počty zaměstnanců (Kč),1. čtvrtletí 2014,Pracovištní metoda,Česko,Severovýchod,Liberecký kraj,22874.0,koruna česká,Kč
Průměrná hrubá měsíční mzda na přepočtené počty zaměstnanců (Kč),1. čtvrtletí 2014,Pracovištní metoda,Česko,Severovýchod,Královéhradecký kraj,22398.0,koruna česká,Kč
Průměrná hrubá měsíční mzda na přepočtené počty zaměstnanců (Kč),1. čtvrtletí 2014,Pracovištní metoda,Česko,Severovýchod,Pardubický kraj,21988.0,koruna česká,Kč
Průměrná hrubá měsíční mzda na přepočtené počty zaměstnanců (Kč),1. čtvrtletí 2014,Pracovištní metoda,Česko,Jihovýchod,Kraj Vysočina,22277.0,koruna česká,Kč
Průměrná hrubá měsíční mzda na přepočtené počty zaměstnanců (Kč),1. čtvrtletí 2014,Pracovištní metoda,Česko,Jihovýchod,Jihomoravský kraj,23830.0,koruna česká,Kč
Průměrná hrubá měsíční mzda na přepočtené počty zaměstnanců (Kč),1. čtvrtletí 2014,Pracovištní metoda,Česko,Střední Morava,Olomoucký kraj,21868.0,koruna česká,Kč
Průměrná hrubá měsíční mzda na přepočtené počty zaměstnanců (Kč),1. čtvrtletí 2014,Pracovištní metoda,Česko,Střední Morava,Zlínský kraj,21670.0,koruna česká,Kč
Průměrná hrubá měsíční mzda na přepočtené počty zaměstnanců (Kč),1. čtvrtletí 2014,Pracovištní metoda,Česko,Moravskoslezsko,Moravskoslezský kraj,22803.0,koruna česká,Kč
Průměrná hrubá měsíční mzda na přepočtené počty zaměstnanců (Kč),4. čtvrtletí 2013,Pracovištní metoda,Česko,Praha,Hlavní město Praha,34210.0,koruna česká,Kč
Průměrná hrubá měsíční mzda na přepočtené počty zaměstnanců (Kč),4. čtvrtletí 2013,Pracovištní metoda,Česko,Střední Čechy,Středočeský kraj,26235.0,koruna česká,Kč
Průměrná hrubá měsíční mzda na přepočtené počty zaměstnanců (Kč),4. čtvrtletí 2013,Pracovištní metoda,Česko,Jihozápad,Jihočeský kraj,23844.0,koruna česká,Kč
Průměrná hrubá měsíční mzda na přepočtené počty zaměstnanců (Kč),4. čtvrtletí 2013,Pracovištní metoda,Česko,Jihozápad,Plzeňský kraj,25333.0,koruna česká,Kč
Průměrná hrubá měsíční mzda na přepočtené počty zaměstnanců (Kč),4. čtvrtletí 2013,Pracovištní metoda,Česko,Severozápad,Karlovarský kraj,22723.0,koruna česká,Kč
Průměrná hrubá měsíční mzda na přepočtené počty zaměstnanců (Kč),4. čtvrtletí 2013,Pracovištní metoda,Česko,Severozápad,Ústecký kraj,24052.0,koruna česká,Kč
Průměrná hrubá měsíční mzda na přepočtené počty zaměstnanců (Kč),4. čtvrtletí 2013,Pracovištní metoda,Česko,Severovýchod,Liberecký kraj,24621.0,koruna česká,Kč
Průměrná hrubá měsíční mzda na přepočtené počty zaměstnanců (Kč),4. čtvrtletí 2013,Pracovištní metoda,Česko,Severovýchod,Královéhradecký kraj,23818.0,koruna česká,Kč
Průměrná hrubá měsíční mzda na přepočtené počty zaměstnanců (Kč),4. čtvrtletí 2013,Pracovištní metoda,Česko,Severovýchod,Pardubický kraj,23541.0,koruna česká,Kč
Průměrná hrubá měsíční mzda na přepočtené počty zaměstnanců (Kč),4. čtvrtletí 2013,Pracovištní metoda,Česko,Jihovýchod,Kraj Vysočina,23849.0,koruna česká,Kč
Průměrná hrubá měsíční mzda na přepočtené počty zaměstnanců (Kč),4. čtvrtletí 2013,Pracovištní metoda,Česko,Jihovýchod,Jihomoravský kraj,25909.0,koruna česká,Kč
Průměrná hrubá měsíční mzda na přepočtené počty zaměstnanců (Kč),4. čtvrtletí 2013,Pracovištní metoda,Česko,Střední Morava,Olomoucký kraj,23767.0,koruna česká,Kč
Průměrná hrubá měsíční mzda na přepočtené počty zaměstnanců (Kč),4. čtvrtletí 2013,Pracovištní metoda,Česko,Střední Morava,Zlínský kraj,23268.0,koruna česká,Kč
Průměrná hrubá měsíční mzda na přepočtené počty zaměstnanců (Kč),4. čtvrtletí 2013,Pracovištní metoda,Česko,Moravskoslezsko,Moravskoslezský kraj,24657.0,koruna česká,Kč
Průměrná hrubá měsíční mzda na přepočtené počty zaměstnanců (Kč),3. čtvrtletí 2013,Pracovištní metoda,Česko,Praha,Hlavní město Praha,32109.0,koruna česká,Kč
Průměrná hrubá měsíční mzda na přepočtené počty zaměstnanců (Kč),3. čtvrtletí 2013,Pracovištní metoda,Česko,Střední Čechy,Středočeský kraj,24522.0,koruna česká,Kč
Průměrná hrubá měsíční mzda na přepočtené počty zaměstnanců (Kč),3. čtvrtletí 2013,Pracovištní metoda,Česko,Jihozápad,Jihočeský kraj,22147.0,koruna česká,Kč
Průměrná hrubá měsíční mzda na přepočtené počty zaměstnanců (Kč),3. čtvrtletí 2013,Pracovištní metoda,Česko,Jihozápad,Plzeňský kraj,23762.0,koruna česká,Kč
Průměrná hrubá měsíční mzda na přepočtené počty zaměstnanců (Kč),3. čtvrtletí 2013,Pracovištní metoda,Česko,Severozápad,Karlovarský kraj,21162.0,koruna česká,Kč
Průměrná hrubá měsíční mzda na přepočtené počty zaměstnanců (Kč),3. čtvrtletí 2013,Pracovištní metoda,Česko,Severozápad,Ústecký kraj,22423.0,koruna česká,Kč
Průměrná hrubá měsíční mzda na přepočtené počty zaměstnanců (Kč),3. čtvrtletí 2013,Pracovištní metoda,Česko,Severovýchod,Liberecký kraj,23107.0,koruna česká,Kč
Průměrná hrubá měsíční mzda na přepočtené počty zaměstnanců (Kč),3. čtvrtletí 2013,Pracovištní metoda,Česko,Severovýchod,Královéhradecký kraj,22259.0,koruna česká,Kč
Průměrná hrubá měsíční mzda na přepočtené počty zaměstnanců (Kč),3. čtvrtletí 2013,Pracovištní metoda,Česko,Severovýchod,Pardubický kraj,22014.0,koruna česká,Kč
Průměrná hrubá měsíční mzda na přepočtené počty zaměstnanců (Kč),3. čtvrtletí 2013,Pracovištní metoda,Česko,Jihovýchod,Kraj Vysočina,22356.0,koruna česká,Kč
Průměrná hrubá měsíční mzda na přepočtené počty zaměstnanců (Kč),3. čtvrtletí 2013,Pracovištní metoda,Česko,Jihovýchod,Jihomoravský kraj,23977.0,koruna česká,Kč
Průměrná hrubá měsíční mzda na přepočtené počty zaměstnanců (Kč),3. čtvrtletí 2013,Pracovištní metoda,Česko,Střední Morava,Olomoucký kraj,22174.0,koruna česká,Kč
Průměrná hrubá měsíční mzda na přepočtené počty zaměstnanců (Kč),3. čtvrtletí 2013,Pracovištní metoda,Česko,Střední Morava,Zlínský kraj,21616.0,koruna česká,Kč
Průměrná hrubá měsíční mzda na přepočtené počty zaměstnanců (Kč),3. čtvrtletí 2013,Pracovištní metoda,Česko,Moravskoslezsko,Moravskoslezský kraj,22758.0,koruna česká,Kč
Průměrná hrubá měsíční mzda na přepočtené počty zaměstnanců (Kč),2. čtvrtletí 2013,Pracovištní metoda,Česko,Praha,Hlavní město Praha,32494.0,koruna česká,Kč
Průměrná hrubá měsíční mzda na přepočtené počty zaměstnanců (Kč),2. čtvrtletí 2013,Pracovištní metoda,Česko,Střední Čechy,Středočeský kraj,25599.0,koruna česká,Kč
Průměrná hrubá měsíční mzda na přepočtené počty zaměstnanců (Kč),2. čtvrtletí 2013,Pracovištní metoda,Česko,Jihozápad,Jihočeský kraj,22071.0,koruna česká,Kč
Průměrná hrubá měsíční mzda na přepočtené počty zaměstnanců (Kč),2. čtvrtletí 2013,Pracovištní metoda,Česko,Jihozápad,Plzeňský kraj,23568.0,koruna česká,Kč
Průměrná hrubá měsíční mzda na přepočtené počty zaměstnanců (Kč),2. čtvrtletí 2013,Pracovištní metoda,Česko,Severozápad,Karlovarský kraj,21235.0,koruna česká,Kč
Průměrná hrubá měsíční mzda na přepočtené počty zaměstnanců (Kč),2. čtvrtletí 2013,Pracovištní metoda,Česko,Severozápad,Ústecký kraj,22471.0,koruna česká,Kč
Průměrná hrubá měsíční mzda na přepočtené počty zaměstnanců (Kč),2. čtvrtletí 2013,Pracovištní metoda,Česko,Severovýchod,Liberecký kraj,22860.0,koruna česká,Kč
Průměrná hrubá měsíční mzda na přepočtené počty zaměstnanců (Kč),2. čtvrtletí 2013,Pracovištní metoda,Česko,Severovýchod,Královéhradecký kraj,22537.0,koruna česká,Kč
Průměrná hrubá měsíční mzda na přepočtené počty zaměstnanců (Kč),2. čtvrtletí 2013,Pracovištní metoda,Česko,Severovýchod,Pardubický kraj,21717.0,koruna česká,Kč
Průměrná hrubá měsíční mzda na přepočtené počty zaměstnanců (Kč),2. čtvrtletí 2013,Pracovištní metoda,Česko,Jihovýchod,Kraj Vysočina,22314.0,koruna česká,Kč
Průměrná hrubá měsíční mzda na přepočtené počty zaměstnanců (Kč),2. čtvrtletí 2013,Pracovištní metoda,Česko,Jihovýchod,Jihomoravský kraj,23857.0,koruna česká,Kč
Průměrná hrubá měsíční mzda na přepočtené počty zaměstnanců (Kč),2. čtvrtletí 2013,Pracovištní metoda,Česko,Střední Morava,Olomoucký kraj,21847.0,koruna česká,Kč
Průměrná hrubá měsíční mzda na přepočtené počty zaměstnanců (Kč),2. čtvrtletí 2013,Pracovištní metoda,Česko,Střední Morava,Zlínský kraj,21563.0,koruna česká,Kč
Průměrná hrubá měsíční mzda na přepočtené počty zaměstnanců (Kč),2. čtvrtletí 2013,Pracovištní metoda,Česko,Moravskoslezsko,Moravskoslezský kraj,22847.0,koruna česká,Kč
Průměrná hrubá měsíční mzda na přepočtené počty zaměstnanců (Kč),1. čtvrtletí 2013,Pracovištní metoda,Česko,Praha,Hlavní město Praha,31993.0,koruna česká,Kč
Průměrná hrubá měsíční mzda na přepočtené počty zaměstnanců (Kč),1. čtvrtletí 2013,Pracovištní metoda,Česko,Střední Čechy,Středočeský kraj,23646.0,koruna česká,Kč
Průměrná hrubá měsíční mzda na přepočtené počty zaměstnanců (Kč),1. čtvrtletí 2013,Pracovištní metoda,Česko,Jihozápad,Jihočeský kraj,21236.0,koruna česká,Kč
Průměrná hrubá měsíční mzda na přepočtené počty zaměstnanců (Kč),1. čtvrtletí 2013,Pracovištní metoda,Česko,Jihozápad,Plzeňský kraj,22643.0,koruna česká,Kč
Průměrná hrubá měsíční mzda na přepočtené počty zaměstnanců (Kč),1. čtvrtletí 2013,Pracovištní metoda,Česko,Severozápad,Karlovarský kraj,20362.0,koruna česká,Kč
Průměrná hrubá měsíční mzda na přepočtené počty zaměstnanců (Kč),1. čtvrtletí 2013,Pracovištní metoda,Česko,Severozápad,Ústecký kraj,21696.0,koruna česká,Kč
Průměrná hrubá měsíční mzda na přepočtené počty zaměstnanců (Kč),1. čtvrtletí 2013,Pracovištní metoda,Česko,Severovýchod,Liberecký kraj,22125.0,koruna česká,Kč
Průměrná hrubá měsíční mzda na přepočtené počty zaměstnanců (Kč),1. čtvrtletí 2013,Pracovištní metoda,Česko,Severovýchod,Královéhradecký kraj,21461.0,koruna česká,Kč
Průměrná hrubá měsíční mzda na přepočtené počty zaměstnanců (Kč),1. čtvrtletí 2013,Pracovištní metoda,Česko,Severovýchod,Pardubický kraj,21015.0,koruna česká,Kč
Průměrná hrubá měsíční mzda na přepočtené počty zaměstnanců (Kč),1. čtvrtletí 2013,Pracovištní metoda,Česko,Jihovýchod,Kraj Vysočina,21385.0,koruna česká,Kč
Průměrná hrubá měsíční mzda na přepočtené počty zaměstnanců (Kč),1. čtvrtletí 2013,Pracovištní metoda,Česko,Jihovýchod,Jihomoravský kraj,23071.0,koruna česká,Kč
Průměrná hrubá měsíční mzda na přepočtené počty zaměstnanců (Kč),1. čtvrtletí 2013,Pracovištní metoda,Česko,Střední Morava,Olomoucký kraj,20931.0,koruna česká,Kč
Průměrná hrubá měsíční mzda na přepočtené počty zaměstnanců (Kč),1. čtvrtletí 2013,Pracovištní metoda,Česko,Střední Morava,Zlínský kraj,20657.0,koruna česká,Kč
Průměrná hrubá měsíční mzda na přepočtené počty zaměstnanců (Kč),1. čtvrtletí 2013,Pracovištní metoda,Česko,Moravskoslezsko,Moravskoslezský kraj,21876.0,koruna česká,Kč
Průměrná hrubá měsíční mzda na přepočtené počty zaměstnanců (Kč),4. čtvrtletí 2012,Pracovištní metoda,Česko,Praha,Hlavní město Praha,35981.0,koruna česká,Kč
Průměrná hrubá měsíční mzda na přepočtené počty zaměstnanců (Kč),4. čtvrtletí 2012,Pracovištní metoda,Česko,Střední Čechy,Středočeský kraj,26220.0,koruna česká,Kč
Průměrná hrubá měsíční mzda na přepočtené počty zaměstnanců (Kč),4. čtvrtletí 2012,Pracovištní metoda,Česko,Jihozápad,Jihočeský kraj,24057.0,koruna česká,Kč
Průměrná hrubá měsíční mzda na přepočtené počty zaměstnanců (Kč),4. čtvrtletí 2012,Pracovištní metoda,Česko,Jihozápad,Plzeňský kraj,25416.0,koruna česká,Kč
Průměrná hrubá měsíční mzda na přepočtené počty zaměstnanců (Kč),4. čtvrtletí 2012,Pracovištní metoda,Česko,Severozápad,Karlovarský kraj,22712.0,koruna česká,Kč
Průměrná hrubá měsíční mzda na přepočtené počty zaměstnanců (Kč),4. čtvrtletí 2012,Pracovištní metoda,Česko,Severozápad,Ústecký kraj,23812.0,koruna česká,Kč
Průměrná hrubá měsíční mzda na přepočtené počty zaměstnanců (Kč),4. čtvrtletí 2012,Pracovištní metoda,Česko,Severovýchod,Liberecký kraj,24331.0,koruna česká,Kč
Průměrná hrubá měsíční mzda na přepočtené počty zaměstnanců (Kč),4. čtvrtletí 2012,Pracovištní metoda,Česko,Severovýchod,Královéhradecký kraj,24441.0,koruna česká,Kč
Průměrná hrubá měsíční mzda na přepočtené počty zaměstnanců (Kč),4. čtvrtletí 2012,Pracovištní metoda,Česko,Severovýchod,Pardubický kraj,23888.0,koruna česká,Kč
Průměrná hrubá měsíční mzda na přepočtené počty zaměstnanců (Kč),4. čtvrtletí 2012,Pracovištní metoda,Česko,Jihovýchod,Kraj Vysočina,23884.0,koruna česká,Kč
Průměrná hrubá měsíční mzda na přepočtené počty zaměstnanců (Kč),4. čtvrtletí 2012,Pracovištní metoda,Česko,Jihovýchod,Jihomoravský kraj,26039.0,koruna česká,Kč
Průměrná hrubá měsíční mzda na přepočtené počty zaměstnanců (Kč),4. čtvrtletí 2012,Pracovištní metoda,Česko,Střední Morava,Olomoucký kraj,24195.0,koruna česká,Kč
Průměrná hrubá měsíční mzda na přepočtené počty zaměstnanců (Kč),4. čtvrtletí 2012,Pracovištní metoda,Česko,Střední Morava,Zlínský kraj,23834.0,koruna česká,Kč
Průměrná hrubá měsíční mzda na přepočtené počty zaměstnanců (Kč),4. čtvrtletí 2012,Pracovištní metoda,Česko,Moravskoslezsko,Moravskoslezský kraj,25437.0,koruna česká,Kč
Průměrná hrubá měsíční mzda na přepočtené počty zaměstnanců (Kč),3. čtvrtletí 2012,Pracovištní metoda,Česko,Praha,Hlavní město Praha,32018.0,koruna česká,Kč
Průměrná hrubá měsíční mzda na přepočtené počty zaměstnanců (Kč),3. čtvrtletí 2012,Pracovištní metoda,Česko,Střední Čechy,Středočeský kraj,24089.0,koruna česká,Kč
Průměrná hrubá měsíční mzda na přepočtené počty zaměstnanců (Kč),3. čtvrtletí 2012,Pracovištní metoda,Česko,Jihozápad,Jihočeský kraj,21917.0,koruna česká,Kč
Průměrná hrubá měsíční mzda na přepočtené počty zaměstnanců (Kč),3. čtvrtletí 2012,Pracovištní metoda,Česko,Jihozápad,Plzeňský kraj,23438.0,koruna česká,Kč
Průměrná hrubá měsíční mzda na přepočtené počty zaměstnanců (Kč),3. čtvrtletí 2012,Pracovištní metoda,Česko,Severozápad,Karlovarský kraj,20882.0,koruna česká,Kč
Průměrná hrubá měsíční mzda na přepočtené počty zaměstnanců (Kč),3. čtvrtletí 2012,Pracovištní metoda,Česko,Severozápad,Ústecký kraj,22023.0,koruna česká,Kč
Průměrná hrubá měsíční mzda na přepočtené počty zaměstnanců (Kč),3. čtvrtletí 2012,Pracovištní metoda,Česko,Severovýchod,Liberecký kraj,22420.0,koruna česká,Kč
Průměrná hrubá měsíční mzda na přepočtené počty zaměstnanců (Kč),3. čtvrtletí 2012,Pracovištní metoda,Česko,Severovýchod,Královéhradecký kraj,22076.0,koruna česká,Kč
Průměrná hrubá měsíční mzda na přepočtené počty zaměstnanců (Kč),3. čtvrtletí 2012,Pracovištní metoda,Česko,Severovýchod,Pardubický kraj,21540.0,koruna česká,Kč
Průměrná hrubá měsíční mzda na přepočtené počty zaměstnanců (Kč),3. čtvrtletí 2012,Pracovištní metoda,Česko,Jihovýchod,Kraj Vysočina,21911.0,koruna česká,Kč
Průměrná hrubá měsíční mzda na přepočtené počty zaměstnanců (Kč),3. čtvrtletí 2012,Pracovištní metoda,Česko,Jihovýchod,Jihomoravský kraj,23493.0,koruna česká,Kč
Průměrná hrubá měsíční mzda na přepočtené počty zaměstnanců (Kč),3. čtvrtletí 2012,Pracovištní metoda,Česko,Střední Morava,Olomoucký kraj,21924.0,koruna česká,Kč
Průměrná hrubá měsíční mzda na přepočtené počty zaměstnanců (Kč),3. čtvrtletí 2012,Pracovištní metoda,Česko,Střední Morava,Zlínský kraj,21580.0,koruna česká,Kč
Průměrná hrubá měsíční mzda na přepočtené počty zaměstnanců (Kč),3. čtvrtletí 2012,Pracovištní metoda,Česko,Moravskoslezsko,Moravskoslezský kraj,22639.0,koruna česká,Kč
Průměrná hrubá měsíční mzda na přepočtené počty zaměstnanců (Kč),2. čtvrtletí 2012,Pracovištní metoda,Česko,Praha,Hlavní město Praha,32498.0,koruna česká,Kč
Průměrná hrubá měsíční mzda na přepočtené počty zaměstnanců (Kč),2. čtvrtletí 2012,Pracovištní metoda,Česko,Střední Čechy,Středočeský kraj,25025.0,koruna česká,Kč
Průměrná hrubá měsíční mzda na přepočtené počty zaměstnanců (Kč),2. čtvrtletí 2012,Pracovištní metoda,Česko,Jihozápad,Jihočeský kraj,21886.0,koruna česká,Kč
Průměrná hrubá měsíční mzda na přepočtené počty zaměstnanců (Kč),2. čtvrtletí 2012,Pracovištní metoda,Česko,Jihozápad,Plzeňský kraj,23318.0,koruna česká,Kč
Průměrná hrubá měsíční mzda na přepočtené počty zaměstnanců (Kč),2. čtvrtletí 2012,Pracovištní metoda,Česko,Severozápad,Karlovarský kraj,21080.0,koruna česká,Kč
Průměrná hrubá měsíční mzda na přepočtené počty zaměstnanců (Kč),2. čtvrtletí 2012,Pracovištní metoda,Česko,Severozápad,Ústecký kraj,22061.0,koruna česká,Kč
Průměrná hrubá měsíční mzda na přepočtené počty zaměstnanců (Kč),2. čtvrtletí 2012,Pracovištní metoda,Česko,Severovýchod,Liberecký kraj,22448.0,koruna česká,Kč
Průměrná hrubá měsíční mzda na přepočtené počty zaměstnanců (Kč),2. čtvrtletí 2012,Pracovištní metoda,Česko,Severovýchod,Královéhradecký kraj,22458.0,koruna česká,Kč
Průměrná hrubá měsíční mzda na přepočtené počty zaměstnanců (Kč),2. čtvrtletí 2012,Pracovištní metoda,Česko,Severovýchod,Pardubický kraj,21485.0,koruna česká,Kč
Průměrná hrubá měsíční mzda na přepočtené počty zaměstnanců (Kč),2. čtvrtletí 2012,Pracovištní metoda,Česko,Jihovýchod,Kraj Vysočina,21849.0,koruna česká,Kč
Průměrná hrubá měsíční mzda na přepočtené počty zaměstnanců (Kč),2. čtvrtletí 2012,Pracovištní metoda,Česko,Jihovýchod,Jihomoravský kraj,23343.0,koruna česká,Kč
Průměrná hrubá měsíční mzda na přepočtené počty zaměstnanců (Kč),2. čtvrtletí 2012,Pracovištní metoda,Česko,Střední Morava,Olomoucký kraj,21559.0,koruna česká,Kč
Průměrná hrubá měsíční mzda na přepočtené počty zaměstnanců (Kč),2. čtvrtletí 2012,Pracovištní metoda,Česko,Střední Morava,Zlínský kraj,21762.0,koruna česká,Kč
Průměrná hrubá měsíční mzda na přepočtené počty zaměstnanců (Kč),2. čtvrtletí 2012,Pracovištní metoda,Česko,Moravskoslezsko,Moravskoslezský kraj,22795.0,koruna česká,Kč
Průměrná hrubá měsíční mzda na přepočtené počty zaměstnanců (Kč),1. čtvrtletí 2012,Pracovištní metoda,Česko,Praha,Hlavní město Praha,32640.0,koruna česká,Kč
Průměrná hrubá měsíční mzda na přepočtené počty zaměstnanců (Kč),1. čtvrtletí 2012,Pracovištní metoda,Česko,Střední Čechy,Středočeský kraj,23705.0,koruna česká,Kč
Průměrná hrubá měsíční mzda na přepočtené počty zaměstnanců (Kč),1. čtvrtletí 2012,Pracovištní metoda,Česko,Jihozápad,Jihočeský kraj,21329.0,koruna česká,Kč
Průměrná hrubá měsíční mzda na přepočtené počty zaměstnanců (Kč),1. čtvrtletí 2012,Pracovištní metoda,Česko,Jihozápad,Plzeňský kraj,22814.0,koruna česká,Kč
Průměrná hrubá měsíční mzda na přepočtené počty zaměstnanců (Kč),1. čtvrtletí 2012,Pracovištní metoda,Česko,Severozápad,Karlovarský kraj,20536.0,koruna česká,Kč
Průměrná hrubá měsíční mzda na přepočtené počty zaměstnanců (Kč),1. čtvrtletí 2012,Pracovištní metoda,Česko,Severozápad,Ústecký kraj,21735.0,koruna česká,Kč
Průměrná hrubá měsíční mzda na přepočtené počty zaměstnanců (Kč),1. čtvrtletí 2012,Pracovištní metoda,Česko,Severovýchod,Liberecký kraj,21851.0,koruna česká,Kč
Průměrná hrubá měsíční mzda na přepočtené počty zaměstnanců (Kč),1. čtvrtletí 2012,Pracovištní metoda,Česko,Severovýchod,Královéhradecký kraj,21534.0,koruna česká,Kč
Průměrná hrubá měsíční mzda na přepočtené počty zaměstnanců (Kč),1. čtvrtletí 2012,Pracovištní metoda,Česko,Severovýchod,Pardubický kraj,20936.0,koruna česká,Kč
Průměrná hrubá měsíční mzda na přepočtené počty zaměstnanců (Kč),1. čtvrtletí 2012,Pracovištní metoda,Česko,Jihovýchod,Kraj Vysočina,21363.0,koruna česká,Kč
Průměrná hrubá měsíční mzda na přepočtené počty zaměstnanců (Kč),1. čtvrtletí 2012,Pracovištní metoda,Česko,Jihovýchod,Jihomoravský kraj,22913.0,koruna česká,Kč
Průměrná hrubá měsíční mzda na přepočtené počty zaměstnanců (Kč),1. čtvrtletí 2012,Pracovištní metoda,Česko,Střední Morava,Olomoucký kraj,21162.0,koruna česká,Kč
Průměrná hrubá měsíční mzda na přepočtené počty zaměstnanců (Kč),1. čtvrtletí 2012,Pracovištní metoda,Česko,Střední Morava,Zlínský kraj,20936.0,koruna česká,Kč
Průměrná hrubá měsíční mzda na přepočtené počty zaměstnanců (Kč),1. čtvrtletí 2012,Pracovištní metoda,Česko,Moravskoslezsko,Moravskoslezský kraj,22118.0,koruna česká,Kč
Průměrná hrubá měsíční mzda na přepočtené počty zaměstnanců (Kč),4. čtvrtletí 2011,Pracovištní metoda,Česko,Praha,Hlavní město Praha,34657.0,koruna česká,Kč
Průměrná hrubá měsíční mzda na přepočtené počty zaměstnanců (Kč),4. čtvrtletí 2011,Pracovištní metoda,Česko,Střední Čechy,Středočeský kraj,25648.0,koruna česká,Kč
Průměrná hrubá měsíční mzda na přepočtené počty zaměstnanců (Kč),4. čtvrtletí 2011,Pracovištní metoda,Česko,Jihozápad,Jihočeský kraj,23557.0,koruna česká,Kč
Průměrná hrubá měsíční mzda na přepočtené počty zaměstnanců (Kč),4. čtvrtletí 2011,Pracovištní metoda,Česko,Jihozápad,Plzeňský kraj,25109.0,koruna česká,Kč
Průměrná hrubá měsíční mzda na přepočtené počty zaměstnanců (Kč),4. čtvrtletí 2011,Pracovištní metoda,Česko,Severozápad,Karlovarský kraj,22295.0,koruna česká,Kč
Průměrná hrubá měsíční mzda na přepočtené počty zaměstnanců (Kč),4. čtvrtletí 2011,Pracovištní metoda,Česko,Severozápad,Ústecký kraj,23447.0,koruna česká,Kč
Průměrná hrubá měsíční mzda na přepočtené počty zaměstnanců (Kč),4. čtvrtletí 2011,Pracovištní metoda,Česko,Severovýchod,Liberecký kraj,23778.0,koruna česká,Kč
Průměrná hrubá měsíční mzda na přepočtené počty zaměstnanců (Kč),4. čtvrtletí 2011,Pracovištní metoda,Česko,Severovýchod,Královéhradecký kraj,23452.0,koruna česká,Kč
Průměrná hrubá měsíční mzda na přepočtené počty zaměstnanců (Kč),4. čtvrtletí 2011,Pracovištní metoda,Česko,Severovýchod,Pardubický kraj,23140.0,koruna česká,Kč
Průměrná hrubá měsíční mzda na přepočtené počty zaměstnanců (Kč),4. čtvrtletí 2011,Pracovištní metoda,Česko,Jihovýchod,Kraj Vysočina,23152.0,koruna česká,Kč
Průměrná hrubá měsíční mzda na přepočtené počty zaměstnanců (Kč),4. čtvrtletí 2011,Pracovištní metoda,Česko,Jihovýchod,Jihomoravský kraj,25173.0,koruna česká,Kč
Průměrná hrubá měsíční mzda na přepočtené počty zaměstnanců (Kč),4. čtvrtletí 2011,Pracovištní metoda,Česko,Střední Morava,Olomoucký kraj,23546.0,koruna česká,Kč
Průměrná hrubá měsíční mzda na přepočtené počty zaměstnanců (Kč),4. čtvrtletí 2011,Pracovištní metoda,Česko,Střední Morava,Zlínský kraj,23188.0,koruna česká,Kč
Průměrná hrubá měsíční mzda na přepočtené počty zaměstnanců (Kč),4. čtvrtletí 2011,Pracovištní metoda,Česko,Moravskoslezsko,Moravskoslezský kraj,24562.0,koruna česká,Kč
Průměrná hrubá měsíční mzda na přepočtené počty zaměstnanců (Kč),3. čtvrtletí 2011,Pracovištní metoda,Česko,Praha,Hlavní město Praha,32136.0,koruna česká,Kč
Průměrná hrubá měsíční mzda na přepočtené počty zaměstnanců (Kč),3. čtvrtletí 2011,Pracovištní metoda,Česko,Střední Čechy,Středočeský kraj,23836.0,koruna česká,Kč
Průměrná hrubá měsíční mzda na přepočtené počty zaměstnanců (Kč),3. čtvrtletí 2011,Pracovištní metoda,Česko,Jihozápad,Jihočeský kraj,21511.0,koruna česká,Kč
Průměrná hrubá měsíční mzda na přepočtené počty zaměstnanců (Kč),3. čtvrtletí 2011,Pracovištní metoda,Česko,Jihozápad,Plzeňský kraj,23034.0,koruna česká,Kč
Průměrná hrubá měsíční mzda na přepočtené počty zaměstnanců (Kč),3. čtvrtletí 2011,Pracovištní metoda,Česko,Severozápad,Karlovarský kraj,20556.0,koruna česká,Kč
Průměrná hrubá měsíční mzda na přepočtené počty zaměstnanců (Kč),3. čtvrtletí 2011,Pracovištní metoda,Česko,Severozápad,Ústecký kraj,21751.0,koruna česká,Kč
Průměrná hrubá měsíční mzda na přepočtené počty zaměstnanců (Kč),3. čtvrtletí 2011,Pracovištní metoda,Česko,Severovýchod,Liberecký kraj,22012.0,koruna česká,Kč
Průměrná hrubá měsíční mzda na přepočtené počty zaměstnanců (Kč),3. čtvrtletí 2011,Pracovištní metoda,Česko,Severovýchod,Královéhradecký kraj,21692.0,koruna česká,Kč
Průměrná hrubá měsíční mzda na přepočtené počty zaměstnanců (Kč),3. čtvrtletí 2011,Pracovištní metoda,Česko,Severovýchod,Pardubický kraj,21235.0,koruna česká,Kč
Průměrná hrubá měsíční mzda na přepočtené počty zaměstnanců (Kč),3. čtvrtletí 2011,Pracovištní metoda,Česko,Jihovýchod,Kraj Vysočina,21501.0,koruna česká,Kč
Průměrná hrubá měsíční mzda na přepočtené počty zaměstnanců (Kč),3. čtvrtletí 2011,Pracovištní metoda,Česko,Jihovýchod,Jihomoravský kraj,23022.0,koruna česká,Kč
Průměrná hrubá měsíční mzda na přepočtené počty zaměstnanců (Kč),3. čtvrtletí 2011,Pracovištní metoda,Česko,Střední Morava,Olomoucký kraj,21532.0,koruna česká,Kč
Průměrná hrubá měsíční mzda na přepočtené počty zaměstnanců (Kč),3. čtvrtletí 2011,Pracovištní metoda,Česko,Střední Morava,Zlínský kraj,21090.0,koruna česká,Kč
Průměrná hrubá měsíční mzda na přepočtené počty zaměstnanců (Kč),3. čtvrtletí 2011,Pracovištní metoda,Česko,Moravskoslezsko,Moravskoslezský kraj,22269.0,koruna česká,Kč
Průměrná hrubá měsíční mzda na přepočtené počty zaměstnanců (Kč),2. čtvrtletí 2011,Pracovištní metoda,Česko,Praha,Hlavní město Praha,32337.0,koruna česká,Kč
Průměrná hrubá měsíční mzda na přepočtené počty zaměstnanců (Kč),2. čtvrtletí 2011,Pracovištní metoda,Česko,Střední Čechy,Středočeský kraj,24420.0,koruna česká,Kč
Průměrná hrubá měsíční mzda na přepočtené počty zaměstnanců (Kč),2. čtvrtletí 2011,Pracovištní metoda,Česko,Jihozápad,Jihočeský kraj,21277.0,koruna česká,Kč
Průměrná hrubá měsíční mzda na přepočtené počty zaměstnanců (Kč),2. čtvrtletí 2011,Pracovištní metoda,Česko,Jihozápad,Plzeňský kraj,22734.0,koruna česká,Kč
Průměrná hrubá měsíční mzda na přepočtené počty zaměstnanců (Kč),2. čtvrtletí 2011,Pracovištní metoda,Česko,Severozápad,Karlovarský kraj,20447.0,koruna česká,Kč
Průměrná hrubá měsíční mzda na přepočtené počty zaměstnanců (Kč),2. čtvrtletí 2011,Pracovištní metoda,Česko,Severozápad,Ústecký kraj,21608.0,koruna česká,Kč
Průměrná hrubá měsíční mzda na přepočtené počty zaměstnanců (Kč),2. čtvrtletí 2011,Pracovištní metoda,Česko,Severovýchod,Liberecký kraj,21926.0,koruna česká,Kč
Průměrná hrubá měsíční mzda na přepočtené počty zaměstnanců (Kč),2. čtvrtletí 2011,Pracovištní metoda,Česko,Severovýchod,Královéhradecký kraj,21835.0,koruna česká,Kč
Průměrná hrubá měsíční mzda na přepočtené počty zaměstnanců (Kč),2. čtvrtletí 2011,Pracovištní metoda,Česko,Severovýchod,Pardubický kraj,20903.0,koruna česká,Kč
Průměrná hrubá měsíční mzda na přepočtené počty zaměstnanců (Kč),2. čtvrtletí 2011,Pracovištní metoda,Česko,Jihovýchod,Kraj Vysočina,21512.0,koruna česká,Kč
Průměrná hrubá měsíční mzda na přepočtené počty zaměstnanců (Kč),2. čtvrtletí 2011,Pracovištní metoda,Česko,Jihovýchod,Jihomoravský kraj,22894.0,koruna česká,Kč
Průměrná hrubá měsíční mzda na přepočtené počty zaměstnanců (Kč),2. čtvrtletí 2011,Pracovištní metoda,Česko,Střední Morava,Olomoucký kraj,21153.0,koruna česká,Kč
Průměrná hrubá měsíční mzda na přepočtené počty zaměstnanců (Kč),2. čtvrtletí 2011,Pracovištní metoda,Česko,Střední Morava,Zlínský kraj,21174.0,koruna česká,Kč
Průměrná hrubá měsíční mzda na přepočtené počty zaměstnanců (Kč),2. čtvrtletí 2011,Pracovištní metoda,Česko,Moravskoslezsko,Moravskoslezský kraj,22253.0,koruna česká,Kč
Průměrná hrubá měsíční mzda na přepočtené počty zaměstnanců (Kč),1. čtvrtletí 2011,Pracovištní metoda,Česko,Praha,Hlavní město Praha,32128.0,koruna česká,Kč
Průměrná hrubá měsíční mzda na přepočtené počty zaměstnanců (Kč),1. čtvrtletí 2011,Pracovištní metoda,Česko,Střední Čechy,Středočeský kraj,22885.0,koruna česká,Kč
Průměrná hrubá měsíční mzda na přepočtené počty zaměstnanců (Kč),1. čtvrtletí 2011,Pracovištní metoda,Česko,Jihozápad,Jihočeský kraj,20683.0,koruna česká,Kč
Průměrná hrubá měsíční mzda na přepočtené počty zaměstnanců (Kč),1. čtvrtletí 2011,Pracovištní metoda,Česko,Jihozápad,Plzeňský kraj,21892.0,koruna česká,Kč
Průměrná hrubá měsíční mzda na přepočtené počty zaměstnanců (Kč),1. čtvrtletí 2011,Pracovištní metoda,Česko,Severozápad,Karlovarský kraj,19760.0,koruna česká,Kč
Průměrná hrubá měsíční mzda na přepočtené počty zaměstnanců (Kč),1. čtvrtletí 2011,Pracovištní metoda,Česko,Severozápad,Ústecký kraj,21026.0,koruna česká,Kč
Průměrná hrubá měsíční mzda na přepočtené počty zaměstnanců (Kč),1. čtvrtletí 2011,Pracovištní metoda,Česko,Severovýchod,Liberecký kraj,21163.0,koruna česká,Kč
Průměrná hrubá měsíční mzda na přepočtené počty zaměstnanců (Kč),1. čtvrtletí 2011,Pracovištní metoda,Česko,Severovýchod,Královéhradecký kraj,20877.0,koruna česká,Kč
Průměrná hrubá měsíční mzda na přepočtené počty zaměstnanců (Kč),1. čtvrtletí 2011,Pracovištní metoda,Česko,Severovýchod,Pardubický kraj,20259.0,koruna česká,Kč
Průměrná hrubá měsíční mzda na přepočtené počty zaměstnanců (Kč),1. čtvrtletí 2011,Pracovištní metoda,Česko,Jihovýchod,Kraj Vysočina,20658.0,koruna česká,Kč
Průměrná hrubá měsíční mzda na přepočtené počty zaměstnanců (Kč),1. čtvrtletí 2011,Pracovištní metoda,Česko,Jihovýchod,Jihomoravský kraj,22117.0,koruna česká,Kč
Průměrná hrubá měsíční mzda na přepočtené počty zaměstnanců (Kč),1. čtvrtletí 2011,Pracovištní metoda,Česko,Střední Morava,Olomoucký kraj,20382.0,koruna česká,Kč
Průměrná hrubá měsíční mzda na přepočtené počty zaměstnanců (Kč),1. čtvrtletí 2011,Pracovištní metoda,Česko,Střední Morava,Zlínský kraj,20169.0,koruna česká,Kč
Průměrná hrubá měsíční mzda na přepočtené počty zaměstnanců (Kč),1. čtvrtletí 2011,Pracovištní metoda,Česko,Moravskoslezsko,Moravskoslezský kraj,21272.0,koruna česká,Kč
